Workbook
Name PH: [1]TARIF!#REF!
Name PH: [1]TARIF!#REF!
Name PH: [1]TARIF!#REF!
Name PH: [1]TARIF!#REF!
Name PH: TARIF!#REF!
Name PH: [1]TARIF!#REF!
Name PH: [2]TARIF!#REF!
Name PH: [1]TARIF!#REF!
Name PH: [1]TARIF!#REF!
Name PH: [1]TARIF!#REF!
Name PH: [1]TARIF!#REF!
Name PH: [1]TARIF!#REF!
Name PH: [1]TARIF!#REF!
Name PH: TARIF!#REF!
Name PTKP: [1]TARIF!#REF!
Name PTKP: [1]TARIF!#REF!
Name PTKP: [1]TARIF!#REF!
Name PTKP: [1]TARIF!#REF!
Name PTKP: TARIF!#REF!
Name PTKP: [1]TARIF!#REF!
Name PTKP: [2]TARIF!#REF!
Name PTKP: [1]TARIF!#REF!
Name PTKP: [1]TARIF!#REF!
Name PTKP: [1]TARIF!#REF!
Name PTKP: [1]TARIF!#REF!
Name PTKP: [1]TARIF!#REF!
Name PTKP: [1]TARIF!#REF!
Name PTKP: TARIF!#REF!
Name Ter_A: [1]TARIF!$B$3:$E$46
Name Ter_A: [1]TARIF!$B$3:$E$46
Name Ter_A: [1]TARIF!$B$3:$E$46
Name Ter_A: [1]TARIF!$B$3:$E$46
Name Ter_A: [1]TARIF!$B$3:$E$46
Name Ter_A: [2]TARIF!$B$3:$E$46
Name Ter_A: [1]TARIF!$B$3:$E$46
Name Ter_A: [1]TARIF!$B$3:$E$46
Name Ter_A: [1]TARIF!$B$3:$E$46
Name Ter_A: [1]TARIF!$B$3:$E$46
Name Ter_A: [1]TARIF!$B$3:$E$46
Name Ter_A: [1]TARIF!$B$3:$E$46
Name Ter_A: TARIF!$B$3:$E$46
Name Ter_B: [1]TARIF!$H$3:$K$42
Name Ter_B: [1]TARIF!$H$3:$K$42
Name Ter_B: [1]TARIF!$H$3:$K$42
Name Ter_B: [1]TARIF!$H$3:$K$42
Name Ter_B: [1]TARIF!$H$3:$K$42
Name Ter_B: [2]TARIF!$H$3:$K$42
Name Ter_B: [1]TARIF!$H$3:$K$42
Name Ter_B: [1]TARIF!$H$3:$K$42
Name Ter_B: [1]TARIF!$H$3:$K$42
Name Ter_B: [1]TARIF!$H$3:$K$42
Name Ter_B: [1]TARIF!$H$3:$K$42
Name Ter_B: [1]TARIF!$H$3:$K$42
Name Ter_B: TARIF!$H$3:$K$42
Name Ter_C: [1]TARIF!$N$3:$Q$43
Name Ter_C: [1]TARIF!$N$3:$Q$43
Name Ter_C: [1]TARIF!$N$3:$Q$43
Name Ter_C: [1]TARIF!$N$3:$Q$43
Name Ter_C: [1]TARIF!$N$3:$Q$43
Name Ter_C: [2]TARIF!$N$3:$Q$43

Sheet TARIF
A1: PTKP (TK/0, TK/1, K/0) | G1: PTKP (TK/2, TK/3, K/1, K/2) | M1: PTKP (K/3) | S1: HARIAN
A2: No | B2: Lapisan Penghasilan bruto (Rp.) | E2: TER A | G2: No | H2: Lapisan Penghasilan bruto (Rp.) | K2: TER B | M2: No | N2: Lapisan Penghasilan bruto (Rp.) | Q2: TER C | S2: Penghasilan Bruto | V2: Tarif
A3: 1 | B3: 0 | C3: s.d | D3: 5400000 | E3: 0 | G3: 1 | H3: 0 | I3: s.d | J3: 6200000 | K3: 0 | M3: 1 | N3: 0 | O3: s.d | P3: 6600000 | Q3: 0 | S3: 0 | T3: s.d | U3: 450000 | V3: 0
A4: =A3+1 -> 2 | B4: =D3+1 -> 5400001 | C4: s.d | D4: 5650000 | E4: 0.0025 | G4: =G3+1 -> 2 | H4: =J3+1 -> 6200001 | I4: s.d | J4: 6500000 | K4: 0.0025 | M4: =M3+1 -> 2 | N4: =P3+1 -> 6600001 | O4: s.d | P4: 6950000 | Q4: 0.0025 | S4: 450001 | T4: s.d | U4: 2500000 | V4: 0.005
A5: =A4+1 -> 3 | B5: =D4+1 -> 5650001 | C5: s.d | D5: 5950000 | E5: 0.005 | G5: =G4+1 -> 3 | H5: =J4+1 -> 6500001 | I5: s.d | J5: 6850000 | K5: 0.005 | M5: =M4+1 -> 3 | N5: =P4+1 -> 6950001 | O5: s.d | P5: 7350000 | Q5: 0.005
A6: =A5+1 -> 4 | B6: =D5+1 -> 5950001 | C6: s.d | D6: 6300000 | E6: 0.0075 | G6: =G5+1 -> 4 | H6: =J5+1 -> 6850001 | I6: s.d | J6: 7300000 | K6: 0.0075 | M6: =M5+1 -> 4 | N6: =P5+1 -> 7350001 | O6: s.d | P6: 7800000 | Q6: 0.0075
A7: =A6+1 -> 5 | B7: =D6+1 -> 6300001 | C7: s.d | D7: 6750000 | E7: 0.01 | G7: =G6+1 -> 5 | H7: =J6+1 -> 7300001 | I7: s.d | J7: 9200000 | K7: 0.01 | M7: =M6+1 -> 5 | N7: =P6+1 -> 7800001 | O7: s.d | P7: 8850000 | Q7: 0.01 | S7: TARIF PASAL 17 WPOP
A8: =A7+1 -> 6 | B8: =D7+1 -> 6750001 | C8: s.d | D8: 7500000 | E8: 0.0125 | G8: =G7+1 -> 6 | H8: =J7+1 -> 9200001 | I8: s.d | J8: 10750000 | K8: 0.015 | M8: =M7+1 -> 6 | N8: =P7+1 -> 8850001 | O8: s.d | P8: 9800000 | Q8: 0.0125 | S8: Lapisan PKP | V8: Tarif
A9: =A8+1 -> 7 | B9: =D8+1 -> 7500001 | C9: s.d | D9: 8550000 | E9: 0.015 | G9: =G8+1 -> 7 | H9: =J8+1 -> 10750001 | I9: s.d | J9: 11250000 | K9: 0.02 | M9: =M8+1 -> 7 | N9: =P8+1 -> 9800001 | O9: s.d | P9: 10950000 | Q9: 0.015 | S9: 0 | T9: s.d | U9: 60000000 | V9: 0.05
A10: =A9+1 -> 8 | B10: =D9+1 -> 8550001 | C10: s.d | D10: 9650000 | E10: 0.0175 | G10: =G9+1 -> 8 | H10: =J9+1 -> 11250001 | I10: s.d | J10: 11600000 | K10: 0.025 | M10: =M9+1 -> 8 | N10: =P9+1 -> 10950001 | O10: s.d | P10: 11200000 | Q10: 0.0175 | S10: =U9+1 -> 60000001 | T10: s.d | U10: 250000000 | V10: 0.15
A11: =A10+1 -> 9 | B11: =D10+1 -> 9650001 | C11: s.d | D11: 10050000 | E11: 0.02 | G11: =G10+1 -> 9 | H11: =J10+1 -> 11600001 | I11: s.d | J11: 12600000 | K11: 0.03 | M11: =M10+1 -> 9 | N11: =P10+1 -> 11200001 | O11: s.d | P11: 12050000 | Q11: 0.02 | S11: =U10+1 -> 250000001 | T11: s.d | U11: 500000000 | V11: 0.25
A12: =A11+1 -> 10 | B12: =D11+1 -> 10050001 | C12: s.d | D12: 10350000 | E12: 0.0225 | G12: =G11+1 -> 10 | H12: =J11+1 -> 12600001 | I12: s.d | J12: 13600000 | K12: 0.04 | M12: =M11+1 -> 10 | N12: =P11+1 -> 12050001 | O12: s.d | P12: 12950000 | Q12: 0.03 | S12: =U11+1 -> 500000001 | T12: s.d | U12: 5000000000 | V12: 0.3
A13: =A12+1 -> 11 | B13: =D12+1 -> 10350001 | C13: s.d | D13: 10700000 | E13: 0.025 | G13: =G12+1 -> 11 | H13: =J12+1 -> 13600001 | I13: s.d | J13: 14950000 | K13: 0.05 | M13: =M12+1 -> 11 | N13: =P12+1 -> 12950001 | O13: s.d | P13: 14150000 | Q13: 0.04 | S13: =U12+1 -> 5000000001 | T13: s.d | U13: ~~ | V13: 0.35
A14: =A13+1 -> 12 | B14: =D13+1 -> 10700001 | C14: s.d | D14: 11050000 | E14: 0.03 | G14: =G13+1 -> 12 | H14: =J13+1 -> 14950001 | I14: s.d | J14: 16400000 | K14: 0.06 | M14: =M13+1 -> 12 | N14: =P13+1 -> 14150001 | O14: s.d | P14: 1550000 | Q14: 0.05
A15: =A14+1 -> 13 | B15: =D14+1 -> 11050001 | C15: s.d | D15: 11600000 | E15: 0.035 | G15: =G14+1 -> 13 | H15: =J14+1 -> 16400001 | I15: s.d | J15: 18450000 | K15: 0.07 | M15: =M14+1 -> 13 | N15: =P14+1 -> 1550001 | O15: s.d | P15: 17050000 | Q15: 0.06
A16: =A15+1 -> 14 | B16: =D15+1 -> 11600001 | C16: s.d | D16: 12500000 | E16: 0.04 | G16: =G15+1 -> 14 | H16: =J15+1 -> 18450001 | I16: s.d | J16: 21850000 | K16: 0.08 | M16: =M15+1 -> 14 | N16: =P15+1 -> 17050001 | O16: s.d | P16: 19500000 | Q16: 0.07 | S16: PTKP
A17: =A16+1 -> 15 | B17: =D16+1 -> 12500001 | C17: s.d | D17: 13750000 | E17: 0.05 | G17: =G16+1 -> 15 | H17: =J16+1 -> 21850001 | I17: s.d | J17: 26000000 | K17: 0.09 | M17: =M16+1 -> 15 | N17: =P16+1 -> 19500001 | O17: s.d | P17: 22700000 | Q17: 0.08 | S17: Status | U17: Jumlah
A18: =A17+1 -> 16 | B18: =D17+1 -> 13750001 | C18: s.d | D18: 15100000 | E18: 0.06 | G18: =G17+1 -> 16 | H18: =J17+1 -> 26000001 | I18: s.d | J18: 27700000 | K18: 0.1 | M18: =M17+1 -> 16 | N18: =P17+1 -> 22700001 | O18: s.d | P18: 26600000 | Q18: 0.09 | S18: TK/0 | U18: 54000000
A19: =A18+1 -> 17 | B19: =D18+1 -> 15100001 | C19: s.d | D19: 16950000 | E19: 0.07 | G19: =G18+1 -> 17 | H19: =J18+1 -> 27700001 | I19: s.d | J19: 29350000 | K19: 0.11 | M19: =M18+1 -> 17 | N19: =P18+1 -> 26600001 | O19: s.d | P19: 28100000 | Q19: 0.1 | S19: TK/1 | U19: 58500000
A20: =A19+1 -> 18 | B20: =D19+1 -> 16950001 | C20: s.d | D20: 19750000 | E20: 0.08 | G20: =G19+1 -> 18 | H20: =J19+1 -> 29350001 | I20: s.d | J20: 31450000 | K20: 0.12 | M20: =M19+1 -> 18 | N20: =P19+1 -> 28100001 | O20: s.d | P20: 30100000 | Q20: 0.11 | S20: TK/2 | U20: 63000000
A21: =A20+1 -> 19 | B21: =D20+1 -> 19750001 | C21: s.d | D21: 24150000 | E21: 0.09 | G21: =G20+1 -> 19 | H21: =J20+1 -> 31450001 | I21: s.d | J21: 33950000 | K21: 0.13 | M21: =M20+1 -> 19 | N21: =P20+1 -> 30100001 | O21: s.d | P21: 32600000 | Q21: 0.12 | S21: TK/3 | U21: 67500000
A22: =A21+1 -> 20 | B22: =D21+1 -> 24150001 | C22: s.d | D22: 26450000 | E22: 0.1 | G22: =G21+1 -> 20 | H22: =J21+1 -> 33950001 | I22: s.d | J22: 37100000 | K22: 0.14 | M22: =M21+1 -> 20 | N22: =P21+1 -> 32600001 | O22: s.d | P22: 35400000 | Q22: 0.13 | S22: K/0 | U22: 58500000
A23: =A22+1 -> 21 | B23: =D22+1 -> 26450001 | C23: s.d | D23: 28000000 | E23: 0.11 | G23: =G22+1 -> 21 | H23: =J22+1 -> 37100001 | I23: s.d | J23: 41100000 | K23: 0.15 | M23: =M22+1 -> 21 | N23: =P22+1 -> 35400001 | O23: s.d | P23: 38900000 | Q23: 0.14 | S23: K/1 | U23: 63000000
A24: =A23+1 -> 22 | B24: =D23+1 -> 28000001 | C24: s.d | D24: 30050000 | E24: 0.12 | G24: =G23+1 -> 22 | H24: =J23+1 -> 41100001 | I24: s.d | J24: 45800000 | K24: 0.16 | M24: =M23+1 -> 22 | N24: =P23+1 -> 38900001 | O24: s.d | P24: 43000000 | Q24: 0.15 | S24: K/2 | U24: 67500000
A25: =A24+1 -> 23 | B25: =D24+1 -> 30050001 | C25: s.d | D25: 32400000 | E25: 0.13 | G25: =G24+1 -> 23 | H25: =J24+1 -> 45800001 | I25: s.d | J25: 49500000 | K25: 0.17 | M25: =M24+1 -> 23 | N25: =P24+1 -> 43000001 | O25: s.d | P25: 47400000 | Q25: 0.16 | S25: K/3 | U25: 72000000
A26: =A25+1 -> 24 | B26: =D25+1 -> 32400001 | C26: s.d | D26: 35400000 | E26: 0.14 | G26: =G25+1 -> 24 | H26: =J25+1 -> 49500001 | I26: s.d | J26: 53800000 | K26: 0.18 | M26: =M25+1 -> 24 | N26: =P25+1 -> 47400001 | O26: s.d | P26: 51200000 | Q26: 0.17
A27: =A26+1 -> 25 | B27: =D26+1 -> 35400001 | C27: s.d | D27: 39100000 | E27: 0.15 | G27: =G26+1 -> 25 | H27: =J26+1 -> 53800001 | I27: s.d | J27: 58500000 | K27: 0.19 | M27: =M26+1 -> 25 | N27: =P26+1 -> 51200001 | O27: s.d | P27: 55800000 | Q27: 0.18
A28: =A27+1 -> 26 | B28: =D27+1 -> 39100001 | C28: s.d | D28: 43850000 | E28: 0.16 | G28: =G27+1 -> 26 | H28: =J27+1 -> 58500001 | I28: s.d | J28: 64000000 | K28: 0.2 | M28: =M27+1 -> 26 | N28: =P27+1 -> 55800001 | O28: s.d | P28: 60400000 | Q28: 0.19
A29: =A28+1 -> 27 | B29: =D28+1 -> 43850001 | C29: s.d | D29: 47800000 | E29: 0.17 | G29: =G28+1 -> 27 | H29: =J28+1 -> 64000001 | I29: s.d | J29: 71000000 | K29: 0.21 | M29: =M28+1 -> 27 | N29: =P28+1 -> 60400001 | O29: s.d | P29: 66700000 | Q29: 0.2
A30: =A29+1 -> 28 | B30: =D29+1 -> 47800001 | C30: s.d | D30: 51400000 | E30: 0.18 | G30: =G29+1 -> 28 | H30: =J29+1 -> 71000001 | I30: s.d | J30: 80000000 | K30: 0.22 | M30: =M29+1 -> 28 | N30: =P29+1 -> 66700001 | O30: s.d | P30: 74500000 | Q30: 0.21
A31: =A30+1 -> 29 | B31: =D30+1 -> 51400001 | C31: s.d | D31: 56300000 | E31: 0.19 | G31: =G30+1 -> 29 | H31: =J30+1 -> 80000001 | I31: s.d | J31: 93000000 | K31: 0.23 | M31: =M30+1 -> 29 | N31: =P30+1 -> 74500001 | O31: s.d | P31: 83200000 | Q31: 0.22
A32: =A31+1 -> 30 | B32: =D31+1 -> 56300001 | C32: s.d | D32: 62200000 | E32: 0.2 | G32: =G31+1 -> 30 | H32: =J31+1 -> 93000001 | I32: s.d | J32: 109000000 | K32: 0.24 | M32: =M31+1 -> 30 | N32: =P31+1 -> 83200001 | O32: s.d | P32: 95600000 | Q32: 0.23
A33: =A32+1 -> 31 | B33: =D32+1 -> 62200001 | C33: s.d | D33: 68600000 | E33: 0.21 | G33: =G32+1 -> 31 | H33: =J32+1 -> 109000001 | I33: s.d | J33: 129000000 | K33: 0.25 | M33: =M32+1 -> 31 | N33: =P32+1 -> 95600001 | O33: s.d | P33: 110000000 | Q33: 0.24
A34: =A33+1 -> 32 | B34: =D33+1 -> 68600001 | C34: s.d | D34: 77500000 | E34: 0.22 | G34: =G33+1 -> 32 | H34: =J33+1 -> 129000001 | I34: s.d | J34: 163000000 | K34: 0.26 | M34: =M33+1 -> 32 | N34: =P33+1 -> 110000001 | O34: s.d | P34: 134000000 | Q34: 0.25
A35: =A34+1 -> 33 | B35: =D34+1 -> 77500001 | C35: s.d | D35: 89000000 | E35: 0.23 | G35: =G34+1 -> 33 | H35: =J34+1 -> 163000001 | I35: s.d | J35: 211000000 | K35: 0.27 | M35: =M34+1 -> 33 | N35: =P34+1 -> 134000001 | O35: s.d | P35: 169000000 | Q35: 0.26
A36: =A35+1 -> 34 | B36: =D35+1 -> 89000001 | C36: s.d | D36: 103000000 | E36: 0.24 | G36: =G35+1 -> 34 | H36: =J35+1 -> 211000001 | I36: s.d | J36: 374000000 | K36: 0.28 | M36: =M35+1 -> 34 | N36: =P35+1 -> 169000001 | O36: s.d | P36: 221000000 | Q36: 0.27
A37: =A36+1 -> 35 | B37: =D36+1 -> 103000001 | C37: s.d | D37: 125000000 | E37: 0.25 | G37: =G36+1 -> 35 | H37: =J36+1 -> 374000001 | I37: s.d | J37: 459000000 | K37: 0.29 | M37: =M36+1 -> 35 | N37: =P36+1 -> 221000001 | O37: s.d | P37: 390000000 | Q37: 0.28
... A41: =A40+1 -> 39 | B41: =D40+1 -> 337000001 | C41: s.d | D41: 454000000 | E41: 0.29 | G41: =G40+1 -> 39 | H41: =J40+1 -> 957000001 | I41: s.d | J41: 1405000000 | K41: 0.33 | M41: =M40+1 -> 39 | N41: =P40+1 -> 709000001 | O41: s.d | P41: 965000000 | Q41: 0.32
A42: =A41+1 -> 40 | B42: =D41+1 -> 454000001 | C42: s.d | D42: 550000000 | E42: 0.3 | G42: =G41+1 -> 40 | H42: =J41+1 -> 1405000001 | I42: s.d | J42: ~~ | K42: 0.34 | M42: =M41+1 -> 40 | N42: =P41+1 -> 965000001 | O42: s.d | P42: 1419000000 | Q42: 0.33
A43: =A42+1 -> 41 | B43: =D42+1 -> 550000001 | C43: s.d | D43: 695000000 | E43: 0.31 | M43: =M42+1 -> 41 | N43: =P42+1 -> 1419000001 | O43: s.d | P43: ~~ | Q43: 0.34
A44: =A43+1 -> 42 | B44: =D43+1 -> 695000001 | C44: s.d | D44: 910000000 | E44: 0.32
A45: =A44+1 -> 43 | B45: =D44+1 -> 910000001 | C45: s.d | D45: 1400000000 | E45: 0.33
A46: =A45+1 -> 44 | B46: =D45+1 -> 1400000001 | C46: s.d | D46: ~~ | E46: 0.34
J55: 20000000
J56: =J61 -> 1739130.4
J57: =SUM(J55:J56) -> 21739130
J61: =J57*8% -> 1739130.4

Sheet Des
C1: yang berwarna ini rumus
B2: Nomor Urut | C2: NAMA KARYAWAN | D2: N I K / PASPOR | E2: N P W P | F2: A L A M A T | G2: JABATAN | H2: STATUS KARYAWAN | M2: DESEMBER | R2: P T K P | S2: P K P | T2: PPH PASAL 21 | V2: PPH PASAL 21 JAN S.D NOP | W2: PPH PASAL 21 DESEMBER
M3: Gaji Pokok | N3: Total Tunjangan | O3: Premi JKK, JKM, Kes | P3: Tunjangan PPh | Q3: Penghasilan Bruto
H4: L/P | I4: PTKP | J4: TER | K4: MASA KERJA | T4: SETAHUN | U4: INCLUDE NON NPWP
B5: 1 | C5: 2 | D5: 3 | E5: 4 | F5: 5 | G5: 6 | H5: 7 | I5: 8 | J5: 9 | K5: 10 | L5: 11 | M5: 12 | N5: 13 | O5: 14 | P5: 15 | Q5: 16 | R5: 30 | S5: 31 | T5: 32 | U5: 33 | V5: 34 | W5: 35
B6: 1 | C6: AGUS SRI ASTUTI | H6: P | I6: TK/0 | J6: =IF(ISBLANK(I6),"",IF(OR(I6="TK/0",I6="TK/1",I6="K/0"),"TER A",IF(I6="K/3","TER C","TER B"))) -> TER A | K6: 1 | L6: 1 | M6: 7006344 | N6: 0 | O6: =38871+185100 -> 223971 | P6: 0 | Q6: =SUM(M6:P6) -> 7230315 | R6: =IFERROR(VLOOKUP(I6,PTKP,3,FALSE),0) -> 0 | S6: =ROUNDDOWN(IF(#REF!>R6,#REF!-R6,0),-3) -> #REF! | T6: =IF(S6>5000000000,S6*35%-306000000,IF(S6>500000000,S6*30%-56000000,IF(S6>250000000,S6*25%-31000000,IF(S6>60000000,S6*15%-6000000,S6*5%)))) -> #REF! | U6: =ROUND(IF(E6=0,T6*120%,T6),0) -> #REF! | W6: =U6-V6 -> #REF!
B7: 2 | J7: =IF(ISBLANK(I7),"",IF(OR(I7="TK/0",I7="TK/1",I7="K/0"),"TER A",IF(I7="K/3","TER C","TER B"))) | P7: =W7 -> #REF! | Q7: =SUM(M7:P7) -> #REF! | R7: =IFERROR(VLOOKUP(I7,PTKP,3,FALSE),0) -> 0 | S7: =ROUNDDOWN(IF(#REF!>R7,#REF!-R7,0),-3) -> #REF! | T7: =IF(S7>5000000000,S7*35%-306000000,IF(S7>500000000,S7*30%-56000000,IF(S7>250000000,S7*25%-31000000,IF(S7>60000000,S7*15%-6000000,S7*5%)))) -> #REF! | U7: =ROUND(IF(E7=0,T7*120%,T7),0) -> #REF! | W7: =U7-V7 -> #REF!
B8: 3 | J8: =IF(ISBLANK(I8),"",IF(OR(I8="TK/0",I8="TK/1",I8="K/0"),"TER A",IF(I8="K/3","TER C","TER B"))) | P8: =W8 -> #REF! | Q8: =SUM(M8:P8) -> #REF! | R8: =IFERROR(VLOOKUP(I8,PTKP,3,FALSE),0) -> 0 | S8: =ROUNDDOWN(IF(#REF!>R8,#REF!-R8,0),-3) -> #REF! | T8: =IF(S8>5000000000,S8*35%-306000000,IF(S8>500000000,S8*30%-56000000,IF(S8>250000000,S8*25%-31000000,IF(S8>60000000,S8*15%-6000000,S8*5%)))) -> #REF! | U8: =ROUND(IF(E8=0,T8*120%,T8),0) -> #REF! | W8: =U8-V8 -> #REF!
B9: 4 | J9: =IF(ISBLANK(I9),"",IF(OR(I9="TK/0",I9="TK/1",I9="K/0"),"TER A",IF(I9="K/3","TER C","TER B"))) | P9: =W9 -> #REF! | Q9: =SUM(M9:P9) -> #REF! | R9: =IFERROR(VLOOKUP(I9,PTKP,3,FALSE),0) -> 0 | S9: =ROUNDDOWN(IF(#REF!>R9,#REF!-R9,0),-3) -> #REF! | T9: =IF(S9>5000000000,S9*35%-306000000,IF(S9>500000000,S9*30%-56000000,IF(S9>250000000,S9*25%-31000000,IF(S9>60000000,S9*15%-6000000,S9*5%)))) -> #REF! | U9: =ROUND(IF(E9=0,T9*120%,T9),0) -> #REF! | W9: =U9-V9 -> #REF!
B10: 5 | J10: =IF(ISBLANK(I10),"",IF(OR(I10="TK/0",I10="TK/1",I10="K/0"),"TER A",IF(I10="K/3","TER C","TER B"))) | P10: =W10 -> #REF! | Q10: =SUM(M10:P10) -> #REF! | R10: =IFERROR(VLOOKUP(I10,PTKP,3,FALSE),0) -> 0 | S10: =ROUNDDOWN(IF(#REF!>R10,#REF!-R10,0),-3) -> #REF! | T10: =IF(S10>5000000000,S10*35%-306000000,IF(S10>500000000,S10*30%-56000000,IF(S10>250000000,S10*25%-31000000,IF(S10>60000000,S10*15%-6000000,S10*5%)))) -> #REF! | U10: =ROUND(IF(E10=0,T10*120%,T10),0) -> #REF! | W10: =U10-V10 -> #REF!
B11: 6 | J11: =IF(ISBLANK(I11),"",IF(OR(I11="TK/0",I11="TK/1",I11="K/0"),"TER A",IF(I11="K/3","TER C","TER B"))) | P11: =W11 -> #REF! | Q11: =SUM(M11:P11) -> #REF! | R11: =IFERROR(VLOOKUP(I11,PTKP,3,FALSE),0) -> 0 | S11: =ROUNDDOWN(IF(#REF!>R11,#REF!-R11,0),-3) -> #REF! | T11: =IF(S11>5000000000,S11*35%-306000000,IF(S11>500000000,S11*30%-56000000,IF(S11>250000000,S11*25%-31000000,IF(S11>60000000,S11*15%-6000000,S11*5%)))) -> #REF! | U11: =ROUND(IF(E11=0,T11*120%,T11),0) -> #REF! | W11: =U11-V11 -> #REF!
B12: 7 | J12: =IF(ISBLANK(I12),"",IF(OR(I12="TK/0",I12="TK/1",I12="K/0"),"TER A",IF(I12="K/3","TER C","TER B"))) | P12: =W12 -> #REF! | Q12: =SUM(M12:P12) -> #REF! | R12: =IFERROR(VLOOKUP(I12,PTKP,3,FALSE),0) -> 0 | S12: =ROUNDDOWN(IF(#REF!>R12,#REF!-R12,0),-3) -> #REF! | T12: =IF(S12>5000000000,S12*35%-306000000,IF(S12>500000000,S12*30%-56000000,IF(S12>250000000,S12*25%-31000000,IF(S12>60000000,S12*15%-6000000,S12*5%)))) -> #REF! | U12: =ROUND(IF(E12=0,T12*120%,T12),0) -> #REF! | W12: =U12-V12 -> #REF!
B13: 8 | J13: =IF(ISBLANK(I13),"",IF(OR(I13="TK/0",I13="TK/1",I13="K/0"),"TER A",IF(I13="K/3","TER C","TER B"))) | P13: =W13 -> #REF! | Q13: =SUM(M13:P13) -> #REF! | R13: =IFERROR(VLOOKUP(I13,PTKP,3,FALSE),0) -> 0 | S13: =ROUNDDOWN(IF(#REF!>R13,#REF!-R13,0),-3) -> #REF! | T13: =IF(S13>5000000000,S13*35%-306000000,IF(S13>500000000,S13*30%-56000000,IF(S13>250000000,S13*25%-31000000,IF(S13>60000000,S13*15%-6000000,S13*5%)))) -> #REF! | U13: =ROUND(IF(E13=0,T13*120%,T13),0) -> #REF! | W13: =U13-V13 -> #REF!
B14: 9 | J14: =IF(ISBLANK(I14),"",IF(OR(I14="TK/0",I14="TK/1",I14="K/0"),"TER A",IF(I14="K/3","TER C","TER B"))) | P14: =W14 -> #REF! | Q14: =SUM(M14:P14) -> #REF! | R14: =IFERROR(VLOOKUP(I14,PTKP,3,FALSE),0) -> 0 | S14: =ROUNDDOWN(IF(#REF!>R14,#REF!-R14,0),-3) -> #REF! | T14: =IF(S14>5000000000,S14*35%-306000000,IF(S14>500000000,S14*30%-56000000,IF(S14>250000000,S14*25%-31000000,IF(S14>60000000,S14*15%-6000000,S14*5%)))) -> #REF! | U14: =ROUND(IF(E14=0,T14*120%,T14),0) -> #REF! | W14: =U14-V14 -> #REF!
B15: 10 | J15: =IF(ISBLANK(I15),"",IF(OR(I15="TK/0",I15="TK/1",I15="K/0"),"TER A",IF(I15="K/3","TER C","TER B"))) | P15: =W15 -> #REF! | Q15: =SUM(M15:P15) -> #REF! | R15: =IFERROR(VLOOKUP(I15,PTKP,3,FALSE),0) -> 0 | S15: =ROUNDDOWN(IF(#REF!>R15,#REF!-R15,0),-3) -> #REF! | T15: =IF(S15>5000000000,S15*35%-306000000,IF(S15>500000000,S15*30%-56000000,IF(S15>250000000,S15*25%-31000000,IF(S15>60000000,S15*15%-6000000,S15*5%)))) -> #REF! | U15: =ROUND(IF(E15=0,T15*120%,T15),0) -> #REF! | W15: =U15-V15 -> #REF!
J16: =IF(ISBLANK(I16),"",IF(OR(I16="TK/0",I16="TK/1",I16="K/0"),"TER A",IF(I16="K/3","TER C","TER B"))) | P16: =W16 -> #REF! | Q16: =SUM(M16:P16) -> #REF! | R16: =IFERROR(VLOOKUP(I16,PTKP,3,FALSE),0) -> 0 | S16: =ROUNDDOWN(IF(#REF!>R16,#REF!-R16,0),-3) -> #REF! | T16: =IF(S16>5000000000,S16*35%-306000000,IF(S16>500000000,S16*30%-56000000,IF(S16>250000000,S16*25%-31000000,IF(S16>60000000,S16*15%-6000000,S16*5%)))) -> #REF! | U16: =ROUND(IF(E16=0,T16*120%,T16),0) -> #REF! | W16: =U16-V16 -> #REF!
M17: =SUM(M6:M16) -> 7006344 | N17: =SUM(N6:N16) -> 0 | O17: =SUM(O6:O16) -> 223971 | P17: =SUM(P6:P16) -> #REF! | Q17: =SUM(Q6:Q16) -> #REF! | R17: =SUM(R6:R16) -> 0 | S17: =SUM(S6:S16) -> #REF! | T17: =SUM(T6:T16) -> #REF! | ... W17: =SUM(W6:W16) -> #REF! | Y17: DD
B19: Catatan :
B20: 1. yang berwarna adalah rumus
B21: 2. dalam hal terdapat tunjangan PPh, maka ceklis "enable iterative calculation" pada menu (option => formula => pada bagian kanan atas)
B22: 3. kolom pengurang JHT/JP tetap wajib diisi, sebagai pengurang pada masa pajak desember
B23: 4. komponen penghasilan bruto dapat disesuaikan/ditambahkan kolom, sesuai dengan kebutuhan masing2 perusahaan
B24: 5. perubahan status PTKP ditentukan keadaan awal tahun, misal nikah/punya anak ditanggal 2 januari 2024, maka berubah status PTKP nya tahun 2025 | U24: =SUM(U19:U23) -> 0
B25: 6. PPh 21 terutang tersebut sudah memperhitungkan bagi yang tidak memiliki NPWP dengan jumlah PPh Terutang 20% lebih besar.
B26: 7. untuk yang tidak mempunyai NPWP dapat diisi dengan angka Nol
B27: 8. khusus untuk perhitungan pph 21 masa pajak desember, dapat di cek kembali total per komponen penghasilan brutonya

Sheet THR'24
B1: PT. REBINMAS JAYA
B2: INCOME TAX ARTICLE 21 FOR FEB 2024
B3: PGE 1A (AIR KUNDO)
C4: yang berwarna ini rumus | N4: T.Beras | O4: T.Jabatan | P4: Lembur
B5: NO. | C5: NAMA KARYAWAN | D5: N I K / PASPOR | E5: N P W P | F5: A L A M A T | G5: JABATAN | H5: L/P | I5: PTKP | J5: TER | K5: Gaji Pokok | L5: Astek Ins (0,84%) | M5: BPJS KESEHATAN (4%) | N5: Rice Allow | O5: Structural Allow | P5: Service Time Allow | Q5: Premi Transport | R5: Premi Harvesting | S5: Premi Brondol | T5: Premi Pruning | U5: Premi Kontanan | V5: Incentive Panen | W5: Pengembalian Uang Tiket | X5: Masa Kerja | Y5: Potongan Premi (Koreksi) | Z5: Lembur Bayar HK Penjagaan HGU | AA5: Bensin Patroli | AB5: POT. ALPA & POT. CTH ( CUTI TANPA HK ) | AC5: THR | AD5: Bonus | AE5: Penghasilan Bruto | AF5: Tarif TER | AG5: PPh 21 GAJI+THR | AH5: Pajak GAJI Feb'24 | AI5: PPh 21 THR | AJ5: PPh 21 Pot Jan'24 | AK5: Selisih | AL5: Ket | AN5: g.kotor daftar upah | AO5: astek+bpjs | AP5: bruto
B6: 1 | C6: MARTONO | D6: 1902050504860001 | E6: 97.237.826.9-305.000 | F6: JL MANGGAR KM 28 DSN BUKIT INDAH RT. 011 RW. 004 DESA KACANG BUTOR BADAU | G6: MANDOR PERAWATAN | H6: L | I6: K/2 | J6: =IF(ISBLANK(I6),"",IF(OR(I6="TK/0",I6="TK/1",I6="K/0"),"TER A",IF(I6="K/3","TER C","TER B"))) -> TER B | K6: =29*122333.33 -> 3547666.6 | L6: =3670000*0.84% -> 30828 | M6: =[3]MAINTENANCE!AK10 -> 148680 | N6: =[3]MAINTENANCE!$W10 -> 156600 | O6: =[3]MAINTENANCE!Z10 -> 66000 | P6: =[3]MAINTENANCE!AE10 -> 137890.18 | Q6: =[3]MAINTENANCE!AC10 -> 0 | X6: =[3]MAINTENANCE!AB10 -> 47000 | AB6: =-[3]MAINTENANCE!BA10 -> 0 | AC6: =[4]MAINTENANCE!$M11 -> 3878999.9 | AE6: =ROUNDDOWN(SUM(K6:AD6),0) -> 8013664 | AF6: =IF(J6="TER A",VLOOKUP(AE6,Ter_A,4,TRUE),IF(J6="TER B",VLOOKUP(AE6,Ter_B,4,TRUE),VLOOKUP(AE6,Ter_C,4,TRUE))) -> 0.01 | AG6: =ROUNDDOWN(IF(H6=0,AE6*AF6*120%,AE6*AF6),0) -> 80136 | AH6: =#REF! -> #REF! | AI6: =AG6-AH6 -> #REF! | AK6: =AJ6-AI6 -> #REF! | AN6: =[3]MAINTENANCE!$AF10 -> 3955156.8 | AO6: =L6+M6 -> 179508 | AP6: =AN6+AO6 -> 4134664.8 | AQ6: =AP6-AE6 -> -3878999.2
B7: 2 | C7: YUNIARTI | D7: 1902016806780001 | E7: 75.585.294.4-305.000 | F7: BULUH TUMBANG RT 019 RW 005 DESA BULUH TUMNAH KEC. TANJUNG PANDAN | G7: PERAWATAN | H7: P | I7: TK/0 | J7: =IF(ISBLANK(I7),"",IF(OR(I7="TK/0",I7="TK/1",I7="K/0"),"TER A",IF(I7="K/3","TER C","TER B"))) -> TER A | K7: =29*121333.33 -> 3518666.6 | L7: =3640000*0.84% -> 30576 | M7: =[3]MAINTENANCE!AK11 -> 146680 | N7: =[3]MAINTENANCE!$W11 -> 65250 | O7: =[3]MAINTENANCE!Z11 -> 0 | P7: =[3]MAINTENANCE!AE11 -> 0 | Q7: =[3]MAINTENANCE!AC11 -> 0 | X7: =[3]MAINTENANCE!AB11 -> 27000 | AB7: =-[3]MAINTENANCE!BA11 -> 0 | AC7: =[4]MAINTENANCE!$M12 -> 3734499.9 | AE7: =ROUNDDOWN(SUM(K7:AD7),0) -> 7522672 | AF7: =IF(J7="TER A",VLOOKUP(AE7,Ter_A,4,TRUE),IF(J7="TER B",VLOOKUP(AE7,Ter_B,4,TRUE),VLOOKUP(AE7,Ter_C,4,TRUE))) -> 0.015 | AG7: =ROUNDDOWN(IF(H7=0,AE7*AF7*120%,AE7*AF7),0) -> 112840 | AH7: =#REF! -> #REF! | AI7: =AG7-AH7 -> #REF! | AK7: =AJ7-AI7 -> #REF! | AN7: =[3]MAINTENANCE!$AF11 -> 3610916.6 | AO7: =L7+M7 -> 177256 | AP7: =AN7+AO7 -> 3788172.6 | AQ7: =AP7-AE7 -> -3734499.4
B8: 3 | C8: ATIK KUSMIATI | D8: 1902056004860002 | E8: 54.533.929.3-305.000 | F8: JLN MANGGAR DSN KEPAYANG RT. 006 RW. 002 DS KACANG BUTOR BADAU | G8: PERAWATAN | H8: P | I8: TK/0 | J8: =IF(ISBLANK(I8),"",IF(OR(I8="TK/0",I8="TK/1",I8="K/0"),"TER A",IF(I8="K/3","TER C","TER B"))) -> TER A | K8: =29*121333.33 -> 3518666.6 | L8: =3640000*0.84% -> 30576 | M8: =[3]MAINTENANCE!AK12 -> 146800 | N8: =[3]MAINTENANCE!$W12 -> 63000 | O8: =[3]MAINTENANCE!Z12 -> 0 | P8: =[3]MAINTENANCE!AE12 -> 0 | Q8: =[3]MAINTENANCE!AC12 -> 0 | X8: =[3]MAINTENANCE!AB12 -> 30000 | AB8: =-[3]MAINTENANCE!BA12 -> -121333.33 | AC8: =[4]MAINTENANCE!$M13 -> 3737499.9 | AE8: =ROUNDDOWN(SUM(K8:AD8),0) -> 7405209 | AF8: =IF(J8="TER A",VLOOKUP(AE8,Ter_A,4,TRUE),IF(J8="TER B",VLOOKUP(AE8,Ter_B,4,TRUE),VLOOKUP(AE8,Ter_C,4,TRUE))) -> 0.0125 | AG8: =ROUNDDOWN(IF(H8=0,AE8*AF8*120%,AE8*AF8),0) -> 92565 | AH8: =#REF! -> #REF! | AI8: =AG8-AH8 -> #REF! | AK8: =AJ8-AI8 -> #REF! | AN8: =[3]MAINTENANCE!$AF12 -> 3490333.2 | AO8: =L8+M8 -> 177376 | AP8: =AN8+AO8 -> 3667709.2 | AQ8: =AP8-AE8 -> -3737499.8 | AS8: =AB8+AQ8 -> -3858833.1
B9: 4 | C9: SALMIAH | D9: 1902054908770002 | E9: 97.237.535.6-305.000 | F9: JL MANGGAR DSN PARIT GUNUNG RT. 005 RW. 003 DS AIR BATU BUDING KEC BADAU | G9: PERAWATAN | H9: P | I9: TK/0 | J9: =IF(ISBLANK(I9),"",IF(OR(I9="TK/0",I9="TK/1",I9="K/0"),"TER A",IF(I9="K/3","TER C","TER B"))) -> TER A | K9: =29*121333.33 -> 3518666.6 | L9: =3640000*0.84% -> 30576 | M9: =[3]MAINTENANCE!AK13 -> 147480 | N9: =[3]MAINTENANCE!$W13 -> 60750 | O9: =[3]MAINTENANCE!Z13 -> 0 | P9: =[3]MAINTENANCE!AE13 -> 0 | Q9: =[3]MAINTENANCE!AC13 -> 0 | X9: =[3]MAINTENANCE!AB13 -> 47000 | AB9: =-[3]MAINTENANCE!BA13 -> -242666.66 | AC9: =[4]MAINTENANCE!$M14 -> 3754499.9 | AE9: =ROUNDDOWN(SUM(K9:AD9),0) -> 7316305 | AF9: =IF(J9="TER A",VLOOKUP(AE9,Ter_A,4,TRUE),IF(J9="TER B",VLOOKUP(AE9,Ter_B,4,TRUE),VLOOKUP(AE9,Ter_C,4,TRUE))) -> 0.0125 | AG9: =ROUNDDOWN(IF(H9=0,AE9*AF9*120%,AE9*AF9),0) -> 91453 | AH9: =#REF! -> #REF! | AI9: =AG9-AH9 -> #REF! | AK9: =AJ9-AI9 -> #REF! | AN9: =[3]MAINTENANCE!$AF13 -> 3383749.9 | AO9: =L9+M9 -> 178056 | AP9: =AN9+AO9 -> 3561805.9 | AQ9: =AP9-AE9 -> -3754499.1 | AS9: =AB9+AQ9 -> -3997165.8
B10: 5 | C10: NURAINI | D10: 1906026909880002 | E10: 54.533.747.9-305.000 | F10: DSN CENDIL RT 005 RW 002 DESA CENDIL KEC.KELAPA KAMPIT | G10: PERAWATAN | H10: P | I10: TK/0 | J10: =IF(ISBLANK(I10),"",IF(OR(I10="TK/0",I10="TK/1",I10="K/0"),"TER A",IF(I10="K/3","TER C","TER B"))) -> TER A | K10: =29*121333.33 -> 3518666.6 | L10: =3640000*0.84% -> 30576 | M10: =[3]MAINTENANCE!AK14 -> 146800 | N10: =[3]MAINTENANCE!$W14 -> 65250 | O10: =[3]MAINTENANCE!Z14 -> 0 | P10: =[3]MAINTENANCE!AE14 -> 0 | Q10: =[3]MAINTENANCE!AC14 -> 0 | X10: =[3]MAINTENANCE!AB14 -> 30000 | AB10: =-[3]MAINTENANCE!BA14 -> 0 | AC10: =[4]MAINTENANCE!$M15 -> 3737499.9 | AE10: =ROUNDDOWN(SUM(K10:AD10),0) -> 7528792 | AF10: =IF(J10="TER A",VLOOKUP(AE10,Ter_A,4,TRUE),IF(J10="TER B",VLOOKUP(AE10,Ter_B,4,TRUE),VLOOKUP(AE10,Ter_C,4,TRUE))) -> 0.015 | AG10: =ROUNDDOWN(IF(H10=0,AE10*AF10*120%,AE10*AF10),0) -> 112931 | AH10: =#REF! -> #REF! | AI10: =AG10-AH10 -> #REF! | AK10: =AJ10-AI10 -> #REF! | AN10: =[3]MAINTENANCE!$AF14 -> 3613916.6 | AO10: =L10+M10 -> 177376 | AP10: =AN10+AO10 -> 3791292.6 | AQ10: =AP10-AE10 -> -3737499.4
B11: 6 | C11: ELYANI | D11: 1902055206760002 | E11: 97.237.582.8-305.000 | F11: DSN PARIT GUNUNG RT. 005 RW. 003 DS AIR BATU BUDING BADAU | G11: PERAWATAN | H11: P | I11: TK/0 | J11: =IF(ISBLANK(I11),"",IF(OR(I11="TK/0",I11="TK/1",I11="K/0"),"TER A",IF(I11="K/3","TER C","TER B"))) -> TER A | K11: =29*121333.33 -> 3518666.6 | L11: =3640000*0.84% -> 30576 | M11: =[3]MAINTENANCE!AK15 -> 147340 | N11: =[3]MAINTENANCE!$W15 -> 63000 | O11: =[3]MAINTENANCE!Z15 -> 0 | P11: =[3]MAINTENANCE!AE15 -> 0 | Q11: =[3]MAINTENANCE!AC15 -> 0 | X11: =[3]MAINTENANCE!AB15 -> 43500 | AB11: =-[3]MAINTENANCE!BA15 -> -121333.33 | AC11: =[4]MAINTENANCE!$M16 -> 3750999.9 | AE11: =ROUNDDOWN(SUM(K11:AD11),0) -> 7432749 | AF11: =IF(J11="TER A",VLOOKUP(AE11,Ter_A,4,TRUE),IF(J11="TER B",VLOOKUP(AE11,Ter_B,4,TRUE),VLOOKUP(AE11,Ter_C,4,TRUE))) -> 0.0125 | AG11: =ROUNDDOWN(IF(H11=0,AE11*AF11*120%,AE11*AF11),0) -> 92909 | AH11: =#REF! -> #REF! | AI11: =AG11-AH11 -> #REF! | AK11: =AJ11-AI11 -> #REF! | AN11: =[3]MAINTENANCE!$AF15 -> 3503833.2 | AO11: =L11+M11 -> 177916 | AP11: =AN11+AO11 -> 3681749.2 | AQ11: =AP11-AE11 -> -3750999.8
B12: 7 | C12: SUSINAH | D12: 1902055109700001 | E12: 97.228.366.7-305.000 | F12: JL MANGGAR RT. 012 RW. 004 DESA KACANG BUTOR KEC. BADAU | G12: PERAWATAN | H12: P | I12: TK/0 | J12: =IF(ISBLANK(I12),"",IF(OR(I12="TK/0",I12="TK/1",I12="K/0"),"TER A",IF(I12="K/3","TER C","TER B"))) -> TER A | K12: =29*121333.33 -> 3518666.6 | L12: =3640000*0.84% -> 30576 | M12: =[3]MAINTENANCE!AK16 -> 147480 | N12: =[3]MAINTENANCE!$W16 -> 65250 | O12: =[3]MAINTENANCE!Z16 -> 0 | P12: =[3]MAINTENANCE!AE16 -> 0 | Q12: =[3]MAINTENANCE!AC16 -> 0 | X12: =[3]MAINTENANCE!AB16 -> 47000 | AB12: =-[3]MAINTENANCE!BA16 -> 0 | AC12: =[4]MAINTENANCE!$M17 -> 3754499.9 | AE12: =ROUNDDOWN(SUM(K12:AD12),0) -> 7563472 | AF12: =IF(J12="TER A",VLOOKUP(AE12,Ter_A,4,TRUE),IF(J12="TER B",VLOOKUP(AE12,Ter_B,4,TRUE),VLOOKUP(AE12,Ter_C,4,TRUE))) -> 0.015 | AG12: =ROUNDDOWN(IF(H12=0,AE12*AF12*120%,AE12*AF12),0) -> 113452 | AH12: =#REF! -> #REF! | AI12: =AG12-AH12 -> #REF! | AK12: =AJ12-AI12 -> #REF! | AN12: =[3]MAINTENANCE!$AF16 -> 3630916.6 | AO12: =L12+M12 -> 178056 | AP12: =AN12+AO12 -> 3808972.6 | AQ12: =AP12-AE12 -> -3754499.4
B13: 8 | C13: JUMIA | D13: 1902055205740001 | E13: 97.237.569.5-305.000 | F13: JL MANGGAR AIR BEGANTUNG RT. 008 RW. 003 DESA KACANG BUTOR KEC. BADAU | G13: PERAWATAN | H13: P | I13: TK/0 | J13: =IF(ISBLANK(I13),"",IF(OR(I13="TK/0",I13="TK/1",I13="K/0"),"TER A",IF(I13="K/3","TER C","TER B"))) -> TER A | K13: =29*121333.33 -> 3518666.6 | L13: =3640000*0.84% -> 30576 | M13: =[3]MAINTENANCE!AK17 -> 147340 | N13: =[3]MAINTENANCE!$W17 -> 65250 | O13: =[3]MAINTENANCE!Z17 -> 0 | P13: =[3]MAINTENANCE!AE17 -> 0 | Q13: =[3]MAINTENANCE!AC17 -> 0 | X13: =[3]MAINTENANCE!AB17 -> 43500 | AB13: =-[3]MAINTENANCE!BA17 -> 0 | AC13: =[4]MAINTENANCE!$M18 -> 3754499.9 | AE13: =ROUNDDOWN(SUM(K13:AD13),0) -> 7559832 | AF13: =IF(J13="TER A",VLOOKUP(AE13,Ter_A,4,TRUE),IF(J13="TER B",VLOOKUP(AE13,Ter_B,4,TRUE),VLOOKUP(AE13,Ter_C,4,TRUE))) -> 0.015 | AG13: =ROUNDDOWN(IF(H13=0,AE13*AF13*120%,AE13*AF13),0) -> 113397 | AH13: =#REF! -> #REF! | AI13: =AG13-AH13 -> #REF! | AK13: =AJ13-AI13 -> #REF! | AN13: =[3]MAINTENANCE!$AF17 -> 3627416.6 | AO13: =L13+M13 -> 177916 | AP13: =AN13+AO13 -> 3805332.6 | AQ13: =AP13-AE13 -> -3754499.4
B14: 9 | C14: NELI LISMANA | D14: 1902055212860002 | E14: 97.237.563.8-305.000 | F14: DSN PARIT GUNUNG RT. 005 RW. 003 DS AIR BATU BUDING BADAU | G14: PERAWATAN | H14: P | I14: TK/0 | J14: =IF(ISBLANK(I14),"",IF(OR(I14="TK/0",I14="TK/1",I14="K/0"),"TER A",IF(I14="K/3","TER C","TER B"))) -> TER A | K14: =29*121333.33 -> 3518666.6 | L14: =3640000*0.84% -> 30576 | M14: =[3]MAINTENANCE!AK18 -> 147480 | N14: =[3]MAINTENANCE!$W18 -> 65250 | O14: =[3]MAINTENANCE!Z18 -> 0 | P14: =[3]MAINTENANCE!AE18 -> 0 | Q14: =[3]MAINTENANCE!AC18 -> 0 | X14: =[3]MAINTENANCE!AB18 -> 47000 | AB14: =-[3]MAINTENANCE!BA18 -> 0 | AC14: =[4]MAINTENANCE!$M19 -> 3754499.9 | AE14: =ROUNDDOWN(SUM(K14:AD14),0) -> 7563472 | AF14: =IF(J14="TER A",VLOOKUP(AE14,Ter_A,4,TRUE),IF(J14="TER B",VLOOKUP(AE14,Ter_B,4,TRUE),VLOOKUP(AE14,Ter_C,4,TRUE))) -> 0.015 | AG14: =ROUNDDOWN(IF(H14=0,AE14*AF14*120%,AE14*AF14),0) -> 113452 | AH14: =#REF! -> #REF! | AI14: =AG14-AH14 -> #REF! | AK14: =AJ14-AI14 -> #REF! | AN14: =[3]MAINTENANCE!$AF18 -> 3630916.6 | AO14: =L14+M14 -> 178056 | AP14: =AN14+AO14 -> 3808972.6 | AQ14: =AP14-AE14 -> -3754499.4
B15: 10 | C15: KARMILA | D15: 1902056009750001 | E15: 97.237.568.7-305.000 | F15: AIR BEGANTUNG RT. 009 RW. 003 DESA KACANG BUTOR KEC. BADAU | G15: PERAWATAN | H15: P | I15: TK/0 | J15: =IF(ISBLANK(I15),"",IF(OR(I15="TK/0",I15="TK/1",I15="K/0"),"TER A",IF(I15="K/3","TER C","TER B"))) -> TER A | K15: =29*121333.33 -> 3518666.6 | L15: =3640000*0.84% -> 30576 | M15: =[3]MAINTENANCE!AK19 -> 147620 | N15: =[3]MAINTENANCE!$W19 -> 60750 | O15: =[3]MAINTENANCE!Z19 -> 0 | P15: =[3]MAINTENANCE!AE19 -> 0 | Q15: =[3]MAINTENANCE!AC19 -> 0 | X15: =[3]MAINTENANCE!AB19 -> 50500 | AB15: =-[3]MAINTENANCE!BA19 -> -242666.66 | AC15: =[4]MAINTENANCE!$M20 -> 3757999.9 | AE15: =ROUNDDOWN(SUM(K15:AD15),0) -> 7323445 | AF15: =IF(J15="TER A",VLOOKUP(AE15,Ter_A,4,TRUE),IF(J15="TER B",VLOOKUP(AE15,Ter_B,4,TRUE),VLOOKUP(AE15,Ter_C,4,TRUE))) -> 0.0125 | AG15: =ROUNDDOWN(IF(H15=0,AE15*AF15*120%,AE15*AF15),0) -> 91543 | AH15: =#REF! -> #REF! | AI15: =AG15-AH15 -> #REF! | AK15: =AJ15-AI15 -> #REF! | AN15: =[3]MAINTENANCE!$AF19 -> 3387249.9 | AO15: =L15+M15 -> 178196 | AP15: =AN15+AO15 -> 3565445.9 | AQ15: =AP15-AE15 -> -3757999.1
B16: 11 | C16: SADIAH | D16: 1902054808730002 | E16: 97.237.536.4-305.000 | F16: JL MANGGAR KM 28 DSN BUKIT INDAH RT. 011 RW. 004 DESA KACANG BUTOR KEC. BADAU | G16: PERAWATAN | H16: P | I16: TK/0 | J16: =IF(ISBLANK(I16),"",IF(OR(I16="TK/0",I16="TK/1",I16="K/0"),"TER A",IF(I16="K/3","TER C","TER B"))) -> TER A | K16: =29*121333.33 -> 3518666.6 | L16: =3640000*0.84% -> 30576 | M16: =[3]MAINTENANCE!AK20 -> 147480 | N16: =[3]MAINTENANCE!$W20 -> 63000 | O16: =[3]MAINTENANCE!Z20 -> 0 | P16: =[3]MAINTENANCE!AE20 -> 0 | Q16: =[3]MAINTENANCE!AC20 -> 0 | X16: =[3]MAINTENANCE!AB20 -> 47000 | AB16: =-[3]MAINTENANCE!BA20 -> -121333.33 | AC16: =[4]MAINTENANCE!$M21 -> 3754499.9 | AE16: =ROUNDDOWN(SUM(K16:AD16),0) -> 7439889 | AF16: =IF(J16="TER A",VLOOKUP(AE16,Ter_A,4,TRUE),IF(J16="TER B",VLOOKUP(AE16,Ter_B,4,TRUE),VLOOKUP(AE16,Ter_C,4,TRUE))) -> 0.0125 | AG16: =ROUNDDOWN(IF(H16=0,AE16*AF16*120%,AE16*AF16),0) -> 92998 | AH16: =#REF! -> #REF! | AI16: =AG16-AH16 -> #REF! | AK16: =AJ16-AI16 -> #REF! | AN16: =[3]MAINTENANCE!$AF20 -> 3507333.2 | AO16: =L16+M16 -> 178056 | AP16: =AN16+AO16 -> 3685389.2 | AQ16: =AP16-AE16 -> -3754499.8
B17: 12 | C17: PERA SUSANTI | D17: 1902056301790001 | E17: 97.237.532.3-305.000 | F17: JL MANGGAR AIR BEGANTUNG RT. 010 RW. 003 DESA KACANG BUTOR KEC. BADAU | G17: PERAWATAN | H17: P | I17: TK/0 | J17: =IF(ISBLANK(I17),"",IF(OR(I17="TK/0",I17="TK/1",I17="K/0"),"TER A",IF(I17="K/3","TER C","TER B"))) -> TER A | K17: =29*121333.33 -> 3518666.6 | L17: =3640000*0.84% -> 30576 | M17: =[3]MAINTENANCE!AK21 -> 147340 | N17: =[3]MAINTENANCE!$W21 -> 47250 | O17: =[3]MAINTENANCE!Z21 -> 0 | P17: =[3]MAINTENANCE!AE21 -> 0 | Q17: =[3]MAINTENANCE!AC21 -> 0 | X17: =[3]MAINTENANCE!AB21 -> 43500 | AB17: =-[3]MAINTENANCE!BA21 -> -970666.64 | AC17: =[4]MAINTENANCE!$M22 -> 3750999.9 | AE17: =ROUNDDOWN(SUM(K17:AD17),0) -> 6567665 | AF17: =IF(J17="TER A",VLOOKUP(AE17,Ter_A,4,TRUE),IF(J17="TER B",VLOOKUP(AE17,Ter_B,4,TRUE),VLOOKUP(AE17,Ter_C,4,TRUE))) -> 0.01 | AG17: =ROUNDDOWN(IF(H17=0,AE17*AF17*120%,AE17*AF17),0) -> 65676 | AH17: =#REF! -> #REF! | AI17: =AG17-AH17 -> #REF! | AK17: =AJ17-AI17 -> #REF! | AN17: =[3]MAINTENANCE!$AF21 -> 2638749.9 | AO17: =L17+M17 -> 177916 | AP17: =AN17+AO17 -> 2816665.9 | AQ17: =AP17-AE17 -> -3750999.1
B18: 13 | C18: MARYOTO | D18: 1902050908740001 | E18: 97.237.599.2-305.000 | F18: JL MANGGAR RT. 012 RW. 004 DS KACANG BUTOR KEC. BADAU | G18: PERAWATAN | H18: L | I18: TK/0 | J18: =IF(ISBLANK(I18),"",IF(OR(I18="TK/0",I18="TK/1",I18="K/0"),"TER A",IF(I18="K/3","TER C","TER B"))) -> TER A | K18: =29*121333.33 -> 3518666.6 | L18: =3640000*0.84% -> 30576 | M18: =[3]MAINTENANCE!AK22 -> 147340 | N18: =[3]MAINTENANCE!$W22 -> 65250 | O18: =[3]MAINTENANCE!Z22 -> 0 | P18: =[3]MAINTENANCE!AE22 -> 0 | Q18: =[3]MAINTENANCE!AC22 -> 0 | X18: =[3]MAINTENANCE!AB22 -> 43500 | AB18: =-[3]MAINTENANCE!BA22 -> 0 | AC18: =[4]MAINTENANCE!$M23 -> 3750999.9 | AE18: =ROUNDDOWN(SUM(K18:AD18),0) -> 7556332 | AF18: =IF(J18="TER A",VLOOKUP(AE18,Ter_A,4,TRUE),IF(J18="TER B",VLOOKUP(AE18,Ter_B,4,TRUE),VLOOKUP(AE18,Ter_C,4,TRUE))) -> 0.015 | AG18: =ROUNDDOWN(IF(H18=0,AE18*AF18*120%,AE18*AF18),0) -> 113344 | AH18: =#REF! -> #REF! | AI18: =AG18-AH18 -> #REF! | AK18: =AJ18-AI18 -> #REF! | AN18: =[3]MAINTENANCE!$AF22 -> 3627416.6 | AO18: =L18+M18 -> 177916 | AP18: =AN18+AO18 -> 3805332.6 | AQ18: =AP18-AE18 -> -3750999.4
B19: 14 | C19: FENTI APRIANTI | D19: 1902014204930001 | E19: 97.237.578.6-305.000 | F19: AIR BEGANTUNG RT. 010 RW. 003 DESA KACANG BUTOR KEC. BADAU | G19: PERAWATAN | H19: P | I19: TK/0 | J19: =IF(ISBLANK(I19),"",IF(OR(I19="TK/0",I19="TK/1",I19="K/0"),"TER A",IF(I19="K/3","TER C","TER B"))) -> TER A | K19: =29*121333.33 -> 3518666.6 | L19: =3640000*0.84% -> 30576 | M19: =[3]MAINTENANCE!AK23 -> 146920 | N19: =[3]MAINTENANCE!$W23 -> 63000 | O19: =[3]MAINTENANCE!Z23 -> 0 | P19: =[3]MAINTENANCE!AE23 -> 0 | Q19: =[3]MAINTENANCE!AC23 -> 0 | X19: =[3]MAINTENANCE!AB23 -> 33000 | AB19: =-[3]MAINTENANCE!BA23 -> -121333.33 | AC19: =[4]MAINTENANCE!$M24 -> 3740499.9 | AE19: =ROUNDDOWN(SUM(K19:AD19),0) -> 7411329 | AF19: =IF(J19="TER A",VLOOKUP(AE19,Ter_A,4,TRUE),IF(J19="TER B",VLOOKUP(AE19,Ter_B,4,TRUE),VLOOKUP(AE19,Ter_C,4,TRUE))) -> 0.0125 | AG19: =ROUNDDOWN(IF(H19=0,AE19*AF19*120%,AE19*AF19),0) -> 92641 | AH19: =#REF! -> #REF! | AI19: =AG19-AH19 -> #REF! | AK19: =AJ19-AI19 -> #REF! | AN19: =[3]MAINTENANCE!$AF23 -> 3493333.2 | AO19: =L19+M19 -> 177496 | AP19: =AN19+AO19 -> 3670829.2 | AQ19: =AP19-AE19 -> -3740499.8
B20: 15 | C20: YUSPANDI | D20: 1902011410690002 | E20: 97.237.828.5-305.000 | F20: JL PILANG GG MELATI RT. 007 RW. 002 DESA DUKONG KEC. TANJUNGPANDAN | G20: PERAWATAN | H20: L | I20: K/3 | J20: =IF(ISBLANK(I20),"",IF(OR(I20="TK/0",I20="TK/1",I20="K/0"),"TER A",IF(I20="K/3","TER C","TER B"))) -> TER C | K20: =29*121333.33 -> 3518666.6 | L20: =3640000*0.84% -> 30576 | M20: =[3]MAINTENANCE!AK24 -> 147340 | N20: =[3]MAINTENANCE!$W24 -> 126000 | O20: =[3]MAINTENANCE!Z24 -> 0 | P20: =[3]MAINTENANCE!AE24 -> 0 | Q20: =[3]MAINTENANCE!AC24 -> 0 | X20: =[3]MAINTENANCE!AB24 -> 43500 | AB20: =-[3]MAINTENANCE!BA24 -> -121333.33 | AC20: =[4]MAINTENANCE!$M25 -> 3818499.9 | AE20: =ROUNDDOWN(SUM(K20:AD20),0) -> 7563249 | AF20: =IF(J20="TER A",VLOOKUP(AE20,Ter_A,4,TRUE),IF(J20="TER B",VLOOKUP(AE20,Ter_B,4,TRUE),VLOOKUP(AE20,Ter_C,4,TRUE))) -> 0.0075 | AG20: =ROUNDDOWN(IF(H20=0,AE20*AF20*120%,AE20*AF20),0) -> 56724 | AH20: =#REF! -> #REF! | AI20: =AG20-AH20 -> #REF! | AK20: =AJ20-AI20 -> #REF! | AN20: =[3]MAINTENANCE!$AF24 -> 3566833.2 | AO20: =L20+M20 -> 177916 | AP20: =AN20+AO20 -> 3744749.2 | AQ20: =AP20-AE20 -> -3818499.8
B21: 16 | C21: JEMU | D21: 1902051001810001 | E21: 72.110.458.6-305.000 | F21: DUSUN BUKIT INDAH RT. 011 RW. 004 DESA KACANG BUTOR KEC. BADAU | G21: PERAWATAN | H21: L | I21: K/1 | J21: =IF(ISBLANK(I21),"",IF(OR(I21="TK/0",I21="TK/1",I21="K/0"),"TER A",IF(I21="K/3","TER C","TER B"))) -> TER B | K21: =29*121333.33 -> 3518666.6 | L21: =3640000*0.84% -> 30576 | M21: =[3]MAINTENANCE!AK25 -> 146680 | N21: =[3]MAINTENANCE!$W25 -> 126000 | O21: =[3]MAINTENANCE!Z25 -> 0 | P21: =[3]MAINTENANCE!AE25 -> 357687.82 | Q21: =[3]MAINTENANCE!AC25 -> 335250 | X21: =[3]MAINTENANCE!AB25 -> 27000 | AB21: =-[3]MAINTENANCE!BA25 -> -121333.33 | AC21: =[4]MAINTENANCE!$M26 -> 3801999.9 | AE21: =ROUNDDOWN(SUM(K21:AD21),0) -> 8222526 | AF21: =IF(J21="TER A",VLOOKUP(AE21,Ter_A,4,TRUE),IF(J21="TER B",VLOOKUP(AE21,Ter_B,4,TRUE),VLOOKUP(AE21,Ter_C,4,TRUE))) -> 0.01 | AG21: =ROUNDDOWN(IF(H21=0,AE21*AF21*120%,AE21*AF21),0) -> 82225 | AH21: =#REF! -> #REF! | AI21: =AG21-AH21 -> #REF! | AK21: =AJ21-AI21 -> #REF! | AN21: =[3]MAINTENANCE!$AF25 -> 4243271.1 | AO21: =L21+M21 -> 177256 | AP21: =AN21+AO21 -> 4420527.1 | AQ21: =AP21-AE21 -> -3801998.9
... B27: 22 | C27: NOVIANTI | D27: 1902054101820001 | E27: 97.228.396.4-305.000 | F27: DSN AIR BATU BUDING RT.002 RW.001 DESA AIR BATU BUDING KEC. BADAU | G27: PERAWATAN | H27: P | I27: TK/0 | J27: =IF(ISBLANK(I27),"",IF(OR(I27="TK/0",I27="TK/1",I27="K/0"),"TER A",IF(I27="K/3","TER C","TER B"))) -> TER A | K27: =29*121333.33 -> 3518666.6 | L27: =3640000*0.84% -> 30576 | M27: =[3]MAINTENANCE!AK31 -> 147620 | N27: =[3]MAINTENANCE!$W31 -> 65250 | O27: =[3]MAINTENANCE!Z31 -> 0 | P27: =[3]MAINTENANCE!AE31 -> 0 | Q27: =[3]MAINTENANCE!AC31 -> 0 | X27: =[3]MAINTENANCE!AB31 -> 50500 | AB27: =-[3]MAINTENANCE!BA31 -> 0 | AC27: =[4]MAINTENANCE!$M32 -> 3757999.9 | AE27: =ROUNDDOWN(SUM(K27:AD27),0) -> 7570612 | AF27: =IF(J27="TER A",VLOOKUP(AE27,Ter_A,4,TRUE),IF(J27="TER B",VLOOKUP(AE27,Ter_B,4,TRUE),VLOOKUP(AE27,Ter_C,4,TRUE))) -> 0.015 | AG27: =ROUNDDOWN(IF(H27=0,AE27*AF27*120%,AE27*AF27),0) -> 113559 | AH27: =#REF! -> #REF! | AI27: =AG27-AH27 -> #REF! | AK27: =AJ27-AI27 -> #REF! | AN27: =[3]MAINTENANCE!$AF31 -> 3634416.6 | AO27: =L27+M27 -> 178196 | AP27: =AN27+AO27 -> 3812612.6 | AQ27: =AP27-AE27 -> -3757999.4
B28: 23 | C28: YULI TRIANTO | D28: 1902050304890002 | E28: 97.228.397.2-305.000 | F28: JL MANGGAR DSN BUKIT INDAH RT. 011 RW. 004 DESA KACANG BUTOR KEC. BADAU | G28: MANDOR PANEN | H28: L | I28: K/2 | J28: =IF(ISBLANK(I28),"",IF(OR(I28="TK/0",I28="TK/1",I28="K/0"),"TER A",IF(I28="K/3","TER C","TER B"))) -> TER B | K28: =29*123833.33 -> 3591166.6 | L28: =3715000*0.84% -> 31206 | M28: ='[3]HARVESTING KHT'!AQ10 -> 150340 | N28: ='[3]HARVESTING KHT'!U10 -> 145800 | O28: ='[3]HARVESTING KHT'!X10 -> 54000 | P28: ='[3]HARVESTING KHT'!AD10 -> 1481705.2 | Q28: ='[3]HARVESTING KHT'!AE10 -> 0 | R28: ='[3]HARVESTING KHT'!AA10 -> 0 | S28: ='[3]HARVESTING KHT'!AB10 -> 0 | T28: ='[3]HARVESTING KHT'!AC10 -> 0 | U28: ='[3]HARVESTING KHT'!AF10 -> 120000 | V28: ='[3]HARVESTING KHT'!AH10 -> 0 | W28: ='[3]HARVESTING KHT'!AK10 -> 0 | X28: ='[3]HARVESTING KHT'!Z10 -> 43500 | Y28: =-'[3]HARVESTING KHT'!AI10 -> 0 | AB28: =-'[3]HARVESTING KHT'!BI10 -> -247666.66 | AC28: ='[4]HARVESTING KHT'!$M11 -> 3920499.9 | AE28: =ROUNDDOWN(SUM(K28:AD28),0) -> 9290551 | AF28: =IF(J28="TER A",VLOOKUP(AE28,Ter_A,4,TRUE),IF(J28="TER B",VLOOKUP(AE28,Ter_B,4,TRUE),VLOOKUP(AE28,Ter_C,4,TRUE))) -> 0.015 | AG28: =ROUNDDOWN(IF(H28=0,AE28*AF28*120%,AE28*AF28),0) -> 139358 | AH28: =#REF! -> #REF! | AI28: =AG28-AH28 -> #REF! | AK28: =AJ28-AI28 -> #REF! | AN28: ='[3]HARVESTING KHT'!$AL10 -> 5188505.1 | AO28: =L28+M28 -> 181546 | AP28: =AN28+AO28 -> 5370051.1 | AQ28: =AP28-AE28 -> -3920499.9
B29: 24 | C29: SALASATUN | D29: 1902054509770001 | E29: 97.237.607.3-305.000 | F29: DSN BUKIT INDAH RT. 011 RW. 004 DESA KACANG BUTOR DESA BADAU | G29: KERANI PANEN | H29: P | I29: TK/0 | J29: =IF(ISBLANK(I29),"",IF(OR(I29="TK/0",I29="TK/1",I29="K/0"),"TER A",IF(I29="K/3","TER C","TER B"))) -> TER A | K29: =29*121333.33 -> 3518666.6 | L29: =3640000*0.84% -> 30576 | M29: ='[3]HARVESTING KHT'!AQ11 -> 147620 | N29: ='[3]HARVESTING KHT'!U11 -> 65250 | O29: ='[3]HARVESTING KHT'!X11 -> 40000 | P29: ='[3]HARVESTING KHT'!AD11 -> 1556994 | Q29: ='[3]HARVESTING KHT'!AE11 -> 0 | R29: ='[3]HARVESTING KHT'!AA11 -> 0 | S29: ='[3]HARVESTING KHT'!AB11 -> 0 | T29: ='[3]HARVESTING KHT'!AC11 -> 0 | U29: ='[3]HARVESTING KHT'!AF11 -> 0 | V29: ='[3]HARVESTING KHT'!AH11 -> 0 | W29: ='[3]HARVESTING KHT'!AK11 -> 0 | X29: ='[3]HARVESTING KHT'!Z11 -> 50500 | Y29: =-'[3]HARVESTING KHT'!AI11 -> 0 | AB29: =-'[3]HARVESTING KHT'!BI11 -> 0 | AC29: ='[4]HARVESTING KHT'!$M12 -> 3757999.9 | AE29: =ROUNDDOWN(SUM(K29:AD29),0) -> 9167606 | AF29: =IF(J29="TER A",VLOOKUP(AE29,Ter_A,4,TRUE),IF(J29="TER B",VLOOKUP(AE29,Ter_B,4,TRUE),VLOOKUP(AE29,Ter_C,4,TRUE))) -> 0.0175 | AG29: =ROUNDDOWN(IF(H29=0,AE29*AF29*120%,AE29*AF29),0) -> 160433 | AH29: =#REF! -> #REF! | AI29: =AG29-AH29 -> #REF! | AK29: =AJ29-AI29 -> #REF! | AN29: ='[3]HARVESTING KHT'!$AL11 -> 5231410.6 | AO29: =L29+M29 -> 178196 | AP29: =AN29+AO29 -> 5409606.6 | AQ29: =AP29-AE29 -> -3757999.4
B30: 25 | C30: MUHAMMAD SAID | D30: 5203041206820007 | E30: - | F30: DASAN PETUNG DESA KOTARAJA KEC. SIKUR LOMBOK TIMUR | G30: PANEN | H30: L | I30: K/1 | J30: =IF(ISBLANK(I30),"",IF(OR(I30="TK/0",I30="TK/1",I30="K/0"),"TER A",IF(I30="K/3","TER C","TER B"))) -> TER B | K30: =29*121333.33 -> 3518666.6 | L30: =3640000*0.84% -> 30576 | M30: ='[3]HARVESTING KHT'!AQ12 -> 146440 | N30: ='[3]HARVESTING KHT'!U12 -> 121500 | O30: ='[3]HARVESTING KHT'!X12 -> 0 | P30: ='[3]HARVESTING KHT'!AD12 -> 0 | Q30: ='[3]HARVESTING KHT'!AE12 -> 0 | R30: ='[3]HARVESTING KHT'!AA12 -> 0 | S30: ='[3]HARVESTING KHT'!AB12 -> 174300 | T30: ='[3]HARVESTING KHT'!AC12 -> 303050 | U30: ='[3]HARVESTING KHT'!AF12 -> 153825 | V30: ='[3]HARVESTING KHT'!AH12 -> 0 | W30: ='[3]HARVESTING KHT'!AK12 -> 0 | X30: ='[3]HARVESTING KHT'!Z12 -> 21000 | Y30: =-'[3]HARVESTING KHT'!AI12 -> -284870 | AB30: =-'[3]HARVESTING KHT'!BI12 -> -242666.66 | AC30: ='[4]HARVESTING KHT'!$M13 -> 3795999.9 | AE30: =ROUNDDOWN(SUM(K30:AD30),0) -> 7737820 | AF30: =IF(J30="TER A",VLOOKUP(AE30,Ter_A,4,TRUE),IF(J30="TER B",VLOOKUP(AE30,Ter_B,4,TRUE),VLOOKUP(AE30,Ter_C,4,TRUE))) -> 0.01 | AG30: =ROUNDDOWN(IF(H30=0,AE30*AF30*120%,AE30*AF30),0) -> 77378 | AH30: =#REF! -> #REF! | AI30: =AG30-AH30 -> #REF! | AK30: =AJ30-AI30 -> #REF! | AN30: ='[3]HARVESTING KHT'!$AL12 -> 3764804.9 | AO30: =L30+M30 -> 177016 | AP30: =AN30+AO30 -> 3941820.9 | AQ30: =AP30-AE30 -> -3795999.1
B31: 26 | C31: NANO | D31: 3313162910710002 | E31: - | F31: GONDANGREJO RT. 001 RW. 008 DESA KARANG REJO KEC. KERJO KARANGANYAR JAWA TENGAH | G31: PANEN | H31: L | I31: K/1 | J31: =IF(ISBLANK(I31),"",IF(OR(I31="TK/0",I31="TK/1",I31="K/0"),"TER A",IF(I31="K/3","TER C","TER B"))) -> TER B | K31: =29*121333.33 -> 3518666.6 | L31: =3640000*0.84% -> 30576 | M31: ='[3]HARVESTING KHT'!AQ13 -> 146440 | N31: ='[3]HARVESTING KHT'!U13 -> 130500 | O31: ='[3]HARVESTING KHT'!X13 -> 0 | P31: ='[3]HARVESTING KHT'!AD13 -> 0 | Q31: ='[3]HARVESTING KHT'!AE13 -> 0 | R31: ='[3]HARVESTING KHT'!AA13 -> 111471 | S31: ='[3]HARVESTING KHT'!AB13 -> 190050 | T31: ='[3]HARVESTING KHT'!AC13 -> 471900 | U31: ='[3]HARVESTING KHT'!AF13 -> 156030 | V31: ='[3]HARVESTING KHT'!AH13 -> 0 | W31: ='[3]HARVESTING KHT'!AK13 -> 0 | X31: ='[3]HARVESTING KHT'!Z13 -> 21000 | Y31: =-'[3]HARVESTING KHT'!AI13 -> -101551 | AB31: =-'[3]HARVESTING KHT'!BI13 -> 0 | AC31: ='[4]HARVESTING KHT'!$M14 -> 3795999.9 | AE31: =ROUNDDOWN(SUM(K31:AD31),0) -> 8471082 | AF31: =IF(J31="TER A",VLOOKUP(AE31,Ter_A,4,TRUE),IF(J31="TER B",VLOOKUP(AE31,Ter_B,4,TRUE),VLOOKUP(AE31,Ter_C,4,TRUE))) -> 0.01 | AG31: =ROUNDDOWN(IF(H31=0,AE31*AF31*120%,AE31*AF31),0) -> 84710 | AH31: =#REF! -> #REF! | AI31: =AG31-AH31 -> #REF! | AK31: =AJ31-AI31 -> #REF! | AN31: ='[3]HARVESTING KHT'!$AL13 -> 4498066.6 | AO31: =L31+M31 -> 177016 | AP31: =AN31+AO31 -> 4675082.6 | AQ31: =AP31-AE31 -> -3795999.4
B32: 27 | C32: SUHAELI | D32: 5203144107750742 | E32: - | F32: BEAK DAYA DESA WANASAB KEC. WANASABA KEC. LOMBOK TIMUR | G32: PANEN | H32: L | I32: K/2 | J32: =IF(ISBLANK(I32),"",IF(OR(I32="TK/0",I32="TK/1",I32="K/0"),"TER A",IF(I32="K/3","TER C","TER B"))) -> TER B | K32: =29*121333.33 -> 3518666.6 | L32: =3640000*0.84% -> 30576 | M32: ='[3]HARVESTING KHT'!AQ14 -> 146440 | N32: ='[3]HARVESTING KHT'!U14 -> 58500 | O32: ='[3]HARVESTING KHT'!X14 -> 0 | P32: ='[3]HARVESTING KHT'!AD14 -> 0 | Q32: ='[3]HARVESTING KHT'!AE14 -> 0 | R32: ='[3]HARVESTING KHT'!AA14 -> 0 | S32: ='[3]HARVESTING KHT'!AB14 -> 136500 | T32: ='[3]HARVESTING KHT'!AC14 -> 303050 | U32: ='[3]HARVESTING KHT'!AF14 -> 104055 | V32: ='[3]HARVESTING KHT'!AH14 -> 0 | W32: ='[3]HARVESTING KHT'!AK14 -> 0 | X32: ='[3]HARVESTING KHT'!Z14 -> 21000 | Y32: =-'[3]HARVESTING KHT'!AI14 -> -303333 | AB32: =-'[3]HARVESTING KHT'!BI14 -> -363999.99 | AC32: ='[4]HARVESTING KHT'!$M15 -> 3728499.9 | AE32: =ROUNDDOWN(SUM(K32:AD32),0) -> 7379954 | AF32: =IF(J32="TER A",VLOOKUP(AE32,Ter_A,4,TRUE),IF(J32="TER B",VLOOKUP(AE32,Ter_B,4,TRUE),VLOOKUP(AE32,Ter_C,4,TRUE))) -> 0.01 | AG32: =ROUNDDOWN(IF(H32=0,AE32*AF32*120%,AE32*AF32),0) -> 73799 | AH32: =#REF! -> #REF! | AI32: =AG32-AH32 -> #REF! | AK32: =AJ32-AI32 -> #REF! | AN32: ='[3]HARVESTING KHT'!$AL14 -> 3474438.6 | AO32: =L32+M32 -> 177016 | AP32: =AN32+AO32 -> 3651454.6 | AQ32: =AP32-AE32 -> -3728499.4
B33: 28 | C33: RUSTAM | D33: 5203183112790211 | E33: - | F33: BARE LUNGKAK DESA GERENENG KEC. SAKRA TIMUR KAB. LOMBOK TIMUR | G33: PANEN | H33: L | I33: K/1 | J33: =IF(ISBLANK(I33),"",IF(OR(I33="TK/0",I33="TK/1",I33="K/0"),"TER A",IF(I33="K/3","TER C","TER B"))) -> TER B | K33: =29*121333.33 -> 3518666.6 | L33: =3640000*0.84% -> 30576 | M33: ='[3]HARVESTING KHT'!AQ15 -> 146440 | N33: ='[3]HARVESTING KHT'!U15 -> 100800 | O33: ='[3]HARVESTING KHT'!X15 -> 0 | P33: ='[3]HARVESTING KHT'!AD15 -> 0 | Q33: ='[3]HARVESTING KHT'!AE15 -> 0 | R33: ='[3]HARVESTING KHT'!AA15 -> 0 | S33: ='[3]HARVESTING KHT'!AB15 -> 163800 | T33: ='[3]HARVESTING KHT'!AC15 -> 467500 | U33: ='[3]HARVESTING KHT'!AF15 -> 0 | V33: ='[3]HARVESTING KHT'!AH15 -> 0 | W33: ='[3]HARVESTING KHT'!AK15 -> 0 | X33: ='[3]HARVESTING KHT'!Z15 -> 21000 | Y33: =-'[3]HARVESTING KHT'!AI15 -> -97594 | AB33: =-'[3]HARVESTING KHT'!BI15 -> -121333.33 | AC33: ='[4]HARVESTING KHT'!$M16 -> 3768999.9 | AE33: =ROUNDDOWN(SUM(K33:AD33),0) -> 7998855 | AF33: =IF(J33="TER A",VLOOKUP(AE33,Ter_A,4,TRUE),IF(J33="TER B",VLOOKUP(AE33,Ter_B,4,TRUE),VLOOKUP(AE33,Ter_C,4,TRUE))) -> 0.01 | AG33: =ROUNDDOWN(IF(H33=0,AE33*AF33*120%,AE33*AF33),0) -> 79988 | AH33: =#REF! -> #REF! | AI33: =AG33-AH33 -> #REF! | AK33: =AJ33-AI33 -> #REF! | AN33: ='[3]HARVESTING KHT'!$AL15 -> 4052839.2 | AO33: =L33+M33 -> 177016 | AP33: =AN33+AO33 -> 4229855.2 | AQ33: =AP33-AE33 -> -3768999.8
B34: 29 | C34: SAPRIANTO | D34: 1902052605910003 | E34: - | F34: DSN PESARAKAN RT. 007 RW. 003 DESA CENDIL KEC. KELAPA KAMPIT | G34: PANEN | H34: L | I34: K/1 | J34: =IF(ISBLANK(I34),"",IF(OR(I34="TK/0",I34="TK/1",I34="K/0"),"TER A",IF(I34="K/3","TER C","TER B"))) -> TER B | K34: =29*121333.33 -> 3518666.6 | L34: =3640000*0.84% -> 30576 | M34: ='[3]HARVESTING KHT'!AQ16 -> 146200 | N34: ='[3]HARVESTING KHT'!U16 -> 126000 | O34: ='[3]HARVESTING KHT'!X16 -> 0 | P34: ='[3]HARVESTING KHT'!AD16 -> 0 | Q34: ='[3]HARVESTING KHT'!AE16 -> 0 | R34: ='[3]HARVESTING KHT'!AA16 -> 7635 | S34: ='[3]HARVESTING KHT'!AB16 -> 130200 | T34: ='[3]HARVESTING KHT'!AC16 -> 421850 | U34: ='[3]HARVESTING KHT'!AF16 -> 0 | V34: ='[3]HARVESTING KHT'!AH16 -> 0 | W34: ='[3]HARVESTING KHT'!AK16 -> 0 | X34: ='[3]HARVESTING KHT'!Z16 -> 15000 | Y34: =-'[3]HARVESTING KHT'!AI16 -> -304652 | AB34: =-'[3]HARVESTING KHT'!BI16 -> -121333.33 | AC34: ='[4]HARVESTING KHT'!$M17 -> 3789999.9 | AE34: =ROUNDDOWN(SUM(K34:AD34),0) -> 7760142 | AF34: =IF(J34="TER A",VLOOKUP(AE34,Ter_A,4,TRUE),IF(J34="TER B",VLOOKUP(AE34,Ter_B,4,TRUE),VLOOKUP(AE34,Ter_C,4,TRUE))) -> 0.01 | AG34: =ROUNDDOWN(IF(H34=0,AE34*AF34*120%,AE34*AF34),0) -> 77601 | AH34: =#REF! -> #REF! | AI34: =AG34-AH34 -> #REF! | AK34: =AJ34-AI34 -> #REF! | AN34: ='[3]HARVESTING KHT'!$AL16 -> 3793366.2 | AO34: =L34+M34 -> 176776 | AP34: =AN34+AO34 -> 3970142.2 | AQ34: =AP34-AE34 -> -3789999.8
B35: 30 | C35: NANDAR ASMARA | D35: 3202262009710002 | E35: - | F35: KP NYALINDUNG RT. 034 RW. 008 DESA CIRACAP KEC. CIRACAP KAB. SUKABUMI JAWA BARAT | G35: PANEN | H35: L | I35: K/0 | J35: =IF(ISBLANK(I35),"",IF(OR(I35="TK/0",I35="TK/1",I35="K/0"),"TER A",IF(I35="K/3","TER C","TER B"))) -> TER A | K35: =29*121333.33 -> 3518666.6 | L35: =3640000*0.84% -> 30576 | M35: ='[3]HARVESTING KHT'!AQ17 -> 145900 | N35: ='[3]HARVESTING KHT'!U17 -> 97200 | O35: ='[3]HARVESTING KHT'!X17 -> 0 | P35: ='[3]HARVESTING KHT'!AD17 -> 0 | Q35: ='[3]HARVESTING KHT'!AE17 -> 0 | R35: ='[3]HARVESTING KHT'!AA17 -> 0 | S35: ='[3]HARVESTING KHT'!AB17 -> 184800 | T35: ='[3]HARVESTING KHT'!AC17 -> 453200 | U35: ='[3]HARVESTING KHT'!AF17 -> 0 | V35: ='[3]HARVESTING KHT'!AH17 -> 0 | W35: ='[3]HARVESTING KHT'!AK17 -> 0 | X35: ='[3]HARVESTING KHT'!Z17 -> 7500 | Y35: =-'[3]HARVESTING KHT'!AI17 -> 0 | AB35: =-'[3]HARVESTING KHT'!BI17 -> -242666.66 | AC35: ='[4]HARVESTING KHT'!$M18 -> 3755499.9 | AE35: =ROUNDDOWN(SUM(K35:AD35),0) -> 7950675 | AF35: =IF(J35="TER A",VLOOKUP(AE35,Ter_A,4,TRUE),IF(J35="TER B",VLOOKUP(AE35,Ter_B,4,TRUE),VLOOKUP(AE35,Ter_C,4,TRUE))) -> 0.015 | AG35: =ROUNDDOWN(IF(H35=0,AE35*AF35*120%,AE35*AF35),0) -> 119260 | AH35: =#REF! -> #REF! | AI35: =AG35-AH35 -> #REF! | AK35: =AJ35-AI35 -> #REF! | AN35: ='[3]HARVESTING KHT'!$AL17 -> 4018699.9 | AO35: =L35+M35 -> 176476 | AP35: =AN35+AO35 -> 4195175.9 | AQ35: =AP35-AE35 -> -3755499.1
B36: 31 | C36: JUPRI | D36: 5203120107650934 | E36: - | F36: MONTOR DAKOK DESA PENGADANGAN KEC. PRINGGASELA KAB. LOMBOK TIMUR | G36: PANEN | H36: L | I36: K/2 | J36: =IF(ISBLANK(I36),"",IF(OR(I36="TK/0",I36="TK/1",I36="K/0"),"TER A",IF(I36="K/3","TER C","TER B"))) -> TER B | K36: =29*121333.33 -> 3518666.6 | L36: =3640000*0.84% -> 30576 | M36: ='[3]HARVESTING KHT'!AQ18 -> 145800 | N36: ='[3]HARVESTING KHT'!U18 -> 151200 | O36: ='[3]HARVESTING KHT'!X18 -> 0 | P36: ='[3]HARVESTING KHT'!AD18 -> 0 | Q36: ='[3]HARVESTING KHT'!AE18 -> 0 | R36: ='[3]HARVESTING KHT'!AA18 -> 297765 | S36: ='[3]HARVESTING KHT'!AB18 -> 149100 | T36: ='[3]HARVESTING KHT'!AC18 -> 314600 | U36: ='[3]HARVESTING KHT'!AF18 -> 138390 | V36: ='[3]HARVESTING KHT'!AH18 -> 0 | W36: ='[3]HARVESTING KHT'!AK18 -> 0 | X36: ='[3]HARVESTING KHT'!Z18 -> 5000 | Y36: =-'[3]HARVESTING KHT'!AI18 -> -320478 | AB36: =-'[3]HARVESTING KHT'!BI18 -> -121333.33 | AC36: ='[4]HARVESTING KHT'!$M19 -> 3806999.9 | AE36: =ROUNDDOWN(SUM(K36:AD36),0) -> 8116286 | AF36: =IF(J36="TER A",VLOOKUP(AE36,Ter_A,4,TRUE),IF(J36="TER B",VLOOKUP(AE36,Ter_B,4,TRUE),VLOOKUP(AE36,Ter_C,4,TRUE))) -> 0.01 | AG36: =ROUNDDOWN(IF(H36=0,AE36*AF36*120%,AE36*AF36),0) -> 81162 | AH36: =#REF! -> #REF! | AI36: =AG36-AH36 -> #REF! | AK36: =AJ36-AI36 -> #REF! | AN36: ='[3]HARVESTING KHT'!$AL18 -> 4132910.2 | AO36: =L36+M36 -> 176376 | AP36: =AN36+AO36 -> 4309286.2 | AQ36: =AP36-AE36 -> -3806999.8
B37: 32 | C37: HERNAWADI | D37: 5203100912940002 | E37: 04.970.518.9-305.000 | F37: KOKOK RAJAK RT.003/RW.000 DESA DADAP KEC. SAMBELIA KAB. LOMBOK TIMUR | G37: PANEN | H37: L | I37: K/1 | J37: =IF(ISBLANK(I37),"",IF(OR(I37="TK/0",I37="TK/1",I37="K/0"),"TER A",IF(I37="K/3","TER C","TER B"))) -> TER B | K37: =29*121333.33 -> 3518666.6 | L37: =3640000*0.84% -> 30576 | M37: ='[3]HARVESTING KHT'!AQ19 -> 145700 | N37: ='[3]HARVESTING KHT'!U19 -> 130500 | O37: ='[3]HARVESTING KHT'!X19 -> 0 | P37: ='[3]HARVESTING KHT'!AD19 -> 0 | Q37: ='[3]HARVESTING KHT'!AE19 -> 0 | R37: ='[3]HARVESTING KHT'!AA19 -> 317616 | S37: ='[3]HARVESTING KHT'!AB19 -> 220500 | T37: ='[3]HARVESTING KHT'!AC19 -> 471900 | U37: ='[3]HARVESTING KHT'!AF19 -> 0 | V37: ='[3]HARVESTING KHT'!AH19 -> 0 | W37: ='[3]HARVESTING KHT'!AK19 -> 0 | X37: ='[3]HARVESTING KHT'!Z19 -> 2500 | Y37: =-'[3]HARVESTING KHT'!AI19 -> 0 | AB37: =-'[3]HARVESTING KHT'!BI19 -> 0 | AC37: ='[4]HARVESTING KHT'!$M20 -> 3779999.9 | AE37: =ROUNDDOWN(SUM(K37:AD37),0) -> 8617958 | AF37: =IF(J37="TER A",VLOOKUP(AE37,Ter_A,4,TRUE),IF(J37="TER B",VLOOKUP(AE37,Ter_B,4,TRUE),VLOOKUP(AE37,Ter_C,4,TRUE))) -> 0.01 | AG37: =ROUNDDOWN(IF(H37=0,AE37*AF37*120%,AE37*AF37),0) -> 86179 | AH37: =#REF! -> #REF! | AI37: =AG37-AH37 -> #REF! | AK37: =AJ37-AI37 -> #REF! | AN37: ='[3]HARVESTING KHT'!$AL19 -> 4661682.6 | AO37: =L37+M37 -> 176276 | AP37: =AN37+AO37 -> 4837958.6 | AQ37: =AP37-AE37 -> -3779999.4
B38: 33 | C38: JAHARUDIN | D38: 5203173112780193 | E38: - | F38: GUNUNG TIMBA RT.006/ RW.003 DESA DENGGAN TIMUR KEC. SELONG KAB. LOMBOK TIMUR | G38: PANEN | H38: L | I38: K/1 | J38: =IF(ISBLANK(I38),"",IF(OR(I38="TK/0",I38="TK/1",I38="K/0"),"TER A",IF(I38="K/3","TER C","TER B"))) -> TER B | K38: =29*121333.33 -> 3518666.6 | L38: =3640000*0.84% -> 30576 | M38: ='[3]HARVESTING KHT'!AQ20 -> 145700 | N38: ='[3]HARVESTING KHT'!U20 -> 130500 | O38: ='[3]HARVESTING KHT'!X20 -> 0 | P38: ='[3]HARVESTING KHT'!AD20 -> 0 | Q38: ='[3]HARVESTING KHT'!AE20 -> 0 | R38: ='[3]HARVESTING KHT'!AA20 -> 108417 | S38: ='[3]HARVESTING KHT'!AB20 -> 129150 | T38: ='[3]HARVESTING KHT'!AC20 -> 470800 | U38: ='[3]HARVESTING KHT'!AF20 -> 0 | V38: ='[3]HARVESTING KHT'!AH20 -> 0 | W38: ='[3]HARVESTING KHT'!AK20 -> 0 | X38: ='[3]HARVESTING KHT'!Z20 -> 2500 | Y38: =-'[3]HARVESTING KHT'!AI20 -> 0 | AB38: =-'[3]HARVESTING KHT'!BI20 -> 0 | AC38: ='[4]HARVESTING KHT'!$M21 -> 3779999.9 | AE38: =ROUNDDOWN(SUM(K38:AD38),0) -> 8316309 | AF38: =IF(J38="TER A",VLOOKUP(AE38,Ter_A,4,TRUE),IF(J38="TER B",VLOOKUP(AE38,Ter_B,4,TRUE),VLOOKUP(AE38,Ter_C,4,TRUE))) -> 0.01 | AG38: =ROUNDDOWN(IF(H38=0,AE38*AF38*120%,AE38*AF38),0) -> 83163 | AH38: =#REF! -> #REF! | AI38: =AG38-AH38 -> #REF! | AK38: =AJ38-AI38 -> #REF! | AN38: ='[3]HARVESTING KHT'!$AL20 -> 4360033.6 | AO38: =L38+M38 -> 176276 | AP38: =AN38+AO38 -> 4536309.6 | AQ38: =AP38-AE38 -> -3779999.4
B39: 34 | C39: BAHARI | D39: 5203070107770764 | E39: - | F39: DASAN GEDANG DAYA DESA DENGGEN KEC. SELONG KAB. LOMBOK TIMUR | G39: PANEN | H39: L | I39: K/2 | J39: =IF(ISBLANK(I39),"",IF(OR(I39="TK/0",I39="TK/1",I39="K/0"),"TER A",IF(I39="K/3","TER C","TER B"))) -> TER B | K39: =29*121333.33 -> 3518666.6 | L39: =3640000*0.84% -> 30576 | M39: ='[3]HARVESTING KHT'!AQ21 -> 145700 | N39: ='[3]HARVESTING KHT'!U21 -> 130500 | O39: ='[3]HARVESTING KHT'!X21 -> 0 | P39: ='[3]HARVESTING KHT'!AD21 -> 0 | Q39: ='[3]HARVESTING KHT'!AE21 -> 0 | R39: ='[3]HARVESTING KHT'!AA21 -> 517653 | S39: ='[3]HARVESTING KHT'!AB21 -> 157500 | T39: ='[3]HARVESTING KHT'!AC21 -> 437800 | U39: ='[3]HARVESTING KHT'!AF21 -> 0 | V39: ='[3]HARVESTING KHT'!AH21 -> 150000 | W39: ='[3]HARVESTING KHT'!AK21 -> 0 | X39: ='[3]HARVESTING KHT'!Z21 -> 2500 | Y39: =-'[3]HARVESTING KHT'!AI21 -> 0 | AB39: =-'[3]HARVESTING KHT'!BI21 -> 0 | AC39: ='[4]HARVESTING KHT'!$M22 -> 3779999.9 | AE39: =ROUNDDOWN(SUM(K39:AD39),0) -> 8870895 | AF39: =IF(J39="TER A",VLOOKUP(AE39,Ter_A,4,TRUE),IF(J39="TER B",VLOOKUP(AE39,Ter_B,4,TRUE),VLOOKUP(AE39,Ter_C,4,TRUE))) -> 0.01 | AG39: =ROUNDDOWN(IF(H39=0,AE39*AF39*120%,AE39*AF39),0) -> 88708 | AH39: =#REF! -> #REF! | AI39: =AG39-AH39 -> #REF! | AK39: =AJ39-AI39 -> #REF! | AN39: ='[3]HARVESTING KHT'!$AL21 -> 4914619.6 | AO39: =L39+M39 -> 176276 | AP39: =AN39+AO39 -> 5090895.6 | AQ39: =AP39-AE39 -> -3779999.4
B40: 35 | C40: SAPARUDIN | D40: 5202090109840002 | E40: - | F40: PENGKORES RT.005/RW.- DESA KOPANG REMBIGA KEC. KOPANG KAB. LOMBOK TENGAH | G40: PANEN | H40: L | I40: TK/0 | J40: =IF(ISBLANK(I40),"",IF(OR(I40="TK/0",I40="TK/1",I40="K/0"),"TER A",IF(I40="K/3","TER C","TER B"))) -> TER A | K40: =29*121333.33 -> 3518666.6 | L40: =3640000*0.84% -> 30576 | M40: ='[3]HARVESTING KHT'!AQ22 -> 145700 | N40: ='[3]HARVESTING KHT'!U22 -> 60750 | O40: ='[3]HARVESTING KHT'!X22 -> 0 | P40: ='[3]HARVESTING KHT'!AD22 -> 0 | Q40: ='[3]HARVESTING KHT'!AE22 -> 0 | R40: ='[3]HARVESTING KHT'!AA22 -> 42756 | S40: ='[3]HARVESTING KHT'!AB22 -> 171150 | T40: ='[3]HARVESTING KHT'!AC22 -> 301950 | U40: ='[3]HARVESTING KHT'!AF22 -> 0 | V40: ='[3]HARVESTING KHT'!AH22 -> 0 | W40: ='[3]HARVESTING KHT'!AK22 -> 0 | X40: ='[3]HARVESTING KHT'!Z22 -> 2500 | Y40: =-'[3]HARVESTING KHT'!AI22 -> -105507 | AB40: =-'[3]HARVESTING KHT'!BI22 -> -242666.66 | AC40: ='[4]HARVESTING KHT'!$M23 -> 3709999.9 | AE40: =ROUNDDOWN(SUM(K40:AD40),0) -> 7635874 | AF40: =IF(J40="TER A",VLOOKUP(AE40,Ter_A,4,TRUE),IF(J40="TER B",VLOOKUP(AE40,Ter_B,4,TRUE),VLOOKUP(AE40,Ter_C,4,TRUE))) -> 0.015 | AG40: =ROUNDDOWN(IF(H40=0,AE40*AF40*120%,AE40*AF40),0) -> 114538 | AH40: =#REF! -> #REF! | AI40: =AG40-AH40 -> #REF! | AK40: =AJ40-AI40 -> #REF! | AN40: ='[3]HARVESTING KHT'!$AL22 -> 3749598.9 | AO40: =L40+M40 -> 176276 | AP40: =AN40+AO40 -> 3925874.9 | AQ40: =AP40-AE40 -> -3709999.1
... B62: 57 | C62: JUMADIL | D62: 5203010107780410 | E62: - | F62: DASAN BARU DESA SENYIUR KEC. KERUAK KAB. LOMBOK TIMUR | G62: PANEN | H62: L | I62: K/2 | J62: =IF(ISBLANK(I62),"",IF(OR(I62="TK/0",I62="TK/1",I62="K/0"),"TER A",IF(I62="K/3","TER C","TER B"))) -> TER B | K62: =29*121333.33 -> 3518666.6 | L62: =3640000*0.84% -> 30576 | M62: ='[3]HARVESTING KHT'!AQ44 -> 145900 | N62: ='[3]HARVESTING KHT'!U44 -> 156600 | O62: ='[3]HARVESTING KHT'!X44 -> 0 | P62: ='[3]HARVESTING KHT'!AD44 -> 0 | Q62: ='[3]HARVESTING KHT'!AE44 -> 0 | R62: ='[3]HARVESTING KHT'!AA44 -> 563463 | S62: ='[3]HARVESTING KHT'!AB44 -> 245700 | T62: ='[3]HARVESTING KHT'!AC44 -> 451000 | U62: ='[3]HARVESTING KHT'!AF44 -> 0 | V62: ='[3]HARVESTING KHT'!AH44 -> 150000 | W62: ='[3]HARVESTING KHT'!AK44 -> 0 | X62: ='[3]HARVESTING KHT'!Z44 -> 7500 | Y62: =-'[3]HARVESTING KHT'!AI44 -> -88362 | AB62: =-'[3]HARVESTING KHT'!BI44 -> 0 | AC62: ='[4]HARVESTING KHT'!$M45 -> 3809499.9 | AE62: =ROUNDDOWN(SUM(K62:AD62),0) -> 8990543 | AF62: =IF(J62="TER A",VLOOKUP(AE62,Ter_A,4,TRUE),IF(J62="TER B",VLOOKUP(AE62,Ter_B,4,TRUE),VLOOKUP(AE62,Ter_C,4,TRUE))) -> 0.01 | AG62: =ROUNDDOWN(IF(H62=0,AE62*AF62*120%,AE62*AF62),0) -> 89905 | AH62: =#REF! -> #REF! | AI62: =AG62-AH62 -> #REF! | AK62: =AJ62-AI62 -> #REF! | AN62: ='[3]HARVESTING KHT'!$AL44 -> 5004567.6 | AO62: =L62+M62 -> 176476 | AP62: =AN62+AO62 -> 5181043.6 | AQ62: =AP62-AE62 -> -3809499.4
B63: 58 | C63: FITRIADI | D63: 1902010208830005 | E63: - | F63: JL. SIJUK RT. 028 RW. 010 KELURAHAN PAAL SATU KEC. TANJUNGPANDAN | G63: OPERATOR | H63: L | I63: K/1 | J63: =IF(ISBLANK(I63),"",IF(OR(I63="TK/0",I63="TK/1",I63="K/0"),"TER A",IF(I63="K/3","TER C","TER B"))) -> TER B | K63: =29*121333.33 -> 3518666.6 | L63: =3640000*0.84% -> 30576 | M63: =[3]TRANSPORT!AH11 -> 146920 | N63: =[3]TRANSPORT!S11 -> 117000 | O63: =[3]TRANSPORT!V11 -> 45000 | P63: =[3]TRANSPORT!Z11 -> 736416.1 | Q63: =[3]TRANSPORT!Y11 -> 804150 | X63: =[3]TRANSPORT!X11 -> 33000 | AB63: =-[3]TRANSPORT!AX11 -> -363999.99 | AC63: =[4]TRANSPORT!$N12 -> 3807999.9 | AE63: =ROUNDDOWN(SUM(K63:AD63),0) -> 8875728 | AF63: =IF(J63="TER A",VLOOKUP(AE63,Ter_A,4,TRUE),IF(J63="TER B",VLOOKUP(AE63,Ter_B,4,TRUE),VLOOKUP(AE63,Ter_C,4,TRUE))) -> 0.01 | AG63: =ROUNDDOWN(IF(H63=0,AE63*AF63*120%,AE63*AF63),0) -> 88757 | AH63: =#REF! -> #REF! | AI63: =AG63-AH63 -> #REF! | AK63: =AJ63-AI63 -> #REF! | AN63: =[3]TRANSPORT!$AC11 -> 4890232.7 | AO63: =L63+M63 -> 177496 | AP63: =AN63+AO63 -> 5067728.7 | AQ63: =AP63-AE63 -> -3807999.3
B64: 59 | C64: HENDRIYADI | D64: 1902051710890001 | E64: 97.237.617.2-305.000 | F64: PARIT GUNUNG RT. 005 RW. 003 DESA AIR BATU BUDING KEC. BADAU | G64: HELPER | H64: L | I64: K/1 | J64: =IF(ISBLANK(I64),"",IF(OR(I64="TK/0",I64="TK/1",I64="K/0"),"TER A",IF(I64="K/3","TER C","TER B"))) -> TER B | K64: =29*121333.33 -> 3518666.6 | L64: =3640000*0.84% -> 30576 | M64: =[3]TRANSPORT!AH12 -> 147340 | N64: =[3]TRANSPORT!S12 -> 151200 | O64: =[3]TRANSPORT!V12 -> 38000 | P64: =[3]TRANSPORT!Z12 -> 873179.09 | Q64: =[3]TRANSPORT!Y12 -> 963160 | X64: =[3]TRANSPORT!X12 -> 43500 | AB64: =-[3]TRANSPORT!AX12 -> -121333.33 | AC64: =[4]TRANSPORT!$N13 -> 3848999.9 | AE64: =ROUNDDOWN(SUM(K64:AD64),0) -> 9493288 | AF64: =IF(J64="TER A",VLOOKUP(AE64,Ter_A,4,TRUE),IF(J64="TER B",VLOOKUP(AE64,Ter_B,4,TRUE),VLOOKUP(AE64,Ter_C,4,TRUE))) -> 0.015 | AG64: =ROUNDDOWN(IF(H64=0,AE64*AF64*120%,AE64*AF64),0) -> 142399 | AH64: =#REF! -> #REF! | AI64: =AG64-AH64 -> #REF! | AK64: =AJ64-AI64 -> #REF! | AN64: =[3]TRANSPORT!$AC12 -> 5466372.3 | AO64: =L64+M64 -> 177916 | AP64: =AN64+AO64 -> 5644288.3 | AQ64: =AP64-AE64 -> -3848999.7
B65: 60 | C65: HADI | D65: 1902051206780003 | E65: 97.228.562.1-305.000 | F65: JL MANGGAR RT. 010 RW. 003 DESA KACANG BUTOR KEC. BADAU | G65: OPERATOR | H65: L | I65: K/1 | J65: =IF(ISBLANK(I65),"",IF(OR(I65="TK/0",I65="TK/1",I65="K/0"),"TER A",IF(I65="K/3","TER C","TER B"))) -> TER B | K65: =29*121333.33 -> 3518666.6 | L65: =3640000*0.84% -> 30576 | M65: =[3]TRANSPORT!AH13 -> 148040 | N65: =[3]TRANSPORT!S13 -> 112500 | O65: =[3]TRANSPORT!V13 -> 54000 | P65: =[3]TRANSPORT!Z13 -> 746936.33 | Q65: =[3]TRANSPORT!Y13 -> 736250 | X65: =[3]TRANSPORT!X13 -> 61000 | AB65: =-[3]TRANSPORT!AX13 -> -485333.32 | AC65: =[4]TRANSPORT!$N14 -> 3835999.9 | AE65: =ROUNDDOWN(SUM(K65:AD65),0) -> 8758635 | AF65: =IF(J65="TER A",VLOOKUP(AE65,Ter_A,4,TRUE),IF(J65="TER B",VLOOKUP(AE65,Ter_B,4,TRUE),VLOOKUP(AE65,Ter_C,4,TRUE))) -> 0.01 | AG65: =ROUNDDOWN(IF(H65=0,AE65*AF65*120%,AE65*AF65),0) -> 87586 | AH65: =#REF! -> #REF! | AI65: =AG65-AH65 -> #REF! | AK65: =AJ65-AI65 -> #REF! | AN65: =[3]TRANSPORT!$AC13 -> 4744019.6 | AO65: =L65+M65 -> 178616 | AP65: =AN65+AO65 -> 4922635.6 | AQ65: =AP65-AE65 -> -3835999.4
B66: 61 | C66: RUSDI | D66: 1902040111850001 | E66: 75.803.617.2-305.000 | F66: DSN PELEPAK PUTIH RT. 021 RW. 011 DESA SIJUK KEC. SIJUK | G66: HELPER | H66: L | I66: K/2 | J66: =IF(ISBLANK(I66),"",IF(OR(I66="TK/0",I66="TK/1",I66="K/0"),"TER A",IF(I66="K/3","TER C","TER B"))) -> TER B | K66: =29*121333.33 -> 3518666.6 | L66: =3640000*0.84% -> 30576 | M66: =[3]TRANSPORT!AH14 -> 146680 | N66: =[3]TRANSPORT!S14 -> 151200 | O66: =[3]TRANSPORT!V14 -> 40000 | P66: =[3]TRANSPORT!Z14 -> 854835 | Q66: =[3]TRANSPORT!Y14 -> 852138.63 | X66: =[3]TRANSPORT!X14 -> 27000 | AB66: =-[3]TRANSPORT!AX14 -> -121333.33 | AC66: =[4]TRANSPORT!$N15 -> 3828999.9 | AE66: =ROUNDDOWN(SUM(K66:AD66),0) -> 9328762 | AF66: =IF(J66="TER A",VLOOKUP(AE66,Ter_A,4,TRUE),IF(J66="TER B",VLOOKUP(AE66,Ter_B,4,TRUE),VLOOKUP(AE66,Ter_C,4,TRUE))) -> 0.015 | AG66: =ROUNDDOWN(IF(H66=0,AE66*AF66*120%,AE66*AF66),0) -> 139931 | AH66: =#REF! -> #REF! | AI66: =AG66-AH66 -> #REF! | AK66: =AJ66-AI66 -> #REF! | AN66: =[3]TRANSPORT!$AC14 -> 5322506.9 | AO66: =L66+M66 -> 177256 | AP66: =AN66+AO66 -> 5499762.9 | AQ66: =AP66-AE66 -> -3828999.1
B67: 62 | J67: =IF(ISBLANK(I67),"",IF(OR(I67="TK/0",I67="TK/1",I67="K/0"),"TER A",IF(I67="K/3","TER C","TER B"))) | AE67: =ROUNDDOWN(SUM(K67:AD67),0) -> 0 | AF67: =IF(J67="TER A",VLOOKUP(AE67,Ter_A,4,TRUE),IF(J67="TER B",VLOOKUP(AE67,Ter_B,4,TRUE),VLOOKUP(AE67,Ter_C,4,TRUE))) -> 0 | AG67: =ROUNDDOWN(IF(H67=0,AE67*AF67*120%,AE67*AF67),0) -> 0 | AI67: =ROUND(IF(E67=0,AE67*AF67*120%,AE67*AF67),0) -> 0 | AK67: =AJ67-AI67 -> 0 | AP67: =AN67+AO67 -> 0 | AQ67: =AP67-AE67 -> 0
B68: 63 | J68: =IF(ISBLANK(I68),"",IF(OR(I68="TK/0",I68="TK/1",I68="K/0"),"TER A",IF(I68="K/3","TER C","TER B"))) | AE68: =ROUNDDOWN(SUM(K68:AD68),0) -> 0 | AF68: =IF(J68="TER A",VLOOKUP(AE68,Ter_A,4,TRUE),IF(J68="TER B",VLOOKUP(AE68,Ter_B,4,TRUE),VLOOKUP(AE68,Ter_C,4,TRUE))) -> 0 | AG68: =ROUNDDOWN(IF(H68=0,AE68*AF68*120%,AE68*AF68),0) -> 0 | AI68: =ROUND(IF(E68=0,AE68*AF68*120%,AE68*AF68),0) -> 0 | AK68: =AJ68-AI68 -> 0 | AP68: =AN68+AO68 -> 0 | AQ68: =AP68-AE68 -> 0
B69: 64 | J69: =IF(ISBLANK(I69),"",IF(OR(I69="TK/0",I69="TK/1",I69="K/0"),"TER A",IF(I69="K/3","TER C","TER B"))) | AE69: =ROUNDDOWN(SUM(K69:AD69),0) -> 0 | AF69: =IF(J69="TER A",VLOOKUP(AE69,Ter_A,4,TRUE),IF(J69="TER B",VLOOKUP(AE69,Ter_B,4,TRUE),VLOOKUP(AE69,Ter_C,4,TRUE))) -> 0 | AG69: =ROUNDDOWN(IF(H69=0,AE69*AF69*120%,AE69*AF69),0) -> 0 | AI69: =ROUND(IF(E69=0,AE69*AF69*120%,AE69*AF69),0) -> 0 | AK69: =AJ69-AI69 -> 0 | AP69: =AN69+AO69 -> 0 | AQ69: =AP69-AE69 -> 0
B70: 65 | J70: =IF(ISBLANK(I70),"",IF(OR(I70="TK/0",I70="TK/1",I70="K/0"),"TER A",IF(I70="K/3","TER C","TER B"))) | AE70: =ROUNDDOWN(SUM(K70:AD70),0) -> 0 | AF70: =IF(J70="TER A",VLOOKUP(AE70,Ter_A,4,TRUE),IF(J70="TER B",VLOOKUP(AE70,Ter_B,4,TRUE),VLOOKUP(AE70,Ter_C,4,TRUE))) -> 0 | AG70: =ROUNDDOWN(IF(H70=0,AE70*AF70*120%,AE70*AF70),0) -> 0 | AI70: =ROUND(IF(E70=0,AE70*AF70*120%,AE70*AF70),0) -> 0 | AK70: =AJ70-AI70 -> 0 | AP70: =AN70+AO70 -> 0 | AQ70: =AP70-AE70 -> 0
B71: 66 | J71: =IF(ISBLANK(I71),"",IF(OR(I71="TK/0",I71="TK/1",I71="K/0"),"TER A",IF(I71="K/3","TER C","TER B"))) | AE71: =ROUNDDOWN(SUM(K71:AD71),0) -> 0 | AF71: =IF(J71="TER A",VLOOKUP(AE71,Ter_A,4,TRUE),IF(J71="TER B",VLOOKUP(AE71,Ter_B,4,TRUE),VLOOKUP(AE71,Ter_C,4,TRUE))) -> 0 | AG71: =ROUNDDOWN(IF(H71=0,AE71*AF71*120%,AE71*AF71),0) -> 0 | AI71: =ROUND(IF(E71=0,AE71*AF71*120%,AE71*AF71),0) -> 0 | AK71: =AJ71-AI71 -> 0 | AP71: =AN71+AO71 -> 0 | AQ71: =AP71-AE71 -> 0
B72: 67 | J72: =IF(ISBLANK(I72),"",IF(OR(I72="TK/0",I72="TK/1",I72="K/0"),"TER A",IF(I72="K/3","TER C","TER B"))) | AE72: =ROUNDDOWN(SUM(K72:AD72),0) -> 0 | AF72: =IF(J72="TER A",VLOOKUP(AE72,Ter_A,4,TRUE),IF(J72="TER B",VLOOKUP(AE72,Ter_B,4,TRUE),VLOOKUP(AE72,Ter_C,4,TRUE))) -> 0 | AG72: =ROUNDDOWN(IF(H72=0,AE72*AF72*120%,AE72*AF72),0) -> 0 | AI72: =ROUND(IF(E72=0,AE72*AF72*120%,AE72*AF72),0) -> 0 | AK72: =AJ72-AI72 -> 0 | AP72: =AN72+AO72 -> 0 | AQ72: =AP72-AE72 -> 0
B73: 68 | J73: =IF(ISBLANK(I73),"",IF(OR(I73="TK/0",I73="TK/1",I73="K/0"),"TER A",IF(I73="K/3","TER C","TER B"))) | AE73: =ROUNDDOWN(SUM(K73:AD73),0) -> 0 | AF73: =IF(J73="TER A",VLOOKUP(AE73,Ter_A,4,TRUE),IF(J73="TER B",VLOOKUP(AE73,Ter_B,4,TRUE),VLOOKUP(AE73,Ter_C,4,TRUE))) -> 0 | AG73: =ROUNDDOWN(IF(H73=0,AE73*AF73*120%,AE73*AF73),0) -> 0 | AI73: =ROUND(IF(E73=0,AE73*AF73*120%,AE73*AF73),0) -> 0 | AK73: =AJ73-AI73 -> 0 | AP73: =AN73+AO73 -> 0 | AQ73: =AP73-AE73 -> 0
B74: 69 | J74: =IF(ISBLANK(I74),"",IF(OR(I74="TK/0",I74="TK/1",I74="K/0"),"TER A",IF(I74="K/3","TER C","TER B"))) | AE74: =ROUNDDOWN(SUM(K74:AD74),0) -> 0 | AF74: =IF(J74="TER A",VLOOKUP(AE74,Ter_A,4,TRUE),IF(J74="TER B",VLOOKUP(AE74,Ter_B,4,TRUE),VLOOKUP(AE74,Ter_C,4,TRUE))) -> 0 | AG74: =ROUNDDOWN(IF(H74=0,AE74*AF74*120%,AE74*AF74),0) -> 0 | AI74: =ROUND(IF(E74=0,AE74*AF74*120%,AE74*AF74),0) -> 0 | AK74: =AJ74-AI74 -> 0 | AP74: =AN74+AO74 -> 0 | AQ74: =AP74-AE74 -> 0
B75: 70 | J75: =IF(ISBLANK(I75),"",IF(OR(I75="TK/0",I75="TK/1",I75="K/0"),"TER A",IF(I75="K/3","TER C","TER B"))) | AE75: =ROUNDDOWN(SUM(K75:AD75),0) -> 0 | AF75: =IF(J75="TER A",VLOOKUP(AE75,Ter_A,4,TRUE),IF(J75="TER B",VLOOKUP(AE75,Ter_B,4,TRUE),VLOOKUP(AE75,Ter_C,4,TRUE))) -> 0 | AG75: =ROUNDDOWN(IF(H75=0,AE75*AF75*120%,AE75*AF75),0) -> 0 | AI75: =ROUND(IF(E75=0,AE75*AF75*120%,AE75*AF75),0) -> 0 | AK75: =AJ75-AI75 -> 0 | AP75: =AN75+AO75 -> 0 | AQ75: =AP75-AE75 -> 0
B76: 71 | J76: =IF(ISBLANK(I76),"",IF(OR(I76="TK/0",I76="TK/1",I76="K/0"),"TER A",IF(I76="K/3","TER C","TER B"))) | AE76: =ROUNDDOWN(SUM(K76:AD76),0) -> 0 | AF76: =IF(J76="TER A",VLOOKUP(AE76,Ter_A,4,TRUE),IF(J76="TER B",VLOOKUP(AE76,Ter_B,4,TRUE),VLOOKUP(AE76,Ter_C,4,TRUE))) -> 0 | AG76: =ROUNDDOWN(IF(H76=0,AE76*AF76*120%,AE76*AF76),0) -> 0 | AI76: =ROUND(IF(E76=0,AE76*AF76*120%,AE76*AF76),0) -> 0 | AK76: =AJ76-AI76 -> 0 | AP76: =AN76+AO76 -> 0 | AQ76: =AP76-AE76 -> 0
B77: 72 | J77: =IF(ISBLANK(I77),"",IF(OR(I77="TK/0",I77="TK/1",I77="K/0"),"TER A",IF(I77="K/3","TER C","TER B"))) | AE77: =ROUNDDOWN(SUM(K77:AD77),0) -> 0 | AF77: =IF(J77="TER A",VLOOKUP(AE77,Ter_A,4,TRUE),IF(J77="TER B",VLOOKUP(AE77,Ter_B,4,TRUE),VLOOKUP(AE77,Ter_C,4,TRUE))) -> 0 | AG77: =ROUNDDOWN(IF(H77=0,AE77*AF77*120%,AE77*AF77),0) -> 0 | AI77: =ROUND(IF(E77=0,AE77*AF77*120%,AE77*AF77),0) -> 0 | AK77: =AJ77-AI77 -> 0 | AP77: =AN77+AO77 -> 0 | AQ77: =AP77-AE77 -> 0
B78: 73 | J78: =IF(ISBLANK(I78),"",IF(OR(I78="TK/0",I78="TK/1",I78="K/0"),"TER A",IF(I78="K/3","TER C","TER B"))) | AE78: =ROUNDDOWN(SUM(K78:AD78),0) -> 0 | AF78: =IF(J78="TER A",VLOOKUP(AE78,Ter_A,4,TRUE),IF(J78="TER B",VLOOKUP(AE78,Ter_B,4,TRUE),VLOOKUP(AE78,Ter_C,4,TRUE))) -> 0 | AG78: =ROUNDDOWN(IF(H78=0,AE78*AF78*120%,AE78*AF78),0) -> 0 | AI78: =ROUND(IF(E78=0,AE78*AF78*120%,AE78*AF78),0) -> 0 | AK78: =AJ78-AI78 -> 0 | AP78: =AN78+AO78 -> 0 | AQ78: =AP78-AE78 -> 0
... B89: 84 | J89: =IF(ISBLANK(I89),"",IF(OR(I89="TK/0",I89="TK/1",I89="K/0"),"TER A",IF(I89="K/3","TER C","TER B"))) | AE89: =ROUNDDOWN(SUM(K89:AD89),0) -> 0 | AF89: =IF(J89="TER A",VLOOKUP(AE89,Ter_A,4,TRUE),IF(J89="TER B",VLOOKUP(AE89,Ter_B,4,TRUE),VLOOKUP(AE89,Ter_C,4,TRUE))) -> 0 | AG89: =ROUNDDOWN(IF(H89=0,AE89*AF89*120%,AE89*AF89),0) -> 0 | AI89: =ROUND(IF(E89=0,AE89*AF89*120%,AE89*AF89),0) -> 0 | AK89: =AJ89-AI89 -> 0 | AP89: =AN89+AO89 -> 0 | AQ89: =AP89-AE89 -> 0
AG90: =ROUNDDOWN(IF(H90=0,AE90*AF90*120%,AE90*AF90),0) -> 0 | AP90: =AN90+AO90 -> 0 | AQ90: =AP90-AE90 -> 0
K91: =SUM(K6:K90) -> 2.1474016e+08 | L91: =SUM(L6:L90) -> 1866018 | M91: =SUM(M6:M90) -> 8942780 | N91: =SUM(N6:N90) -> 6506100 | O91: =SUM(O6:O90) -> 377000 | P91: =SUM(P6:P90) -> 8576163 | Q91: =SUM(Q6:Q90) -> 3827328.6 | R91: =SUM(R6:R90) -> 4825320 | ... AJ91: =SUM(AJ6:AJ90) -> 0 | AK91: =AJ91-AI91 -> #REF! | AN91: =SUM(AN6:AN90) -> 2.5168473e+08 | AO91: =SUM(AO6:AO90) -> 10808798 | AP91: =SUM(AP6:AP90) -> 2.6249352e+08 | AQ91: =SUM(AQ6:AQ90) -> -2.2266676e+08
AJ92: =+'[5]PPH21-STAFF'!$T$215 -> 4628793.9
B93: Catatan :
B94: 1. yang berwarna adalah rumus
B95: 2. dalam hal terdapat tunjangan PPh, maka ceklis "enable iterative calculation" pada menu (option => formula => pada bagian kanan atas)
B96: 3. kolom pengurang JHT/JP tetap wajib diisi, sebagai pengurang pada masa pajak desember
B97: 4. komponen penghasilan bruto dapat disesuaikan/ditambahkan kolom, sesuai dengan kebutuhan masing2 perusahaan
B98: 5. perubahan status PTKP ditentukan keadaan awal tahun, misal nikah/punya anak ditanggal 2 januari 2024, maka berubah status PTKP nya tahun 2025
B99: 6. PPh 21 terutang tersebut sudah memperhitungkan bagi yang tidak memiliki NPWP dengan jumlah PPh Terutang 20% lebih besar.
B100: 7. untuk yang tidak mempunyai NPWP dapat diisi dengan angka Nol
B101: 8. untuk perhitungan pph 21 (THR, Bonus, Tantiem) rumus penghasilan brutonya dapat disesuaikan dengan masa pajak THR tersebut diberikan
B102: 9. khusus untuk perhitungan pph 21 masa pajak desember, dapat di cek kembali rumus total per komponen penghasilan brutonya (jika ada penambahan/pengurangan kolom)
B103: 10. untuk jan s.d nop dapat diduplicate sheetnya
K106: Dibuat Oleh, | AB106: Diketahui Oleh,
K109: Wiwis | AB109: Gohi Maruli L Toruan,SP
K110: Kerani | AB110: Estate Manager PG1/2B

Sheet MARET'24 
B1: PT. REBINMAS JAYA
B2: INCOME TAX ARTICLE 21 FOR MAR 2024
B3: PGE 1A (AIR KUNDO)
C4: yang berwarna ini rumus | N4: T.Beras | O4: T.Jabatan | P4: Lembur
B5: NO. | C5: NAMA KARYAWAN | D5: N I K / PASPOR | E5: N P W P | F5: A L A M A T | G5: JABATAN | H5: L/P | I5: PTKP | J5: TER | K5: Gaji Pokok | L5: Astek Ins (0,84%) | M5: BPJS KESEHATAN (4%) | N5: Rice Allow | O5: Structural Allow | P5: Service Time Allow | Q5: Premi Transport | R5: Premi Harvesting | S5: Premi Brondol | T5: Premi Pruning | U5: Premi Kontanan | V5: Incentive Panen | W5: Pengembalian Uang Tiket | X5: Masa Kerja | Y5: Potongan Premi (Koreksi) | Z5: Lembur Bayar HK Penjagaan HGU | AA5: Bensin Patroli | AB5: POT. ALPA & POT. CTH ( CUTI TANPA HK ) | AC5: THR | AD5: Bonus | AE5: Penghasilan Bruto | AF5: Tarif TER | AG5: PPh 21 GAJI MARET+THR | AH5: PPh21 THR | AI5: PPh 21 MARET | AJ5: PPh 21 Pot Jan'24 | AK5: Selisih | AL5: Ket | AM5: LEBIH POTONG PAJAK THR | AO5: g.kotor daftar upah | AP5: astek+bpjs | AQ5: bruto
B6: 1 | C6: MARTONO | D6: 1902050504860001 | E6: 97.237.826.9-305.000 | F6: JL MANGGAR KM 28 DSN BUKIT INDAH RT. 011 RW. 004 DESA KACANG BUTOR BADAU | G6: MANDOR PERAWATAN | H6: L | I6: K/2 | J6: =IF(ISBLANK(I6),"",IF(OR(I6="TK/0",I6="TK/1",I6="K/0"),"TER A",IF(I6="K/3","TER C","TER B"))) -> TER B | K6: =31*122333.33 -> 3792333.2 | L6: =3670000*0.84% -> 30828 | M6: =[6]MAINTENANCE!$AK10 -> 148680 | N6: =[6]MAINTENANCE!$W10 -> 162000 | O6: =[6]MAINTENANCE!$Z10 -> 69000 | P6: =[6]MAINTENANCE!$AE10 -> 127283.24 | Q6: =[6]MAINTENANCE!$AC10 -> 0 | X6: =[6]MAINTENANCE!$AB10 -> 47000 | AB6: =-[6]MAINTENANCE!$BA10 -> -122333.33 | AC6: =[4]MAINTENANCE!$M11 -> 3878999.9 | AE6: =ROUNDDOWN(SUM(K6:AD6),0) -> 8133791 | AF6: =IF(J6="TER A",VLOOKUP(AE6,Ter_A,4,TRUE),IF(J6="TER B",VLOOKUP(AE6,Ter_B,4,TRUE),VLOOKUP(AE6,Ter_C,4,TRUE))) -> 0.01 | AG6: =ROUNDDOWN(IF(H6=0,AE6*AF6*120%,AE6*AF6),0) -> 81337 | AH6: ='THR''24'!AI6 -> #REF! | AI6: =AG6-AH6 -> #REF! | AK6: =AJ6-AI6 -> #REF! | AO6: =[6]MAINTENANCE!$AF10 -> 4075283.1 | AP6: =L6+M6 -> 179508 | AQ6: =AO6+AP6 -> 4254791.1 | AR6: =AQ6-AE6 -> -3878999.9
B7: 2 | C7: YUNIARTI | D7: 1902016806780001 | E7: 75.585.294.4-305.000 | F7: BULUH TUMBANG RT 019 RW 005 DESA BULUH TUMNAH KEC. TANJUNG PANDAN | G7: PERAWATAN | H7: P | I7: TK/0 | J7: =IF(ISBLANK(I7),"",IF(OR(I7="TK/0",I7="TK/1",I7="K/0"),"TER A",IF(I7="K/3","TER C","TER B"))) -> TER A | K7: =31*121333.33 -> 3761333.2 | L7: =3640000*0.84% -> 30576 | M7: =[6]MAINTENANCE!$AK11 -> 146680 | N7: =[6]MAINTENANCE!$W11 -> 69750 | O7: =[6]MAINTENANCE!$Z11 -> 0 | P7: =[6]MAINTENANCE!$AE11 -> 0 | Q7: =[6]MAINTENANCE!$AC11 -> 0 | X7: =[6]MAINTENANCE!$AB11 -> 27000 | AB7: =-[6]MAINTENANCE!$BA11 -> 0 | AC7: =[4]MAINTENANCE!$M12 -> 3734499.9 | AE7: =ROUNDDOWN(SUM(K7:AD7),0) -> 7769839 | AF7: =IF(J7="TER A",VLOOKUP(AE7,Ter_A,4,TRUE),IF(J7="TER B",VLOOKUP(AE7,Ter_B,4,TRUE),VLOOKUP(AE7,Ter_C,4,TRUE))) -> 0.015 | AG7: =ROUNDDOWN(IF(H7=0,AE7*AF7*120%,AE7*AF7),0) -> 116547 | AH7: ='THR''24'!AI7 -> #REF! | AI7: =AG7-AH7 -> #REF! | AK7: =AJ7-AI7 -> #REF! | AO7: =[6]MAINTENANCE!$AF11 -> 3858083.2 | AP7: =L7+M7 -> 177256 | AQ7: =AO7+AP7 -> 4035339.2 | AR7: =AQ7-AE7 -> -3734499.8
B8: 3 | C8: ATIK KUSMIATI | D8: 1902056004860002 | E8: 54.533.929.3-305.000 | F8: JLN MANGGAR DSN KEPAYANG RT. 006 RW. 002 DS KACANG BUTOR BADAU | G8: PERAWATAN | H8: P | I8: TK/0 | J8: =IF(ISBLANK(I8),"",IF(OR(I8="TK/0",I8="TK/1",I8="K/0"),"TER A",IF(I8="K/3","TER C","TER B"))) -> TER A | K8: =31*121333.33 -> 3761333.2 | L8: =3640000*0.84% -> 30576 | M8: =[6]MAINTENANCE!$AK12 -> 146800 | N8: =[6]MAINTENANCE!$W12 -> 69750 | O8: =[6]MAINTENANCE!$Z12 -> 0 | P8: =[6]MAINTENANCE!$AE12 -> 0 | Q8: =[6]MAINTENANCE!$AC12 -> 0 | X8: =[6]MAINTENANCE!$AB12 -> 30000 | AB8: =-[6]MAINTENANCE!$BA12 -> 0 | AC8: =[4]MAINTENANCE!$M13 -> 3737499.9 | AE8: =ROUNDDOWN(SUM(K8:AD8),0) -> 7775959 | AF8: =IF(J8="TER A",VLOOKUP(AE8,Ter_A,4,TRUE),IF(J8="TER B",VLOOKUP(AE8,Ter_B,4,TRUE),VLOOKUP(AE8,Ter_C,4,TRUE))) -> 0.015 | AG8: =ROUNDDOWN(IF(H8=0,AE8*AF8*120%,AE8*AF8),0) -> 116639 | AH8: ='THR''24'!AI8 -> #REF! | AI8: =AG8-AH8 -> #REF! | AK8: =AJ8-AI8 -> #REF! | AO8: =[6]MAINTENANCE!$AF12 -> 3861083.2 | AP8: =L8+M8 -> 177376 | AQ8: =AO8+AP8 -> 4038459.2 | AR8: =AQ8-AE8 -> -3737499.8 | AT8: =AB8+AR8 -> -3737499.8
B9: 4 | C9: SALMIAH | D9: 1902054908770002 | E9: 97.237.535.6-305.000 | F9: JL MANGGAR DSN PARIT GUNUNG RT. 005 RW. 003 DS AIR BATU BUDING KEC BADAU | G9: PERAWATAN | H9: P | I9: TK/0 | J9: =IF(ISBLANK(I9),"",IF(OR(I9="TK/0",I9="TK/1",I9="K/0"),"TER A",IF(I9="K/3","TER C","TER B"))) -> TER A | K9: =31*121333.33 -> 3761333.2 | L9: =3640000*0.84% -> 30576 | M9: =[6]MAINTENANCE!$AK13 -> 147480 | N9: =[6]MAINTENANCE!$W13 -> 65250 | O9: =[6]MAINTENANCE!$Z13 -> 0 | P9: =[6]MAINTENANCE!$AE13 -> 0 | Q9: =[6]MAINTENANCE!$AC13 -> 0 | X9: =[6]MAINTENANCE!$AB13 -> 47000 | AB9: =-[6]MAINTENANCE!$BA13 -> -242666.66 | AC9: =[4]MAINTENANCE!$M14 -> 3754499.9 | AE9: =ROUNDDOWN(SUM(K9:AD9),0) -> 7563472 | AF9: =IF(J9="TER A",VLOOKUP(AE9,Ter_A,4,TRUE),IF(J9="TER B",VLOOKUP(AE9,Ter_B,4,TRUE),VLOOKUP(AE9,Ter_C,4,TRUE))) -> 0.015 | AG9: =ROUNDDOWN(IF(H9=0,AE9*AF9*120%,AE9*AF9),0) -> 113452 | AH9: ='THR''24'!AI9 -> #REF! | AI9: =AG9-AH9 -> #REF! | AK9: =AJ9-AI9 -> #REF! | AO9: =[6]MAINTENANCE!$AF13 -> 3630916.6 | AP9: =L9+M9 -> 178056 | AQ9: =AO9+AP9 -> 3808972.6 | AR9: =AQ9-AE9 -> -3754499.4 | AT9: =AB9+AR9 -> -3997166.1
B10: 5 | C10: NURAINI | D10: 1906026909880002 | E10: 54.533.747.9-305.000 | F10: DSN CENDIL RT 005 RW 002 DESA CENDIL KEC.KELAPA KAMPIT | G10: PERAWATAN | H10: P | I10: TK/0 | J10: =IF(ISBLANK(I10),"",IF(OR(I10="TK/0",I10="TK/1",I10="K/0"),"TER A",IF(I10="K/3","TER C","TER B"))) -> TER A | K10: =31*121333.33 -> 3761333.2 | L10: =3640000*0.84% -> 30576 | M10: =[6]MAINTENANCE!$AK14 -> 146800 | N10: =[6]MAINTENANCE!$W14 -> 67500 | O10: =[6]MAINTENANCE!$Z14 -> 0 | P10: =[6]MAINTENANCE!$AE14 -> 0 | Q10: =[6]MAINTENANCE!$AC14 -> 0 | X10: =[6]MAINTENANCE!$AB14 -> 30000 | AB10: =-[6]MAINTENANCE!$BA14 -> -121333.33 | AC10: =[4]MAINTENANCE!$M15 -> 3737499.9 | AE10: =ROUNDDOWN(SUM(K10:AD10),0) -> 7652375 | AF10: =IF(J10="TER A",VLOOKUP(AE10,Ter_A,4,TRUE),IF(J10="TER B",VLOOKUP(AE10,Ter_B,4,TRUE),VLOOKUP(AE10,Ter_C,4,TRUE))) -> 0.015 | AG10: =ROUNDDOWN(IF(H10=0,AE10*AF10*120%,AE10*AF10),0) -> 114785 | AH10: ='THR''24'!AI10 -> #REF! | AI10: =AG10-AH10 -> #REF! | AK10: =AJ10-AI10 -> #REF! | AO10: =[6]MAINTENANCE!$AF14 -> 3737499.9 | AP10: =L10+M10 -> 177376 | AQ10: =AO10+AP10 -> 3914875.9 | AR10: =AQ10-AE10 -> -3737499.1
B11: 6 | C11: ELYANI | D11: 1902055206760002 | E11: 97.237.582.8-305.000 | F11: DSN PARIT GUNUNG RT. 005 RW. 003 DS AIR BATU BUDING BADAU | G11: PERAWATAN | H11: P | I11: TK/0 | J11: =IF(ISBLANK(I11),"",IF(OR(I11="TK/0",I11="TK/1",I11="K/0"),"TER A",IF(I11="K/3","TER C","TER B"))) -> TER A | K11: =31*121333.33 -> 3761333.2 | L11: =3640000*0.84% -> 30576 | M11: =[6]MAINTENANCE!$AK15 -> 147340 | N11: =[6]MAINTENANCE!$W15 -> 67500 | O11: =[6]MAINTENANCE!$Z15 -> 0 | P11: =[6]MAINTENANCE!$AE15 -> 0 | Q11: =[6]MAINTENANCE!$AC15 -> 0 | X11: =[6]MAINTENANCE!$AB15 -> 43500 | AB11: =-[6]MAINTENANCE!$BA15 -> -121333.33 | AC11: =[4]MAINTENANCE!$M16 -> 3750999.9 | AE11: =ROUNDDOWN(SUM(K11:AD11),0) -> 7679915 | AF11: =IF(J11="TER A",VLOOKUP(AE11,Ter_A,4,TRUE),IF(J11="TER B",VLOOKUP(AE11,Ter_B,4,TRUE),VLOOKUP(AE11,Ter_C,4,TRUE))) -> 0.015 | AG11: =ROUNDDOWN(IF(H11=0,AE11*AF11*120%,AE11*AF11),0) -> 115198 | AH11: ='THR''24'!AI11 -> #REF! | AI11: =AG11-AH11 -> #REF! | AK11: =AJ11-AI11 -> #REF! | AO11: =[6]MAINTENANCE!$AF15 -> 3750999.9 | AP11: =L11+M11 -> 177916 | AQ11: =AO11+AP11 -> 3928915.9 | AR11: =AQ11-AE11 -> -3750999.1
B12: 7 | C12: SUSINAH | D12: 1902055109700001 | E12: 97.228.366.7-305.000 | F12: JL MANGGAR RT. 012 RW. 004 DESA KACANG BUTOR KEC. BADAU | G12: PERAWATAN | H12: P | I12: TK/0 | J12: =IF(ISBLANK(I12),"",IF(OR(I12="TK/0",I12="TK/1",I12="K/0"),"TER A",IF(I12="K/3","TER C","TER B"))) -> TER A | K12: =31*121333.33 -> 3761333.2 | L12: =3640000*0.84% -> 30576 | M12: =[6]MAINTENANCE!$AK16 -> 147480 | N12: =[6]MAINTENANCE!$W16 -> 69750 | O12: =[6]MAINTENANCE!$Z16 -> 0 | P12: =[6]MAINTENANCE!$AE16 -> 0 | Q12: =[6]MAINTENANCE!$AC16 -> 0 | X12: =[6]MAINTENANCE!$AB16 -> 47000 | AB12: =-[6]MAINTENANCE!$BA16 -> 0 | AC12: =[4]MAINTENANCE!$M17 -> 3754499.9 | AE12: =ROUNDDOWN(SUM(K12:AD12),0) -> 7810639 | AF12: =IF(J12="TER A",VLOOKUP(AE12,Ter_A,4,TRUE),IF(J12="TER B",VLOOKUP(AE12,Ter_B,4,TRUE),VLOOKUP(AE12,Ter_C,4,TRUE))) -> 0.015 | AG12: =ROUNDDOWN(IF(H12=0,AE12*AF12*120%,AE12*AF12),0) -> 117159 | AH12: ='THR''24'!AI12 -> #REF! | AI12: =AG12-AH12 -> #REF! | AK12: =AJ12-AI12 -> #REF! | AO12: =[6]MAINTENANCE!$AF16 -> 3878083.2 | AP12: =L12+M12 -> 178056 | AQ12: =AO12+AP12 -> 4056139.2 | AR12: =AQ12-AE12 -> -3754499.8
B13: 8 | C13: JUMIA | D13: 1902055205740001 | E13: 97.237.569.5-305.000 | F13: JL MANGGAR AIR BEGANTUNG RT. 008 RW. 003 DESA KACANG BUTOR KEC. BADAU | G13: PERAWATAN | H13: P | I13: TK/0 | J13: =IF(ISBLANK(I13),"",IF(OR(I13="TK/0",I13="TK/1",I13="K/0"),"TER A",IF(I13="K/3","TER C","TER B"))) -> TER A | K13: =31*121333.33 -> 3761333.2 | L13: =3640000*0.84% -> 30576 | M13: =[6]MAINTENANCE!$AK17 -> 147480 | N13: =[6]MAINTENANCE!$W17 -> 67500 | O13: =[6]MAINTENANCE!$Z17 -> 0 | P13: =[6]MAINTENANCE!$AE17 -> 0 | Q13: =[6]MAINTENANCE!$AC17 -> 0 | X13: =[6]MAINTENANCE!$AB17 -> 47000 | AB13: =-[6]MAINTENANCE!$BA17 -> -121333.33 | AC13: =[4]MAINTENANCE!$M18 -> 3754499.9 | AE13: =ROUNDDOWN(SUM(K13:AD13),0) -> 7687055 | AF13: =IF(J13="TER A",VLOOKUP(AE13,Ter_A,4,TRUE),IF(J13="TER B",VLOOKUP(AE13,Ter_B,4,TRUE),VLOOKUP(AE13,Ter_C,4,TRUE))) -> 0.015 | AG13: =ROUNDDOWN(IF(H13=0,AE13*AF13*120%,AE13*AF13),0) -> 115305 | AH13: ='THR''24'!AI13 -> #REF! | AI13: =AG13-AH13 -> #REF! | AK13: =AJ13-AI13 -> #REF! | AO13: =[6]MAINTENANCE!$AF17 -> 3754499.9 | AP13: =L13+M13 -> 178056 | AQ13: =AO13+AP13 -> 3932555.9 | AR13: =AQ13-AE13 -> -3754499.1
B14: 9 | C14: NELI LISMANA | D14: 1902055212860002 | E14: 97.237.563.8-305.000 | F14: DSN PARIT GUNUNG RT. 005 RW. 003 DS AIR BATU BUDING BADAU | G14: PERAWATAN | H14: P | I14: TK/0 | J14: =IF(ISBLANK(I14),"",IF(OR(I14="TK/0",I14="TK/1",I14="K/0"),"TER A",IF(I14="K/3","TER C","TER B"))) -> TER A | K14: =31*121333.33 -> 3761333.2 | L14: =3640000*0.84% -> 30576 | M14: =[6]MAINTENANCE!$AK18 -> 147480 | N14: =[6]MAINTENANCE!$W18 -> 67500 | O14: =[6]MAINTENANCE!$Z18 -> 0 | P14: =[6]MAINTENANCE!$AE18 -> 0 | Q14: =[6]MAINTENANCE!$AC18 -> 0 | X14: =[6]MAINTENANCE!$AB18 -> 47000 | AB14: =-[6]MAINTENANCE!$BA18 -> -121333.33 | AC14: =[4]MAINTENANCE!$M19 -> 3754499.9 | AE14: =ROUNDDOWN(SUM(K14:AD14),0) -> 7687055 | AF14: =IF(J14="TER A",VLOOKUP(AE14,Ter_A,4,TRUE),IF(J14="TER B",VLOOKUP(AE14,Ter_B,4,TRUE),VLOOKUP(AE14,Ter_C,4,TRUE))) -> 0.015 | AG14: =ROUNDDOWN(IF(H14=0,AE14*AF14*120%,AE14*AF14),0) -> 115305 | AH14: ='THR''24'!AI14 -> #REF! | AI14: =AG14-AH14 -> #REF! | AK14: =AJ14-AI14 -> #REF! | AO14: =[6]MAINTENANCE!$AF18 -> 3754499.9 | AP14: =L14+M14 -> 178056 | AQ14: =AO14+AP14 -> 3932555.9 | AR14: =AQ14-AE14 -> -3754499.1
B15: 10 | C15: KARMILA | D15: 1902056009750001 | E15: 97.237.568.7-305.000 | F15: AIR BEGANTUNG RT. 009 RW. 003 DESA KACANG BUTOR KEC. BADAU | G15: PERAWATAN | H15: P | I15: TK/0 | J15: =IF(ISBLANK(I15),"",IF(OR(I15="TK/0",I15="TK/1",I15="K/0"),"TER A",IF(I15="K/3","TER C","TER B"))) -> TER A | K15: =31*121333.33 -> 3761333.2 | L15: =3640000*0.84% -> 30576 | M15: =[6]MAINTENANCE!$AK19 -> 147620 | N15: =[6]MAINTENANCE!$W19 -> 65250 | O15: =[6]MAINTENANCE!$Z19 -> 0 | P15: =[6]MAINTENANCE!$AE19 -> 0 | Q15: =[6]MAINTENANCE!$AC19 -> 0 | X15: =[6]MAINTENANCE!$AB19 -> 50500 | AB15: =-[6]MAINTENANCE!$BA19 -> -242666.66 | AC15: =[4]MAINTENANCE!$M20 -> 3757999.9 | AE15: =ROUNDDOWN(SUM(K15:AD15),0) -> 7570612 | AF15: =IF(J15="TER A",VLOOKUP(AE15,Ter_A,4,TRUE),IF(J15="TER B",VLOOKUP(AE15,Ter_B,4,TRUE),VLOOKUP(AE15,Ter_C,4,TRUE))) -> 0.015 | AG15: =ROUNDDOWN(IF(H15=0,AE15*AF15*120%,AE15*AF15),0) -> 113559 | AH15: ='THR''24'!AI15 -> #REF! | AI15: =AG15-AH15 -> #REF! | AK15: =AJ15-AI15 -> #REF! | AO15: =[6]MAINTENANCE!$AF19 -> 3634416.6 | AP15: =L15+M15 -> 178196 | AQ15: =AO15+AP15 -> 3812612.6 | AR15: =AQ15-AE15 -> -3757999.4
B16: 11 | C16: SADIAH | D16: 1902054808730002 | E16: 97.237.536.4-305.000 | F16: JL MANGGAR KM 28 DSN BUKIT INDAH RT. 011 RW. 004 DESA KACANG BUTOR KEC. BADAU | G16: PERAWATAN | H16: P | I16: TK/0 | J16: =IF(ISBLANK(I16),"",IF(OR(I16="TK/0",I16="TK/1",I16="K/0"),"TER A",IF(I16="K/3","TER C","TER B"))) -> TER A | K16: =31*121333.33 -> 3761333.2 | L16: =3640000*0.84% -> 30576 | M16: =[6]MAINTENANCE!$AK20 -> 147480 | N16: =[6]MAINTENANCE!$W20 -> 69750 | O16: =[6]MAINTENANCE!$Z20 -> 0 | P16: =[6]MAINTENANCE!$AE20 -> 0 | Q16: =[6]MAINTENANCE!$AC20 -> 0 | X16: =[6]MAINTENANCE!$AB20 -> 47000 | AB16: =-[6]MAINTENANCE!$BA20 -> 0 | AC16: =[4]MAINTENANCE!$M21 -> 3754499.9 | AE16: =ROUNDDOWN(SUM(K16:AD16),0) -> 7810639 | AF16: =IF(J16="TER A",VLOOKUP(AE16,Ter_A,4,TRUE),IF(J16="TER B",VLOOKUP(AE16,Ter_B,4,TRUE),VLOOKUP(AE16,Ter_C,4,TRUE))) -> 0.015 | AG16: =ROUNDDOWN(IF(H16=0,AE16*AF16*120%,AE16*AF16),0) -> 117159 | AH16: ='THR''24'!AI16 -> #REF! | AI16: =AG16-AH16 -> #REF! | AK16: =AJ16-AI16 -> #REF! | AO16: =[6]MAINTENANCE!$AF20 -> 3878083.2 | AP16: =L16+M16 -> 178056 | AQ16: =AO16+AP16 -> 4056139.2 | AR16: =AQ16-AE16 -> -3754499.8
B17: 12 | C17: PERA SUSANTI | D17: 1902056301790001 | E17: 97.237.532.3-305.000 | F17: JL MANGGAR AIR BEGANTUNG RT. 010 RW. 003 DESA KACANG BUTOR KEC. BADAU | G17: PERAWATAN | H17: P | I17: TK/0 | J17: =IF(ISBLANK(I17),"",IF(OR(I17="TK/0",I17="TK/1",I17="K/0"),"TER A",IF(I17="K/3","TER C","TER B"))) -> TER A | K17: =31*121333.33 -> 3761333.2 | L17: =3640000*0.84% -> 30576 | M17: =[6]MAINTENANCE!$AK21 -> 147340 | N17: =[6]MAINTENANCE!$W21 -> 65250 | O17: =[6]MAINTENANCE!$Z21 -> 0 | P17: =[6]MAINTENANCE!$AE21 -> 0 | Q17: =[6]MAINTENANCE!$AC21 -> 0 | X17: =[6]MAINTENANCE!$AB21 -> 43500 | AB17: =-[6]MAINTENANCE!$BA21 -> -242666.66 | AC17: =[4]MAINTENANCE!$M22 -> 3750999.9 | AE17: =ROUNDDOWN(SUM(K17:AD17),0) -> 7556332 | AF17: =IF(J17="TER A",VLOOKUP(AE17,Ter_A,4,TRUE),IF(J17="TER B",VLOOKUP(AE17,Ter_B,4,TRUE),VLOOKUP(AE17,Ter_C,4,TRUE))) -> 0.015 | AG17: =ROUNDDOWN(IF(H17=0,AE17*AF17*120%,AE17*AF17),0) -> 113344 | AH17: ='THR''24'!AI17 -> #REF! | AI17: =AG17-AH17 -> #REF! | AK17: =AJ17-AI17 -> #REF! | AO17: =[6]MAINTENANCE!$AF21 -> 3627416.6 | AP17: =L17+M17 -> 177916 | AQ17: =AO17+AP17 -> 3805332.6 | AR17: =AQ17-AE17 -> -3750999.4
B18: 13 | C18: MARYOTO | D18: 1902050908740001 | E18: 97.237.599.2-305.000 | F18: JL MANGGAR RT. 012 RW. 004 DS KACANG BUTOR KEC. BADAU | G18: PERAWATAN | H18: L | I18: TK/0 | J18: =IF(ISBLANK(I18),"",IF(OR(I18="TK/0",I18="TK/1",I18="K/0"),"TER A",IF(I18="K/3","TER C","TER B"))) -> TER A | K18: =31*121333.33 -> 3761333.2 | L18: =3640000*0.84% -> 30576 | M18: =[6]MAINTENANCE!$AK22 -> 147340 | N18: =[6]MAINTENANCE!$W22 -> 67500 | O18: =[6]MAINTENANCE!$Z22 -> 0 | P18: =[6]MAINTENANCE!$AE22 -> 0 | Q18: =[6]MAINTENANCE!$AC22 -> 0 | X18: =[6]MAINTENANCE!$AB22 -> 43500 | AB18: =-[6]MAINTENANCE!$BA22 -> -121333.33 | AC18: =[4]MAINTENANCE!$M23 -> 3750999.9 | AE18: =ROUNDDOWN(SUM(K18:AD18),0) -> 7679915 | AF18: =IF(J18="TER A",VLOOKUP(AE18,Ter_A,4,TRUE),IF(J18="TER B",VLOOKUP(AE18,Ter_B,4,TRUE),VLOOKUP(AE18,Ter_C,4,TRUE))) -> 0.015 | AG18: =ROUNDDOWN(IF(H18=0,AE18*AF18*120%,AE18*AF18),0) -> 115198 | AH18: ='THR''24'!AI18 -> #REF! | AI18: =AG18-AH18 -> #REF! | AK18: =AJ18-AI18 -> #REF! | AO18: =[6]MAINTENANCE!$AF22 -> 3750999.9 | AP18: =L18+M18 -> 177916 | AQ18: =AO18+AP18 -> 3928915.9 | AR18: =AQ18-AE18 -> -3750999.1
B19: 14 | C19: FENTI APRIANTI | D19: 1902014204930001 | E19: 97.237.578.6-305.000 | F19: AIR BEGANTUNG RT. 010 RW. 003 DESA KACANG BUTOR KEC. BADAU | G19: PERAWATAN | H19: P | I19: TK/0 | J19: =IF(ISBLANK(I19),"",IF(OR(I19="TK/0",I19="TK/1",I19="K/0"),"TER A",IF(I19="K/3","TER C","TER B"))) -> TER A | K19: =31*121333.33 -> 3761333.2 | L19: =3640000*0.84% -> 30576 | M19: =[6]MAINTENANCE!$AK23 -> 146920 | N19: =[6]MAINTENANCE!$W23 -> 65250 | O19: =[6]MAINTENANCE!$Z23 -> 0 | P19: =[6]MAINTENANCE!$AE23 -> 0 | Q19: =[6]MAINTENANCE!$AC23 -> 0 | X19: =[6]MAINTENANCE!$AB23 -> 33000 | AB19: =-[6]MAINTENANCE!$BA23 -> -242666.66 | AC19: =[4]MAINTENANCE!$M24 -> 3740499.9 | AE19: =ROUNDDOWN(SUM(K19:AD19),0) -> 7534912 | AF19: =IF(J19="TER A",VLOOKUP(AE19,Ter_A,4,TRUE),IF(J19="TER B",VLOOKUP(AE19,Ter_B,4,TRUE),VLOOKUP(AE19,Ter_C,4,TRUE))) -> 0.015 | AG19: =ROUNDDOWN(IF(H19=0,AE19*AF19*120%,AE19*AF19),0) -> 113023 | AH19: ='THR''24'!AI19 -> #REF! | AI19: =AG19-AH19 -> #REF! | AK19: =AJ19-AI19 -> #REF! | AO19: =[6]MAINTENANCE!$AF23 -> 3616916.6 | AP19: =L19+M19 -> 177496 | AQ19: =AO19+AP19 -> 3794412.6 | AR19: =AQ19-AE19 -> -3740499.4
B20: 15 | C20: YUSPANDI | D20: 1902011410690002 | E20: 97.237.828.5-305.000 | F20: JL PILANG GG MELATI RT. 007 RW. 002 DESA DUKONG KEC. TANJUNGPANDAN | G20: PERAWATAN | H20: L | I20: K/3 | J20: =IF(ISBLANK(I20),"",IF(OR(I20="TK/0",I20="TK/1",I20="K/0"),"TER A",IF(I20="K/3","TER C","TER B"))) -> TER C | K20: =31*121333.33 -> 3761333.2 | L20: =3640000*0.84% -> 30576 | M20: =[6]MAINTENANCE!$AK24 -> 147340 | N20: =[6]MAINTENANCE!$W24 -> 139500 | O20: =[6]MAINTENANCE!$Z24 -> 0 | P20: =[6]MAINTENANCE!$AE24 -> 0 | Q20: =[6]MAINTENANCE!$AC24 -> 0 | X20: =[6]MAINTENANCE!$AB24 -> 43500 | AB20: =-[6]MAINTENANCE!$BA24 -> 0 | AC20: =[4]MAINTENANCE!$M25 -> 3818499.9 | AE20: =ROUNDDOWN(SUM(K20:AD20),0) -> 7940749 | AF20: =IF(J20="TER A",VLOOKUP(AE20,Ter_A,4,TRUE),IF(J20="TER B",VLOOKUP(AE20,Ter_B,4,TRUE),VLOOKUP(AE20,Ter_C,4,TRUE))) -> 0.01 | AG20: =ROUNDDOWN(IF(H20=0,AE20*AF20*120%,AE20*AF20),0) -> 79407 | AH20: ='THR''24'!AI20 -> #REF! | AI20: =AG20-AH20 -> #REF! | AK20: =AJ20-AI20 -> #REF! | AO20: =[6]MAINTENANCE!$AF24 -> 3944333.2 | AP20: =L20+M20 -> 177916 | AQ20: =AO20+AP20 -> 4122249.2 | AR20: =AQ20-AE20 -> -3818499.8
B21: 16 | C21: JEMU | D21: 1902051001810001 | E21: 72.110.458.6-305.000 | F21: DUSUN BUKIT INDAH RT. 011 RW. 004 DESA KACANG BUTOR KEC. BADAU | G21: PERAWATAN | H21: L | I21: K/1 | J21: =IF(ISBLANK(I21),"",IF(OR(I21="TK/0",I21="TK/1",I21="K/0"),"TER A",IF(I21="K/3","TER C","TER B"))) -> TER B | K21: =31*121333.33 -> 3761333.2 | L21: =3640000*0.84% -> 30576 | M21: =[6]MAINTENANCE!$AK25 -> 146680 | N21: =[6]MAINTENANCE!$W25 -> 139500 | O21: =[6]MAINTENANCE!$Z25 -> 0 | P21: =[6]MAINTENANCE!$AE25 -> 368208.05 | Q21: =[6]MAINTENANCE!$AC25 -> 310370 | X21: =[6]MAINTENANCE!$AB25 -> 27000 | AB21: =-[6]MAINTENANCE!$BA25 -> 0 | AC21: =[4]MAINTENANCE!$M26 -> 3801999.9 | AE21: =ROUNDDOWN(SUM(K21:AD21),0) -> 8585667 | AF21: =IF(J21="TER A",VLOOKUP(AE21,Ter_A,4,TRUE),IF(J21="TER B",VLOOKUP(AE21,Ter_B,4,TRUE),VLOOKUP(AE21,Ter_C,4,TRUE))) -> 0.01 | AG21: =ROUNDDOWN(IF(H21=0,AE21*AF21*120%,AE21*AF21),0) -> 85856 | AH21: ='THR''24'!AI21 -> #REF! | AI21: =AG21-AH21 -> #REF! | AK21: =AJ21-AI21 -> #REF! | AO21: =[6]MAINTENANCE!$AF25 -> 4606411.3 | AP21: =L21+M21 -> 177256 | AQ21: =AO21+AP21 -> 4783667.3 | AR21: =AQ21-AE21 -> -3801999.7
... B27: 22 | C27: NOVIANTI | D27: 1902054101820001 | E27: 97.228.396.4-305.000 | F27: DSN AIR BATU BUDING RT.002 RW.001 DESA AIR BATU BUDING KEC. BADAU | G27: PERAWATAN | H27: P | I27: TK/0 | J27: =IF(ISBLANK(I27),"",IF(OR(I27="TK/0",I27="TK/1",I27="K/0"),"TER A",IF(I27="K/3","TER C","TER B"))) -> TER A | K27: =31*121333.33 -> 3761333.2 | L27: =3640000*0.84% -> 30576 | M27: =[6]MAINTENANCE!$AK31 -> 147620 | N27: =[6]MAINTENANCE!$W31 -> 69750 | O27: =[6]MAINTENANCE!$Z31 -> 0 | P27: =[6]MAINTENANCE!$AE31 -> 0 | Q27: =[6]MAINTENANCE!$AC31 -> 0 | X27: =[6]MAINTENANCE!$AB31 -> 50500 | AB27: =-[6]MAINTENANCE!$BA31 -> 0 | AC27: =[4]MAINTENANCE!$M32 -> 3757999.9 | AE27: =ROUNDDOWN(SUM(K27:AD27),0) -> 7817779 | AF27: =IF(J27="TER A",VLOOKUP(AE27,Ter_A,4,TRUE),IF(J27="TER B",VLOOKUP(AE27,Ter_B,4,TRUE),VLOOKUP(AE27,Ter_C,4,TRUE))) -> 0.015 | AG27: =ROUNDDOWN(IF(H27=0,AE27*AF27*120%,AE27*AF27),0) -> 117266 | AH27: ='THR''24'!AI27 -> #REF! | AI27: =AG27-AH27 -> #REF! | AK27: =AJ27-AI27 -> #REF! | AO27: =[6]MAINTENANCE!$AF31 -> 3881583.2 | AP27: =L27+M27 -> 178196 | AQ27: =AO27+AP27 -> 4059779.2 | AR27: =AQ27-AE27 -> -3757999.8
B28: 23 | C28: YULI TRIANTO | D28: 1902050304890002 | E28: 97.228.397.2-305.000 | F28: JL MANGGAR DSN BUKIT INDAH RT. 011 RW. 004 DESA KACANG BUTOR KEC. BADAU | G28: MANDOR PANEN | H28: L | I28: K/2 | J28: =IF(ISBLANK(I28),"",IF(OR(I28="TK/0",I28="TK/1",I28="K/0"),"TER A",IF(I28="K/3","TER C","TER B"))) -> TER B | K28: =31*123833.33 -> 3838833.2 | L28: =3715000*0.84% -> 31206 | M28: ='[6]HARVESTING KHT'!$AQ10 -> 150340 | N28: ='[6]HARVESTING KHT'!$U10 -> 162000 | O28: ='[6]HARVESTING KHT'!$X10 -> 69000 | P28: ='[6]HARVESTING KHT'!$AD10 -> 1900448 | Q28: ='[6]HARVESTING KHT'!$AE10 -> 0 | R28: ='[6]HARVESTING KHT'!$AA10 -> 0 | S28: ='[6]HARVESTING KHT'!$AB10 -> 0 | T28: ='[6]HARVESTING KHT'!$AC10 -> 0 | U28: ='[6]HARVESTING KHT'!$AF10 -> 120000 | V28: ='[6]HARVESTING KHT'!$AH10 -> 0 | W28: ='[6]HARVESTING KHT'!$AK10 -> 0 | X28: ='[6]HARVESTING KHT'!$Z10 -> 43500 | Y28: =-'[6]HARVESTING KHT'!$AI10 -> 0 | AB28: =-'[6]HARVESTING KHT'!$BI10 -> -123833.33 | AC28: ='[4]HARVESTING KHT'!$M11 -> 3920499.9 | AE28: =ROUNDDOWN(SUM(K28:AD28),0) -> 10111993 | AF28: =IF(J28="TER A",VLOOKUP(AE28,Ter_A,4,TRUE),IF(J28="TER B",VLOOKUP(AE28,Ter_B,4,TRUE),VLOOKUP(AE28,Ter_C,4,TRUE))) -> 0.015 | AG28: =ROUNDDOWN(IF(H28=0,AE28*AF28*120%,AE28*AF28),0) -> 151679 | AH28: ='THR''24'!AI28 -> #REF! | AI28: =AG28-AH28 -> #REF! | AK28: =AJ28-AI28 -> #REF! | AO28: ='[6]HARVESTING KHT'!$AL10 -> 6009947.9 | AP28: =L28+M28 -> 181546 | AQ28: =AO28+AP28 -> 6191493.9 | AR28: =AQ28-AE28 -> -3920499.1
B29: 24 | C29: SALASATUN | D29: 1902054509770001 | E29: 97.237.607.3-305.000 | F29: DSN BUKIT INDAH RT. 011 RW. 004 DESA KACANG BUTOR DESA BADAU | G29: KERANI PANEN | H29: P | I29: TK/0 | J29: =IF(ISBLANK(I29),"",IF(OR(I29="TK/0",I29="TK/1",I29="K/0"),"TER A",IF(I29="K/3","TER C","TER B"))) -> TER A | K29: =31*121333.33 -> 3761333.2 | L29: =3640000*0.84% -> 30576 | M29: ='[6]HARVESTING KHT'!$AQ11 -> 147620 | N29: ='[6]HARVESTING KHT'!$U11 -> 69750 | O29: ='[6]HARVESTING KHT'!$X11 -> 40000 | P29: ='[6]HARVESTING KHT'!$AD11 -> 1641155.9 | Q29: ='[6]HARVESTING KHT'!$AE11 -> 0 | R29: ='[6]HARVESTING KHT'!$AA11 -> 0 | S29: ='[6]HARVESTING KHT'!$AB11 -> 0 | T29: ='[6]HARVESTING KHT'!$AC11 -> 0 | U29: ='[6]HARVESTING KHT'!$AF11 -> 0 | V29: ='[6]HARVESTING KHT'!$AH11 -> 0 | W29: ='[6]HARVESTING KHT'!$AK11 -> 0 | X29: ='[6]HARVESTING KHT'!$Z11 -> 50500 | Y29: =-'[6]HARVESTING KHT'!$AI11 -> 0 | AB29: =-'[6]HARVESTING KHT'!$BI11 -> 0 | AC29: ='[4]HARVESTING KHT'!$M12 -> 3757999.9 | AE29: =ROUNDDOWN(SUM(K29:AD29),0) -> 9498935 | AF29: =IF(J29="TER A",VLOOKUP(AE29,Ter_A,4,TRUE),IF(J29="TER B",VLOOKUP(AE29,Ter_B,4,TRUE),VLOOKUP(AE29,Ter_C,4,TRUE))) -> 0.0175 | AG29: =ROUNDDOWN(IF(H29=0,AE29*AF29*120%,AE29*AF29),0) -> 166231 | AH29: ='THR''24'!AI29 -> #REF! | AI29: =AG29-AH29 -> #REF! | AK29: =AJ29-AI29 -> #REF! | AO29: ='[6]HARVESTING KHT'!$AL11 -> 5562739.1 | AP29: =L29+M29 -> 178196 | AQ29: =AO29+AP29 -> 5740935.1 | AR29: =AQ29-AE29 -> -3757999.9
B30: 25 | C30: MUHAMMAD SAID | D30: 5203041206820007 | E30: - | F30: DASAN PETUNG DESA KOTARAJA KEC. SIKUR LOMBOK TIMUR | G30: PANEN | H30: L | I30: K/1 | J30: =IF(ISBLANK(I30),"",IF(OR(I30="TK/0",I30="TK/1",I30="K/0"),"TER A",IF(I30="K/3","TER C","TER B"))) -> TER B | K30: =31*121333.33 -> 3761333.2 | L30: =3640000*0.84% -> 30576 | M30: ='[6]HARVESTING KHT'!$AQ12 -> 146440 | N30: ='[6]HARVESTING KHT'!$U12 -> 130500 | O30: ='[6]HARVESTING KHT'!$X12 -> 0 | P30: ='[6]HARVESTING KHT'!$AD12 -> 0 | Q30: ='[6]HARVESTING KHT'!$AE12 -> 0 | R30: ='[6]HARVESTING KHT'!$AA12 -> 0 | S30: ='[6]HARVESTING KHT'!$AB12 -> 148050 | T30: ='[6]HARVESTING KHT'!$AC12 -> 165550 | U30: ='[6]HARVESTING KHT'!$AF12 -> 124845 | V30: ='[6]HARVESTING KHT'!$AH12 -> 0 | W30: ='[6]HARVESTING KHT'!$AK12 -> 0 | X30: ='[6]HARVESTING KHT'!$Z12 -> 21000 | Y30: =-'[6]HARVESTING KHT'!$AI12 -> -92319 | AB30: =-'[6]HARVESTING KHT'!$BI12 -> -242666.66 | AC30: ='[4]HARVESTING KHT'!$M13 -> 3795999.9 | AE30: =ROUNDDOWN(SUM(K30:AD30),0) -> 7989308 | AF30: =IF(J30="TER A",VLOOKUP(AE30,Ter_A,4,TRUE),IF(J30="TER B",VLOOKUP(AE30,Ter_B,4,TRUE),VLOOKUP(AE30,Ter_C,4,TRUE))) -> 0.01 | AG30: =ROUNDDOWN(IF(H30=0,AE30*AF30*120%,AE30*AF30),0) -> 79893 | AH30: ='THR''24'!AI30 -> #REF! | AI30: =AG30-AH30 -> #REF! | AK30: =AJ30-AI30 -> #REF! | AO30: ='[6]HARVESTING KHT'!$AL12 -> 4016292.6 | AP30: =L30+M30 -> 177016 | AQ30: =AO30+AP30 -> 4193308.6 | AR30: =AQ30-AE30 -> -3795999.4
B31: 26 | C31: NANO | D31: 3313162910710002 | E31: - | F31: GONDANGREJO RT. 001 RW. 008 DESA KARANG REJO KEC. KERJO KARANGANYAR JAWA TENGAH | G31: PANEN | H31: L | I31: K/1 | J31: =IF(ISBLANK(I31),"",IF(OR(I31="TK/0",I31="TK/1",I31="K/0"),"TER A",IF(I31="K/3","TER C","TER B"))) -> TER B | K31: =31*121333.33 -> 3761333.2 | L31: =3640000*0.84% -> 30576 | M31: ='[6]HARVESTING KHT'!$AQ13 -> 146440 | N31: ='[6]HARVESTING KHT'!$U13 -> 139500 | O31: ='[6]HARVESTING KHT'!$X13 -> 0 | P31: ='[6]HARVESTING KHT'!$AD13 -> 0 | Q31: ='[6]HARVESTING KHT'!$AE13 -> 0 | R31: ='[6]HARVESTING KHT'!$AA13 -> 549720 | S31: ='[6]HARVESTING KHT'!$AB13 -> 139650 | T31: ='[6]HARVESTING KHT'!$AC13 -> 157300 | U31: ='[6]HARVESTING KHT'!$AF13 -> 153300 | V31: ='[6]HARVESTING KHT'!$AH13 -> 300000 | W31: ='[6]HARVESTING KHT'!$AK13 -> 0 | X31: ='[6]HARVESTING KHT'!$Z13 -> 21000 | Y31: =-'[6]HARVESTING KHT'!$AI13 -> 0 | AB31: =-'[6]HARVESTING KHT'!$BI13 -> 0 | AC31: ='[4]HARVESTING KHT'!$M14 -> 3795999.9 | AE31: =ROUNDDOWN(SUM(K31:AD31),0) -> 9194819 | AF31: =IF(J31="TER A",VLOOKUP(AE31,Ter_A,4,TRUE),IF(J31="TER B",VLOOKUP(AE31,Ter_B,4,TRUE),VLOOKUP(AE31,Ter_C,4,TRUE))) -> 0.01 | AG31: =ROUNDDOWN(IF(H31=0,AE31*AF31*120%,AE31*AF31),0) -> 91948 | AH31: ='THR''24'!AI31 -> #REF! | AI31: =AG31-AH31 -> #REF! | AK31: =AJ31-AI31 -> #REF! | AO31: ='[6]HARVESTING KHT'!$AL13 -> 5221803.2 | AP31: =L31+M31 -> 177016 | AQ31: =AO31+AP31 -> 5398819.2 | AR31: =AQ31-AE31 -> -3795999.8
B32: 27 | C32: SUHAELI | D32: 5203144107750742 | E32: - | F32: BEAK DAYA DESA WANASAB KEC. WANASABA KEC. LOMBOK TIMUR | G32: PANEN | H32: L | I32: K/2 | J32: =IF(ISBLANK(I32),"",IF(OR(I32="TK/0",I32="TK/1",I32="K/0"),"TER A",IF(I32="K/3","TER C","TER B"))) -> TER B | K32: =29*121333.33 -> 3518666.6 | L32: =3640000*0.84% -> 30576 | M32: ='[6]HARVESTING KHT'!$AQ14 -> 146440 | N32: ='[6]HARVESTING KHT'!$U14 -> 63000 | O32: ='[6]HARVESTING KHT'!$X14 -> 0 | P32: ='[6]HARVESTING KHT'!$AD14 -> 0 | Q32: ='[6]HARVESTING KHT'!$AE14 -> 0 | R32: ='[6]HARVESTING KHT'!$AA14 -> 0 | S32: ='[6]HARVESTING KHT'!$AB14 -> 121800 | T32: ='[6]HARVESTING KHT'!$AC14 -> 165550 | U32: ='[6]HARVESTING KHT'!$AF14 -> 111405 | V32: ='[6]HARVESTING KHT'!$AH14 -> 0 | W32: ='[6]HARVESTING KHT'!$AK14 -> 0 | X32: ='[6]HARVESTING KHT'!$Z14 -> 21000 | Y32: =-'[6]HARVESTING KHT'!$AI14 -> 0 | AB32: =-'[6]HARVESTING KHT'!$BI14 -> -121333.33 | AC32: ='[4]HARVESTING KHT'!$M15 -> 3728499.9 | AE32: =ROUNDDOWN(SUM(K32:AD32),0) -> 7785604 | AF32: =IF(J32="TER A",VLOOKUP(AE32,Ter_A,4,TRUE),IF(J32="TER B",VLOOKUP(AE32,Ter_B,4,TRUE),VLOOKUP(AE32,Ter_C,4,TRUE))) -> 0.01 | AG32: =ROUNDDOWN(IF(H32=0,AE32*AF32*120%,AE32*AF32),0) -> 77856 | AH32: ='THR''24'!AI32 -> #REF! | AI32: =AG32-AH32 -> #REF! | AK32: =AJ32-AI32 -> #REF! | AO32: ='[6]HARVESTING KHT'!$AL14 -> 3880088.2 | AP32: =L32+M32 -> 177016 | AQ32: =AO32+AP32 -> 4057104.2 | AR32: =AQ32-AE32 -> -3728499.8
B33: 28 | C33: RUSTAM | D33: 5203183112790211 | E33: - | F33: BARE LUNGKAK DESA GERENENG KEC. SAKRA TIMUR KAB. LOMBOK TIMUR | G33: PANEN | H33: L | I33: K/1 | J33: =IF(ISBLANK(I33),"",IF(OR(I33="TK/0",I33="TK/1",I33="K/0"),"TER A",IF(I33="K/3","TER C","TER B"))) -> TER B | K33: =25*121333.33 -> 3033333.2 | L33: =3640000*0.84% -> 30576 | M33: ='[6]HARVESTING KHT'!$AQ15 -> 146440 | N33: ='[6]HARVESTING KHT'!$U15 -> 82800 | O33: ='[6]HARVESTING KHT'!$X15 -> 0 | P33: ='[6]HARVESTING KHT'!$AD15 -> 0 | Q33: ='[6]HARVESTING KHT'!$AE15 -> 0 | R33: ='[6]HARVESTING KHT'!$AA15 -> 183240 | S33: ='[6]HARVESTING KHT'!$AB15 -> 85050 | T33: ='[6]HARVESTING KHT'!$AC15 -> 150150 | U33: ='[6]HARVESTING KHT'!$AF15 -> 0 | V33: ='[6]HARVESTING KHT'!$AH15 -> 0 | W33: ='[6]HARVESTING KHT'!$AK15 -> 0 | X33: ='[6]HARVESTING KHT'!$Z15 -> 21000 | Y33: =-'[6]HARVESTING KHT'!$AI15 -> 0 | AB33: =-'[6]HARVESTING KHT'!$BI15 -> -242666.66 | AC33: ='[4]HARVESTING KHT'!$M16 -> 3768999.9 | AE33: =ROUNDDOWN(SUM(K33:AD33),0) -> 7258922 | AF33: =IF(J33="TER A",VLOOKUP(AE33,Ter_A,4,TRUE),IF(J33="TER B",VLOOKUP(AE33,Ter_B,4,TRUE),VLOOKUP(AE33,Ter_C,4,TRUE))) -> 0.0075 | AG33: =ROUNDDOWN(IF(H33=0,AE33*AF33*120%,AE33*AF33),0) -> 54441 | AH33: ='THR''24'!AI33 -> #REF! | AK33: =AJ33-AI33 -> 0 | AM33: =AG33-AH33 -> #REF! | AO33: ='[6]HARVESTING KHT'!$AL15 -> 3312906.6 | AP33: =L33+M33 -> 177016 | AQ33: =AO33+AP33 -> 3489922.6 | AR33: =AQ33-AE33 -> -3768999.4
B34: 29 | C34: SAPRIANTO | D34: 1902052605910003 | E34: - | F34: DSN PESARAKAN RT. 007 RW. 003 DESA CENDIL KEC. KELAPA KAMPIT | G34: PANEN | H34: L | I34: K/1 | J34: =IF(ISBLANK(I34),"",IF(OR(I34="TK/0",I34="TK/1",I34="K/0"),"TER A",IF(I34="K/3","TER C","TER B"))) -> TER B | K34: =31*121333.33 -> 3761333.2 | L34: =3640000*0.84% -> 30576 | M34: ='[6]HARVESTING KHT'!$AQ16 -> 146200 | N34: ='[6]HARVESTING KHT'!$U16 -> 135000 | O34: ='[6]HARVESTING KHT'!$X16 -> 0 | P34: ='[6]HARVESTING KHT'!$AD16 -> 0 | Q34: ='[6]HARVESTING KHT'!$AE16 -> 0 | R34: ='[6]HARVESTING KHT'!$AA16 -> 0 | S34: ='[6]HARVESTING KHT'!$AB16 -> 116550 | T34: ='[6]HARVESTING KHT'!$AC16 -> 319000 | U34: ='[6]HARVESTING KHT'!$AF16 -> 0 | V34: ='[6]HARVESTING KHT'!$AH16 -> 0 | W34: ='[6]HARVESTING KHT'!$AK16 -> 0 | X34: ='[6]HARVESTING KHT'!$Z16 -> 15000 | Y34: =-'[6]HARVESTING KHT'!$AI16 -> 0 | AB34: =-'[6]HARVESTING KHT'!$BI16 -> -121333.33 | AC34: ='[4]HARVESTING KHT'!$M17 -> 3789999.9 | AE34: =ROUNDDOWN(SUM(K34:AD34),0) -> 8192325 | AF34: =IF(J34="TER A",VLOOKUP(AE34,Ter_A,4,TRUE),IF(J34="TER B",VLOOKUP(AE34,Ter_B,4,TRUE),VLOOKUP(AE34,Ter_C,4,TRUE))) -> 0.01 | AG34: =ROUNDDOWN(IF(H34=0,AE34*AF34*120%,AE34*AF34),0) -> 81923 | AH34: ='THR''24'!AI34 -> #REF! | AI34: =AG34-AH34 -> #REF! | AK34: =AJ34-AI34 -> #REF! | AO34: ='[6]HARVESTING KHT'!$AL16 -> 4225549.9 | AP34: =L34+M34 -> 176776 | AQ34: =AO34+AP34 -> 4402325.9 | AR34: =AQ34-AE34 -> -3789999.1
B35: 30 | C35: NANDAR ASMARA | D35: 3202262009710002 | E35: - | F35: KP NYALINDUNG RT. 034 RW. 008 DESA CIRACAP KEC. CIRACAP KAB. SUKABUMI JAWA BARAT | G35: PANEN | H35: L | I35: K/0 | J35: =IF(ISBLANK(I35),"",IF(OR(I35="TK/0",I35="TK/1",I35="K/0"),"TER A",IF(I35="K/3","TER C","TER B"))) -> TER A | K35: =31*121333.33 -> 3761333.2 | L35: =3640000*0.84% -> 30576 | M35: ='[6]HARVESTING KHT'!$AQ17 -> 145900 | N35: ='[6]HARVESTING KHT'!$U17 -> 111600 | O35: ='[6]HARVESTING KHT'!$X17 -> 0 | P35: ='[6]HARVESTING KHT'!$AD17 -> 0 | Q35: ='[6]HARVESTING KHT'!$AE17 -> 0 | R35: ='[6]HARVESTING KHT'!$AA17 -> 0 | S35: ='[6]HARVESTING KHT'!$AB17 -> 158550 | T35: ='[6]HARVESTING KHT'!$AC17 -> 336050 | U35: ='[6]HARVESTING KHT'!$AF17 -> 0 | V35: ='[6]HARVESTING KHT'!$AH17 -> 0 | W35: ='[6]HARVESTING KHT'!$AK17 -> 0 | X35: ='[6]HARVESTING KHT'!$Z17 -> 7500 | Y35: =-'[6]HARVESTING KHT'!$AI17 -> 0 | AB35: =-'[6]HARVESTING KHT'!$BI17 -> 0 | AC35: ='[4]HARVESTING KHT'!$M18 -> 3755499.9 | AE35: =ROUNDDOWN(SUM(K35:AD35),0) -> 8307009 | AF35: =IF(J35="TER A",VLOOKUP(AE35,Ter_A,4,TRUE),IF(J35="TER B",VLOOKUP(AE35,Ter_B,4,TRUE),VLOOKUP(AE35,Ter_C,4,TRUE))) -> 0.015 | AG35: =ROUNDDOWN(IF(H35=0,AE35*AF35*120%,AE35*AF35),0) -> 124605 | AH35: ='THR''24'!AI35 -> #REF! | AI35: =AG35-AH35 -> #REF! | AK35: =AJ35-AI35 -> #REF! | AO35: ='[6]HARVESTING KHT'!$AL17 -> 4375033.2 | AP35: =L35+M35 -> 176476 | AQ35: =AO35+AP35 -> 4551509.2 | AR35: =AQ35-AE35 -> -3755499.8
B36: 31 | C36: JUPRI | D36: 5203120107650934 | E36: - | F36: MONTOR DAKOK DESA PENGADANGAN KEC. PRINGGASELA KAB. LOMBOK TIMUR | G36: PANEN | H36: L | I36: K/2 | J36: =IF(ISBLANK(I36),"",IF(OR(I36="TK/0",I36="TK/1",I36="K/0"),"TER A",IF(I36="K/3","TER C","TER B"))) -> TER B | K36: =31*121333.33 -> 3761333.2 | L36: =3640000*0.84% -> 30576 | M36: ='[6]HARVESTING KHT'!$AQ18 -> 145800 | N36: ='[6]HARVESTING KHT'!$U18 -> 156600 | O36: ='[6]HARVESTING KHT'!$X18 -> 0 | P36: ='[6]HARVESTING KHT'!$AD18 -> 0 | Q36: ='[6]HARVESTING KHT'!$AE18 -> 0 | R36: ='[6]HARVESTING KHT'!$AA18 -> 96201 | S36: ='[6]HARVESTING KHT'!$AB18 -> 108150 | T36: ='[6]HARVESTING KHT'!$AC18 -> 165550 | U36: ='[6]HARVESTING KHT'!$AF18 -> 0 | V36: ='[6]HARVESTING KHT'!$AH18 -> 0 | W36: ='[6]HARVESTING KHT'!$AK18 -> 0 | X36: ='[6]HARVESTING KHT'!$Z18 -> 5000 | Y36: =-'[6]HARVESTING KHT'!$AI18 -> 0 | AB36: =-'[6]HARVESTING KHT'!$BI18 -> -242666.66 | AC36: ='[4]HARVESTING KHT'!$M19 -> 3806999.9 | AE36: =ROUNDDOWN(SUM(K36:AD36),0) -> 8033543 | AF36: =IF(J36="TER A",VLOOKUP(AE36,Ter_A,4,TRUE),IF(J36="TER B",VLOOKUP(AE36,Ter_B,4,TRUE),VLOOKUP(AE36,Ter_C,4,TRUE))) -> 0.01 | AG36: =ROUNDDOWN(IF(H36=0,AE36*AF36*120%,AE36*AF36),0) -> 80335 | AH36: ='THR''24'!AI36 -> #REF! | AK36: =AJ36-AI36 -> 0 | AM36: =AG36-AH36 -> #REF! | AO36: ='[6]HARVESTING KHT'!$AL18 -> 4050167.6 | AP36: =L36+M36 -> 176376 | AQ36: =AO36+AP36 -> 4226543.6 | AR36: =AQ36-AE36 -> -3806999.4
B37: 32 | C37: HERNAWADI | D37: 5203100912940002 | E37: 04.970.518.9-305.000 | F37: KOKOK RAJAK RT.003/RW.000 DESA DADAP KEC. SAMBELIA KAB. LOMBOK TIMUR | G37: PANEN | H37: L | I37: K/1 | J37: =IF(ISBLANK(I37),"",IF(OR(I37="TK/0",I37="TK/1",I37="K/0"),"TER A",IF(I37="K/3","TER C","TER B"))) -> TER B | K37: =31*121333.33 -> 3761333.2 | L37: =3640000*0.84% -> 30576 | M37: ='[6]HARVESTING KHT'!$AQ19 -> 145800 | N37: ='[6]HARVESTING KHT'!$U19 -> 139500 | O37: ='[6]HARVESTING KHT'!$X19 -> 0 | P37: ='[6]HARVESTING KHT'!$AD19 -> 0 | Q37: ='[6]HARVESTING KHT'!$AE19 -> 0 | R37: ='[6]HARVESTING KHT'!$AA19 -> 1012401 | S37: ='[6]HARVESTING KHT'!$AB19 -> 122850 | T37: ='[6]HARVESTING KHT'!$AC19 -> 220550 | U37: ='[6]HARVESTING KHT'!$AF19 -> 112245 | V37: ='[6]HARVESTING KHT'!$AH19 -> 300000 | W37: ='[6]HARVESTING KHT'!$AK19 -> 0 | X37: ='[6]HARVESTING KHT'!$Z19 -> 5000 | Y37: =-'[6]HARVESTING KHT'!$AI19 -> 0 | AB37: =-'[6]HARVESTING KHT'!$BI19 -> 0 | AC37: ='[4]HARVESTING KHT'!$M20 -> 3779999.9 | AE37: =ROUNDDOWN(SUM(K37:AD37),0) -> 9630255 | AF37: =IF(J37="TER A",VLOOKUP(AE37,Ter_A,4,TRUE),IF(J37="TER B",VLOOKUP(AE37,Ter_B,4,TRUE),VLOOKUP(AE37,Ter_C,4,TRUE))) -> 0.015 | AG37: =ROUNDDOWN(IF(H37=0,AE37*AF37*120%,AE37*AF37),0) -> 144453 | AH37: ='THR''24'!AI37 -> #REF! | AI37: =AG37-AH37 -> #REF! | AK37: =AJ37-AI37 -> #REF! | AO37: ='[6]HARVESTING KHT'!$AL19 -> 5673879.2 | AP37: =L37+M37 -> 176376 | AQ37: =AO37+AP37 -> 5850255.2 | AR37: =AQ37-AE37 -> -3779999.8
B38: 33 | C38: JAHARUDIN | D38: 5203173112780193 | E38: - | F38: GUNUNG TIMBA RT.006/ RW.003 DESA DENGGAN TIMUR KEC. SELONG KAB. LOMBOK TIMUR | G38: PANEN | H38: L | I38: K/1 | J38: =IF(ISBLANK(I38),"",IF(OR(I38="TK/0",I38="TK/1",I38="K/0"),"TER A",IF(I38="K/3","TER C","TER B"))) -> TER B | K38: =29*121333.33 -> 3518666.6 | L38: =3640000*0.84% -> 30576 | M38: ='[6]HARVESTING KHT'!$AQ20 -> 145800 | N38: ='[6]HARVESTING KHT'!$U20 -> 130500 | O38: ='[6]HARVESTING KHT'!$X20 -> 0 | P38: ='[6]HARVESTING KHT'!$AD20 -> 0 | Q38: ='[6]HARVESTING KHT'!$AE20 -> 0 | R38: ='[6]HARVESTING KHT'!$AA20 -> 774189 | S38: ='[6]HARVESTING KHT'!$AB20 -> 105000 | T38: ='[6]HARVESTING KHT'!$AC20 -> 154550 | U38: ='[6]HARVESTING KHT'!$AF20 -> 0 | V38: ='[6]HARVESTING KHT'!$AH20 -> 150000 | W38: ='[6]HARVESTING KHT'!$AK20 -> 0 | X38: ='[6]HARVESTING KHT'!$Z20 -> 5000 | Y38: =-'[6]HARVESTING KHT'!$AI20 -> 0 | AB38: =-'[6]HARVESTING KHT'!$BI20 -> 0 | AC38: ='[4]HARVESTING KHT'!$M21 -> 3779999.9 | AE38: =ROUNDDOWN(SUM(K38:AD38),0) -> 8794281 | AF38: =IF(J38="TER A",VLOOKUP(AE38,Ter_A,4,TRUE),IF(J38="TER B",VLOOKUP(AE38,Ter_B,4,TRUE),VLOOKUP(AE38,Ter_C,4,TRUE))) -> 0.01 | AG38: =ROUNDDOWN(IF(H38=0,AE38*AF38*120%,AE38*AF38),0) -> 87942 | AH38: ='THR''24'!AI38 -> #REF! | AI38: =AG38-AH38 -> #REF! | AK38: =AJ38-AI38 -> #REF! | AO38: ='[6]HARVESTING KHT'!$AL20 -> 4837905.6 | AP38: =L38+M38 -> 176376 | AQ38: =AO38+AP38 -> 5014281.6 | AR38: =AQ38-AE38 -> -3779999.4
B39: 34 | C39: BAHARI | D39: 5203070107770764 | E39: - | F39: DASAN GEDANG DAYA DESA DENGGEN KEC. SELONG KAB. LOMBOK TIMUR | G39: PANEN | H39: L | I39: K/2 | J39: =IF(ISBLANK(I39),"",IF(OR(I39="TK/0",I39="TK/1",I39="K/0"),"TER A",IF(I39="K/3","TER C","TER B"))) -> TER B | K39: =31*121333.33 -> 3761333.2 | L39: =3640000*0.84% -> 30576 | M39: ='[6]HARVESTING KHT'!$AQ21 -> 145800 | N39: ='[6]HARVESTING KHT'!$U21 -> 130500 | O39: ='[6]HARVESTING KHT'!$X21 -> 0 | P39: ='[6]HARVESTING KHT'!$AD21 -> 0 | Q39: ='[6]HARVESTING KHT'!$AE21 -> 0 | R39: ='[6]HARVESTING KHT'!$AA21 -> 462681 | S39: ='[6]HARVESTING KHT'!$AB21 -> 147000 | T39: ='[6]HARVESTING KHT'!$AC21 -> 312950 | U39: ='[6]HARVESTING KHT'!$AF21 -> 142695 | V39: ='[6]HARVESTING KHT'!$AH21 -> 0 | W39: ='[6]HARVESTING KHT'!$AK21 -> 0 | X39: ='[6]HARVESTING KHT'!$Z21 -> 5000 | Y39: =-'[6]HARVESTING KHT'!$AI21 -> 0 | AB39: =-'[6]HARVESTING KHT'!$BI21 -> -242666.66 | AC39: ='[4]HARVESTING KHT'!$M22 -> 3779999.9 | AE39: =ROUNDDOWN(SUM(K39:AD39),0) -> 8675868 | AF39: =IF(J39="TER A",VLOOKUP(AE39,Ter_A,4,TRUE),IF(J39="TER B",VLOOKUP(AE39,Ter_B,4,TRUE),VLOOKUP(AE39,Ter_C,4,TRUE))) -> 0.01 | AG39: =ROUNDDOWN(IF(H39=0,AE39*AF39*120%,AE39*AF39),0) -> 86758 | AH39: ='THR''24'!AI39 -> #REF! | AK39: =AJ39-AI39 -> 0 | AM39: =AG39-AH39 -> #REF! | AO39: ='[6]HARVESTING KHT'!$AL21 -> 4719492.6 | AP39: =L39+M39 -> 176376 | AQ39: =AO39+AP39 -> 4895868.6 | AR39: =AQ39-AE39 -> -3779999.4
B40: 35 | C40: SAPARUDIN | D40: 5202090109840002 | E40: - | F40: PENGKORES RT.005/RW.- DESA KOPANG REMBIGA KEC. KOPANG KAB. LOMBOK TENGAH | G40: PANEN | H40: L | I40: TK/0 | J40: =IF(ISBLANK(I40),"",IF(OR(I40="TK/0",I40="TK/1",I40="K/0"),"TER A",IF(I40="K/3","TER C","TER B"))) -> TER A | K40: =31*121333.33 -> 3761333.2 | L40: =3640000*0.84% -> 30576 | M40: ='[6]HARVESTING KHT'!$AQ22 -> 145700 | N40: ='[6]HARVESTING KHT'!$U22 -> 67500 | O40: ='[6]HARVESTING KHT'!$X22 -> 0 | P40: ='[6]HARVESTING KHT'!$AD22 -> 0 | Q40: ='[6]HARVESTING KHT'!$AE22 -> 0 | R40: ='[6]HARVESTING KHT'!$AA22 -> 323724 | S40: ='[6]HARVESTING KHT'!$AB22 -> 119700 | T40: ='[6]HARVESTING KHT'!$AC22 -> 165550 | U40: ='[6]HARVESTING KHT'!$AF22 -> 0 | V40: ='[6]HARVESTING KHT'!$AH22 -> 0 | W40: ='[6]HARVESTING KHT'!$AK22 -> 0 | X40: ='[6]HARVESTING KHT'!$Z22 -> 2500 | Y40: =-'[6]HARVESTING KHT'!$AI22 -> 0 | AB40: =-'[6]HARVESTING KHT'!$BI22 -> -121333.33 | AC40: ='[4]HARVESTING KHT'!$M23 -> 3709999.9 | AE40: =ROUNDDOWN(SUM(K40:AD40),0) -> 8205249 | AF40: =IF(J40="TER A",VLOOKUP(AE40,Ter_A,4,TRUE),IF(J40="TER B",VLOOKUP(AE40,Ter_B,4,TRUE),VLOOKUP(AE40,Ter_C,4,TRUE))) -> 0.015 | AG40: =ROUNDDOWN(IF(H40=0,AE40*AF40*120%,AE40*AF40),0) -> 123078 | AH40: ='THR''24'!AI40 -> #REF! | AI40: =AG40-AH40 -> #REF! | AK40: =AJ40-AI40 -> #REF! | AO40: ='[6]HARVESTING KHT'!$AL22 -> 4318973.9 | AP40: =L40+M40 -> 176276 | AQ40: =AO40+AP40 -> 4495249.9 | AR40: =AQ40-AE40 -> -3709999.1
B41: 36 | C41: HARDI | D41: 1902040308890003 | E41: - | F41: JL RAYA PELEPAK PUTE RT. 005 RW. 003 DESA PELEPAK PUTE KEC. SIJUK | G41: PANEN | H41: L | I41: K/2 | J41: =IF(ISBLANK(I41),"",IF(OR(I41="TK/0",I41="TK/1",I41="K/0"),"TER A",IF(I41="K/3","TER C","TER B"))) -> TER B | K41: =31*121333.33 -> 3761333.2 | L41: =3640000*0.84% -> 30576 | M41: ='[6]HARVESTING KHT'!$AQ23 -> 146320 | N41: ='[6]HARVESTING KHT'!$U23 -> 167400 | O41: ='[6]HARVESTING KHT'!$X23 -> 0 | P41: ='[6]HARVESTING KHT'!$AD23 -> 0 | Q41: ='[6]HARVESTING KHT'!$AE23 -> 0 | R41: ='[6]HARVESTING KHT'!$AA23 -> 0 | S41: ='[6]HARVESTING KHT'!$AB23 -> 118650 | T41: ='[6]HARVESTING KHT'!$AC23 -> 278850 | U41: ='[6]HARVESTING KHT'!$AF23 -> 0 | V41: ='[6]HARVESTING KHT'!$AH23 -> 0 | W41: ='[6]HARVESTING KHT'!$AK23 -> 0 | X41: ='[6]HARVESTING KHT'!$Z23 -> 18000 | Y41: =-'[6]HARVESTING KHT'!$AI23 -> -276957 | AB41: =-'[6]HARVESTING KHT'!$BI23 -> 0 | AC41: ='[4]HARVESTING KHT'!$M24 -> 3819999.9 | AE41: =ROUNDDOWN(SUM(K41:AD41),0) -> 8064172 | AF41: =IF(J41="TER A",VLOOKUP(AE41,Ter_A,4,TRUE),IF(J41="TER B",VLOOKUP(AE41,Ter_B,4,TRUE),VLOOKUP(AE41,Ter_C,4,TRUE))) -> 0.01 | AG41: =ROUNDDOWN(IF(H41=0,AE41*AF41*120%,AE41*AF41),0) -> 80641 | AH41: ='THR''24'!AI41 -> #REF! | AI41: =AG41-AH41 -> #REF! | AK41: =AJ41-AI41 -> #REF! | AO41: ='[6]HARVESTING KHT'!$AL23 -> 4067276.2 | AP41: =L41+M41 -> 176896 | AQ41: =AO41+AP41 -> 4244172.2 | AR41: =AQ41-AE41 -> -3819999.8
B42: 37 | C42: RUSDIANA | D42: 1902043009700001 | E42: 75.733.492.5-305.000 | F42: PELEPAK PUTE RT. 004 RW. 002 DESA PELEPAK PUTE KEC. SIJUK | G42: PANEN | H42: L | I42: K/2 | J42: =IF(ISBLANK(I42),"",IF(OR(I42="TK/0",I42="TK/1",I42="K/0"),"TER A",IF(I42="K/3","TER C","TER B"))) -> TER B | K42: =31*121333.33 -> 3761333.2 | L42: =3640000*0.84% -> 30576 | M42: ='[6]HARVESTING KHT'!$AQ24 -> 146440 | N42: ='[6]HARVESTING KHT'!$U24 -> 139500 | O42: ='[6]HARVESTING KHT'!$X24 -> 0 | P42: ='[6]HARVESTING KHT'!$AD24 -> 0 | Q42: ='[6]HARVESTING KHT'!$AE24 -> 0 | R42: ='[6]HARVESTING KHT'!$AA24 -> 0 | S42: ='[6]HARVESTING KHT'!$AB24 -> 98700 | T42: ='[6]HARVESTING KHT'!$AC24 -> 150150 | U42: ='[6]HARVESTING KHT'!$AF24 -> 0 | V42: ='[6]HARVESTING KHT'!$AH24 -> 0 | W42: ='[6]HARVESTING KHT'!$AK24 -> 0 | X42: ='[6]HARVESTING KHT'!$Z24 -> 21000 | Y42: =-'[6]HARVESTING KHT'!$AI24 -> 0 | AB42: =-'[6]HARVESTING KHT'!$BI24 -> 0 | AC42: ='[4]HARVESTING KHT'!$M25 -> 3795999.9 | AE42: =ROUNDDOWN(SUM(K42:AD42),0) -> 8143699 | AF42: =IF(J42="TER A",VLOOKUP(AE42,Ter_A,4,TRUE),IF(J42="TER B",VLOOKUP(AE42,Ter_B,4,TRUE),VLOOKUP(AE42,Ter_C,4,TRUE))) -> 0.01 | AG42: =ROUNDDOWN(IF(H42=0,AE42*AF42*120%,AE42*AF42),0) -> 81436 | AH42: ='THR''24'!AI42 -> #REF! | AI42: =AG42-AH42 -> #REF! | AK42: =AJ42-AI42 -> #REF! | AO42: ='[6]HARVESTING KHT'!$AL24 -> 4170683.2 | AP42: =L42+M42 -> 177016 | AQ42: =AO42+AP42 -> 4347699.2 | AR42: =AQ42-AE42 -> -3795999.8
B43: 38 | C43: NAHARUDDIN | D43: 5203181101800001 | E43: - | F43: MONTE DESA SURABAYA UTARA KEC. SAKRA TIMUR KAB. LOMBOK TIMUR | G43: PANEN | H43: L | I43: K/2 | J43: =IF(ISBLANK(I43),"",IF(OR(I43="TK/0",I43="TK/1",I43="K/0"),"TER A",IF(I43="K/3","TER C","TER B"))) -> TER B | K43: =31*121333.33 -> 3761333.2 | L43: =3640000*0.84% -> 30576 | M43: ='[6]HARVESTING KHT'!$AQ25 -> 145800 | N43: ='[6]HARVESTING KHT'!$U25 -> 139500 | O43: ='[6]HARVESTING KHT'!$X25 -> 0 | P43: ='[6]HARVESTING KHT'!$AD25 -> 0 | Q43: ='[6]HARVESTING KHT'!$AE25 -> 0 | R43: ='[6]HARVESTING KHT'!$AA25 -> 288603 | S43: ='[6]HARVESTING KHT'!$AB25 -> 109200 | T43: ='[6]HARVESTING KHT'!$AC25 -> 217250 | U43: ='[6]HARVESTING KHT'!$AF25 -> 0 | V43: ='[6]HARVESTING KHT'!$AH25 -> 0 | W43: ='[6]HARVESTING KHT'!$AK25 -> 0 | X43: ='[6]HARVESTING KHT'!$Z25 -> 5000 | Y43: =-'[6]HARVESTING KHT'!$AI25 -> 0 | AB43: =-'[6]HARVESTING KHT'!$BI25 -> 0 | AC43: ='[4]HARVESTING KHT'!$M26 -> 3779999.9 | AE43: =ROUNDDOWN(SUM(K43:AD43),0) -> 8477262 | AF43: =IF(J43="TER A",VLOOKUP(AE43,Ter_A,4,TRUE),IF(J43="TER B",VLOOKUP(AE43,Ter_B,4,TRUE),VLOOKUP(AE43,Ter_C,4,TRUE))) -> 0.01 | AG43: =ROUNDDOWN(IF(H43=0,AE43*AF43*120%,AE43*AF43),0) -> 84772 | AH43: ='THR''24'!AI43 -> #REF! | AI43: =AG43-AH43 -> #REF! | AK43: =AJ43-AI43 -> #REF! | AO43: ='[6]HARVESTING KHT'!$AL25 -> 4520886.2 | AP43: =L43+M43 -> 176376 | AQ43: =AO43+AP43 -> 4697262.2 | AR43: =AQ43-AE43 -> -3779999.8
B44: 39 | C44: SAPRIADI | D44: 5203011806820001 | E44: - | F44: KETANGGA BARAT DESA KETANGGA JERAENG KEC. KERUAK KAB. LOMBOK TIMUR | G44: PANEN | H44: L | I44: K/1 | J44: =IF(ISBLANK(I44),"",IF(OR(I44="TK/0",I44="TK/1",I44="K/0"),"TER A",IF(I44="K/3","TER C","TER B"))) -> TER B | K44: =29*121333.33 -> 3518666.6 | L44: =3640000*0.84% -> 30576 | M44: ='[6]HARVESTING KHT'!$AQ26 -> 146000 | N44: ='[6]HARVESTING KHT'!$U26 -> 130500 | O44: ='[6]HARVESTING KHT'!$X26 -> 0 | P44: ='[6]HARVESTING KHT'!$AD26 -> 0 | Q44: ='[6]HARVESTING KHT'!$AE26 -> 0 | R44: ='[6]HARVESTING KHT'!$AA26 -> 265698 | S44: ='[6]HARVESTING KHT'!$AB26 -> 103950 | T44: ='[6]HARVESTING KHT'!$AC26 -> 145750 | U44: ='[6]HARVESTING KHT'!$AF26 -> 160230 | V44: ='[6]HARVESTING KHT'!$AH26 -> 0 | W44: ='[6]HARVESTING KHT'!$AK26 -> 0 | X44: ='[6]HARVESTING KHT'!$Z26 -> 10000 | Y44: =-'[6]HARVESTING KHT'!$AI26 -> 0 | AB44: =-'[6]HARVESTING KHT'!$BI26 -> 0 | AC44: ='[4]HARVESTING KHT'!$M27 -> 3784999.9 | AE44: =ROUNDDOWN(SUM(K44:AD44),0) -> 8296370 | AF44: =IF(J44="TER A",VLOOKUP(AE44,Ter_A,4,TRUE),IF(J44="TER B",VLOOKUP(AE44,Ter_B,4,TRUE),VLOOKUP(AE44,Ter_C,4,TRUE))) -> 0.01 | AG44: =ROUNDDOWN(IF(H44=0,AE44*AF44*120%,AE44*AF44),0) -> 82963 | AH44: ='THR''24'!AI44 -> #REF! | AI44: =AG44-AH44 -> #REF! | AK44: =AJ44-AI44 -> #REF! | AO44: ='[6]HARVESTING KHT'!$AL26 -> 4334794.6 | AP44: =L44+M44 -> 176576 | AQ44: =AO44+AP44 -> 4511370.6 | AR44: =AQ44-AE44 -> -3784999.4
B45: 40 | C45: SAHDAN | D45: 5203033112850538 | E45: - | F45: LISUNG BATU, RT.004/- DS. PANDAN DURI KEC. TERARA KAB LOMBOK TIMUR | G45: PANEN | H45: L | I45: K/2 | J45: =IF(ISBLANK(I45),"",IF(OR(I45="TK/0",I45="TK/1",I45="K/0"),"TER A",IF(I45="K/3","TER C","TER B"))) -> TER B | K45: =31*121333.33 -> 3761333.2 | L45: =3640000*0.84% -> 30576 | M45: ='[6]HARVESTING KHT'!$AQ27 -> 145700 | N45: ='[6]HARVESTING KHT'!$U27 -> 167400 | O45: ='[6]HARVESTING KHT'!$X27 -> 0 | P45: ='[6]HARVESTING KHT'!$AD27 -> 0 | Q45: ='[6]HARVESTING KHT'!$AE27 -> 0 | R45: ='[6]HARVESTING KHT'!$AA27 -> 152700 | S45: ='[6]HARVESTING KHT'!$AB27 -> 123900 | T45: ='[6]HARVESTING KHT'!$AC27 -> 165550 | U45: ='[6]HARVESTING KHT'!$AF27 -> 0 | V45: ='[6]HARVESTING KHT'!$AH27 -> 0 | W45: ='[6]HARVESTING KHT'!$AK27 -> 0 | X45: ='[6]HARVESTING KHT'!$Z27 -> 2500 | Y45: =-'[6]HARVESTING KHT'!$AI27 -> -55391 | AB45: =-'[6]HARVESTING KHT'!$BI27 -> 0 | AC45: ='[4]HARVESTING KHT'!$M28 -> 3804499.9 | AE45: =ROUNDDOWN(SUM(K45:AD45),0) -> 8298768 | AF45: =IF(J45="TER A",VLOOKUP(AE45,Ter_A,4,TRUE),IF(J45="TER B",VLOOKUP(AE45,Ter_B,4,TRUE),VLOOKUP(AE45,Ter_C,4,TRUE))) -> 0.01 | AG45: =ROUNDDOWN(IF(H45=0,AE45*AF45*120%,AE45*AF45),0) -> 82987 | AH45: ='THR''24'!AI45 -> #REF! | AI45: =AG45-AH45 -> #REF! | AK45: =AJ45-AI45 -> #REF! | AO45: ='[6]HARVESTING KHT'!$AL27 -> 4317992.2 | AP45: =L45+M45 -> 176276 | AQ45: =AO45+AP45 -> 4494268.2 | AR45: =AQ45-AE45 -> -3804499.8
B46: 41 | C46: SURIADI | D46: 5203060107910397 | E46: - | F46: DUSUN GUBUK KEBON DESA SUKAMULIA KEC. SUKAMULIA KAB. LOMBOK TIMUR | G46: PANEN | H46: L | I46: TK/0 | J46: =IF(ISBLANK(I46),"",IF(OR(I46="TK/0",I46="TK/1",I46="K/0"),"TER A",IF(I46="K/3","TER C","TER B"))) -> TER A | K46: =31*121333.33 -> 3761333.2 | L46: =3640000*0.84% -> 30576 | M46: ='[6]HARVESTING KHT'!$AQ28 -> 145900 | N46: ='[6]HARVESTING KHT'!$U28 -> 69750 | O46: ='[6]HARVESTING KHT'!$X28 -> 0 | P46: ='[6]HARVESTING KHT'!$AD28 -> 0 | Q46: ='[6]HARVESTING KHT'!$AE28 -> 0 | R46: ='[6]HARVESTING KHT'!$AA28 -> 633705 | S46: ='[6]HARVESTING KHT'!$AB28 -> 119700 | T46: ='[6]HARVESTING KHT'!$AC28 -> 330000 | U46: ='[6]HARVESTING KHT'!$AF28 -> 0 | V46: ='[6]HARVESTING KHT'!$AH28 -> 150000 | W46: ='[6]HARVESTING KHT'!$AK28 -> 0 | X46: ='[6]HARVESTING KHT'!$Z28 -> 7500 | Y46: =-'[6]HARVESTING KHT'!$AI28 -> 0 | AB46: =-'[6]HARVESTING KHT'!$BI28 -> 0 | AC46: ='[4]HARVESTING KHT'!$M29 -> 3714999.9 | AE46: =ROUNDDOWN(SUM(K46:AD46),0) -> 8963464 | AF46: =IF(J46="TER A",VLOOKUP(AE46,Ter_A,4,TRUE),IF(J46="TER B",VLOOKUP(AE46,Ter_B,4,TRUE),VLOOKUP(AE46,Ter_C,4,TRUE))) -> 0.0175 | AG46: =ROUNDDOWN(IF(H46=0,AE46*AF46*120%,AE46*AF46),0) -> 156860 | AH46: ='THR''24'!AI46 -> #REF! | AK46: =AJ46-AI46 -> 0 | AM46: =AG46-AH46 -> #REF! | AO46: ='[6]HARVESTING KHT'!$AL28 -> 5071988.2 | AP46: =L46+M46 -> 176476 | AQ46: =AO46+AP46 -> 5248464.2 | AR46: =AQ46-AE46 -> -3714999.8
B47: 42 | C47: HAINI | D47: 1902041106830003 | E47: - | F47: JL TARUNA RT. 011 RW. 006 DESA SIJUK KEC. SIJUK | G47: PANEN | H47: L | I47: K/2 | J47: =IF(ISBLANK(I47),"",IF(OR(I47="TK/0",I47="TK/1",I47="K/0"),"TER A",IF(I47="K/3","TER C","TER B"))) -> TER B | K47: =31*121333.33 -> 3761333.2 | L47: =3640000*0.84% -> 30576 | M47: ='[6]HARVESTING KHT'!$AQ29 -> 146200 | N47: ='[6]HARVESTING KHT'!$U29 -> 167400 | O47: ='[6]HARVESTING KHT'!$X29 -> 0 | P47: ='[6]HARVESTING KHT'!$AD29 -> 0 | Q47: ='[6]HARVESTING KHT'!$AE29 -> 0 | R47: ='[6]HARVESTING KHT'!$AA29 -> 245847 | S47: ='[6]HARVESTING KHT'!$AB29 -> 128100 | T47: ='[6]HARVESTING KHT'!$AC29 -> 110000 | U47: ='[6]HARVESTING KHT'!$AF29 -> 0 | V47: ='[6]HARVESTING KHT'!$AH29 -> 0 | W47: ='[6]HARVESTING KHT'!$AK29 -> 0 | X47: ='[6]HARVESTING KHT'!$Z29 -> 15000 | Y47: =-'[6]HARVESTING KHT'!$AI29 -> 0 | AB47: =-'[6]HARVESTING KHT'!$BI29 -> 0 | AC47: ='[4]HARVESTING KHT'!$M30 -> 3816999.9 | AE47: =ROUNDDOWN(SUM(K47:AD47),0) -> 8421456 | AF47: =IF(J47="TER A",VLOOKUP(AE47,Ter_A,4,TRUE),IF(J47="TER B",VLOOKUP(AE47,Ter_B,4,TRUE),VLOOKUP(AE47,Ter_C,4,TRUE))) -> 0.01 | AG47: =ROUNDDOWN(IF(H47=0,AE47*AF47*120%,AE47*AF47),0) -> 84214 | AH47: ='THR''24'!AI47 -> #REF! | AI47: =AG47-AH47 -> #REF! | AK47: =AJ47-AI47 -> #REF! | AO47: ='[6]HARVESTING KHT'!$AL29 -> 4427680.2 | AP47: =L47+M47 -> 176776 | AQ47: =AO47+AP47 -> 4604456.2 | AR47: =AQ47-AE47 -> -3816999.8
B48: 43 | C48: KHAIRUL ANAM | D48: 5203192710020004 | E48: - | F48: CAOK DESA BUNGTIANG KEC. SAKRA BARAT KAB. LOMBOK TIMUR | G48: PANEN | H48: L | I48: TK/0 | J48: =IF(ISBLANK(I48),"",IF(OR(I48="TK/0",I48="TK/1",I48="K/0"),"TER A",IF(I48="K/3","TER C","TER B"))) -> TER A | K48: =31*121333.33 -> 3761333.2 | L48: =3640000*0.84% -> 30576 | M48: ='[6]HARVESTING KHT'!$AQ30 -> 145800 | N48: ='[6]HARVESTING KHT'!$U30 -> 69750 | O48: ='[6]HARVESTING KHT'!$X30 -> 0 | P48: ='[6]HARVESTING KHT'!$AD30 -> 0 | Q48: ='[6]HARVESTING KHT'!$AE30 -> 0 | R48: ='[6]HARVESTING KHT'!$AA30 -> 50391 | S48: ='[6]HARVESTING KHT'!$AB30 -> 183750 | T48: ='[6]HARVESTING KHT'!$AC30 -> 352000 | U48: ='[6]HARVESTING KHT'!$AF30 -> 0 | V48: ='[6]HARVESTING KHT'!$AH30 -> 0 | W48: ='[6]HARVESTING KHT'!$AK30 -> 0 | X48: ='[6]HARVESTING KHT'!$Z30 -> 5000 | Y48: =-'[6]HARVESTING KHT'!$AI30 -> 0 | AB48: =-'[6]HARVESTING KHT'!$BI30 -> 0 | AC48: ='[4]HARVESTING KHT'!$M31 -> 3712499.9 | AE48: =ROUNDDOWN(SUM(K48:AD48),0) -> 8311100 | AF48: =IF(J48="TER A",VLOOKUP(AE48,Ter_A,4,TRUE),IF(J48="TER B",VLOOKUP(AE48,Ter_B,4,TRUE),VLOOKUP(AE48,Ter_C,4,TRUE))) -> 0.015 | AG48: =ROUNDDOWN(IF(H48=0,AE48*AF48*120%,AE48*AF48),0) -> 124666 | AH48: ='THR''24'!AI48 -> #REF! | AI48: =AG48-AH48 -> #REF! | AK48: =AJ48-AI48 -> #REF! | AO48: ='[6]HARVESTING KHT'!$AL30 -> 4422224.2 | AP48: =L48+M48 -> 176376 | AQ48: =AO48+AP48 -> 4598600.2 | AR48: =AQ48-AE48 -> -3712499.8
B49: 44 | C49: RODI | D49: 5202092911910001 | E49: - | F49: PENGKORES RT.005/- DS. KOPANG REMBIGA KEC. KOPANG KAB. LOMBOK TENGAH | G49: PANEN | H49: L | I49: TK/0 | J49: =IF(ISBLANK(I49),"",IF(OR(I49="TK/0",I49="TK/1",I49="K/0"),"TER A",IF(I49="K/3","TER C","TER B"))) -> TER A | K49: =31*121333.33 -> 3761333.2 | L49: =3640000*0.84% -> 30576 | M49: ='[6]HARVESTING KHT'!$AQ31 -> 145600 | N49: ='[6]HARVESTING KHT'!$U31 -> 65250 | O49: ='[6]HARVESTING KHT'!$X31 -> 0 | P49: ='[6]HARVESTING KHT'!$AD31 -> 0 | Q49: ='[6]HARVESTING KHT'!$AE31 -> 0 | R49: ='[6]HARVESTING KHT'!$AA31 -> 27486 | S49: ='[6]HARVESTING KHT'!$AB31 -> 117600 | T49: ='[6]HARVESTING KHT'!$AC31 -> 353650 | U49: ='[6]HARVESTING KHT'!$AF31 -> 0 | V49: ='[6]HARVESTING KHT'!$AH31 -> 0 | W49: ='[6]HARVESTING KHT'!$AK31 -> 0 | X49: ='[6]HARVESTING KHT'!$Z31 -> 0 | Y49: =-'[6]HARVESTING KHT'!$AI31 -> 0 | AB49: =-'[6]HARVESTING KHT'!$BI31 -> -242666.66 | AC49: ='[4]HARVESTING KHT'!$M32 -> 3089583.2 | AE49: =ROUNDDOWN(SUM(K49:AD49),0) -> 7348411 | AF49: =IF(J49="TER A",VLOOKUP(AE49,Ter_A,4,TRUE),IF(J49="TER B",VLOOKUP(AE49,Ter_B,4,TRUE),VLOOKUP(AE49,Ter_C,4,TRUE))) -> 0.0125 | AG49: =ROUNDDOWN(IF(H49=0,AE49*AF49*120%,AE49*AF49),0) -> 91855 | AH49: ='THR''24'!AI49 -> #REF! | AI49: =AG49-AH49 -> #REF! | AK49: =AJ49-AI49 -> #REF! | AO49: ='[6]HARVESTING KHT'!$AL31 -> 4082652.6 | AP49: =L49+M49 -> 176176 | AQ49: =AO49+AP49 -> 4258828.6 | AR49: =AQ49-AE49 -> -3089582.4
B50: 45 | C50: RIADUSSHOLIHIN | D50: 5202031604000002 | E50: - | F50: MERTAK PAOK DS. MEKAR BERSATU KEC. BATUKLIANG KAB. LOMBOK TENGAH | G50: PANEN | H50: L | I50: TK/0 | J50: =IF(ISBLANK(I50),"",IF(OR(I50="TK/0",I50="TK/1",I50="K/0"),"TER A",IF(I50="K/3","TER C","TER B"))) -> TER A | K50: =31*121333.33 -> 3761333.2 | L50: =3640000*0.84% -> 30576 | M50: ='[6]HARVESTING KHT'!$AQ32 -> 145600 | N50: ='[6]HARVESTING KHT'!$U32 -> 65250 | O50: ='[6]HARVESTING KHT'!$X32 -> 0 | P50: ='[6]HARVESTING KHT'!$AD32 -> 0 | Q50: ='[6]HARVESTING KHT'!$AE32 -> 0 | R50: ='[6]HARVESTING KHT'!$AA32 -> 24432 | S50: ='[6]HARVESTING KHT'!$AB32 -> 73500 | T50: ='[6]HARVESTING KHT'!$AC32 -> 143000 | U50: ='[6]HARVESTING KHT'!$AF32 -> 0 | V50: ='[6]HARVESTING KHT'!$AH32 -> 0 | W50: ='[6]HARVESTING KHT'!$AK32 -> 0 | X50: ='[6]HARVESTING KHT'!$Z32 -> 0 | Y50: =-'[6]HARVESTING KHT'!$AI32 -> -42203 | AB50: =-'[6]HARVESTING KHT'!$BI32 -> -242666.66 | AC50: ='[4]HARVESTING KHT'!$M33 -> 3398541.6 | AE50: =ROUNDDOWN(SUM(K50:AD50),0) -> 7357363 | AF50: =IF(J50="TER A",VLOOKUP(AE50,Ter_A,4,TRUE),IF(J50="TER B",VLOOKUP(AE50,Ter_B,4,TRUE),VLOOKUP(AE50,Ter_C,4,TRUE))) -> 0.0125 | AG50: =ROUNDDOWN(IF(H50=0,AE50*AF50*120%,AE50*AF50),0) -> 91967 | AH50: ='THR''24'!AI50 -> #REF! | AK50: =AJ50-AI50 -> 0 | AM50: =AG50-AH50 -> #REF! | AO50: ='[6]HARVESTING KHT'!$AL32 -> 3782645.6 | AP50: =L50+M50 -> 176176 | AQ50: =AO50+AP50 -> 3958821.6 | AR50: =AQ50-AE50 -> -3398541.4
B51: 46 | C51: MIZAN ASRORI | D51: 5203051506870003 | E51: - | F51: LINGKOK JOET TENGAK TIMUR DESA KESIK KEC. MASBAGIK KAB. LOMBOK TIMUR | G51: PANEN | H51: L | I51: K/2 | J51: =IF(ISBLANK(I51),"",IF(OR(I51="TK/0",I51="TK/1",I51="K/0"),"TER A",IF(I51="K/3","TER C","TER B"))) -> TER B | K51: =31*121333.33 -> 3761333.2 | L51: =3640000*0.84% -> 30576 | M51: ='[6]HARVESTING KHT'!$AQ33 -> 145900 | N51: ='[6]HARVESTING KHT'!$U33 -> 167400 | O51: ='[6]HARVESTING KHT'!$X33 -> 0 | P51: ='[6]HARVESTING KHT'!$AD33 -> 0 | Q51: ='[6]HARVESTING KHT'!$AE33 -> 0 | R51: ='[6]HARVESTING KHT'!$AA33 -> 755865 | S51: ='[6]HARVESTING KHT'!$AB33 -> 123900 | T51: ='[6]HARVESTING KHT'!$AC33 -> 165550 | U51: ='[6]HARVESTING KHT'!$AF33 -> 123060 | V51: ='[6]HARVESTING KHT'!$AH33 -> 300000 | W51: ='[6]HARVESTING KHT'!$AK33 -> 0 | X51: ='[6]HARVESTING KHT'!$Z33 -> 7500 | Y51: =-'[6]HARVESTING KHT'!$AI33 -> 0 | AB51: =-'[6]HARVESTING KHT'!$BI33 -> 0 | AC51: ='[4]HARVESTING KHT'!$M34 -> 3809499.9 | AE51: =ROUNDDOWN(SUM(K51:AD51),0) -> 9390584 | AF51: =IF(J51="TER A",VLOOKUP(AE51,Ter_A,4,TRUE),IF(J51="TER B",VLOOKUP(AE51,Ter_B,4,TRUE),VLOOKUP(AE51,Ter_C,4,TRUE))) -> 0.015 | AG51: =ROUNDDOWN(IF(H51=0,AE51*AF51*120%,AE51*AF51),0) -> 140858 | AH51: ='THR''24'!AI51 -> #REF! | AI51: =AG51-AH51 -> #REF! | AK51: =AJ51-AI51 -> #REF! | AO51: ='[6]HARVESTING KHT'!$AL33 -> 5404608.2 | AP51: =L51+M51 -> 176476 | AQ51: =AO51+AP51 -> 5581084.2 | AR51: =AQ51-AE51 -> -3809499.8
B52: 47 | C52: DARMAWAN | D52: 5203023112800294 | E52: - | F52: LUHUN DESA SAKRA SELATAN KEC. SAKRA KAB. LOMBOK TIMUR NTB | G52: PANEN | H52: L | I52: K/2 | J52: =IF(ISBLANK(I52),"",IF(OR(I52="TK/0",I52="TK/1",I52="K/0"),"TER A",IF(I52="K/3","TER C","TER B"))) -> TER B | K52: =31*121333.33 -> 3761333.2 | L52: =3640000*0.84% -> 30576 | M52: ='[6]HARVESTING KHT'!$AQ34 -> 145800 | N52: ='[6]HARVESTING KHT'!$U34 -> 167400 | O52: ='[6]HARVESTING KHT'!$X34 -> 0 | P52: ='[6]HARVESTING KHT'!$AD34 -> 0 | Q52: ='[6]HARVESTING KHT'!$AE34 -> 0 | R52: ='[6]HARVESTING KHT'!$AA34 -> 212253 | S52: ='[6]HARVESTING KHT'!$AB34 -> 171150 | T52: ='[6]HARVESTING KHT'!$AC34 -> 311300 | U52: ='[6]HARVESTING KHT'!$AF34 -> 0 | V52: ='[6]HARVESTING KHT'!$AH34 -> 150000 | W52: ='[6]HARVESTING KHT'!$AK34 -> 0 | X52: ='[6]HARVESTING KHT'!$Z34 -> 5000 | Y52: =-'[6]HARVESTING KHT'!$AI34 -> 0 | AB52: =-'[6]HARVESTING KHT'!$BI34 -> 0 | AC52: ='[4]HARVESTING KHT'!$M35 -> 3806999.9 | AE52: =ROUNDDOWN(SUM(K52:AD52),0) -> 8761812 | AF52: =IF(J52="TER A",VLOOKUP(AE52,Ter_A,4,TRUE),IF(J52="TER B",VLOOKUP(AE52,Ter_B,4,TRUE),VLOOKUP(AE52,Ter_C,4,TRUE))) -> 0.01 | AG52: =ROUNDDOWN(IF(H52=0,AE52*AF52*120%,AE52*AF52),0) -> 87618 | AH52: ='THR''24'!AI52 -> #REF! | AI52: =AG52-AH52 -> #REF! | AK52: =AJ52-AI52 -> #REF! | AO52: ='[6]HARVESTING KHT'!$AL34 -> 4778436.2 | AP52: =L52+M52 -> 176376 | AQ52: =AO52+AP52 -> 4954812.2 | AR52: =AQ52-AE52 -> -3806999.8
B53: 48 | C53: SAWALUDIN | D53: 5203193112720202 | E53: - | F53: TEMINYAK DESA KEMBANG ARE SAMPAI KEC. SAKRA BARAT KAB. LOMBOK BARAT | G53: PANEN | H53: L | I53: K/2 | J53: =IF(ISBLANK(I53),"",IF(OR(I53="TK/0",I53="TK/1",I53="K/0"),"TER A",IF(I53="K/3","TER C","TER B"))) -> TER B | K53: =31*121333.33 -> 3761333.2 | L53: =3640000*0.84% -> 30576 | M53: ='[6]HARVESTING KHT'!$AQ35 -> 145700 | N53: ='[6]HARVESTING KHT'!$U35 -> 167400 | O53: ='[6]HARVESTING KHT'!$X35 -> 0 | P53: ='[6]HARVESTING KHT'!$AD35 -> 0 | Q53: ='[6]HARVESTING KHT'!$AE35 -> 0 | R53: ='[6]HARVESTING KHT'!$AA35 -> 255009 | S53: ='[6]HARVESTING KHT'!$AB35 -> 170100 | T53: ='[6]HARVESTING KHT'!$AC35 -> 294250 | U53: ='[6]HARVESTING KHT'!$AF35 -> 0 | V53: ='[6]HARVESTING KHT'!$AH35 -> 0 | W53: ='[6]HARVESTING KHT'!$AK35 -> 0 | X53: ='[6]HARVESTING KHT'!$Z35 -> 2500 | Y53: =-'[6]HARVESTING KHT'!$AI35 -> 0 | AB53: =-'[6]HARVESTING KHT'!$BI35 -> 0 | AC53: ='[4]HARVESTING KHT'!$M36 -> 3804499.9 | AE53: =ROUNDDOWN(SUM(K53:AD53),0) -> 8631368 | AF53: =IF(J53="TER A",VLOOKUP(AE53,Ter_A,4,TRUE),IF(J53="TER B",VLOOKUP(AE53,Ter_B,4,TRUE),VLOOKUP(AE53,Ter_C,4,TRUE))) -> 0.01 | AG53: =ROUNDDOWN(IF(H53=0,AE53*AF53*120%,AE53*AF53),0) -> 86313 | AH53: ='THR''24'!AI53 -> #REF! | AI53: =AG53-AH53 -> #REF! | AK53: =AJ53-AI53 -> #REF! | AO53: ='[6]HARVESTING KHT'!$AL35 -> 4650592.2 | AP53: =L53+M53 -> 176276 | AQ53: =AO53+AP53 -> 4826868.2 | AR53: =AQ53-AE53 -> -3804499.8
B54: 49 | C54: HALIK | D54: 1906011402870003 | E54: - | F54: DSN. NIBUNG PUNGGUR RT.003/RT.002 DS. MENTAWAK KEC. KELAPA KAMPIT KAB. BELITUNG TIMUR | G54: PANEN | H54: L | I54: K/2 | J54: =IF(ISBLANK(I54),"",IF(OR(I54="TK/0",I54="TK/1",I54="K/0"),"TER A",IF(I54="K/3","TER C","TER B"))) -> TER B | K54: =31*121333.33 -> 3761333.2 | L54: =3640000*0.84% -> 30576 | M54: ='[6]HARVESTING KHT'!$AQ36 -> 145600 | N54: ='[6]HARVESTING KHT'!$U36 -> 167400 | O54: ='[6]HARVESTING KHT'!$X36 -> 0 | P54: ='[6]HARVESTING KHT'!$AD36 -> 0 | Q54: ='[6]HARVESTING KHT'!$AE36 -> 0 | R54: ='[6]HARVESTING KHT'!$AA36 -> 0 | S54: ='[6]HARVESTING KHT'!$AB36 -> 163800 | T54: ='[6]HARVESTING KHT'!$AC36 -> 165550 | U54: ='[6]HARVESTING KHT'!$AF36 -> 0 | V54: ='[6]HARVESTING KHT'!$AH36 -> 0 | W54: ='[6]HARVESTING KHT'!$AK36 -> 0 | X54: ='[6]HARVESTING KHT'!$Z36 -> 0 | Y54: =-'[6]HARVESTING KHT'!$AI36 -> 0 | AB54: =-'[6]HARVESTING KHT'!$BI36 -> 0 | AC54: ='[4]HARVESTING KHT'!$M37 -> 2851499.9 | AE54: =ROUNDDOWN(SUM(K54:AD54),0) -> 7285759 | AF54: =IF(J54="TER A",VLOOKUP(AE54,Ter_A,4,TRUE),IF(J54="TER B",VLOOKUP(AE54,Ter_B,4,TRUE),VLOOKUP(AE54,Ter_C,4,TRUE))) -> 0.0075 | AG54: =ROUNDDOWN(IF(H54=0,AE54*AF54*120%,AE54*AF54),0) -> 54643 | AH54: ='THR''24'!AI54 -> #REF! | AI54: =AG54-AH54 -> #REF! | AK54: =AJ54-AI54 -> #REF! | AO54: ='[6]HARVESTING KHT'!$AL36 -> 4258083.2 | AP54: =L54+M54 -> 176176 | AQ54: =AO54+AP54 -> 4434259.2 | AR54: =AQ54-AE54 -> -2851499.8
B55: 50 | C55: ABDURRAHIM | D55: 5203193112750530 | E55: - | F55: GUBUK MAJLOK DS. BUNGTIANG KEC. SAKRA BARAT KAB. LOMBOK TIMUR | G55: PANEN | H55: L | I55: K/1 | J55: =IF(ISBLANK(I55),"",IF(OR(I55="TK/0",I55="TK/1",I55="K/0"),"TER A",IF(I55="K/3","TER C","TER B"))) -> TER B | K55: =31*121333.33 -> 3761333.2 | L55: =3640000*0.84% -> 30576 | M55: ='[6]HARVESTING KHT'!$AQ37 -> 145600 | N55: ='[6]HARVESTING KHT'!$U37 -> 111600 | O55: ='[6]HARVESTING KHT'!$X37 -> 0 | P55: ='[6]HARVESTING KHT'!$AD37 -> 0 | Q55: ='[6]HARVESTING KHT'!$AE37 -> 0 | R55: ='[6]HARVESTING KHT'!$AA37 -> 293184 | S55: ='[6]HARVESTING KHT'!$AB37 -> 157500 | T55: ='[6]HARVESTING KHT'!$AC37 -> 165550 | U55: ='[6]HARVESTING KHT'!$AF37 -> 0 | V55: ='[6]HARVESTING KHT'!$AH37 -> 0 | W55: ='[6]HARVESTING KHT'!$AK37 -> 0 | X55: ='[6]HARVESTING KHT'!$Z37 -> 0 | Y55: =-'[6]HARVESTING KHT'!$AI37 -> -84406 | AB55: =-'[6]HARVESTING KHT'!$BI37 -> 0 | AC55: ='[4]HARVESTING KHT'!$M38 -> 2498666.6 | AE55: =ROUNDDOWN(SUM(K55:AD55),0) -> 7079603 | AF55: =IF(J55="TER A",VLOOKUP(AE55,Ter_A,4,TRUE),IF(J55="TER B",VLOOKUP(AE55,Ter_B,4,TRUE),VLOOKUP(AE55,Ter_C,4,TRUE))) -> 0.0075 | AG55: =ROUNDDOWN(IF(H55=0,AE55*AF55*120%,AE55*AF55),0) -> 53097 | AH55: ='THR''24'!AI55 -> #REF! | AK55: =AJ55-AI55 -> 0 | AM55: =AG55-AH55 -> #REF! | AO55: ='[6]HARVESTING KHT'!$AL37 -> 4404761.2 | AP55: =L55+M55 -> 176176 | AQ55: =AO55+AP55 -> 4580937.2 | AR55: =AQ55-AE55 -> -2498665.8
B56: 51 | C56: HERI PURNAMA | D56: 5203023112870335 | E56: - | F56: PEROA LAUK EAT DS. SAKRA KEC. SAKRA KAB. LOMBOK TIMUR | G56: PANEN | H56: L | I56: K/2 | J56: =IF(ISBLANK(I56),"",IF(OR(I56="TK/0",I56="TK/1",I56="K/0"),"TER A",IF(I56="K/3","TER C","TER B"))) -> TER B | K56: =31*121333.33 -> 3761333.2 | L56: =3640000*0.84% -> 30576 | M56: ='[6]HARVESTING KHT'!$AQ38 -> 145600 | N56: ='[6]HARVESTING KHT'!$U38 -> 162000 | O56: ='[6]HARVESTING KHT'!$X38 -> 0 | P56: ='[6]HARVESTING KHT'!$AD38 -> 0 | Q56: ='[6]HARVESTING KHT'!$AE38 -> 0 | R56: ='[6]HARVESTING KHT'!$AA38 -> 100782 | S56: ='[6]HARVESTING KHT'!$AB38 -> 110250 | T56: ='[6]HARVESTING KHT'!$AC38 -> 341000 | U56: ='[6]HARVESTING KHT'!$AF38 -> 0 | V56: ='[6]HARVESTING KHT'!$AH38 -> 0 | W56: ='[6]HARVESTING KHT'!$AK38 -> 0 | X56: ='[6]HARVESTING KHT'!$Z38 -> 0 | Y56: =-'[6]HARVESTING KHT'!$AI38 -> -101551 | AB56: =-'[6]HARVESTING KHT'!$BI38 -> -121333.33 | AC56: ='[4]HARVESTING KHT'!$M39 -> 2534666.6 | AE56: =ROUNDDOWN(SUM(K56:AD56),0) -> 6963323 | AF56: =IF(J56="TER A",VLOOKUP(AE56,Ter_A,4,TRUE),IF(J56="TER B",VLOOKUP(AE56,Ter_B,4,TRUE),VLOOKUP(AE56,Ter_C,4,TRUE))) -> 0.0075 | AG56: =ROUNDDOWN(IF(H56=0,AE56*AF56*120%,AE56*AF56),0) -> 52224 | AH56: ='THR''24'!AI56 -> #REF! | AK56: =AJ56-AI56 -> 0 | AM56: =AG56-AH56 -> #REF! | AO56: ='[6]HARVESTING KHT'!$AL38 -> 4252480.9 | AP56: =L56+M56 -> 176176 | AQ56: =AO56+AP56 -> 4428656.9 | AR56: =AQ56-AE56 -> -2534666.1
B57: 52 | C57: MUSTAAN | D57: 5203192712750002 | E57: - | F57: ENKA - ENJAK DESA GADUNG MAS KEC. SAKRA BARAT KAB. LOMBOK TIMUR | G57: PANEN | H57: L | I57: K/2 | J57: =IF(ISBLANK(I57),"",IF(OR(I57="TK/0",I57="TK/1",I57="K/0"),"TER A",IF(I57="K/3","TER C","TER B"))) -> TER B | K57: =31*121333.33 -> 3761333.2 | L57: =3640000*0.84% -> 30576 | M57: ='[6]HARVESTING KHT'!$AQ39 -> 146000 | N57: ='[6]HARVESTING KHT'!$U39 -> 167400 | O57: ='[6]HARVESTING KHT'!$X39 -> 0 | P57: ='[6]HARVESTING KHT'!$AD39 -> 0 | Q57: ='[6]HARVESTING KHT'!$AE39 -> 0 | R57: ='[6]HARVESTING KHT'!$AA39 -> 545139 | S57: ='[6]HARVESTING KHT'!$AB39 -> 164850 | T57: ='[6]HARVESTING KHT'!$AC39 -> 155650 | U57: ='[6]HARVESTING KHT'!$AF39 -> 0 | V57: ='[6]HARVESTING KHT'!$AH39 -> 150000 | W57: ='[6]HARVESTING KHT'!$AK39 -> 0 | X57: ='[6]HARVESTING KHT'!$Z39 -> 10000 | Y57: =-'[6]HARVESTING KHT'!$AI39 -> 0 | AB57: =-'[6]HARVESTING KHT'!$BI39 -> 0 | AC57: ='[4]HARVESTING KHT'!$M40 -> 3811999.9 | AE57: =ROUNDDOWN(SUM(K57:AD57),0) -> 8942948 | AF57: =IF(J57="TER A",VLOOKUP(AE57,Ter_A,4,TRUE),IF(J57="TER B",VLOOKUP(AE57,Ter_B,4,TRUE),VLOOKUP(AE57,Ter_C,4,TRUE))) -> 0.01 | AG57: =ROUNDDOWN(IF(H57=0,AE57*AF57*120%,AE57*AF57),0) -> 89429 | AH57: ='THR''24'!AI57 -> #REF! | AI57: =AG57-AH57 -> #REF! | AK57: =AJ57-AI57 -> #REF! | AO57: ='[6]HARVESTING KHT'!$AL39 -> 4954372.2 | AP57: =L57+M57 -> 176576 | AQ57: =AO57+AP57 -> 5130948.2 | AR57: =AQ57-AE57 -> -3811999.8
B58: 53 | C58: RUSLAN | D58: 5203190107800567 | E58: - | F58: ENJAK - ENJAK DS. GADUNG MAS KEC. SAKRA BARAT KAB. LOMBOK TIMUR | G58: PANEN | H58: L | I58: K/0 | J58: =IF(ISBLANK(I58),"",IF(OR(I58="TK/0",I58="TK/1",I58="K/0"),"TER A",IF(I58="K/3","TER C","TER B"))) -> TER A | K58: =31*121333.33 -> 3761333.2 | L58: =3640000*0.84% -> 30576 | M58: ='[6]HARVESTING KHT'!$AQ40 -> 145600 | N58: ='[6]HARVESTING KHT'!$U40 -> 111600 | O58: ='[6]HARVESTING KHT'!$X40 -> 0 | P58: ='[6]HARVESTING KHT'!$AD40 -> 0 | Q58: ='[6]HARVESTING KHT'!$AE40 -> 0 | R58: ='[6]HARVESTING KHT'!$AA40 -> 610800 | S58: ='[6]HARVESTING KHT'!$AB40 -> 168000 | T58: ='[6]HARVESTING KHT'!$AC40 -> 150150 | U58: ='[6]HARVESTING KHT'!$AF40 -> 0 | V58: ='[6]HARVESTING KHT'!$AH40 -> 150000 | W58: ='[6]HARVESTING KHT'!$AK40 -> 0 | X58: ='[6]HARVESTING KHT'!$Z40 -> 0 | Y58: =-'[6]HARVESTING KHT'!$AI40 -> 0 | AB58: =-'[6]HARVESTING KHT'!$BI40 -> 0 | AC58: ='[4]HARVESTING KHT'!$M41 -> 3435666.6 | AE58: =ROUNDDOWN(SUM(K58:AD58),0) -> 8563725 | AF58: =IF(J58="TER A",VLOOKUP(AE58,Ter_A,4,TRUE),IF(J58="TER B",VLOOKUP(AE58,Ter_B,4,TRUE),VLOOKUP(AE58,Ter_C,4,TRUE))) -> 0.0175 | AG58: =ROUNDDOWN(IF(H58=0,AE58*AF58*120%,AE58*AF58),0) -> 149865 | AH58: ='THR''24'!AI58 -> #REF! | AI58: =AG58-AH58 -> #REF! | AK58: =AJ58-AI58 -> #REF! | AO58: ='[6]HARVESTING KHT'!$AL40 -> 4951883.2 | AP58: =L58+M58 -> 176176 | AQ58: =AO58+AP58 -> 5128059.2 | AR58: =AQ58-AE58 -> -3435665.8
B59: 54 | C59: RUMIYAH | D59: 5204051609820001 | E59: - | F59: DSN. BRANG BAGE RT.002/RW.008 DS. JURAN ALAS KEC. ALAS KAB. SUMBAWA | G59: PANEN | H59: L | I59: K/3 | J59: =IF(ISBLANK(I59),"",IF(OR(I59="TK/0",I59="TK/1",I59="K/0"),"TER A",IF(I59="K/3","TER C","TER B"))) -> TER C | K59: =31*121333.33 -> 3761333.2 | L59: =3640000*0.84% -> 30576 | M59: ='[6]HARVESTING KHT'!$AQ41 -> 145600 | N59: ='[6]HARVESTING KHT'!$U41 -> 167400 | O59: ='[6]HARVESTING KHT'!$X41 -> 0 | P59: ='[6]HARVESTING KHT'!$AD41 -> 0 | Q59: ='[6]HARVESTING KHT'!$AE41 -> 0 | R59: ='[6]HARVESTING KHT'!$AA41 -> 456573 | S59: ='[6]HARVESTING KHT'!$AB41 -> 141750 | T59: ='[6]HARVESTING KHT'!$AC41 -> 344300 | U59: ='[6]HARVESTING KHT'!$AF41 -> 122850 | V59: ='[6]HARVESTING KHT'!$AH41 -> 150000 | W59: ='[6]HARVESTING KHT'!$AK41 -> 0 | X59: ='[6]HARVESTING KHT'!$Z41 -> 0 | Y59: =-'[6]HARVESTING KHT'!$AI41 -> 0 | AB59: =-'[6]HARVESTING KHT'!$BI41 -> 0 | AC59: ='[4]HARVESTING KHT'!$M42 -> 2217833.3 | AE59: =ROUNDDOWN(SUM(K59:AD59),0) -> 7538215 | AF59: =IF(J59="TER A",VLOOKUP(AE59,Ter_A,4,TRUE),IF(J59="TER B",VLOOKUP(AE59,Ter_B,4,TRUE),VLOOKUP(AE59,Ter_C,4,TRUE))) -> 0.0075 | AG59: =ROUNDDOWN(IF(H59=0,AE59*AF59*120%,AE59*AF59),0) -> 56536 | AH59: ='THR''24'!AI59 -> #REF! | AI59: =AG59-AH59 -> #REF! | AK59: =AJ59-AI59 -> #REF! | AO59: ='[6]HARVESTING KHT'!$AL41 -> 5144206.2 | AP59: =L59+M59 -> 176176 | AQ59: =AO59+AP59 -> 5320382.2 | AR59: =AQ59-AE59 -> -2217832.8
B60: 55 | C60: SUPARDI | D60: 5203021009770001 | E60: - | F60: ORONG DEWE DS. SAKRA SELATAN KEC. SAKRA KAB. LOMBOK TIMUR | G60: PANEN | H60: L | I60: K/3 | J60: =IF(ISBLANK(I60),"",IF(OR(I60="TK/0",I60="TK/1",I60="K/0"),"TER A",IF(I60="K/3","TER C","TER B"))) -> TER C | K60: =31*121333.33 -> 3761333.2 | L60: =3640000*0.84% -> 30576 | M60: ='[6]HARVESTING KHT'!$AQ42 -> 145600 | N60: ='[6]HARVESTING KHT'!$U42 -> 167400 | O60: ='[6]HARVESTING KHT'!$X42 -> 0 | P60: ='[6]HARVESTING KHT'!$AD42 -> 105202.3 | Q60: ='[6]HARVESTING KHT'!$AE42 -> 44505 | R60: ='[6]HARVESTING KHT'!$AA42 -> 366480 | S60: ='[6]HARVESTING KHT'!$AB42 -> 123900 | T60: ='[6]HARVESTING KHT'!$AC42 -> 165550 | U60: ='[6]HARVESTING KHT'!$AF42 -> 0 | V60: ='[6]HARVESTING KHT'!$AH42 -> 0 | W60: ='[6]HARVESTING KHT'!$AK42 -> 0 | X60: ='[6]HARVESTING KHT'!$Z42 -> 0 | Y60: =-'[6]HARVESTING KHT'!$AI42 -> 0 | AB60: =-'[6]HARVESTING KHT'!$BI42 -> 0 | AC60: ='[4]HARVESTING KHT'!$M43 -> 2217833.3 | AE60: =ROUNDDOWN(SUM(K60:AD60),0) -> 7128379 | AF60: =IF(J60="TER A",VLOOKUP(AE60,Ter_A,4,TRUE),IF(J60="TER B",VLOOKUP(AE60,Ter_B,4,TRUE),VLOOKUP(AE60,Ter_C,4,TRUE))) -> 0.005 | AG60: =ROUNDDOWN(IF(H60=0,AE60*AF60*120%,AE60*AF60),0) -> 35641 | AH60: ='THR''24'!AI60 -> #REF! | AK60: =AJ60-AI60 -> 0 | AM60: =AG60-AH60 -> #REF! | AO60: ='[6]HARVESTING KHT'!$AL42 -> 4734370.5 | AP60: =L60+M60 -> 176176 | AQ60: =AO60+AP60 -> 4910546.5 | AR60: =AQ60-AE60 -> -2217832.5
B61: 56 | C61: GASRA | D61: 5203041311750001 | E61: - | F61: BAGIK BONGKANG DESA DARMASARI KEC. SIKUR KAB. LOMBOK TIMUR | G61: PANEN | H61: L | I61: K/2 | J61: =IF(ISBLANK(I61),"",IF(OR(I61="TK/0",I61="TK/1",I61="K/0"),"TER A",IF(I61="K/3","TER C","TER B"))) -> TER B | K61: =31*121333.33 -> 3761333.2 | L61: =3640000*0.84% -> 30576 | M61: ='[6]HARVESTING KHT'!$AQ43 -> 145900 | N61: ='[6]HARVESTING KHT'!$U43 -> 167400 | O61: ='[6]HARVESTING KHT'!$X43 -> 0 | P61: ='[6]HARVESTING KHT'!$AD43 -> 0 | Q61: ='[6]HARVESTING KHT'!$AE43 -> 0 | R61: ='[6]HARVESTING KHT'!$AA43 -> 42756 | S61: ='[6]HARVESTING KHT'!$AB43 -> 142800 | T61: ='[6]HARVESTING KHT'!$AC43 -> 336050 | U61: ='[6]HARVESTING KHT'!$AF43 -> 163380 | V61: ='[6]HARVESTING KHT'!$AH43 -> 0 | W61: ='[6]HARVESTING KHT'!$AK43 -> 0 | X61: ='[6]HARVESTING KHT'!$Z43 -> 7500 | Y61: =-'[6]HARVESTING KHT'!$AI43 -> 0 | AB61: =-'[6]HARVESTING KHT'!$BI43 -> 0 | AC61: ='[4]HARVESTING KHT'!$M44 -> 3809499.9 | AE61: =ROUNDDOWN(SUM(K61:AD61),0) -> 8607195 | AF61: =IF(J61="TER A",VLOOKUP(AE61,Ter_A,4,TRUE),IF(J61="TER B",VLOOKUP(AE61,Ter_B,4,TRUE),VLOOKUP(AE61,Ter_C,4,TRUE))) -> 0.01 | AG61: =ROUNDDOWN(IF(H61=0,AE61*AF61*120%,AE61*AF61),0) -> 86071 | AH61: ='THR''24'!AI61 -> #REF! | AI61: =AG61-AH61 -> #REF! | AK61: =AJ61-AI61 -> #REF! | AO61: ='[6]HARVESTING KHT'!$AL43 -> 4621219.2 | AP61: =L61+M61 -> 176476 | AQ61: =AO61+AP61 -> 4797695.2 | AR61: =AQ61-AE61 -> -3809499.8
B62: 57 | C62: JUMADIL | D62: 5203010107780410 | E62: - | F62: DASAN BARU DESA SENYIUR KEC. KERUAK KAB. LOMBOK TIMUR | G62: PANEN | H62: L | I62: K/2 | J62: =IF(ISBLANK(I62),"",IF(OR(I62="TK/0",I62="TK/1",I62="K/0"),"TER A",IF(I62="K/3","TER C","TER B"))) -> TER B | K62: =31*121333.33 -> 3761333.2 | L62: =3640000*0.84% -> 30576 | M62: ='[6]HARVESTING KHT'!$AQ44 -> 145900 | N62: ='[6]HARVESTING KHT'!$U44 -> 167400 | O62: ='[6]HARVESTING KHT'!$X44 -> 0 | P62: ='[6]HARVESTING KHT'!$AD44 -> 0 | Q62: ='[6]HARVESTING KHT'!$AE44 -> 0 | R62: ='[6]HARVESTING KHT'!$AA44 -> 375642 | S62: ='[6]HARVESTING KHT'!$AB44 -> 169050 | T62: ='[6]HARVESTING KHT'!$AC44 -> 335500 | U62: ='[6]HARVESTING KHT'!$AF44 -> 0 | V62: ='[6]HARVESTING KHT'!$AH44 -> 0 | W62: ='[6]HARVESTING KHT'!$AK44 -> 0 | X62: ='[6]HARVESTING KHT'!$Z44 -> 7500 | Y62: =-'[6]HARVESTING KHT'!$AI44 -> 0 | AB62: =-'[6]HARVESTING KHT'!$BI44 -> 0 | AC62: ='[4]HARVESTING KHT'!$M45 -> 3809499.9 | AE62: =ROUNDDOWN(SUM(K62:AD62),0) -> 8802401 | AF62: =IF(J62="TER A",VLOOKUP(AE62,Ter_A,4,TRUE),IF(J62="TER B",VLOOKUP(AE62,Ter_B,4,TRUE),VLOOKUP(AE62,Ter_C,4,TRUE))) -> 0.01 | AG62: =ROUNDDOWN(IF(H62=0,AE62*AF62*120%,AE62*AF62),0) -> 88024 | AH62: ='THR''24'!AI62 -> #REF! | AK62: =AJ62-AI62 -> 0 | AM62: =AG62-AH62 -> #REF! | AO62: ='[6]HARVESTING KHT'!$AL44 -> 4816425.2 | AP62: =L62+M62 -> 176476 | AQ62: =AO62+AP62 -> 4992901.2 | AR62: =AQ62-AE62 -> -3809499.8
B63: 58 | C63: FITRIADI | D63: 1902010208830005 | E63: - | F63: JL. SIJUK RT. 028 RW. 010 KELURAHAN PAAL SATU KEC. TANJUNGPANDAN | G63: OPERATOR | H63: L | I63: K/1 | J63: =IF(ISBLANK(I63),"",IF(OR(I63="TK/0",I63="TK/1",I63="K/0"),"TER A",IF(I63="K/3","TER C","TER B"))) -> TER B | K63: =31*121333.33 -> 3761333.2 | L63: =3640000*0.84% -> 30576 | M63: =[6]TRANSPORT!$AH11 -> 146920 | N63: =[6]TRANSPORT!$S11 -> 130500 | O63: =[6]TRANSPORT!$V11 -> 60000 | P63: =[6]TRANSPORT!$Z11 -> 1009942.1 | Q63: =[6]TRANSPORT!$Y11 -> 1003725 | X63: =[6]TRANSPORT!$X11 -> 33000 | AB63: =-[6]TRANSPORT!$AX11 -> -242666.66 | AC63: =[4]TRANSPORT!$N12 -> 3807999.9 | AE63: =ROUNDDOWN(SUM(K63:AD63),0) -> 9741329 | AF63: =IF(J63="TER A",VLOOKUP(AE63,Ter_A,4,TRUE),IF(J63="TER B",VLOOKUP(AE63,Ter_B,4,TRUE),VLOOKUP(AE63,Ter_C,4,TRUE))) -> 0.015 | AG63: =ROUNDDOWN(IF(H63=0,AE63*AF63*120%,AE63*AF63),0) -> 146119 | AH63: ='THR''24'!AI63 -> #REF! | AI63: =AG63-AH63 -> #REF! | AK63: =AJ63-AI63 -> #REF! | AO63: =[6]TRANSPORT!$AC11 -> 5755833.7 | AP63: =L63+M63 -> 177496 | AQ63: =AO63+AP63 -> 5933329.7 | AR63: =AQ63-AE63 -> -3807999.3
B64: 59 | C64: HENDRIYADI | D64: 1902051710890001 | E64: 97.237.617.2-305.000 | F64: PARIT GUNUNG RT. 005 RW. 003 DESA AIR BATU BUDING KEC. BADAU | G64: HELPER | H64: L | I64: K/1 | J64: =IF(ISBLANK(I64),"",IF(OR(I64="TK/0",I64="TK/1",I64="K/0"),"TER A",IF(I64="K/3","TER C","TER B"))) -> TER B | K64: =31*121333.33 -> 3761333.2 | L64: =3640000*0.84% -> 30576 | M64: =[6]TRANSPORT!$AH12 -> 147480 | N64: =[6]TRANSPORT!$S12 -> 156600 | O64: =[6]TRANSPORT!$V12 -> 32000 | P64: =[6]TRANSPORT!$Z12 -> 757456.56 | Q64: =[6]TRANSPORT!$Y12 -> 843540 | X64: =[6]TRANSPORT!$X12 -> 47000 | AB64: =-[6]TRANSPORT!$AX12 -> -242666.66 | AC64: =[4]TRANSPORT!$N13 -> 3848999.9 | AE64: =ROUNDDOWN(SUM(K64:AD64),0) -> 9382319 | AF64: =IF(J64="TER A",VLOOKUP(AE64,Ter_A,4,TRUE),IF(J64="TER B",VLOOKUP(AE64,Ter_B,4,TRUE),VLOOKUP(AE64,Ter_C,4,TRUE))) -> 0.015 | AG64: =ROUNDDOWN(IF(H64=0,AE64*AF64*120%,AE64*AF64),0) -> 140734 | AH64: ='THR''24'!AI64 -> #REF! | AK64: =AJ64-AI64 -> 0 | AM64: =AG64-AH64 -> #REF! | AO64: =[6]TRANSPORT!$AC12 -> 5355263.1 | AP64: =L64+M64 -> 178056 | AQ64: =AO64+AP64 -> 5533319.1 | AR64: =AQ64-AE64 -> -3848999.9
B65: 60 | C65: HADI | D65: 1902051206780003 | E65: 97.228.562.1-305.000 | F65: JL MANGGAR RT. 010 RW. 003 DESA KACANG BUTOR KEC. BADAU | G65: OPERATOR | H65: L | I65: K/1 | J65: =IF(ISBLANK(I65),"",IF(OR(I65="TK/0",I65="TK/1",I65="K/0"),"TER A",IF(I65="K/3","TER C","TER B"))) -> TER B | K65: =31*121333.33 -> 3761333.2 | L65: =3640000*0.84% -> 30576 | M65: =[6]TRANSPORT!$AH13 -> 148040 | N65: =[6]TRANSPORT!$S13 -> 130500 | O65: =[6]TRANSPORT!$V13 -> 63000 | P65: =[6]TRANSPORT!$Z13 -> 1125664.6 | Q65: =[6]TRANSPORT!$Y13 -> 905715 | X65: =[6]TRANSPORT!$X13 -> 61000 | AB65: =-[6]TRANSPORT!$AX13 -> -242666.66 | AC65: =[4]TRANSPORT!$N14 -> 3835999.9 | AE65: =ROUNDDOWN(SUM(K65:AD65),0) -> 9819162 | AF65: =IF(J65="TER A",VLOOKUP(AE65,Ter_A,4,TRUE),IF(J65="TER B",VLOOKUP(AE65,Ter_B,4,TRUE),VLOOKUP(AE65,Ter_C,4,TRUE))) -> 0.015 | AG65: =ROUNDDOWN(IF(H65=0,AE65*AF65*120%,AE65*AF65),0) -> 147287 | AH65: ='THR''24'!AI65 -> #REF! | AI65: =AG65-AH65 -> #REF! | AK65: =AJ65-AI65 -> #REF! | AO65: =[6]TRANSPORT!$AC13 -> 5804546.2 | AP65: =L65+M65 -> 178616 | AQ65: =AO65+AP65 -> 5983162.2 | AR65: =AQ65-AE65 -> -3835999.8
B66: 61 | C66: RUSDI | D66: 1902040111850001 | E66: 75.803.617.2-305.000 | F66: DSN PELEPAK PUTIH RT. 021 RW. 011 DESA SIJUK KEC. SIJUK | G66: HELPER | H66: L | I66: K/2 | J66: =IF(ISBLANK(I66),"",IF(OR(I66="TK/0",I66="TK/1",I66="K/0"),"TER A",IF(I66="K/3","TER C","TER B"))) -> TER B | K66: =31*121333.33 -> 3761333.2 | L66: =3640000*0.84% -> 30576 | M66: =[6]TRANSPORT!$AH14 -> 146680 | N66: =[6]TRANSPORT!$S14 -> 167400 | O66: =[6]TRANSPORT!$V14 -> 48000 | P66: =[6]TRANSPORT!$Z14 -> 1178265.8 | Q66: =[6]TRANSPORT!$Y14 -> 1095165 | X66: =[6]TRANSPORT!$X14 -> 27000 | AB66: =-[6]TRANSPORT!$AX14 -> 0 | AC66: =[4]TRANSPORT!$N15 -> 3828999.9 | AE66: =ROUNDDOWN(SUM(K66:AD66),0) -> 10283419 | AF66: =IF(J66="TER A",VLOOKUP(AE66,Ter_A,4,TRUE),IF(J66="TER B",VLOOKUP(AE66,Ter_B,4,TRUE),VLOOKUP(AE66,Ter_C,4,TRUE))) -> 0.015 | AG66: =ROUNDDOWN(IF(H66=0,AE66*AF66*120%,AE66*AF66),0) -> 154251 | AH66: ='THR''24'!AI66 -> #REF! | AI66: =AG66-AH66 -> #REF! | AK66: =AJ66-AI66 -> #REF! | AO66: =[6]TRANSPORT!$AC14 -> 6277164 | AP66: =L66+M66 -> 177256 | AQ66: =AO66+AP66 -> 6454420 | AR66: =AQ66-AE66 -> -3828999
K67: =SUM(K6:K66) -> 2.2809383e+08 | L67: =SUM(L6:L66) -> 1866018 | M67: =SUM(M6:M66) -> 8943560 | N67: =SUM(N6:N66) -> 7004250 | O67: =SUM(O6:O66) -> 419000 | P67: =SUM(P6:P66) -> 9644377.8 | Q67: =SUM(Q6:Q66) -> 4203020 | R67: =SUM(R6:R66) -> 9105501 | ... AM67: =SUM(AM6:AM66) -> #REF! | AO67: =SUM(AO6:AO66) -> 2.6950546e+08 | AP67: =SUM(AP6:AP66) -> 10809578 | AQ67: =SUM(AQ6:AQ66) -> 2.8031504e+08 | AR67: =SUM(AR6:AR66) -> -2.2266676e+08
AJ68: =+'[5]PPH21-STAFF'!$T$215 -> 4628793.9
B69: Catatan :
B70: 1. yang berwarna adalah rumus
B71: 2. dalam hal terdapat tunjangan PPh, maka ceklis "enable iterative calculation" pada menu (option => formula => pada bagian kanan atas)
B72: 3. kolom pengurang JHT/JP tetap wajib diisi, sebagai pengurang pada masa pajak desember
B73: 4. komponen penghasilan bruto dapat disesuaikan/ditambahkan kolom, sesuai dengan kebutuhan masing2 perusahaan
B74: 5. perubahan status PTKP ditentukan keadaan awal tahun, misal nikah/punya anak ditanggal 2 januari 2024, maka berubah status PTKP nya tahun 2025
B75: 6. PPh 21 terutang tersebut sudah memperhitungkan bagi yang tidak memiliki NPWP dengan jumlah PPh Terutang 20% lebih besar.
B76: 7. untuk yang tidak mempunyai NPWP dapat diisi dengan angka Nol
B77: 8. untuk perhitungan pph 21 (THR, Bonus, Tantiem) rumus penghasilan brutonya dapat disesuaikan dengan masa pajak THR tersebut diberikan
B78: 9. khusus untuk perhitungan pph 21 masa pajak desember, dapat di cek kembali rumus total per komponen penghasilan brutonya (jika ada penambahan/pengurangan kolom)
B79: 10. untuk jan s.d nop dapat diduplicate sheetnya
K82: Dibuat Oleh, | AB82: Diketahui Oleh, | AQ82: =AC67+AQ67 -> 5.0298182e+08
AQ84: =AQ67-AR85 -> 2.8031501e+08
K85: Wiwis | AB85: Gohi Maruli L Toruan,SP | AR85: =AQ82-AE67 -> 22.735
K86: Kerani | AB86: Estate Manager PG1/2B

Sheet APRIL'24
B1: PT. REBINMAS JAYA
B2: INCOME TAX ARTICLE 21 FOR APR 2024
B3: PGE 1A (AIR KUNDO)
C4: yang berwarna ini rumus | N4: T.Beras | O4: T.Jabatan | P4: Lembur
B5: NO. | C5: NAMA KARYAWAN | D5: N I K / PASPOR | E5: N P W P | F5: A L A M A T | G5: JABATAN | H5: L/P | I5: PTKP | J5: TER | K5: Gaji Pokok | L5: Astek Ins (0,84%) | M5: BPJS KESEHATAN (4%) | N5: Rice Allow | O5: Structural Allow | P5: Service Time Allow | Q5: Premi Transport | R5: Premi Harvesting | S5: Premi Brondol | T5: Premi Pruning | U5: Premi Kontanan | V5: Incentive Panen | W5: Pengembalian Uang Tiket | X5: Masa Kerja | Y5: Potongan Premi (Koreksi) | Z5: Lembur Bayar HK Penjagaan HGU | AA5: Bensin Patroli | AB5: POT. ALPA & POT. CTH ( CUTI TANPA HK ) | AC5: THR | AD5: Bonus | AE5: Penghasilan Bruto | AF5: Tarif TER | AG5: PPh 21 | AH5: PPh21 THR | AI5: PPh 21 MARET | AJ5: PPh 21 Pot Jan'24 | AK5: Selisih | AL5: Ket | AM5: LEBIH POTONG PAJAK THR | AO5: g.kotor daftar upah | AP5: astek+bpjs | AQ5: bruto
B6: 1 | C6: MARTONO | D6: 1902050504860001 | E6: 97.237.826.9-305.000 | F6: JL MANGGAR KM 28 DSN BUKIT INDAH RT. 011 RW. 004 DESA KACANG BUTOR BADAU | G6: MANDOR PERAWATAN | H6: L | I6: K/2 | J6: =IF(ISBLANK(I6),"",IF(OR(I6="TK/0",I6="TK/1",I6="K/0"),"TER A",IF(I6="K/3","TER C","TER B"))) -> TER B | K6: =30*122333.33 -> 3669999.9 | L6: =3670000*0.84% -> 30828 | M6: =[7]MAINTENANCE!$AK10 -> 148680 | N6: =[7]MAINTENANCE!$W10 -> 162000 | O6: =[7]MAINTENANCE!$Z10 -> 60000 | P6: =[7]MAINTENANCE!$AE10 -> 127283.24 | Q6: =[7]MAINTENANCE!$AC10 -> 0 | X6: =[7]MAINTENANCE!$AB10 -> 47000 | AB6: =-[7]MAINTENANCE!$BA10 -> 0 | AE6: =ROUNDDOWN(SUM(K6:AD6),0) -> 4245791 | AF6: =IF(J6="TER A",VLOOKUP(AE6,Ter_A,4,TRUE),IF(J6="TER B",VLOOKUP(AE6,Ter_B,4,TRUE),VLOOKUP(AE6,Ter_C,4,TRUE))) -> 0 | AG6: =ROUNDDOWN(IF(H6=0,AE6*AF6*120%,AE6*AF6),0) -> 0 | AI6: =AG6-AH6 -> 0 | AK6: =AJ6-AI6 -> 0 | AO6: =[7]MAINTENANCE!$AF10 -> 4066283.1 | AP6: =L6+M6 -> 179508 | AQ6: =AO6+AP6 -> 4245791.1 | AR6: =AQ6-AE6 -> 0.14
B7: 2 | C7: YUNIARTI | D7: 1902016806780001 | E7: 75.585.294.4-305.000 | F7: BULUH TUMBANG RT 019 RW 005 DESA BULUH TUMNAH KEC. TANJUNG PANDAN | G7: PERAWATAN | H7: P | I7: TK/0 | J7: =IF(ISBLANK(I7),"",IF(OR(I7="TK/0",I7="TK/1",I7="K/0"),"TER A",IF(I7="K/3","TER C","TER B"))) -> TER A | K7: =30*121333.33 -> 3639999.9 | L7: =3640000*0.84% -> 30576 | M7: =[7]MAINTENANCE!$AK11 -> 146680 | N7: =[7]MAINTENANCE!$W11 -> 67500 | P7: =[7]MAINTENANCE!$AE11 -> 0 | Q7: =[7]MAINTENANCE!$AC11 -> 0 | X7: =[7]MAINTENANCE!$AB11 -> 27000 | AB7: =-[7]MAINTENANCE!$BA11 -> 0 | AE7: =ROUNDDOWN(SUM(K7:AD7),0) -> 3911755 | AF7: =IF(J7="TER A",VLOOKUP(AE7,Ter_A,4,TRUE),IF(J7="TER B",VLOOKUP(AE7,Ter_B,4,TRUE),VLOOKUP(AE7,Ter_C,4,TRUE))) -> 0 | AG7: =ROUNDDOWN(IF(H7=0,AE7*AF7*120%,AE7*AF7),0) -> 0 | AI7: =AG7-AH7 -> 0 | AK7: =AJ7-AI7 -> 0 | AO7: =[7]MAINTENANCE!$AF11 -> 3734499.9 | AP7: =L7+M7 -> 177256 | AQ7: =AO7+AP7 -> 3911755.9 | AR7: =AQ7-AE7 -> 0.9
B8: 3 | C8: ATIK KUSMIATI | D8: 1902056004860002 | E8: 54.533.929.3-305.000 | F8: JLN MANGGAR DSN KEPAYANG RT. 006 RW. 002 DS KACANG BUTOR BADAU | G8: PERAWATAN | H8: P | I8: TK/0 | J8: =IF(ISBLANK(I8),"",IF(OR(I8="TK/0",I8="TK/1",I8="K/0"),"TER A",IF(I8="K/3","TER C","TER B"))) -> TER A | K8: =30*121333.33 -> 3639999.9 | L8: =3640000*0.84% -> 30576 | M8: =[7]MAINTENANCE!$AK12 -> 146800 | N8: =[7]MAINTENANCE!$W12 -> 65250 | P8: =[7]MAINTENANCE!$AE12 -> 0 | Q8: =[7]MAINTENANCE!$AC12 -> 0 | X8: =[7]MAINTENANCE!$AB12 -> 30000 | AB8: =-[7]MAINTENANCE!$BA12 -> -121333.33 | AE8: =ROUNDDOWN(SUM(K8:AD8),0) -> 3791292 | AF8: =IF(J8="TER A",VLOOKUP(AE8,Ter_A,4,TRUE),IF(J8="TER B",VLOOKUP(AE8,Ter_B,4,TRUE),VLOOKUP(AE8,Ter_C,4,TRUE))) -> 0 | AG8: =ROUNDDOWN(IF(H8=0,AE8*AF8*120%,AE8*AF8),0) -> 0 | AI8: =AG8-AH8 -> 0 | AK8: =AJ8-AI8 -> 0 | AO8: =[7]MAINTENANCE!$AF12 -> 3613916.6 | AP8: =L8+M8 -> 177376 | AQ8: =AO8+AP8 -> 3791292.6 | AR8: =AQ8-AE8 -> 0.57 | AT8: =AB8+AR8 -> -121332.76
B9: 4 | C9: SALMIAH | D9: 1902054908770002 | E9: 97.237.535.6-305.000 | F9: JL MANGGAR DSN PARIT GUNUNG RT. 005 RW. 003 DS AIR BATU BUDING KEC BADAU | G9: PERAWATAN | H9: P | I9: TK/0 | J9: =IF(ISBLANK(I9),"",IF(OR(I9="TK/0",I9="TK/1",I9="K/0"),"TER A",IF(I9="K/3","TER C","TER B"))) -> TER A | K9: =30*121333.33 -> 3639999.9 | L9: =3640000*0.84% -> 30576 | M9: =[7]MAINTENANCE!$AK13 -> 147480 | N9: =[7]MAINTENANCE!$W13 -> 65250 | P9: =[7]MAINTENANCE!$AE13 -> 0 | Q9: =[7]MAINTENANCE!$AC13 -> 0 | X9: =[7]MAINTENANCE!$AB13 -> 47000 | AB9: =-[7]MAINTENANCE!$BA13 -> -121333.33 | AE9: =ROUNDDOWN(SUM(K9:AD9),0) -> 3808972 | AF9: =IF(J9="TER A",VLOOKUP(AE9,Ter_A,4,TRUE),IF(J9="TER B",VLOOKUP(AE9,Ter_B,4,TRUE),VLOOKUP(AE9,Ter_C,4,TRUE))) -> 0 | AG9: =ROUNDDOWN(IF(H9=0,AE9*AF9*120%,AE9*AF9),0) -> 0 | AI9: =AG9-AH9 -> 0 | AK9: =AJ9-AI9 -> 0 | AO9: =[7]MAINTENANCE!$AF13 -> 3630916.6 | AP9: =L9+M9 -> 178056 | AQ9: =AO9+AP9 -> 3808972.6 | AR9: =AQ9-AE9 -> 0.57 | AT9: =AB9+AR9 -> -121332.76
B10: 5 | C10: NURAINI | D10: 1906026909880002 | E10: 54.533.747.9-305.000 | F10: DSN CENDIL RT 005 RW 002 DESA CENDIL KEC.KELAPA KAMPIT | G10: PERAWATAN | H10: P | I10: TK/0 | J10: =IF(ISBLANK(I10),"",IF(OR(I10="TK/0",I10="TK/1",I10="K/0"),"TER A",IF(I10="K/3","TER C","TER B"))) -> TER A | K10: =30*121333.33 -> 3639999.9 | L10: =3640000*0.84% -> 30576 | M10: =[7]MAINTENANCE!$AK14 -> 146800 | N10: =[7]MAINTENANCE!$W14 -> 63000 | P10: =[7]MAINTENANCE!$AE14 -> 0 | Q10: =[7]MAINTENANCE!$AC14 -> 0 | X10: =[7]MAINTENANCE!$AB14 -> 30000 | AB10: =-[7]MAINTENANCE!$BA14 -> -242666.66 | AE10: =ROUNDDOWN(SUM(K10:AD10),0) -> 3667709 | AF10: =IF(J10="TER A",VLOOKUP(AE10,Ter_A,4,TRUE),IF(J10="TER B",VLOOKUP(AE10,Ter_B,4,TRUE),VLOOKUP(AE10,Ter_C,4,TRUE))) -> 0 | AG10: =ROUNDDOWN(IF(H10=0,AE10*AF10*120%,AE10*AF10),0) -> 0 | AI10: =AG10-AH10 -> 0 | AK10: =AJ10-AI10 -> 0 | AO10: =[7]MAINTENANCE!$AF14 -> 3490333.2 | AP10: =L10+M10 -> 177376 | AQ10: =AO10+AP10 -> 3667709.2 | AR10: =AQ10-AE10 -> 0.24
B11: 6 | C11: ELYANI | D11: 1902055206760002 | E11: 97.237.582.8-305.000 | F11: DSN PARIT GUNUNG RT. 005 RW. 003 DS AIR BATU BUDING BADAU | G11: PERAWATAN | H11: P | I11: TK/0 | J11: =IF(ISBLANK(I11),"",IF(OR(I11="TK/0",I11="TK/1",I11="K/0"),"TER A",IF(I11="K/3","TER C","TER B"))) -> TER A | K11: =30*121333.33 -> 3639999.9 | L11: =3640000*0.84% -> 30576 | M11: =[7]MAINTENANCE!$AK15 -> 147340 | N11: =[7]MAINTENANCE!$W15 -> 65250 | P11: =[7]MAINTENANCE!$AE15 -> 0 | Q11: =[7]MAINTENANCE!$AC15 -> 0 | X11: =[7]MAINTENANCE!$AB15 -> 43500 | AB11: =-[7]MAINTENANCE!$BA15 -> -121333.33 | AE11: =ROUNDDOWN(SUM(K11:AD11),0) -> 3805332 | AF11: =IF(J11="TER A",VLOOKUP(AE11,Ter_A,4,TRUE),IF(J11="TER B",VLOOKUP(AE11,Ter_B,4,TRUE),VLOOKUP(AE11,Ter_C,4,TRUE))) -> 0 | AG11: =ROUNDDOWN(IF(H11=0,AE11*AF11*120%,AE11*AF11),0) -> 0 | AI11: =AG11-AH11 -> 0 | AK11: =AJ11-AI11 -> 0 | AO11: =[7]MAINTENANCE!$AF15 -> 3627416.6 | AP11: =L11+M11 -> 177916 | AQ11: =AO11+AP11 -> 3805332.6 | AR11: =AQ11-AE11 -> 0.57
B12: 7 | C12: SUSINAH | D12: 1902055109700001 | E12: 97.228.366.7-305.000 | F12: JL MANGGAR RT. 012 RW. 004 DESA KACANG BUTOR KEC. BADAU | G12: PERAWATAN | H12: P | I12: TK/0 | J12: =IF(ISBLANK(I12),"",IF(OR(I12="TK/0",I12="TK/1",I12="K/0"),"TER A",IF(I12="K/3","TER C","TER B"))) -> TER A | K12: =30*121333.33 -> 3639999.9 | L12: =3640000*0.84% -> 30576 | M12: =[7]MAINTENANCE!$AK16 -> 147480 | N12: =[7]MAINTENANCE!$W16 -> 67500 | P12: =[7]MAINTENANCE!$AE16 -> 0 | Q12: =[7]MAINTENANCE!$AC16 -> 0 | X12: =[7]MAINTENANCE!$AB16 -> 47000 | AB12: =-[7]MAINTENANCE!$BA16 -> 0 | AE12: =ROUNDDOWN(SUM(K12:AD12),0) -> 3932555 | AF12: =IF(J12="TER A",VLOOKUP(AE12,Ter_A,4,TRUE),IF(J12="TER B",VLOOKUP(AE12,Ter_B,4,TRUE),VLOOKUP(AE12,Ter_C,4,TRUE))) -> 0 | AG12: =ROUNDDOWN(IF(H12=0,AE12*AF12*120%,AE12*AF12),0) -> 0 | AI12: =AG12-AH12 -> 0 | AK12: =AJ12-AI12 -> 0 | AO12: =[7]MAINTENANCE!$AF16 -> 3754499.9 | AP12: =L12+M12 -> 178056 | AQ12: =AO12+AP12 -> 3932555.9 | AR12: =AQ12-AE12 -> 0.9
B13: 8 | C13: JUMIA | D13: 1902055205740001 | E13: 97.237.569.5-305.000 | F13: JL MANGGAR AIR BEGANTUNG RT. 008 RW. 003 DESA KACANG BUTOR KEC. BADAU | G13: PERAWATAN | H13: P | I13: TK/0 | J13: =IF(ISBLANK(I13),"",IF(OR(I13="TK/0",I13="TK/1",I13="K/0"),"TER A",IF(I13="K/3","TER C","TER B"))) -> TER A | K13: =30*121333.33 -> 3639999.9 | L13: =3640000*0.84% -> 30576 | M13: =[7]MAINTENANCE!$AK17 -> 147480 | N13: =[7]MAINTENANCE!$W17 -> 65250 | P13: =[7]MAINTENANCE!$AE17 -> 0 | Q13: =[7]MAINTENANCE!$AC17 -> 0 | X13: =[7]MAINTENANCE!$AB17 -> 47000 | AB13: =-[7]MAINTENANCE!$BA17 -> -121333.33 | AE13: =ROUNDDOWN(SUM(K13:AD13),0) -> 3808972 | AF13: =IF(J13="TER A",VLOOKUP(AE13,Ter_A,4,TRUE),IF(J13="TER B",VLOOKUP(AE13,Ter_B,4,TRUE),VLOOKUP(AE13,Ter_C,4,TRUE))) -> 0 | AG13: =ROUNDDOWN(IF(H13=0,AE13*AF13*120%,AE13*AF13),0) -> 0 | AI13: =AG13-AH13 -> 0 | AK13: =AJ13-AI13 -> 0 | AO13: =[7]MAINTENANCE!$AF17 -> 3630916.6 | AP13: =L13+M13 -> 178056 | AQ13: =AO13+AP13 -> 3808972.6 | AR13: =AQ13-AE13 -> 0.57
B14: 9 | C14: NELI LISMANA | D14: 1902055212860002 | E14: 97.237.563.8-305.000 | F14: DSN PARIT GUNUNG RT. 005 RW. 003 DS AIR BATU BUDING BADAU | G14: PERAWATAN | H14: P | I14: TK/0 | J14: =IF(ISBLANK(I14),"",IF(OR(I14="TK/0",I14="TK/1",I14="K/0"),"TER A",IF(I14="K/3","TER C","TER B"))) -> TER A | K14: =30*121333.33 -> 3639999.9 | L14: =3640000*0.84% -> 30576 | M14: =[7]MAINTENANCE!$AK18 -> 147480 | N14: =[7]MAINTENANCE!$W18 -> 67500 | P14: =[7]MAINTENANCE!$AE18 -> 0 | Q14: =[7]MAINTENANCE!$AC18 -> 0 | X14: =[7]MAINTENANCE!$AB18 -> 47000 | AB14: =-[7]MAINTENANCE!$BA18 -> 0 | AE14: =ROUNDDOWN(SUM(K14:AD14),0) -> 3932555 | AF14: =IF(J14="TER A",VLOOKUP(AE14,Ter_A,4,TRUE),IF(J14="TER B",VLOOKUP(AE14,Ter_B,4,TRUE),VLOOKUP(AE14,Ter_C,4,TRUE))) -> 0 | AG14: =ROUNDDOWN(IF(H14=0,AE14*AF14*120%,AE14*AF14),0) -> 0 | AI14: =AG14-AH14 -> 0 | AK14: =AJ14-AI14 -> 0 | AO14: =[7]MAINTENANCE!$AF18 -> 3754499.9 | AP14: =L14+M14 -> 178056 | AQ14: =AO14+AP14 -> 3932555.9 | AR14: =AQ14-AE14 -> 0.9
B15: 10 | C15: KARMILA | D15: 1902056009750001 | E15: 97.237.568.7-305.000 | F15: AIR BEGANTUNG RT. 009 RW. 003 DESA KACANG BUTOR KEC. BADAU | G15: PERAWATAN | H15: P | I15: TK/0 | J15: =IF(ISBLANK(I15),"",IF(OR(I15="TK/0",I15="TK/1",I15="K/0"),"TER A",IF(I15="K/3","TER C","TER B"))) -> TER A | K15: =30*121333.33 -> 3639999.9 | L15: =3640000*0.84% -> 30576 | M15: =[7]MAINTENANCE!$AK19 -> 147620 | N15: =[7]MAINTENANCE!$W19 -> 63000 | P15: =[7]MAINTENANCE!$AE19 -> 0 | Q15: =[7]MAINTENANCE!$AC19 -> 0 | X15: =[7]MAINTENANCE!$AB19 -> 50500 | AB15: =-[7]MAINTENANCE!$BA19 -> -242666.66 | AE15: =ROUNDDOWN(SUM(K15:AD15),0) -> 3689029 | AF15: =IF(J15="TER A",VLOOKUP(AE15,Ter_A,4,TRUE),IF(J15="TER B",VLOOKUP(AE15,Ter_B,4,TRUE),VLOOKUP(AE15,Ter_C,4,TRUE))) -> 0 | AG15: =ROUNDDOWN(IF(H15=0,AE15*AF15*120%,AE15*AF15),0) -> 0 | AI15: =AG15-AH15 -> 0 | AK15: =AJ15-AI15 -> 0 | AO15: =[7]MAINTENANCE!$AF19 -> 3510833.2 | AP15: =L15+M15 -> 178196 | AQ15: =AO15+AP15 -> 3689029.2 | AR15: =AQ15-AE15 -> 0.24
B16: 11 | C16: SADIAH | D16: 1902054808730002 | E16: 97.237.536.4-305.000 | F16: JL MANGGAR KM 28 DSN BUKIT INDAH RT. 011 RW. 004 DESA KACANG BUTOR KEC. BADAU | G16: PERAWATAN | H16: P | I16: TK/0 | J16: =IF(ISBLANK(I16),"",IF(OR(I16="TK/0",I16="TK/1",I16="K/0"),"TER A",IF(I16="K/3","TER C","TER B"))) -> TER A | K16: =30*121333.33 -> 3639999.9 | L16: =3640000*0.84% -> 30576 | M16: =[7]MAINTENANCE!$AK20 -> 147480 | N16: =[7]MAINTENANCE!$W20 -> 67500 | P16: =[7]MAINTENANCE!$AE20 -> 0 | Q16: =[7]MAINTENANCE!$AC20 -> 0 | X16: =[7]MAINTENANCE!$AB20 -> 47000 | AB16: =-[7]MAINTENANCE!$BA20 -> 0 | AE16: =ROUNDDOWN(SUM(K16:AD16),0) -> 3932555 | AF16: =IF(J16="TER A",VLOOKUP(AE16,Ter_A,4,TRUE),IF(J16="TER B",VLOOKUP(AE16,Ter_B,4,TRUE),VLOOKUP(AE16,Ter_C,4,TRUE))) -> 0 | AG16: =ROUNDDOWN(IF(H16=0,AE16*AF16*120%,AE16*AF16),0) -> 0 | AI16: =AG16-AH16 -> 0 | AK16: =AJ16-AI16 -> 0 | AO16: =[7]MAINTENANCE!$AF20 -> 3754499.9 | AP16: =L16+M16 -> 178056 | AQ16: =AO16+AP16 -> 3932555.9 | AR16: =AQ16-AE16 -> 0.9
B17: 12 | C17: PERA SUSANTI | D17: 1902056301790001 | E17: 97.237.532.3-305.000 | F17: JL MANGGAR AIR BEGANTUNG RT. 010 RW. 003 DESA KACANG BUTOR KEC. BADAU | G17: PERAWATAN | H17: P | I17: TK/0 | J17: =IF(ISBLANK(I17),"",IF(OR(I17="TK/0",I17="TK/1",I17="K/0"),"TER A",IF(I17="K/3","TER C","TER B"))) -> TER A | K17: =30*121333.33 -> 3639999.9 | L17: =3640000*0.84% -> 30576 | M17: =[7]MAINTENANCE!$AK21 -> 147340 | N17: =[7]MAINTENANCE!$W21 -> 63000 | P17: =[7]MAINTENANCE!$AE21 -> 0 | Q17: =[7]MAINTENANCE!$AC21 -> 0 | X17: =[7]MAINTENANCE!$AB21 -> 43500 | AB17: =-[7]MAINTENANCE!$BA21 -> -242666.66 | AE17: =ROUNDDOWN(SUM(K17:AD17),0) -> 3681749 | AF17: =IF(J17="TER A",VLOOKUP(AE17,Ter_A,4,TRUE),IF(J17="TER B",VLOOKUP(AE17,Ter_B,4,TRUE),VLOOKUP(AE17,Ter_C,4,TRUE))) -> 0 | AG17: =ROUNDDOWN(IF(H17=0,AE17*AF17*120%,AE17*AF17),0) -> 0 | AI17: =AG17-AH17 -> 0 | AK17: =AJ17-AI17 -> 0 | AO17: =[7]MAINTENANCE!$AF21 -> 3503833.2 | AP17: =L17+M17 -> 177916 | AQ17: =AO17+AP17 -> 3681749.2 | AR17: =AQ17-AE17 -> 0.24
B18: 13 | C18: MARYOTO | D18: 1902050908740001 | E18: 97.237.599.2-305.000 | F18: JL MANGGAR RT. 012 RW. 004 DS KACANG BUTOR KEC. BADAU | G18: PERAWATAN | H18: L | I18: TK/0 | J18: =IF(ISBLANK(I18),"",IF(OR(I18="TK/0",I18="TK/1",I18="K/0"),"TER A",IF(I18="K/3","TER C","TER B"))) -> TER A | K18: =30*121333.33 -> 3639999.9 | L18: =3640000*0.84% -> 30576 | M18: =[7]MAINTENANCE!$AK22 -> 147340 | N18: =[7]MAINTENANCE!$W22 -> 65250 | P18: =[7]MAINTENANCE!$AE22 -> 0 | Q18: =[7]MAINTENANCE!$AC22 -> 0 | S18: =[7]MAINTENANCE!$AD$22 -> 3150 | X18: =[7]MAINTENANCE!$AB22 -> 43500 | AB18: =-[7]MAINTENANCE!$BA22 -> -121333.33 | AE18: =ROUNDDOWN(SUM(K18:AD18),0) -> 3808482 | AF18: =IF(J18="TER A",VLOOKUP(AE18,Ter_A,4,TRUE),IF(J18="TER B",VLOOKUP(AE18,Ter_B,4,TRUE),VLOOKUP(AE18,Ter_C,4,TRUE))) -> 0 | AG18: =ROUNDDOWN(IF(H18=0,AE18*AF18*120%,AE18*AF18),0) -> 0 | AI18: =AG18-AH18 -> 0 | AK18: =AJ18-AI18 -> 0 | AO18: =[7]MAINTENANCE!$AF22 -> 3630566.6 | AP18: =L18+M18 -> 177916 | AQ18: =AO18+AP18 -> 3808482.6 | AR18: =AQ18-AE18 -> 0.57
B19: 14 | C19: FENTI APRIANTI | D19: 1902014204930001 | E19: 97.237.578.6-305.000 | F19: AIR BEGANTUNG RT. 010 RW. 003 DESA KACANG BUTOR KEC. BADAU | G19: PERAWATAN | H19: P | I19: TK/0 | J19: =IF(ISBLANK(I19),"",IF(OR(I19="TK/0",I19="TK/1",I19="K/0"),"TER A",IF(I19="K/3","TER C","TER B"))) -> TER A | K19: =30*121333.33 -> 3639999.9 | L19: =3640000*0.84% -> 30576 | M19: =[7]MAINTENANCE!$AK23 -> 146920 | N19: =[7]MAINTENANCE!$W23 -> 65250 | P19: =[7]MAINTENANCE!$AE23 -> 0 | Q19: =[7]MAINTENANCE!$AC23 -> 0 | X19: =[7]MAINTENANCE!$AB23 -> 33000 | AB19: =-[7]MAINTENANCE!$BA23 -> -121333.33 | AE19: =ROUNDDOWN(SUM(K19:AD19),0) -> 3794412 | AF19: =IF(J19="TER A",VLOOKUP(AE19,Ter_A,4,TRUE),IF(J19="TER B",VLOOKUP(AE19,Ter_B,4,TRUE),VLOOKUP(AE19,Ter_C,4,TRUE))) -> 0 | AG19: =ROUNDDOWN(IF(H19=0,AE19*AF19*120%,AE19*AF19),0) -> 0 | AI19: =AG19-AH19 -> 0 | AK19: =AJ19-AI19 -> 0 | AO19: =[7]MAINTENANCE!$AF23 -> 3616916.6 | AP19: =L19+M19 -> 177496 | AQ19: =AO19+AP19 -> 3794412.6 | AR19: =AQ19-AE19 -> 0.57
B20: 15 | C20: YUSPANDI | D20: 1902011410690002 | E20: 97.237.828.5-305.000 | F20: JL PILANG GG MELATI RT. 007 RW. 002 DESA DUKONG KEC. TANJUNGPANDAN | G20: PERAWATAN | H20: L | I20: K/3 | J20: =IF(ISBLANK(I20),"",IF(OR(I20="TK/0",I20="TK/1",I20="K/0"),"TER A",IF(I20="K/3","TER C","TER B"))) -> TER C | K20: =30*121333.33 -> 3639999.9 | L20: =3640000*0.84% -> 30576 | M20: =[7]MAINTENANCE!$AK24 -> 147340 | N20: =[7]MAINTENANCE!$W24 -> 130500 | P20: =[7]MAINTENANCE!$AE24 -> 0 | Q20: =[7]MAINTENANCE!$AC24 -> 0 | X20: =[7]MAINTENANCE!$AB24 -> 43500 | AB20: =-[7]MAINTENANCE!$BA24 -> -121333.33 | AE20: =ROUNDDOWN(SUM(K20:AD20),0) -> 3870582 | AF20: =IF(J20="TER A",VLOOKUP(AE20,Ter_A,4,TRUE),IF(J20="TER B",VLOOKUP(AE20,Ter_B,4,TRUE),VLOOKUP(AE20,Ter_C,4,TRUE))) -> 0 | AG20: =ROUNDDOWN(IF(H20=0,AE20*AF20*120%,AE20*AF20),0) -> 0 | AI20: =AG20-AH20 -> 0 | AK20: =AJ20-AI20 -> 0 | AO20: =[7]MAINTENANCE!$AF24 -> 3692666.6 | AP20: =L20+M20 -> 177916 | AQ20: =AO20+AP20 -> 3870582.6 | AR20: =AQ20-AE20 -> 0.57
B21: 16 | C21: JEMU | D21: 1902051001810001 | E21: 72.110.458.6-305.000 | F21: DUSUN BUKIT INDAH RT. 011 RW. 004 DESA KACANG BUTOR KEC. BADAU | G21: PERAWATAN | H21: L | I21: K/1 | J21: =IF(ISBLANK(I21),"",IF(OR(I21="TK/0",I21="TK/1",I21="K/0"),"TER A",IF(I21="K/3","TER C","TER B"))) -> TER B | K21: =30*121333.33 -> 3639999.9 | L21: =3640000*0.84% -> 30576 | M21: =[7]MAINTENANCE!$AK25 -> 146680 | N21: =[7]MAINTENANCE!$W25 -> 135000 | P21: =[7]MAINTENANCE!$AE25 -> 441849.66 | Q21: =[7]MAINTENANCE!$AC25 -> 200115 | S21: =[7]MAINTENANCE!$AD$25 -> 5250 | X21: =[7]MAINTENANCE!$AB25 -> 27000 | AB21: =-[7]MAINTENANCE!$BA25 -> 0 | AE21: =ROUNDDOWN(SUM(K21:AD21),0) -> 4626470 | AF21: =IF(J21="TER A",VLOOKUP(AE21,Ter_A,4,TRUE),IF(J21="TER B",VLOOKUP(AE21,Ter_B,4,TRUE),VLOOKUP(AE21,Ter_C,4,TRUE))) -> 0 | AG21: =ROUNDDOWN(IF(H21=0,AE21*AF21*120%,AE21*AF21),0) -> 0 | AI21: =AG21-AH21 -> 0 | AK21: =AJ21-AI21 -> 0 | AO21: =[7]MAINTENANCE!$AF25 -> 4449214.6 | AP21: =L21+M21 -> 177256 | AQ21: =AO21+AP21 -> 4626470.6 | AR21: =AQ21-AE21 -> 0.56
B22: 17 | C22: RITA | D22: 1902055510740001 | E22: 97.237.539.8-305.000 | F22: DSN AIR BEGANTUNG RT. 010 RW. 003 DESA KACANG BUTOR KEC. BADAU | G22: PERAWATAN | H22: P | I22: TK/0 | J22: =IF(ISBLANK(I22),"",IF(OR(I22="TK/0",I22="TK/1",I22="K/0"),"TER A",IF(I22="K/3","TER C","TER B"))) -> TER A | K22: =30*121333.33 -> 3639999.9 | L22: =3640000*0.84% -> 30576 | M22: =[7]MAINTENANCE!$AK26 -> 147480 | N22: =[7]MAINTENANCE!$W26 -> 67500 | P22: =[7]MAINTENANCE!$AE26 -> 0 | Q22: =[7]MAINTENANCE!$AC26 -> 0 | X22: =[7]MAINTENANCE!$AB26 -> 47000 | AB22: =-[7]MAINTENANCE!$BA26 -> 0 | AE22: =ROUNDDOWN(SUM(K22:AD22),0) -> 3932555 | AF22: =IF(J22="TER A",VLOOKUP(AE22,Ter_A,4,TRUE),IF(J22="TER B",VLOOKUP(AE22,Ter_B,4,TRUE),VLOOKUP(AE22,Ter_C,4,TRUE))) -> 0 | AG22: =ROUNDDOWN(IF(H22=0,AE22*AF22*120%,AE22*AF22),0) -> 0 | AI22: =AG22-AH22 -> 0 | AK22: =AJ22-AI22 -> 0 | AO22: =[7]MAINTENANCE!$AF26 -> 3754499.9 | AP22: =L22+M22 -> 178056 | AQ22: =AO22+AP22 -> 3932555.9 | AR22: =AQ22-AE22 -> 0.9
B23: 18 | C23: VERA NATALIA | D23: 1906046512810004 | E23: 97.237.549.7-305.000 | F23: DSN AIR SAGU RT. 015 RW. 007 DESA MAYANG KEC. KELAPA KAMPIT | G23: PERAWATAN | H23: P | I23: TK/0 | J23: =IF(ISBLANK(I23),"",IF(OR(I23="TK/0",I23="TK/1",I23="K/0"),"TER A",IF(I23="K/3","TER C","TER B"))) -> TER A | K23: =30*121333.33 -> 3639999.9 | L23: =3640000*0.84% -> 30576 | M23: =[7]MAINTENANCE!$AK27 -> 147340 | N23: =[7]MAINTENANCE!$W27 -> 65250 | P23: =[7]MAINTENANCE!$AE27 -> 0 | Q23: =[7]MAINTENANCE!$AC27 -> 0 | X23: =[7]MAINTENANCE!$AB27 -> 43500 | AB23: =-[7]MAINTENANCE!$BA27 -> -121333.33 | AE23: =ROUNDDOWN(SUM(K23:AD23),0) -> 3805332 | AF23: =IF(J23="TER A",VLOOKUP(AE23,Ter_A,4,TRUE),IF(J23="TER B",VLOOKUP(AE23,Ter_B,4,TRUE),VLOOKUP(AE23,Ter_C,4,TRUE))) -> 0 | AG23: =ROUNDDOWN(IF(H23=0,AE23*AF23*120%,AE23*AF23),0) -> 0 | AI23: =AG23-AH23 -> 0 | AK23: =AJ23-AI23 -> 0 | AO23: =[7]MAINTENANCE!$AF27 -> 3627416.6 | AP23: =L23+M23 -> 177916 | AQ23: =AO23+AP23 -> 3805332.6 | AR23: =AQ23-AE23 -> 0.57
B24: 19 | C24: WIWIS | D24: 1902055003920002 | E24: 54.534.114.1.305.000 | F24: JL MANGGAR DSN KEPAYANG RT. 006 RW. 002 DS KACANG BUTOR BADAU | G24: KERANI DIVISI | H24: P | I24: TK/0 | J24: =IF(ISBLANK(I24),"",IF(OR(I24="TK/0",I24="TK/1",I24="K/0"),"TER A",IF(I24="K/3","TER C","TER B"))) -> TER A | K24: =30*121333.33 -> 3639999.9 | L24: =3640000*0.84% -> 30576 | M24: =[7]MAINTENANCE!$AK28 -> 146800 | N24: =[7]MAINTENANCE!$W28 -> 67500 | O24: =[7]MAINTENANCE!$Z28 -> 38000 | P24: =[7]MAINTENANCE!$AE28 -> 1420231.1 | Q24: =[7]MAINTENANCE!$AC28 -> 0 | X24: =[7]MAINTENANCE!$AB28 -> 30000 | AB24: =-[7]MAINTENANCE!$BA28 -> 0 | AE24: =ROUNDDOWN(SUM(K24:AD24),0) -> 5373106 | AF24: =IF(J24="TER A",VLOOKUP(AE24,Ter_A,4,TRUE),IF(J24="TER B",VLOOKUP(AE24,Ter_B,4,TRUE),VLOOKUP(AE24,Ter_C,4,TRUE))) -> 0 | AG24: =ROUNDDOWN(IF(H24=0,AE24*AF24*120%,AE24*AF24),0) -> 0 | AI24: =AG24-AH24 -> 0 | AK24: =AJ24-AI24 -> 0 | AO24: =[7]MAINTENANCE!$AF28 -> 5195731 | AP24: =L24+M24 -> 177376 | AQ24: =AO24+AP24 -> 5373107 | AR24: =AQ24-AE24 -> 0.95
B25: 20 | C25: DEDY KURNIAWAN | D25: 1902010509730004 | E25: 97.237.618.0-305.000 | F25: JL DAHLAN NO. 03 RT. 011 RW. 005 DS PANGKAL LALANG KEC TANJUNGPANDAN | G25: PERAWATAN | H25: L | I25: K/3 | J25: =IF(ISBLANK(I25),"",IF(OR(I25="TK/0",I25="TK/1",I25="K/0"),"TER A",IF(I25="K/3","TER C","TER B"))) -> TER C | K25: =30*121333.33 -> 3639999.9 | L25: =3640000*0.84% -> 30576 | M25: =[7]MAINTENANCE!$AK29 -> 147340 | N25: =[7]MAINTENANCE!$W29 -> 156600 | P25: =[7]MAINTENANCE!$AE29 -> 0 | Q25: =[7]MAINTENANCE!$AC29 -> 0 | X25: =[7]MAINTENANCE!$AB29 -> 43500 | AB25: =-[7]MAINTENANCE!$BA29 -> -121333.33 | AE25: =ROUNDDOWN(SUM(K25:AD25),0) -> 3896682 | AF25: =IF(J25="TER A",VLOOKUP(AE25,Ter_A,4,TRUE),IF(J25="TER B",VLOOKUP(AE25,Ter_B,4,TRUE),VLOOKUP(AE25,Ter_C,4,TRUE))) -> 0 | AG25: =ROUNDDOWN(IF(H25=0,AE25*AF25*120%,AE25*AF25),0) -> 0 | AI25: =AG25-AH25 -> 0 | AK25: =AJ25-AI25 -> 0 | AO25: =[7]MAINTENANCE!$AF29 -> 3718766.6 | AP25: =L25+M25 -> 177916 | AQ25: =AO25+AP25 -> 3896682.6 | AR25: =AQ25-AE25 -> 0.57
B26: 21 | C26: NURAINI | D26: 1902056607790002 | E26: 97.237.836.8-305.000 | F26: DSN AIR BATU BUDING RT. 001 RW. 001 DS AIR BATU BUDING KEC.BADAU | G26: PERAWATAN | H26: P | I26: TK/0 | J26: =IF(ISBLANK(I26),"",IF(OR(I26="TK/0",I26="TK/1",I26="K/0"),"TER A",IF(I26="K/3","TER C","TER B"))) -> TER A | K26: =30*121333.33 -> 3639999.9 | L26: =3640000*0.84% -> 30576 | M26: =[7]MAINTENANCE!$AK30 -> 148040 | N26: =[7]MAINTENANCE!$W30 -> 67500 | P26: =[7]MAINTENANCE!$AE30 -> 0 | Q26: =[7]MAINTENANCE!$AC30 -> 0 | X26: =[7]MAINTENANCE!$AB30 -> 61000 | AB26: =-[7]MAINTENANCE!$BA30 -> 0 | AE26: =ROUNDDOWN(SUM(K26:AD26),0) -> 3947115 | AF26: =IF(J26="TER A",VLOOKUP(AE26,Ter_A,4,TRUE),IF(J26="TER B",VLOOKUP(AE26,Ter_B,4,TRUE),VLOOKUP(AE26,Ter_C,4,TRUE))) -> 0 | AG26: =ROUNDDOWN(IF(H26=0,AE26*AF26*120%,AE26*AF26),0) -> 0 | AI26: =AG26-AH26 -> 0 | AK26: =AJ26-AI26 -> 0 | AO26: =[7]MAINTENANCE!$AF30 -> 3768499.9 | AP26: =L26+M26 -> 178616 | AQ26: =AO26+AP26 -> 3947115.9 | AR26: =AQ26-AE26 -> 0.9
B27: 22 | C27: NOVIANTI | D27: 1902054101820001 | E27: 97.228.396.4-305.000 | F27: DSN AIR BATU BUDING RT.002 RW.001 DESA AIR BATU BUDING KEC. BADAU | G27: PERAWATAN | H27: P | I27: TK/0 | J27: =IF(ISBLANK(I27),"",IF(OR(I27="TK/0",I27="TK/1",I27="K/0"),"TER A",IF(I27="K/3","TER C","TER B"))) -> TER A | K27: =30*121333.33 -> 3639999.9 | L27: =3640000*0.84% -> 30576 | M27: =[7]MAINTENANCE!$AK31 -> 147620 | N27: =[7]MAINTENANCE!$W31 -> 67500 | P27: =[7]MAINTENANCE!$AE31 -> 0 | Q27: =[7]MAINTENANCE!$AC31 -> 0 | X27: =[7]MAINTENANCE!$AB31 -> 50500 | AB27: =-[7]MAINTENANCE!$BA31 -> 0 | AE27: =ROUNDDOWN(SUM(K27:AD27),0) -> 3936195 | AF27: =IF(J27="TER A",VLOOKUP(AE27,Ter_A,4,TRUE),IF(J27="TER B",VLOOKUP(AE27,Ter_B,4,TRUE),VLOOKUP(AE27,Ter_C,4,TRUE))) -> 0 | AG27: =ROUNDDOWN(IF(H27=0,AE27*AF27*120%,AE27*AF27),0) -> 0 | AI27: =AG27-AH27 -> 0 | AK27: =AJ27-AI27 -> 0 | AO27: =[7]MAINTENANCE!$AF31 -> 3757999.9 | AP27: =L27+M27 -> 178196 | AQ27: =AO27+AP27 -> 3936195.9 | AR27: =AQ27-AE27 -> 0.9
B28: 23 | C28: YULI TRIANTO | D28: 1902050304890002 | E28: 97.228.397.2-305.000 | F28: JL MANGGAR DSN BUKIT INDAH RT. 011 RW. 004 DESA KACANG BUTOR KEC. BADAU | G28: MANDOR PANEN | H28: L | I28: K/2 | J28: =IF(ISBLANK(I28),"",IF(OR(I28="TK/0",I28="TK/1",I28="K/0"),"TER A",IF(I28="K/3","TER C","TER B"))) -> TER B | K28: =30*123833.33 -> 3714999.9 | L28: =3715000*0.84% -> 31206 | M28: ='[7]HARVESTING KHT'!$AQ10 -> 150340 | N28: ='[7]HARVESTING KHT'!$U10 -> 151200 | O28: ='[7]HARVESTING KHT'!$X10 -> 57000 | P28: ='[7]HARVESTING KHT'!$AD10 -> 1556864.2 | Q28: ='[7]HARVESTING KHT'!$AE10 -> 0 | R28: ='[7]HARVESTING KHT'!$AA10 -> 0 | S28: ='[7]HARVESTING KHT'!$AB10 -> 0 | T28: ='[7]HARVESTING KHT'!$AC10 -> 0 | U28: ='[7]HARVESTING KHT'!$AF10 -> 240000 | V28: ='[7]HARVESTING KHT'!$AH10 -> 0 | W28: ='[6]HARVESTING KHT'!$AK10 -> 0 | X28: ='[7]HARVESTING KHT'!$Z10 -> 43500 | Y28: =-'[7]HARVESTING KHT'!$AI10 -> 0 | AB28: =-'[7]HARVESTING KHT'!$BI10 -> -247666.66 | AE28: =ROUNDDOWN(SUM(K28:AD28),0) -> 5697443 | AF28: =IF(J28="TER A",VLOOKUP(AE28,Ter_A,4,TRUE),IF(J28="TER B",VLOOKUP(AE28,Ter_B,4,TRUE),VLOOKUP(AE28,Ter_C,4,TRUE))) -> 0 | AG28: =ROUNDDOWN(IF(H28=0,AE28*AF28*120%,AE28*AF28),0) -> 0 | AI28: =AG28-AH28 -> 0 | AK28: =AJ28-AI28 -> 0 | AO28: ='[7]HARVESTING KHT'!$AL10 -> 5515897.4 | AP28: =L28+M28 -> 181546 | AQ28: =AO28+AP28 -> 5697443.4 | AR28: =AQ28-AE28 -> 0.42
B29: 24 | C29: SALASATUN | D29: 1902054509770001 | E29: 97.237.607.3-305.000 | F29: DSN BUKIT INDAH RT. 011 RW. 004 DESA KACANG BUTOR DESA BADAU | G29: KERANI PANEN | H29: P | I29: TK/0 | J29: =IF(ISBLANK(I29),"",IF(OR(I29="TK/0",I29="TK/1",I29="K/0"),"TER A",IF(I29="K/3","TER C","TER B"))) -> TER A | K29: =30*121333.33 -> 3639999.9 | L29: =3640000*0.84% -> 30576 | M29: ='[7]HARVESTING KHT'!$AQ11 -> 147620 | N29: ='[7]HARVESTING KHT'!$U11 -> 67500 | O29: ='[7]HARVESTING KHT'!$X11 -> 34000 | P29: ='[7]HARVESTING KHT'!$AD11 -> 1178265.8 | Q29: ='[7]HARVESTING KHT'!$AE11 -> 0 | R29: ='[7]HARVESTING KHT'!$AA11 -> 0 | S29: ='[7]HARVESTING KHT'!$AB11 -> 0 | T29: ='[7]HARVESTING KHT'!$AC11 -> 0 | U29: ='[7]HARVESTING KHT'!$AF11 -> 240000 | V29: ='[7]HARVESTING KHT'!$AH11 -> 0 | W29: ='[6]HARVESTING KHT'!$AK11 -> 0 | X29: ='[7]HARVESTING KHT'!$Z11 -> 50500 | Y29: =-'[7]HARVESTING KHT'!$AI11 -> 0 | AB29: =-'[7]HARVESTING KHT'!$BI11 -> 0 | AE29: =ROUNDDOWN(SUM(K29:AD29),0) -> 5388461 | AF29: =IF(J29="TER A",VLOOKUP(AE29,Ter_A,4,TRUE),IF(J29="TER B",VLOOKUP(AE29,Ter_B,4,TRUE),VLOOKUP(AE29,Ter_C,4,TRUE))) -> 0 | AG29: =ROUNDDOWN(IF(H29=0,AE29*AF29*120%,AE29*AF29),0) -> 0 | AI29: =AG29-AH29 -> 0 | AK29: =AJ29-AI29 -> 0 | AO29: ='[7]HARVESTING KHT'!$AL11 -> 5210265.7 | AP29: =L29+M29 -> 178196 | AQ29: =AO29+AP29 -> 5388461.7 | AR29: =AQ29-AE29 -> 0.66
B30: 25 | C30: MUHAMMAD SAID | D30: 5203041206820007 | E30: - | F30: DASAN PETUNG DESA KOTARAJA KEC. SIKUR LOMBOK TIMUR | G30: PANEN | H30: L | I30: K/1 | J30: =IF(ISBLANK(I30),"",IF(OR(I30="TK/0",I30="TK/1",I30="K/0"),"TER A",IF(I30="K/3","TER C","TER B"))) -> TER B | K30: =30*121333.33 -> 3639999.9 | L30: =3640000*0.84% -> 30576 | M30: ='[7]HARVESTING KHT'!$AQ12 -> 146560 | N30: ='[7]HARVESTING KHT'!$U12 -> 99000 | P30: ='[7]HARVESTING KHT'!$AD12 -> 0 | Q30: ='[7]HARVESTING KHT'!$AE12 -> 0 | R30: ='[7]HARVESTING KHT'!$AA12 -> 0 | S30: ='[7]HARVESTING KHT'!$AB12 -> 106050 | T30: ='[7]HARVESTING KHT'!$AC12 -> 410400 | U30: ='[7]HARVESTING KHT'!$AF12 -> 251121 | V30: ='[7]HARVESTING KHT'!$AH12 -> 0 | W30: ='[6]HARVESTING KHT'!$AK12 -> 0 | X30: ='[7]HARVESTING KHT'!$Z12 -> 24000 | Y30: =-'[7]HARVESTING KHT'!$AI12 -> -77478 | AB30: =-'[7]HARVESTING KHT'!$BI12 -> -970666.64 | AE30: =ROUNDDOWN(SUM(K30:AD30),0) -> 3659562 | AF30: =IF(J30="TER A",VLOOKUP(AE30,Ter_A,4,TRUE),IF(J30="TER B",VLOOKUP(AE30,Ter_B,4,TRUE),VLOOKUP(AE30,Ter_C,4,TRUE))) -> 0 | AG30: =ROUNDDOWN(IF(H30=0,AE30*AF30*120%,AE30*AF30),0) -> 0 | AI30: =AG30-AH30 -> 0 | AK30: =AJ30-AI30 -> 0 | AO30: ='[7]HARVESTING KHT'!$AL12 -> 3482426.3 | AP30: =L30+M30 -> 177136 | AQ30: =AO30+AP30 -> 3659562.3 | AR30: =AQ30-AE30 -> 0.26
B31: 26 | C31: NANO | D31: 3313162910710002 | E31: - | F31: GONDANGREJO RT. 001 RW. 008 DESA KARANG REJO KEC. KERJO KARANGANYAR JAWA TENGAH | G31: PANEN | H31: L | I31: K/1 | J31: =IF(ISBLANK(I31),"",IF(OR(I31="TK/0",I31="TK/1",I31="K/0"),"TER A",IF(I31="K/3","TER C","TER B"))) -> TER B | K31: =30*121333.33 -> 3639999.9 | L31: =3640000*0.84% -> 30576 | M31: ='[7]HARVESTING KHT'!$AQ13 -> 146560 | N31: ='[7]HARVESTING KHT'!$U13 -> 135000 | P31: ='[7]HARVESTING KHT'!$AD13 -> 0 | Q31: ='[7]HARVESTING KHT'!$AE13 -> 0 | R31: ='[7]HARVESTING KHT'!$AA13 -> 23954 | S31: ='[7]HARVESTING KHT'!$AB13 -> 212100 | T31: ='[7]HARVESTING KHT'!$AC13 -> 786700 | U31: ='[7]HARVESTING KHT'!$AF13 -> 362417 | V31: ='[7]HARVESTING KHT'!$AH13 -> 0 | W31: ='[6]HARVESTING KHT'!$AK13 -> 0 | X31: ='[7]HARVESTING KHT'!$Z13 -> 24000 | Y31: =-'[7]HARVESTING KHT'!$AI13 -> 0 | AB31: =-'[7]HARVESTING KHT'!$BI13 -> 0 | AE31: =ROUNDDOWN(SUM(K31:AD31),0) -> 5361306 | AF31: =IF(J31="TER A",VLOOKUP(AE31,Ter_A,4,TRUE),IF(J31="TER B",VLOOKUP(AE31,Ter_B,4,TRUE),VLOOKUP(AE31,Ter_C,4,TRUE))) -> 0 | AG31: =ROUNDDOWN(IF(H31=0,AE31*AF31*120%,AE31*AF31),0) -> 0 | AI31: =AG31-AH31 -> 0 | AK31: =AJ31-AI31 -> 0 | AO31: ='[7]HARVESTING KHT'!$AL13 -> 5184170.9 | AP31: =L31+M31 -> 177136 | AQ31: =AO31+AP31 -> 5361306.9 | AR31: =AQ31-AE31 -> 0.9
C32: SUHAELI | D32: 5203144107750742 | E32: - | F32: BEAK DAYA DESA WANASAB KEC. WANASABA KEC. LOMBOK TIMUR | G32: PANEN | H32: L | I32: K/2 | J32: =IF(ISBLANK(I32),"",IF(OR(I32="TK/0",I32="TK/1",I32="K/0"),"TER A",IF(I32="K/3","TER C","TER B"))) -> TER B | AE32: =ROUNDDOWN(SUM(K32:AD32),0) -> 0 | AF32: =IF(J32="TER A",VLOOKUP(AE32,Ter_A,4,TRUE),IF(J32="TER B",VLOOKUP(AE32,Ter_B,4,TRUE),VLOOKUP(AE32,Ter_C,4,TRUE))) -> 0 | AG32: =ROUNDDOWN(IF(H32=0,AE32*AF32*120%,AE32*AF32),0) -> 0 | AI32: =AG32-AH32 -> 0 | AK32: =AJ32-AI32 -> 0 | AP32: =L32+M32 -> 0 | AQ32: =AO32+AP32 -> 0 | AR32: =AQ32-AE32 -> 0
C33: RUSTAM | D33: 5203183112790211 | E33: - | F33: BARE LUNGKAK DESA GERENENG KEC. SAKRA TIMUR KAB. LOMBOK TIMUR | G33: PANEN | H33: L | I33: K/1 | J33: =IF(ISBLANK(I33),"",IF(OR(I33="TK/0",I33="TK/1",I33="K/0"),"TER A",IF(I33="K/3","TER C","TER B"))) -> TER B | AE33: =ROUNDDOWN(SUM(K33:AD33),0) -> 0 | AF33: =IF(J33="TER A",VLOOKUP(AE33,Ter_A,4,TRUE),IF(J33="TER B",VLOOKUP(AE33,Ter_B,4,TRUE),VLOOKUP(AE33,Ter_C,4,TRUE))) -> 0 | AG33: =ROUNDDOWN(IF(H33=0,AE33*AF33*120%,AE33*AF33),0) -> 0 | AK33: =AJ33-AI33 -> 0 | AM33: =AG33-AH33 -> 0 | AP33: =L33+M33 -> 0 | AQ33: =AO33+AP33 -> 0 | AR33: =AQ33-AE33 -> 0
B34: 27 | C34: SAPRIANTO | D34: 1902052605910003 | E34: - | F34: DSN PESARAKAN RT. 007 RW. 003 DESA CENDIL KEC. KELAPA KAMPIT | G34: PANEN | H34: L | I34: K/1 | J34: =IF(ISBLANK(I34),"",IF(OR(I34="TK/0",I34="TK/1",I34="K/0"),"TER A",IF(I34="K/3","TER C","TER B"))) -> TER B | K34: =30*121333.33 -> 3639999.9 | L34: =3640000*0.84% -> 30576 | M34: ='[7]HARVESTING KHT'!$AQ14 -> 146200 | N34: ='[7]HARVESTING KHT'!$U14 -> 126000 | P34: ='[7]HARVESTING KHT'!$AD14 -> 0 | Q34: ='[7]HARVESTING KHT'!$AE14 -> 0 | R34: ='[7]HARVESTING KHT'!$AA14 -> 0 | S34: ='[7]HARVESTING KHT'!$AB14 -> 103950 | T34: ='[7]HARVESTING KHT'!$AC14 -> 299750 | U34: ='[7]HARVESTING KHT'!$AF14 -> 0 | V34: ='[7]HARVESTING KHT'!$AH14 -> 0 | W34: ='[6]HARVESTING KHT'!$AK16 -> 0 | X34: ='[7]HARVESTING KHT'!$Z14 -> 15000 | Y34: =-'[7]HARVESTING KHT'!$AI14 -> -100867 | AB34: =-'[7]HARVESTING KHT'!$BI14 -> -242666.66 | AE34: =ROUNDDOWN(SUM(K34:AD34),0) -> 4017942 | AF34: =IF(J34="TER A",VLOOKUP(AE34,Ter_A,4,TRUE),IF(J34="TER B",VLOOKUP(AE34,Ter_B,4,TRUE),VLOOKUP(AE34,Ter_C,4,TRUE))) -> 0 | AG34: =ROUNDDOWN(IF(H34=0,AE34*AF34*120%,AE34*AF34),0) -> 0 | AI34: =AG34-AH34 -> 0 | AK34: =AJ34-AI34 -> 0 | AO34: ='[7]HARVESTING KHT'!$AL14 -> 3841166.2 | AP34: =L34+M34 -> 176776 | AQ34: =AO34+AP34 -> 4017942.2 | AR34: =AQ34-AE34 -> 0.24
B35: 28 | C35: NANDAR ASMARA | D35: 3202262009710002 | E35: - | F35: KP NYALINDUNG RT. 034 RW. 008 DESA CIRACAP KEC. CIRACAP KAB. SUKABUMI JAWA BARAT | G35: PANEN | H35: L | I35: K/0 | J35: =IF(ISBLANK(I35),"",IF(OR(I35="TK/0",I35="TK/1",I35="K/0"),"TER A",IF(I35="K/3","TER C","TER B"))) -> TER A | K35: =30*121333.33 -> 3639999.9 | L35: =3640000*0.84% -> 30576 | M35: ='[7]HARVESTING KHT'!$AQ15 -> 145900 | N35: ='[7]HARVESTING KHT'!$U15 -> 108000 | P35: ='[7]HARVESTING KHT'!$AD15 -> 0 | Q35: ='[7]HARVESTING KHT'!$AE15 -> 0 | R35: ='[7]HARVESTING KHT'!$AA15 -> 4581 | S35: ='[7]HARVESTING KHT'!$AB15 -> 149100 | T35: ='[7]HARVESTING KHT'!$AC15 -> 448800 | U35: ='[7]HARVESTING KHT'!$AF15 -> 0 | V35: ='[7]HARVESTING KHT'!$AH15 -> 0 | W35: ='[6]HARVESTING KHT'!$AK17 -> 0 | X35: ='[7]HARVESTING KHT'!$Z15 -> 7500 | Y35: =-'[7]HARVESTING KHT'!$AI15 -> 0 | AB35: =-'[7]HARVESTING KHT'!$BI15 -> 0 | AE35: =ROUNDDOWN(SUM(K35:AD35),0) -> 4534456 | AF35: =IF(J35="TER A",VLOOKUP(AE35,Ter_A,4,TRUE),IF(J35="TER B",VLOOKUP(AE35,Ter_B,4,TRUE),VLOOKUP(AE35,Ter_C,4,TRUE))) -> 0 | AG35: =ROUNDDOWN(IF(H35=0,AE35*AF35*120%,AE35*AF35),0) -> 0 | AI35: =AG35-AH35 -> 0 | AK35: =AJ35-AI35 -> 0 | AO35: ='[7]HARVESTING KHT'!$AL15 -> 4357980.9 | AP35: =L35+M35 -> 176476 | AQ35: =AO35+AP35 -> 4534456.9 | AR35: =AQ35-AE35 -> 0.9
B36: 29 | C36: JUPRI | D36: 5203120107650934 | E36: - | F36: MONTOR DAKOK DESA PENGADANGAN KEC. PRINGGASELA KAB. LOMBOK TIMUR | G36: PANEN | H36: L | I36: K/2 | J36: =IF(ISBLANK(I36),"",IF(OR(I36="TK/0",I36="TK/1",I36="K/0"),"TER A",IF(I36="K/3","TER C","TER B"))) -> TER B | K36: =30*121333.33 -> 3639999.9 | L36: =3640000*0.84% -> 30576 | M36: ='[7]HARVESTING KHT'!$AQ16 -> 145800 | N36: ='[7]HARVESTING KHT'!$U16 -> 145800 | P36: ='[7]HARVESTING KHT'!$AD16 -> 0 | Q36: ='[7]HARVESTING KHT'!$AE16 -> 0 | R36: ='[7]HARVESTING KHT'!$AA16 -> 114637 | S36: ='[7]HARVESTING KHT'!$AB16 -> 93450 | T36: ='[7]HARVESTING KHT'!$AC16 -> 443050 | U36: ='[7]HARVESTING KHT'!$AF16 -> 178450 | V36: ='[7]HARVESTING KHT'!$AH16 -> 0 | W36: ='[6]HARVESTING KHT'!$AK18 -> 0 | X36: ='[7]HARVESTING KHT'!$Z16 -> 5000 | Y36: =-'[7]HARVESTING KHT'!$AI16 -> -92096 | AB36: =-'[7]HARVESTING KHT'!$BI16 -> -363999.99 | AE36: =ROUNDDOWN(SUM(K36:AD36),0) -> 4340666 | AF36: =IF(J36="TER A",VLOOKUP(AE36,Ter_A,4,TRUE),IF(J36="TER B",VLOOKUP(AE36,Ter_B,4,TRUE),VLOOKUP(AE36,Ter_C,4,TRUE))) -> 0 | AG36: =ROUNDDOWN(IF(H36=0,AE36*AF36*120%,AE36*AF36),0) -> 0 | AK36: =AJ36-AI36 -> 0 | AM36: =AG36-AH36 -> 0 | AO36: ='[7]HARVESTING KHT'!$AL16 -> 4164290.9 | AP36: =L36+M36 -> 176376 | AQ36: =AO36+AP36 -> 4340666.9 | AR36: =AQ36-AE36 -> 0.91
B37: 30 | C37: HERNAWADI | D37: 5203100912940002 | E37: 04.970.518.9-305.000 | F37: KOKOK RAJAK RT.003/RW.000 DESA DADAP KEC. SAMBELIA KAB. LOMBOK TIMUR | G37: PANEN | H37: L | I37: K/1 | J37: =IF(ISBLANK(I37),"",IF(OR(I37="TK/0",I37="TK/1",I37="K/0"),"TER A",IF(I37="K/3","TER C","TER B"))) -> TER B | K37: =30*121333.33 -> 3639999.9 | L37: =3640000*0.84% -> 30576 | M37: ='[7]HARVESTING KHT'!$AQ17 -> 145800 | N37: ='[7]HARVESTING KHT'!$U17 -> 135000 | P37: ='[7]HARVESTING KHT'!$AD17 -> 0 | Q37: ='[7]HARVESTING KHT'!$AE17 -> 0 | R37: ='[7]HARVESTING KHT'!$AA17 -> 518947 | S37: ='[7]HARVESTING KHT'!$AB17 -> 139650 | T37: ='[7]HARVESTING KHT'!$AC17 -> 606200 | U37: ='[7]HARVESTING KHT'!$AF17 -> 647535 | V37: ='[7]HARVESTING KHT'!$AH17 -> 150000 | W37: ='[6]HARVESTING KHT'!$AK19 -> 0 | X37: ='[7]HARVESTING KHT'!$Z17 -> 5000 | Y37: =-'[7]HARVESTING KHT'!$AI17 -> 0 | AB37: =-'[7]HARVESTING KHT'!$BI17 -> 0 | AE37: =ROUNDDOWN(SUM(K37:AD37),0) -> 6018707 | AF37: =IF(J37="TER A",VLOOKUP(AE37,Ter_A,4,TRUE),IF(J37="TER B",VLOOKUP(AE37,Ter_B,4,TRUE),VLOOKUP(AE37,Ter_C,4,TRUE))) -> 0 | AG37: =ROUNDDOWN(IF(H37=0,AE37*AF37*120%,AE37*AF37),0) -> 0 | AI37: =AG37-AH37 -> 0 | AK37: =AJ37-AI37 -> 0 | AO37: ='[7]HARVESTING KHT'!$AL17 -> 5842331.9 | AP37: =L37+M37 -> 176376 | AQ37: =AO37+AP37 -> 6018707.9 | AR37: =AQ37-AE37 -> 0.9
C38: JAHARUDIN | D38: 5203173112780193 | E38: - | F38: GUNUNG TIMBA RT.006/ RW.003 DESA DENGGAN TIMUR KEC. SELONG KAB. LOMBOK TIMUR | G38: PANEN | H38: L | I38: K/1 | J38: =IF(ISBLANK(I38),"",IF(OR(I38="TK/0",I38="TK/1",I38="K/0"),"TER A",IF(I38="K/3","TER C","TER B"))) -> TER B | AE38: =ROUNDDOWN(SUM(K38:AD38),0) -> 0 | AF38: =IF(J38="TER A",VLOOKUP(AE38,Ter_A,4,TRUE),IF(J38="TER B",VLOOKUP(AE38,Ter_B,4,TRUE),VLOOKUP(AE38,Ter_C,4,TRUE))) -> 0 | AG38: =ROUNDDOWN(IF(H38=0,AE38*AF38*120%,AE38*AF38),0) -> 0 | AI38: =AG38-AH38 -> 0 | AK38: =AJ38-AI38 -> 0 | AP38: =L38+M38 -> 0 | AQ38: =AO38+AP38 -> 0 | AR38: =AQ38-AE38 -> 0
B39: 31 | C39: BAHARI | D39: 5203070107770764 | E39: - | F39: DASAN GEDANG DAYA DESA DENGGEN KEC. SELONG KAB. LOMBOK TIMUR | G39: PANEN | H39: L | I39: K/2 | J39: =IF(ISBLANK(I39),"",IF(OR(I39="TK/0",I39="TK/1",I39="K/0"),"TER A",IF(I39="K/3","TER C","TER B"))) -> TER B | K39: =30*121333.33 -> 3639999.9 | L39: =3640000*0.84% -> 30576 | M39: ='[7]HARVESTING KHT'!$AQ18 -> 145800 | N39: ='[7]HARVESTING KHT'!$U18 -> 135000 | P39: ='[7]HARVESTING KHT'!$AD18 -> 0 | Q39: ='[7]HARVESTING KHT'!$AE18 -> 0 | R39: ='[7]HARVESTING KHT'!$AA18 -> 196581 | S39: ='[7]HARVESTING KHT'!$AB18 -> 163800 | T39: ='[7]HARVESTING KHT'!$AC18 -> 615100 | U39: ='[7]HARVESTING KHT'!$AF18 -> 488042 | V39: ='[7]HARVESTING KHT'!$AH18 -> 0 | W39: ='[6]HARVESTING KHT'!$AK21 -> 0 | X39: ='[7]HARVESTING KHT'!$Z18 -> 5000 | Y39: =-'[7]HARVESTING KHT'!$AI18 -> 0 | AB39: =-'[7]HARVESTING KHT'!$BI18 -> 0 | AE39: =ROUNDDOWN(SUM(K39:AD39),0) -> 5419898 | AF39: =IF(J39="TER A",VLOOKUP(AE39,Ter_A,4,TRUE),IF(J39="TER B",VLOOKUP(AE39,Ter_B,4,TRUE),VLOOKUP(AE39,Ter_C,4,TRUE))) -> 0 | AG39: =ROUNDDOWN(IF(H39=0,AE39*AF39*120%,AE39*AF39),0) -> 0 | AK39: =AJ39-AI39 -> 0 | AM39: =AG39-AH39 -> 0 | AO39: ='[7]HARVESTING KHT'!$AL18 -> 5243522.9 | AP39: =L39+M39 -> 176376 | AQ39: =AO39+AP39 -> 5419898.9 | AR39: =AQ39-AE39 -> 0.9
B40: 32 | C40: SAPARUDIN | D40: 5202090109840002 | E40: - | F40: PENGKORES RT.005/RW.- DESA KOPANG REMBIGA KEC. KOPANG KAB. LOMBOK TENGAH | G40: PANEN | H40: L | I40: TK/0 | J40: =IF(ISBLANK(I40),"",IF(OR(I40="TK/0",I40="TK/1",I40="K/0"),"TER A",IF(I40="K/3","TER C","TER B"))) -> TER A | K40: =30*121333.33 -> 3639999.9 | L40: =3640000*0.84% -> 30576 | M40: ='[7]HARVESTING KHT'!$AQ19 -> 145700 | N40: ='[7]HARVESTING KHT'!$U19 -> 60750 | P40: ='[7]HARVESTING KHT'!$AD19 -> 73641.61 | Q40: ='[7]HARVESTING KHT'!$AE19 -> 0 | R40: ='[7]HARVESTING KHT'!$AA19 -> 423776 | S40: ='[7]HARVESTING KHT'!$AB19 -> 107100 | T40: ='[7]HARVESTING KHT'!$AC19 -> 414900 | U40: ='[7]HARVESTING KHT'!$AF19 -> 216061 | V40: ='[7]HARVESTING KHT'!$AH19 -> 0 | W40: ='[6]HARVESTING KHT'!$AK22 -> 0 | X40: ='[7]HARVESTING KHT'!$Z19 -> 2500 | Y40: =-'[7]HARVESTING KHT'!$AI19 -> 0 | AB40: =-'[7]HARVESTING KHT'!$BI19 -> -363999.99 | AE40: =ROUNDDOWN(SUM(K40:AD40),0) -> 4751004 | AF40: =IF(J40="TER A",VLOOKUP(AE40,Ter_A,4,TRUE),IF(J40="TER B",VLOOKUP(AE40,Ter_B,4,TRUE),VLOOKUP(AE40,Ter_C,4,TRUE))) -> 0 | AG40: =ROUNDDOWN(IF(H40=0,AE40*AF40*120%,AE40*AF40),0) -> 0 | AI40: =AG40-AH40 -> 0 | AK40: =AJ40-AI40 -> 0 | AO40: ='[7]HARVESTING KHT'!$AL19 -> 4574728.5 | AP40: =L40+M40 -> 176276 | AQ40: =AO40+AP40 -> 4751004.5 | AR40: =AQ40-AE40 -> 0.52
B41: 33 | C41: HARDI | D41: 1902040308890003 | E41: - | F41: JL RAYA PELEPAK PUTE RT. 005 RW. 003 DESA PELEPAK PUTE KEC. SIJUK | G41: PANEN | H41: L | I41: K/2 | J41: =IF(ISBLANK(I41),"",IF(OR(I41="TK/0",I41="TK/1",I41="K/0"),"TER A",IF(I41="K/3","TER C","TER B"))) -> TER B | K41: =30*121333.33 -> 3639999.9 | L41: =3640000*0.84% -> 30576 | M41: ='[7]HARVESTING KHT'!$AQ20 -> 146320 | N41: ='[7]HARVESTING KHT'!$U20 -> 151200 | P41: ='[7]HARVESTING KHT'!$AD20 -> 0 | Q41: ='[7]HARVESTING KHT'!$AE20 -> 0 | R41: ='[7]HARVESTING KHT'!$AA20 -> 0 | S41: ='[7]HARVESTING KHT'!$AB20 -> 101850 | T41: ='[7]HARVESTING KHT'!$AC20 -> 273900 | U41: ='[7]HARVESTING KHT'!$AF20 -> 0 | V41: ='[7]HARVESTING KHT'!$AH20 -> 0 | W41: ='[6]HARVESTING KHT'!$AK23 -> 0 | X41: ='[7]HARVESTING KHT'!$Z20 -> 18000 | Y41: =-'[7]HARVESTING KHT'!$AI20 -> -100867 | AB41: =-'[7]HARVESTING KHT'!$BI20 -> -242666.66 | AE41: =ROUNDDOWN(SUM(K41:AD41),0) -> 4018312 | AF41: =IF(J41="TER A",VLOOKUP(AE41,Ter_A,4,TRUE),IF(J41="TER B",VLOOKUP(AE41,Ter_B,4,TRUE),VLOOKUP(AE41,Ter_C,4,TRUE))) -> 0 | AG41: =ROUNDDOWN(IF(H41=0,AE41*AF41*120%,AE41*AF41),0) -> 0 | AI41: =AG41-AH41 -> 0 | AK41: =AJ41-AI41 -> 0 | AO41: ='[7]HARVESTING KHT'!$AL20 -> 3841416.2 | AP41: =L41+M41 -> 176896 | AQ41: =AO41+AP41 -> 4018312.2 | AR41: =AQ41-AE41 -> 0.24
B42: 34 | C42: RUSDIANA | D42: 1902043009700001 | E42: 75.733.492.5-305.000 | F42: PELEPAK PUTE RT. 004 RW. 002 DESA PELEPAK PUTE KEC. SIJUK | G42: PANEN | H42: L | I42: K/2 | J42: =IF(ISBLANK(I42),"",IF(OR(I42="TK/0",I42="TK/1",I42="K/0"),"TER A",IF(I42="K/3","TER C","TER B"))) -> TER B | K42: =30*121333.33 -> 3639999.9 | L42: =3640000*0.84% -> 30576 | M42: ='[7]HARVESTING KHT'!$AQ21 -> 146440 | N42: ='[7]HARVESTING KHT'!$U21 -> 135000 | P42: ='[7]HARVESTING KHT'!$AD21 -> 0 | Q42: ='[7]HARVESTING KHT'!$AE21 -> 0 | R42: ='[7]HARVESTING KHT'!$AA21 -> 0 | S42: ='[7]HARVESTING KHT'!$AB21 -> 96600 | T42: ='[7]HARVESTING KHT'!$AC21 -> 480850 | U42: ='[7]HARVESTING KHT'!$AF21 -> 0 | V42: ='[7]HARVESTING KHT'!$AH21 -> 0 | W42: ='[6]HARVESTING KHT'!$AK24 -> 0 | X42: ='[7]HARVESTING KHT'!$Z21 -> 21000 | Y42: =-'[7]HARVESTING KHT'!$AI21 -> 0 | AB42: =-'[7]HARVESTING KHT'!$BI21 -> 0 | AE42: =ROUNDDOWN(SUM(K42:AD42),0) -> 4550465 | AF42: =IF(J42="TER A",VLOOKUP(AE42,Ter_A,4,TRUE),IF(J42="TER B",VLOOKUP(AE42,Ter_B,4,TRUE),VLOOKUP(AE42,Ter_C,4,TRUE))) -> 0 | AG42: =ROUNDDOWN(IF(H42=0,AE42*AF42*120%,AE42*AF42),0) -> 0 | AI42: =AG42-AH42 -> 0 | AK42: =AJ42-AI42 -> 0 | AO42: ='[7]HARVESTING KHT'!$AL21 -> 4373449.9 | AP42: =L42+M42 -> 177016 | AQ42: =AO42+AP42 -> 4550465.9 | AR42: =AQ42-AE42 -> 0.9
B43: 35 | C43: NAHARUDDIN | D43: 5203181101800001 | E43: - | F43: MONTE DESA SURABAYA UTARA KEC. SAKRA TIMUR KAB. LOMBOK TIMUR | G43: PANEN | H43: L | I43: K/2 | J43: =IF(ISBLANK(I43),"",IF(OR(I43="TK/0",I43="TK/1",I43="K/0"),"TER A",IF(I43="K/3","TER C","TER B"))) -> TER B | K43: =30*121333.33 -> 3639999.9 | L43: =3640000*0.84% -> 30576 | M43: ='[7]HARVESTING KHT'!$AQ22 -> 145800 | N43: ='[7]HARVESTING KHT'!$U22 -> 135000 | P43: ='[7]HARVESTING KHT'!$AD22 -> 0 | Q43: ='[7]HARVESTING KHT'!$AE22 -> 0 | R43: ='[7]HARVESTING KHT'!$AA22 -> 444860 | S43: ='[7]HARVESTING KHT'!$AB22 -> 105000 | T43: ='[7]HARVESTING KHT'!$AC22 -> 454400 | U43: ='[7]HARVESTING KHT'!$AF22 -> 200000 | V43: ='[7]HARVESTING KHT'!$AH22 -> 0 | W43: ='[6]HARVESTING KHT'!$AK25 -> 0 | X43: ='[7]HARVESTING KHT'!$Z22 -> 5000 | Y43: =-'[7]HARVESTING KHT'!$AI22 -> 0 | AB43: =-'[7]HARVESTING KHT'!$BI22 -> 0 | AE43: =ROUNDDOWN(SUM(K43:AD43),0) -> 5160635 | AF43: =IF(J43="TER A",VLOOKUP(AE43,Ter_A,4,TRUE),IF(J43="TER B",VLOOKUP(AE43,Ter_B,4,TRUE),VLOOKUP(AE43,Ter_C,4,TRUE))) -> 0 | AG43: =ROUNDDOWN(IF(H43=0,AE43*AF43*120%,AE43*AF43),0) -> 0 | AI43: =AG43-AH43 -> 0 | AK43: =AJ43-AI43 -> 0 | AO43: ='[7]HARVESTING KHT'!$AL22 -> 4984259.9 | AP43: =L43+M43 -> 176376 | AQ43: =AO43+AP43 -> 5160635.9 | AR43: =AQ43-AE43 -> 0.9
C44: SAPRIADI | D44: 5203011806820001 | E44: - | F44: KETANGGA BARAT DESA KETANGGA JERAENG KEC. KERUAK KAB. LOMBOK TIMUR | G44: PANEN | H44: L | I44: K/1 | J44: =IF(ISBLANK(I44),"",IF(OR(I44="TK/0",I44="TK/1",I44="K/0"),"TER A",IF(I44="K/3","TER C","TER B"))) -> TER B | AE44: =ROUNDDOWN(SUM(K44:AD44),0) -> 0 | AF44: =IF(J44="TER A",VLOOKUP(AE44,Ter_A,4,TRUE),IF(J44="TER B",VLOOKUP(AE44,Ter_B,4,TRUE),VLOOKUP(AE44,Ter_C,4,TRUE))) -> 0 | AG44: =ROUNDDOWN(IF(H44=0,AE44*AF44*120%,AE44*AF44),0) -> 0 | AI44: =AG44-AH44 -> 0 | AK44: =AJ44-AI44 -> 0 | AP44: =L44+M44 -> 0 | AQ44: =AO44+AP44 -> 0 | AR44: =AQ44-AE44 -> 0
B45: 36 | C45: SAHDAN | D45: 5203033112850538 | E45: - | F45: LISUNG BATU, RT.004/- DS. PANDAN DURI KEC. TERARA KAB LOMBOK TIMUR | G45: PANEN | H45: L | I45: K/2 | J45: =IF(ISBLANK(I45),"",IF(OR(I45="TK/0",I45="TK/1",I45="K/0"),"TER A",IF(I45="K/3","TER C","TER B"))) -> TER B | K45: =30*121333.33 -> 3639999.9 | L45: =3640000*0.84% -> 30576 | M45: ='[7]HARVESTING KHT'!$AQ23 -> 145700 | N45: ='[7]HARVESTING KHT'!$U23 -> 162000 | P45: ='[7]HARVESTING KHT'!$AD23 -> 0 | Q45: ='[7]HARVESTING KHT'!$AE23 -> 0 | R45: ='[7]HARVESTING KHT'!$AA23 -> 193343 | S45: ='[7]HARVESTING KHT'!$AB23 -> 168000 | T45: ='[7]HARVESTING KHT'!$AC23 -> 670750 | U45: ='[7]HARVESTING KHT'!$AF23 -> 212455 | V45: ='[7]HARVESTING KHT'!$AH23 -> 0 | W45: ='[6]HARVESTING KHT'!$AK27 -> 0 | X45: ='[7]HARVESTING KHT'!$Z23 -> 2500 | Y45: =-'[7]HARVESTING KHT'!$AI23 -> 0 | AB45: =-'[7]HARVESTING KHT'!$BI23 -> 0 | AE45: =ROUNDDOWN(SUM(K45:AD45),0) -> 5225323 | AF45: =IF(J45="TER A",VLOOKUP(AE45,Ter_A,4,TRUE),IF(J45="TER B",VLOOKUP(AE45,Ter_B,4,TRUE),VLOOKUP(AE45,Ter_C,4,TRUE))) -> 0 | AG45: =ROUNDDOWN(IF(H45=0,AE45*AF45*120%,AE45*AF45),0) -> 0 | AI45: =AG45-AH45 -> 0 | AK45: =AJ45-AI45 -> 0 | AO45: ='[7]HARVESTING KHT'!$AL23 -> 5049047.9 | AP45: =L45+M45 -> 176276 | AQ45: =AO45+AP45 -> 5225323.9 | AR45: =AQ45-AE45 -> 0.9
B46: 37 | C46: SURIADI | D46: 5203060107910397 | E46: - | F46: DUSUN GUBUK KEBON DESA SUKAMULIA KEC. SUKAMULIA KAB. LOMBOK TIMUR | G46: PANEN | H46: L | I46: TK/0 | J46: =IF(ISBLANK(I46),"",IF(OR(I46="TK/0",I46="TK/1",I46="K/0"),"TER A",IF(I46="K/3","TER C","TER B"))) -> TER A | K46: =30*121333.33 -> 3639999.9 | L46: =3640000*0.84% -> 30576 | M46: ='[7]HARVESTING KHT'!$AQ24 -> 145900 | N46: ='[7]HARVESTING KHT'!$U24 -> 65250 | P46: ='[7]HARVESTING KHT'!$AD24 -> 0 | Q46: ='[7]HARVESTING KHT'!$AE24 -> 0 | R46: ='[7]HARVESTING KHT'!$AA24 -> 552653 | S46: ='[7]HARVESTING KHT'!$AB24 -> 182700 | T46: ='[7]HARVESTING KHT'!$AC24 -> 617050 | U46: ='[7]HARVESTING KHT'!$AF24 -> 355010 | V46: ='[7]HARVESTING KHT'!$AH24 -> 150000 | W46: ='[6]HARVESTING KHT'!$AK28 -> 0 | X46: ='[7]HARVESTING KHT'!$Z24 -> 7500 | Y46: =-'[7]HARVESTING KHT'!$AI24 -> 0 | AB46: =-'[7]HARVESTING KHT'!$BI24 -> -121333.33 | AE46: =ROUNDDOWN(SUM(K46:AD46),0) -> 5625305 | AF46: =IF(J46="TER A",VLOOKUP(AE46,Ter_A,4,TRUE),IF(J46="TER B",VLOOKUP(AE46,Ter_B,4,TRUE),VLOOKUP(AE46,Ter_C,4,TRUE))) -> 0.0025 | AG46: =ROUNDDOWN(IF(H46=0,AE46*AF46*120%,AE46*AF46),0) -> 14063 | AK46: =AJ46-AI46 -> 0 | AM46: =AG46-AH46 -> 14063 | AO46: ='[7]HARVESTING KHT'!$AL24 -> 5448829.6 | AP46: =L46+M46 -> 176476 | AQ46: =AO46+AP46 -> 5625305.6 | AR46: =AQ46-AE46 -> 0.57
B47: 38 | C47: HAINI | D47: 1902041106830003 | E47: - | F47: JL TARUNA RT. 011 RW. 006 DESA SIJUK KEC. SIJUK | G47: PANEN | H47: L | I47: K/2 | J47: =IF(ISBLANK(I47),"",IF(OR(I47="TK/0",I47="TK/1",I47="K/0"),"TER A",IF(I47="K/3","TER C","TER B"))) -> TER B | K47: =30*121333.33 -> 3639999.9 | L47: =3640000*0.84% -> 30576 | M47: ='[7]HARVESTING KHT'!$AQ25 -> 146200 | N47: ='[7]HARVESTING KHT'!$U25 -> 156600 | P47: ='[7]HARVESTING KHT'!$AD25 -> 0 | Q47: ='[7]HARVESTING KHT'!$AE25 -> 0 | R47: ='[7]HARVESTING KHT'!$AA25 -> 29087 | S47: ='[7]HARVESTING KHT'!$AB25 -> 118650 | T47: ='[7]HARVESTING KHT'!$AC25 -> 590700 | U47: ='[7]HARVESTING KHT'!$AF25 -> 0 | V47: ='[7]HARVESTING KHT'!$AH25 -> 0 | W47: ='[6]HARVESTING KHT'!$AK29 -> 0 | X47: ='[7]HARVESTING KHT'!$Z25 -> 15000 | Y47: =-'[7]HARVESTING KHT'!$AI25 -> -102329 | AB47: =-'[7]HARVESTING KHT'!$BI25 -> -121333.33 | AE47: =ROUNDDOWN(SUM(K47:AD47),0) -> 4503150 | AF47: =IF(J47="TER A",VLOOKUP(AE47,Ter_A,4,TRUE),IF(J47="TER B",VLOOKUP(AE47,Ter_B,4,TRUE),VLOOKUP(AE47,Ter_C,4,TRUE))) -> 0 | AG47: =ROUNDDOWN(IF(H47=0,AE47*AF47*120%,AE47*AF47),0) -> 0 | AI47: =AG47-AH47 -> 0 | AK47: =AJ47-AI47 -> 0 | AO47: ='[7]HARVESTING KHT'!$AL25 -> 4326374.6 | AP47: =L47+M47 -> 176776 | AQ47: =AO47+AP47 -> 4503150.6 | AR47: =AQ47-AE47 -> 0.57
C48: KHAIRUL ANAM | D48: 5203192710020004 | E48: - | F48: CAOK DESA BUNGTIANG KEC. SAKRA BARAT KAB. LOMBOK TIMUR | G48: PANEN | H48: L | I48: TK/0 | J48: =IF(ISBLANK(I48),"",IF(OR(I48="TK/0",I48="TK/1",I48="K/0"),"TER A",IF(I48="K/3","TER C","TER B"))) -> TER A | AE48: =ROUNDDOWN(SUM(K48:AD48),0) -> 0 | AF48: =IF(J48="TER A",VLOOKUP(AE48,Ter_A,4,TRUE),IF(J48="TER B",VLOOKUP(AE48,Ter_B,4,TRUE),VLOOKUP(AE48,Ter_C,4,TRUE))) -> 0 | AG48: =ROUNDDOWN(IF(H48=0,AE48*AF48*120%,AE48*AF48),0) -> 0 | AI48: =AG48-AH48 -> 0 | AK48: =AJ48-AI48 -> 0 | AP48: =L48+M48 -> 0 | AQ48: =AO48+AP48 -> 0 | AR48: =AQ48-AE48 -> 0
C49: RODI | D49: 5202092911910001 | E49: - | F49: PENGKORES RT.005/- DS. KOPANG REMBIGA KEC. KOPANG KAB. LOMBOK TENGAH | G49: PANEN | H49: L | I49: TK/0 | J49: =IF(ISBLANK(I49),"",IF(OR(I49="TK/0",I49="TK/1",I49="K/0"),"TER A",IF(I49="K/3","TER C","TER B"))) -> TER A | AE49: =ROUNDDOWN(SUM(K49:AD49),0) -> 0 | AF49: =IF(J49="TER A",VLOOKUP(AE49,Ter_A,4,TRUE),IF(J49="TER B",VLOOKUP(AE49,Ter_B,4,TRUE),VLOOKUP(AE49,Ter_C,4,TRUE))) -> 0 | AG49: =ROUNDDOWN(IF(H49=0,AE49*AF49*120%,AE49*AF49),0) -> 0 | AI49: =AG49-AH49 -> 0 | AK49: =AJ49-AI49 -> 0 | AP49: =L49+M49 -> 0 | AQ49: =AO49+AP49 -> 0 | AR49: =AQ49-AE49 -> 0
C50: RIADUSSHOLIHIN | D50: 5202031604000002 | E50: - | F50: MERTAK PAOK DS. MEKAR BERSATU KEC. BATUKLIANG KAB. LOMBOK TENGAH | G50: PANEN | H50: L | I50: TK/0 | J50: =IF(ISBLANK(I50),"",IF(OR(I50="TK/0",I50="TK/1",I50="K/0"),"TER A",IF(I50="K/3","TER C","TER B"))) -> TER A | AE50: =ROUNDDOWN(SUM(K50:AD50),0) -> 0 | AF50: =IF(J50="TER A",VLOOKUP(AE50,Ter_A,4,TRUE),IF(J50="TER B",VLOOKUP(AE50,Ter_B,4,TRUE),VLOOKUP(AE50,Ter_C,4,TRUE))) -> 0 | AG50: =ROUNDDOWN(IF(H50=0,AE50*AF50*120%,AE50*AF50),0) -> 0 | AK50: =AJ50-AI50 -> 0 | AM50: =AG50-AH50 -> 0 | AP50: =L50+M50 -> 0 | AQ50: =AO50+AP50 -> 0 | AR50: =AQ50-AE50 -> 0
C51: MIZAN ASRORI | D51: 5203051506870003 | E51: - | F51: LINGKOK JOET TENGAK TIMUR DESA KESIK KEC. MASBAGIK KAB. LOMBOK TIMUR | G51: PANEN | H51: L | I51: K/2 | J51: =IF(ISBLANK(I51),"",IF(OR(I51="TK/0",I51="TK/1",I51="K/0"),"TER A",IF(I51="K/3","TER C","TER B"))) -> TER B | AE51: =ROUNDDOWN(SUM(K51:AD51),0) -> 0 | AF51: =IF(J51="TER A",VLOOKUP(AE51,Ter_A,4,TRUE),IF(J51="TER B",VLOOKUP(AE51,Ter_B,4,TRUE),VLOOKUP(AE51,Ter_C,4,TRUE))) -> 0 | AG51: =ROUNDDOWN(IF(H51=0,AE51*AF51*120%,AE51*AF51),0) -> 0 | AI51: =AG51-AH51 -> 0 | AK51: =AJ51-AI51 -> 0 | AP51: =L51+M51 -> 0 | AQ51: =AO51+AP51 -> 0 | AR51: =AQ51-AE51 -> 0
B52: 39 | C52: DARMAWAN | D52: 5203023112800294 | E52: - | F52: LUHUN DESA SAKRA SELATAN KEC. SAKRA KAB. LOMBOK TIMUR NTB | G52: PANEN | H52: L | I52: K/2 | J52: =IF(ISBLANK(I52),"",IF(OR(I52="TK/0",I52="TK/1",I52="K/0"),"TER A",IF(I52="K/3","TER C","TER B"))) -> TER B | K52: =30*121333.33 -> 3639999.9 | L52: =3640000*0.84% -> 30576 | M52: ='[7]HARVESTING KHT'!$AQ26 -> 145800 | N52: ='[7]HARVESTING KHT'!$U26 -> 162000 | P52: ='[7]HARVESTING KHT'!$AD26 -> 0 | Q52: ='[7]HARVESTING KHT'!$AE26 -> 0 | R52: ='[7]HARVESTING KHT'!$AA26 -> 56463 | S52: ='[7]HARVESTING KHT'!$AB26 -> 160650 | T52: ='[7]HARVESTING KHT'!$AC26 -> 458100 | U52: ='[7]HARVESTING KHT'!$AF26 -> 397319 | V52: ='[7]HARVESTING KHT'!$AH26 -> 0 | W52: ='[6]HARVESTING KHT'!$AK34 -> 0 | X52: ='[7]HARVESTING KHT'!$Z26 -> 5000 | Y52: =-'[7]HARVESTING KHT'!$AI26 -> 0 | AB52: =-'[7]HARVESTING KHT'!$BI26 -> 0 | AE52: =ROUNDDOWN(SUM(K52:AD52),0) -> 5055907 | AF52: =IF(J52="TER A",VLOOKUP(AE52,Ter_A,4,TRUE),IF(J52="TER B",VLOOKUP(AE52,Ter_B,4,TRUE),VLOOKUP(AE52,Ter_C,4,TRUE))) -> 0 | AG52: =ROUNDDOWN(IF(H52=0,AE52*AF52*120%,AE52*AF52),0) -> 0 | AI52: =AG52-AH52 -> 0 | AK52: =AJ52-AI52 -> 0 | AO52: ='[7]HARVESTING KHT'!$AL26 -> 4879531.9 | AP52: =L52+M52 -> 176376 | AQ52: =AO52+AP52 -> 5055907.9 | AR52: =AQ52-AE52 -> 0.9
