Workbook
Name Ter_A: [1]TARIF!$B$3:$E$46
Name Ter_B: [1]TARIF!$H$3:$K$42
Name Ter_C: [1]TARIF!$N$3:$Q$43

Sheet CKROL PHT
A1: DATA HASIL PANEN
A2: KARYAWAN KHT
A3: No | B3: Nama Karyawan | C3: Tanggal | AH3: Total | AI3: HARGA | AJ3: PREMI | AK3: CT | AL3: CS | AM3: CM | AN3: CN | AO3: CI | AP3: TOTAL | AQ3: CTH | AR3: A
C4: 1 | D4: 2 | E4: 3 | F4: 4 | G4: 5 | H4: 6 | I4: 7 | J4: 8 | K4: 9 | L4: 10 | M4: 11 | N4: 12 | O4: 13 | P4: 14 | Q4: 15 | R4: 16 | S4: 17 | T4: 18 | U4: 19 | V4: 20 | W4: 21 | X4: 22 | Y4: 23 | Z4: 24 | AA4: 25 | AB4: 26 | AC4: 27 | AD4: 28 | AE4: 29 | AF4: 30 | AG4: 31 | AI4: PREMI | AP4: HK
A5: 1 | B5: DICKY PRATAMA | D5: CS | E5: CS | G5: CS | H5: CS | I5: CS | J5: CS | K5: CS | L5: CS | N5: CS | O5: CS | P5: CS | Q5: CS | S5: CS | U5: 1 | V5: 1 | W5: 1 | X5: 1 | Y5: 1 | Z5: 1 | AB5: 1 | AC5: 1 | AD5: 1 | AE5: 1 | AF5: 1 | AG5: 1 | AH5: =SUM(C5:AG5) -> 12 | AK5: =COUNTIF(C5:AG5,"CT") -> 0 | AL5: =COUNTIF(C5:AG5,"CS") -> 13 | AM5: 4 | AN5: 2 | AO5: =COUNTIF(C5:AG5,"CI") -> 0 | AP5: =AH5+AK5+AL5+AM5+AN5+AO5 -> 31 | AQ5: =COUNTIF(C5:AG5,"CTH") -> 0 | AR5: =COUNTIF(C5:AG5,"A") -> 0
B6: LEMBUR 1 | AH6: =SUM(C6:AG6) -> 0 | AI6: 33612.14 | AJ6: =AH6*AI6 -> 0
B7: 2 | AH7: =SUM(C7:AG7) -> 0 | AI7: 44816.18 | AJ7: =AH7*AI7 -> 0
AJ8: =SUM(AJ6:AJ7) -> 0
A9: 2 | B9: RIDHO APRIZAL | D9: 1 | E9: 1 | G9: 1 | H9: 1 | I9: 1 | J9: 1 | K9: 1 | L9: 1 | N9: 1 | O9: 1 | P9: 1 | Q9: 1 | S9: 1 | U9: CT | V9: CT | W9: CT | X9: CT | Y9: CT | Z9: CT | AB9: 1 | AC9: 1 | AD9: 1 | AE9: 1 | AF9: 1 | AG9: 1 | AH9: =SUM(C9:AG9) -> 19 | AK9: =COUNTIF(C9:AG9,"CT") -> 6 | AL9: =COUNTIF(C9:AG9,"CS") -> 0 | AM9: 4 | AN9: 2 | AO9: =COUNTIF(C9:AG9,"CI") -> 0 | AP9: =AH9+AK9+AL9+AM9+AN9+AO9 -> 31 | AQ9: =COUNTIF(C9:AG9,"CTH") -> 0 | AR9: =COUNTIF(C9:AG9,"A") -> 0
B10: LEMBUR 1 | AH10: =SUM(C10:AG10) -> 0 | AI10: 33612.14 | AJ10: =AH10*AI10 -> 0
B11: 2 | AH11: =SUM(C11:AG11) -> 0 | AI11: 44816.18 | AJ11: =AH11*AI11 -> 0
AJ12: =SUM(AJ10:AJ11) -> 0
A13: 3 | B13: SUIP | D13: 1 | E13: 1 | G13: 1 | H13: 1 | I13: 1 | J13: 1 | K13: 1 | L13: 1 | N13: 1 | O13: 1 | P13: 1 | Q13: CT | S13: 1 | U13: 1 | V13: 1 | W13: 1 | X13: 1 | Y13: 1 | Z13: 1 | AB13: 1 | AC13: 1 | AD13: 1 | AE13: 1 | AF13: 1 | AG13: 1 | AH13: =SUM(C13:AG13) -> 24 | AK13: =COUNTIF(C13:AG13,"CT") -> 1 | AL13: =COUNTIF(C13:AG13,"CS") -> 0 | AM13: 4 | AN13: 2 | AO13: =COUNTIF(C13:AG13,"CI") -> 0 | AP13: =AH13+AK13+AL13+AM13+AN13+AO13 -> 31 | AQ13: =COUNTIF(C13:AG13,"CTH") -> 0 | AR13: =COUNTIF(C13:AG13,"A") -> 0
B14: BLOCK | D14: 07/01 | E14: 13/01 | G14: 12/01 | H14: 97/04 | I14: 97/03 | J14: 13/01 | K14: 98/01 | L14: 07/02 | N14: 07/01 | O14: 08/01 | P14: 97/04 | S14: 12/01 | U14: 13/01 | V14: 98/01 | W14: 07/02 | X14: 07/01 | Y14: 97/04 | Z14: 97/03 | AB14: 12/01 | AC14: 97/15 | AD14: 12/01 | AE14: 13/01 | AF14: 98/01 | AG14: 07/02
B15: Basis | D15: 90 | E15: 103 | G15: 103 | H15: 90 | I15: 90 | J15: 103 | K15: 90 | L15: 90 | N15: 90 | O15: 90 | P15: 90 | S15: 103 | U15: 103 | V15: 90 | W15: 90 | X15: 90 | Y15: 90 | Z15: 90 | AB15: 103 | AC15: 90 | AD15: 103 | AE15: 103 | AF15: 90 | AG15: 90
B16: Janjang | D16: 42 | E16: 48 | G16: 61 | H16: 39 | I16: 54 | J16: 64 | K16: 49 | L16: 31 | N16: 55 | O16: 57 | P16: 31 | S16: 50 | U16: 27 | V16: 50 | W16: 23 | X16: 23 | Y16: 28 | Z16: 16 | AB16: 54 | AC16: 20 | AD16: 31 | AE16: 36 | AF16: 27 | AG16: 32 | AH16: =SUM(C16:AG16) -> 948
B17: Premi 90 | AH17: =SUM(C17:AG17) -> 0 | AI17: 1409 | AJ17: =AH17*AI17 -> 0
B18: Premi 103 | E18: 48 | J18: 64 | AH18: =SUM(C18:AG18) -> 112 | AI18: 1322 | AJ18: =AH18*AI18 -> 148064
B19: Premi 114 | AH19: =SUM(C19:AG19) -> 0 | AI19: 1233 | AJ19: =AH19*AI19 -> 0
AH20: TOTAL PREMI | AJ20: =SUM(AJ17:AJ19) -> 148064
B21: Brondol | D21: 11 | E21: 15 | G21: 12 | H21: 7 | I21: 27 | J21: 13 | K21: 15 | L21: 17 | N21: 12 | O21: 8 | P21: 10 | S21: 6 | U21: 2 | V21: 12 | W21: 6 | X21: 3 | Y21: 3 | Z21: 4 | AB21: 6 | AC21: 2 | AD21: 2 | AE21: 2 | AF21: 4 | AG21: 4 | AH21: =SUM(C21:AG21) -> 203 | AI21: 1750 | AJ21: =AH21*AI21 -> 355250
B22: Koreksi | W22: =134500/W15*W16-134500 -> -100127.78 | AH22: =SUM(C22:AG22) -> -100127.78
A24: 4 | B24: ROBIN DINATA | D24: 1 | E24: 1 | G24: 1 | H24: 1 | I24: 1 | J24: 1 | K24: 1 | L24: 1 | N24: 1 | O24: 1 | P24: 1 | Q24: 1 | S24: 1 | U24: 1 | V24: 1 | W24: 1 | X24: 1 | Y24: 1 | Z24: 1 | AB24: 1 | AC24: 1 | AD24: 1 | AE24: 1 | AF24: 1 | AG24: 1 | AH24: =SUM(C24:AG24) -> 25 | AK24: =COUNTIF(C24:AG24,"CT") -> 0 | AL24: =COUNTIF(C24:AG24,"CS") -> 0 | AM24: 4 | AN24: 2 | AO24: =COUNTIF(C24:AG24,"CI") -> 0 | AP24: =AH24+AK24+AL24+AM24+AN24+AO24 -> 31 | AQ24: =COUNTIF(C24:AG24,"CTH") -> 0 | AR24: =COUNTIF(C24:AG24,"A") -> 0
B25: BLOCK | D25: 07/01 | E25: 07/01 | G25: 12/01 | H25: 97/04 | I25: 97/03 | J25: 13/01 | K25: 98/01 | L25: 07/02 | N25: 07/01 | O25: 08/01 | P25: 97/04 | Q25: 12/01 | S25: 12/01 | U25: 13/01 | V25: 98/01 | W25: 07/02 | X25: 07/02 | Y25: 97/04 | Z25: 97/03 | AB25: 12/01 | AC25: 97/15 | AD25: 12/01 | AE25: 13/01 | AF25: 98/01 | AG25: 07/02
B26: Basis | D26: 90 | E26: 90 | G26: 103 | H26: 90 | I26: 90 | J26: 103 | K26: 90 | L26: 90 | N26: 90 | O26: 90 | P26: 90 | Q26: 103 | S26: 103 | U26: 103 | V26: 90 | W26: 90 | X26: 90 | Y26: 90 | Z26: 90 | AB26: 103 | AC26: 90 | AD26: 103 | AE26: 103 | AF26: 90 | AG26: 90
B27: Janjang | D27: 50 | E27: 49 | G27: 87 | H27: 43 | I27: 48 | J27: 53 | K27: 50 | L27: 30 | N27: 50 | O27: 54 | P27: 39 | Q27: 35 | S27: 51 | U27: 46 | V27: 41 | W27: 29 | X27: 26 | Y27: 22 | Z27: 21 | AB27: 55 | AC27: 22 | AD27: 46 | AE27: 43 | AF27: 24 | AG27: 23 | AH27: =SUM(C27:AG27) -> 1037
B28: Premi 90 | E28: 49 | AH28: =SUM(C28:AG28) -> 49 | AI28: 1409 | AJ28: =AH28*AI28 -> 69041
B29: Premi 103 | J29: 53 | AH29: =SUM(C29:AG29) -> 53 | AI29: 1322 | AJ29: =AH29*AI29 -> 70066
B30: Premi 114 | AH30: =SUM(C30:AG30) -> 0 | AI30: 1233 | AJ30: =AH30*AI30 -> 0
AH31: TOTAL PREMI | AJ31: =SUM(AJ28:AJ30) -> 139107
B32: Brondol | D32: 9 | E32: 15 | G32: 19 | H32: 13 | I32: 20 | J32: 6 | K32: 13 | L32: 5 | N32: 10 | O32: 14 | P32: 13 | Q32: 14 | S32: 6 | U32: 4 | V32: 8 | W32: 3 | X32: 3 | Y32: 8 | Z32: 6 | AB32: 4 | AC32: 3 | AD32: 6 | AE32: 4 | AF32: 7 | AG32: 5 | AH32: =SUM(C32:AG32) -> 218 | AI32: 1750 | AJ32: =AH32*AI32 -> 381500
B33: Koreksi | N33: =134500/N26*N27-134500 -> -59777.778 | AH33: =SUM(C33:AG33) -> -59777.778
A35: 5 | B35: SAPARUDIN | D35: 1 | E35: 1 | G35: 1 | H35: 1 | I35: 1 | J35: 1 | K35: 1 | L35: CT | N35: 1 | O35: 1 | P35: CT | Q35: CT | S35: 1 | U35: 1 | V35: 1 | W35: 1 | X35: 1 | Y35: 1 | Z35: 1 | AB35: 1 | AC35: 1 | AD35: 1 | AE35: 1 | AF35: 1 | AG35: 1 | AH35: =SUM(C35:AG35) -> 22 | AK35: =COUNTIF(C35:AG35,"CT") -> 3 | AL35: =COUNTIF(C35:AG35,"CS") -> 0 | AM35: 4 | AN35: 2 | AO35: =COUNTIF(C35:AG35,"CI") -> 0 | AP35: =AH35+AK35+AL35+AM35+AN35+AO35 -> 31 | AQ35: =COUNTIF(C35:AG35,"CTH") -> 0 | AR35: =COUNTIF(C35:AG35,"A") -> 0
B36: BLOCK | D36: 07/01 | E36: 13/01 | G36: 12/01 | H36: 97/04 | I36: 97/03 | J36: 98/01 | K36: 98/01 | N36: 07/01 | O36: 08/01 | S36: 12/01 | U36: 13/01 | V36: 98/01 | W36: 07/02 | X36: 07/01 | Y36: 97/04 | Z36: 97/03 | AB36: 12/01 | AC36: 97/15 | AD36: 12/01 | AE36: 13/01 | AF36: 98/01 | AG36: 07/02 | AH36: 91
B37: Basis | D37: 90 | E37: 103 | G37: 103 | H37: 90 | I37: 90 | J37: 90 | K37: 90 | N37: 90 | O37: 90 | S37: 103 | U37: 103 | V37: 90 | W37: 90 | X37: 90 | Y37: 90 | Z37: 90 | AB37: 103 | AC37: 90 | AD37: 103 | AE37: 103 | AF37: 90 | AG37: 90
B38: Janjang | D38: 83 | E38: 74 | G38: 90 | H38: 51 | I38: 65 | J38: 67 | K38: 59 | N38: 37 | O38: 22 | S38: 60 | U38: 46 | V38: 34 | W38: 21 | X38: 30 | Y38: 41 | Z38: 35 | AB38: 110 | AC38: 20 | AD38: 19 | AE38: 30 | AF38: 41 | AG38: 28 | AH38: =SUM(C38:AG38) -> 1063
B39: Premi 90 | J39: 67 | AH39: =SUM(C39:AG39) -> 67 | AI39: 1409 | AJ39: =AH39*AI39 -> 94403
B40: Premi 103 | E40: 74 | AB40: 7 | AH40: =SUM(C40:AG40) -> 81 | AI40: 1322 | AJ40: =AH40*AI40 -> 107082
B41: Premi 114 | AH41: =SUM(C41:AG41) -> 0 | AI41: 1233 | AJ41: =AH41*AI41 -> 0
AH42: TOTAL PREMI | AJ42: =SUM(AJ39:AJ41) -> 201485
B43: Brondol | D43: 16 | E43: 12 | G43: 14 | H43: 28 | I43: 25 | J43: 32 | K43: 18 | N43: 10 | O43: 7 | S43: 14 | U43: 14 | V43: 10 | W43: 2 | X43: 7 | Y43: 15 | Z43: 6 | AB43: 25 | AC43: 2 | AD43: 0 | AE43: 4 | AF43: 15 | AG43: 4 | AH43: =SUM(C43:AG43) -> 280 | AI43: 1750 | AJ43: =AH43*AI43 -> 490000
B44: Koreksi | K44: =134500/K37*K38-134500 -> -46327.778 | AH44: =SUM(C44:AG44) -> -46327.778
A46: 6 | B46: SONJA PRIYOGA | D46: 1 | E46: 1 | G46: 1 | H46: 1 | I46: 1 | J46: 1 | K46: 1 | L46: 1 | N46: 1 | O46: 1 | P46: 1 | Q46: 1 | S46: 1 | U46: 1 | V46: 1 | W46: 1 | X46: 1 | Y46: 1 | Z46: 1 | AB46: 1 | AC46: 1 | AD46: 1 | AE46: 1 | AF46: 1 | AG46: 1 | AH46: =SUM(C46:AG46) -> 25 | AK46: =COUNTIF(C46:AG46,"CT") -> 0 | AL46: =COUNTIF(C46:AG46,"CS") -> 0 | AM46: 4 | AN46: 2 | AO46: =COUNTIF(C46:AG46,"CI") -> 0 | AP46: =AH46+AK46+AL46+AM46+AN46+AO46 -> 31 | AQ46: =COUNTIF(C46:AG46,"CTH") -> 0 | AR46: =COUNTIF(C46:AG46,"A") -> 0
B47: BLOCK | D47: 07/01 | E47: 13/01 | G47: 12/01 | H47: 97/04 | I47: 97/03 | J47: 13/01 | K47: 98/01 | L47: 07/02 | N47: 07/01 | O47: 08/01 | P47: 97/04 | Q47: 97/03 | S47: 12/01 | U47: 13/01 | V47: 98/01 | W47: 07/02 | X47: 07/02 | Y47: 97/04 | Z47: 97/03 | AB47: 12/01 | AC47: 97/15 | AD47: 12/01 | AE47: 13/01 | AF47: 98/01 | AG47: 07/02
B48: Basis | D48: 90 | E48: 103 | G48: 103 | H48: 90 | I48: 90 | J48: 103 | K48: 90 | L48: 90 | N48: 90 | O48: 90 | P48: 90 | Q48: 90 | S48: 103 | U48: 103 | V48: 90 | W48: 90 | X48: 90 | Y48: 90 | Z48: 90 | AB48: 103 | AC48: 90 | AD48: 103 | AE48: 103 | AF48: 90 | AG48: 90
B49: Janjang | D49: 54 | E49: 69 | G49: 87 | H49: 42 | I49: 49 | J49: 60 | K49: 43 | L49: 44 | N49: 60 | O49: 68 | P49: 37 | Q49: 34 | S49: 51 | U49: 53 | V49: 39 | W49: 28 | X49: 29 | Y49: 22 | Z49: 20 | AB49: 58 | AC49: 20 | AD49: 27 | AE49: 43 | AF49: 43 | AG49: 20 | AH49: =SUM(C49:AG49) -> 1100
B50: Premi 90 | AH50: =SUM(C50:AG50) -> 0 | AI50: 1409 | AJ50: =AH50*AI50 -> 0
B51: Premi 103 | E51: 69 | J51: 60 | AH51: =SUM(C51:AG51) -> 129 | AI51: 1322 | AJ51: =AH51*AI51 -> 170538
B52: Premi 114 | AH52: =SUM(C52:AG52) -> 0 | AI52: 1233 | AJ52: =AH52*AI52 -> 0
AH53: TOTAL PREMI | AJ53: =SUM(AJ50:AJ52) -> 170538
B54: Brondol | D54: 18 | E54: 33 | G54: 16 | H54: 12 | I54: 17 | J54: 12 | K54: 7 | L54: 20 | N54: 16 | O54: 15 | P54: 13 | Q54: 14 | S54: 6 | U54: 5 | V54: 6 | W54: 2 | X54: 6 | Y54: 8 | Z54: 6 | AB54: 5 | AC54: 2 | AD54: 2 | AE54: 4 | AF54: 7 | AG54: 2 | AH54: =SUM(C54:AG54) -> 254 | AI54: 1750 | AJ54: =AH54*AI54 -> 444500
B55: Koreksi | N55: =134500/N48*N49-134500 -> -44833.333 | AH55: =SUM(C55:AG55) -> -44833.333
A57: 7 | B57: AHAP | D57: 1 | E57: 1 | G57: 1 | H57: 1 | I57: 1 | J57: 1 | K57: CT | L57: 1 | N57: 1 | O57: 1 | P57: 1 | Q57: 1 | S57: 1 | U57: 1 | V57: 1 | W57: 1 | X57: 1 | Y57: 1 | Z57: 1 | AB57: 1 | AC57: 1 | AD57: 1 | AE57: 1 | AF57: CT | AG57: 1 | AH57: =SUM(C57:AG57) -> 23 | AK57: =COUNTIF(C57:AG57,"CT") -> 2 | AL57: =COUNTIF(C57:AG57,"CS") -> 0 | AM57: 4 | AN57: 2 | AO57: =COUNTIF(C57:AG57,"CI") -> 0 | AP57: =AH57+AK57+AL57+AM57+AN57+AO57 -> 31 | AQ57: =COUNTIF(C57:AG57,"CTH") -> 0 | AR57: =COUNTIF(C57:AG57,"A") -> 0
B58: BLOCK | D58: 07/01 | E58: 07/01 | G58: 12/01 | H58: 97/04 | I58: 12/01 | J58: 13/01 | L58: 07/02 | N58: 07/01 | O58: 08/01 | P58: 97/04 | Q58: 97/03 | S58: 12/01 | U58: 13/01 | V58: 98/01 | W58: 07/02 | X58: 07/01 | Y58: 97/04 | Z58: 97/03 | AB58: 12/01 | AC58: 97/15 | AD58: 12/01 | AE58: 13/01 | AG58: 07/02
B59: Basis | D59: 90 | E59: 90 | G59: 103 | H59: 90 | I59: 103 | J59: 103 | L59: 90 | N59: 90 | O59: 90 | P59: 90 | Q59: 90 | S59: 103 | U59: 103 | V59: 90 | W59: 90 | X59: 90 | Y59: 90 | Z59: 90 | AB59: 103 | AC59: 90 | AD59: 103 | AE59: 103 | AG59: 90
B60: Janjang | D60: 75 | E60: 140 | G60: 74 | H60: 53 | I60: 90 | J60: 56 | L60: 55 | N60: 71 | O60: 36 | P60: 38 | Q60: 79 | S60: 76 | U60: 43 | V60: 43 | W60: 42 | X60: 31 | Y60: 35 | Z60: 29 | AB60: 40 | AC60: 25 | AD60: 36 | AE60: 31 | AG60: 36 | AH60: =SUM(C60:AG60) -> 1234
B61: Premi 90 | E61: 140 | AH61: =SUM(C61:AG61) -> 140 | AI61: 1409 | AJ61: =AH61*AI61 -> 197260
B62: Premi 103 | J62: 56 | AH62: =SUM(C62:AG62) -> 56 | AI62: 1322 | AJ62: =AH62*AI62 -> 74032
B63: Premi 114 | AH63: =SUM(C63:AG63) -> 0 | AI63: 1233 | AJ63: =AH63*AI63 -> 0
AH64: TOTAL PREMI | AJ64: =SUM(AJ61:AJ63) -> 271292
B65: Brondol | D65: 24 | E65: 32 | G65: 15 | H65: 23 | I65: 18 | J65: 11 | L65: 40 | N65: 21 | O65: 5 | P65: 17 | Q65: 40 | S65: 11 | U65: 3 | V65: 11 | W65: 11 | X65: 7 | Y65: 3 | Z65: 6 | AB65: 4 | AC65: 4 | AD65: 2 | AE65: 3 | AG65: 6 | AH65: =SUM(C65:AG65) -> 317 | AI65: 1750 | AJ65: =AH65*AI65 -> 554750
B66: Koreksi | AH66: =SUM(C66:AG66) -> 0
A68: 8 | B68: IHSAN | D68: 1 | E68: 1 | G68: 1 | H68: 1 | I68: 1 | J68: 1 | K68: 1 | L68: CT | N68: 1 | O68: 1 | P68: 1 | Q68: 1 | S68: 1 | U68: 1 | V68: 1 | W68: 1 | X68: 1 | Y68: 1 | Z68: 1 | AB68: 1 | AC68: 1 | AD68: 1 | AE68: 1 | AF68: 1 | AG68: 1 | AH68: =SUM(C68:AG68) -> 24 | AK68: =COUNTIF(C68:AG68,"CT") -> 1 | AL68: =COUNTIF(C68:AG68,"CS") -> 0 | AM68: 4 | AN68: 2 | AO68: =COUNTIF(C68:AG68,"CI") -> 0 | AP68: =AH68+AK68+AL68+AM68+AN68+AO68 -> 31 | AQ68: =COUNTIF(C68:AG68,"CTH") -> 0 | AR68: =COUNTIF(C68:AG68,"A") -> 0
B69: BLOCK | D69: 07/01 | E69: 13/01 | G69: 13/01 | H69: 97/04 | I69: 12/01 | J69: 98/01 | K69: 07/02 | N69: 07/01 | O69: 08/01 | P69: 97/04 | Q69: 97/03 | S69: 12/01 | U69: 13/01 | V69: 98/01 | W69: 07/02 | X69: 07/01 | Y69: 97/04 | Z69: 97/04 | AB69: 12/01 | AC69: 97/15 | AD69: 97/15 | AE69: 13/01 | AF69: 98/01 | AG69: 07/02
B70: Basis | D70: 90 | E70: 103 | G70: 103 | H70: 90 | I70: 103 | J70: 90 | K70: 90 | N70: 90 | O70: 90 | P70: 90 | Q70: 90 | S70: 103 | U70: 103 | V70: 90 | W70: 90 | X70: 90 | Y70: 90 | Z70: 90 | AB70: 103 | AC70: 90 | AD70: 90 | AE70: 103 | AF70: 90 | AG70: 90
B71: Janjang | D71: 46 | E71: 50 | G71: 208 | H71: 27 | I71: 57 | J71: 50 | K71: 53 | N71: 56 | O71: 29 | P71: 16 | Q71: 36 | S71: 58 | U71: 63 | V71: 43 | W71: 48 | X71: 23 | Y71: 14 | Z71: 25 | AB71: 51 | AC71: 20 | AD71: 17 | AE71: 40 | AF71: 30 | AG71: 22 | AH71: =SUM(C71:AG71) -> 1082
B72: Premi 90 | J72: 50 | AH72: =SUM(C72:AG72) -> 50 | AI72: 1409 | AJ72: =AH72*AI72 -> 70450
B73: Premi 103 | E73: 50 | G73: 105 | AH73: =SUM(C73:AG73) -> 155 | AI73: 1322 | AJ73: =AH73*AI73 -> 204910
B74: Premi 114 | AH74: =SUM(C74:AG74) -> 0 | AI74: 1233 | AJ74: =AH74*AI74 -> 0
AH75: TOTAL PREMI | AJ75: =SUM(AJ72:AJ74) -> 275360
B76: Brondol | D76: 13 | E76: 9 | G76: 55 | H76: 14 | I76: 6 | J76: 6 | K76: 19 | N76: 23 | O76: 6 | P76: 2 | Q76: 18 | S76: 4 | U76: 6 | V76: 9 | W76: 6 | X76: 3 | Y76: 1 | Z76: 10 | AB76: 2 | AC76: 2 | AD76: 1 | AE76: 3 | AF76: 5 | AG76: 2 | AH76: =SUM(C76:AG76) -> 225 | AI76: 1750 | AJ76: =AH76*AI76 -> 393750
B77: Koreksi | Y77: =134500/Y70*Y71-134500 -> -113577.78 | AH77: =SUM(C77:AG77) -> -113577.78
A79: 9 | B79: QISTAHAM | D79: 1 | E79: 1 | G79: 1 | H79: 1 | I79: 1 | J79: 1 | K79: 1 | L79: 1 | N79: 1 | O79: 1 | P79: 1 | Q79: 1 | S79: 1 | U79: 1 | V79: 1 | W79: 1 | X79: 1 | Y79: 1 | Z79: 1 | AB79: 1 | AC79: 1 | AD79: 1 | AE79: 1 | AF79: 1 | AG79: 1 | AH79: =SUM(C79:AG79) -> 25 | AK79: =COUNTIF(C79:AG79,"CT") -> 0 | AL79: =COUNTIF(C79:AG79,"CS") -> 0 | AM79: 4 | AN79: 2 | AO79: =COUNTIF(C79:AG79,"CI") -> 0 | AP79: =AH79+AK79+AL79+AM79+AN79+AO79 -> 31 | AQ79: =COUNTIF(C79:AG79,"CTH") -> 0 | AR79: =COUNTIF(C79:AG79,"A") -> 0
B80: BLOCK | D80: 07/01 | E80: 13/01 | G80: 12/01 | H80: 12/01 | I80: 97/04 | J80: 98/01 | K80: 98/01 | L80: 07/02 | N80: 07/01 | O80: 08/01 | P80: 97/04 | Q80: 97/03 | S80: 12/01 | U80: 98/01 | V80: 98/01 | W80: 07/02 | X80: 07/01 | Y80: 97/04 | Z80: 12/01 | AB80: 12/01 | AC80: 97/15 | AD80: 97/15 | AE80: 98/01 | AF80: 07/02 | AG80: 07/02
B81: Basis | D81: 90 | E81: 103 | G81: 103 | H81: 103 | I81: 90 | J81: 90 | K81: 90 | L81: 90 | N81: 90 | O81: 90 | P81: 90 | Q81: 90 | S81: 103 | U81: 90 | V81: 90 | W81: 90 | X81: 90 | Y81: 90 | Z81: 103 | AB81: 103 | AC81: 90 | AD81: 90 | AE81: 90 | AF81: 90 | AG81: 90
B82: Janjang | D82: 81 | E82: 60 | G82: 50 | H82: 223 | I82: 36 | J82: 20 | K82: 46 | L82: 23 | N82: 61 | O82: 36 | P82: 27 | Q82: 37 | S82: 318 | U82: 30 | V82: 45 | W82: 41 | X82: 42 | Y82: 25 | Z82: 25 | AB82: 300 | AC82: 26 | AD82: 17 | AE82: 27 | AF82: 38 | AG82: 29 | AH82: =SUM(C82:AG82) -> 1663
B83: Premi 90 | J83: 20 | AH83: =SUM(C83:AG83) -> 20 | AI83: 1409 | AJ83: =AH83*AI83 -> 28180
B84: Premi 103 | E84: 60 | H84: 120 | S84: 215 | AB84: 197 | AH84: =SUM(C84:AG84) -> 592 | AI84: 1322 | AJ84: =AH84*AI84 -> 782624
B85: Premi 114 | AH85: =SUM(C85:AG85) -> 0 | AI85: 1233 | AJ85: =AH85*AI85 -> 0
AH86: TOTAL PREMI | AJ86: =SUM(AJ83:AJ85) -> 810804
B87: Brondol | D87: 15 | E87: 10 | G87: 8 | H87: 19 | I87: 25 | J87: 4 | K87: 23 | L87: 3 | N87: 15 | O87: 4 | P87: 5 | Q87: 18 | S87: 26 | U87: 2 | V87: 24 | W87: 7 | X87: 22 | Y87: 33 | Z87: 25 | AB87: 13 | AC87: 2 | AD87: 1 | AE87: 2 | AF87: 15 | AG87: 15 | AH87: =SUM(C87:AG87) -> 336 | AI87: 1750 | AJ87: =AH87*AI87 -> 588000
B88: Koreksi | AH88: =SUM(C88:AG88) -> 0
A90: 10 | B90: JAYADI | D90: 1 | E90: 1 | G90: 1 | H90: 1 | I90: 1 | J90: 1 | K90: 1 | L90: 1 | N90: 1 | O90: 1 | P90: 1 | Q90: 1 | S90: 1 | U90: 1 | V90: 1 | W90: 1 | X90: 1 | Y90: 1 | Z90: 1 | AB90: 1 | AC90: 1 | AD90: CT | AE90: 1 | AF90: 1 | AG90: 1 | AH90: =SUM(C90:AG90) -> 24 | AK90: =COUNTIF(C90:AG90,"CT") -> 1 | AL90: =COUNTIF(C90:AG90,"CS") -> 0 | AM90: 4 | AN90: 2 | AO90: =COUNTIF(C90:AG90,"CI") -> 0 | AP90: =AH90+AK90+AL90+AM90+AN90+AO90 -> 31 | AQ90: =COUNTIF(C90:AG90,"CTH") -> 0 | AR90: =COUNTIF(C90:AG90,"A") -> 0
B91: BLOCK | D91: 07/01 | E91: 13/01 | G91: 12/01 | H91: 12/01 | I91: 97/04 | J91: 13/01 | K91: 98/01 | L91: 07/02 | N91: 07/01 | O91: 08/01 | P91: 97/04 | Q91: 97/03 | S91: 12/01 | U91: 13/01 | V91: 98/01 | W91: 07/02 | X91: 07/01 | Y91: 97/04 | Z91: 97/03 | AB91: 12/01 | AC91: 97/15 | AE91: 13/01 | AF91: 98/01 | AG91: 07/02
B92: Basis | D92: 90 | E92: 103 | G92: 103 | H92: 103 | I92: 90 | J92: 103 | K92: 90 | L92: 90 | N92: 90 | O92: 90 | P92: 90 | Q92: 90 | S92: 103 | U92: 103 | V92: 90 | W92: 90 | X92: 90 | Y92: 90 | Z92: 90 | AB92: 103 | AC92: 90 | AE92: 103 | AF92: 90 | AG92: 90
B93: Janjang | D93: 75 | E93: 41 | G93: 23 | H93: 54 | I93: 55 | J93: 63 | K93: 81 | L93: 57 | N93: 130 | O93: 35 | P93: 26 | Q93: 60 | S93: 323 | U93: 45 | V93: 51 | W93: 26 | X93: 29 | Y93: 15 | Z93: 20 | AB93: 25 | AC93: 20 | AE93: 19 | AF93: 21 | AG93: 28 | AH93: =SUM(C93:AG93) -> 1322
B94: Premi 90 | N94: 40 | AH94: =SUM(C94:AG94) -> 40 | AI94: 1409 | AJ94: =AH94*AI94 -> 56360
B95: Premi 103 | E95: 41 | J95: 63 | S95: 220 | AH95: =SUM(C95:AG95) -> 324 | AI95: 1322 | AJ95: =AH95*AI95 -> 428328
B96: Premi 114 | AH96: =SUM(C96:AG96) -> 0 | AI96: 1233 | AJ96: =AH96*AI96 -> 0
AH97: TOTAL PREMI | AJ97: =SUM(AJ94:AJ96) -> 484688
B98: Brondol | D98: 17 | E98: 10 | G98: 5 | H98: 19 | I98: 24 | J98: 7 | K98: 17 | L98: 20 | N98: 36 | O98: 4 | P98: 8 | Q98: 12 | S98: 65 | U98: 4 | V98: 7 | W98: 4 | X98: 4 | Y98: 9 | Z98: 4 | AB98: 6 | AC98: 2 | AE98: 1 | AF98: 3 | AG98: 6 | AH98: =SUM(C98:AG98) -> 294 | AI98: 1750 | AJ98: =AH98*AI98 -> 514500
B99: Koreksi | AH99: =SUM(C99:AG99) -> 0
A101: 11 | B101: M.AMIN | D101: CT | E101: 1 | G101: 1 | H101: 1 | I101: 1 | J101: 1 | K101: 1 | L101: 1 | N101: 1 | O101: 1 | P101: 1 | Q101: 1 | S101: CT | U101: 1 | V101: 1 | W101: 1 | X101: 1 | Y101: 1 | Z101: 1 | AB101: 1 | AC101: 1 | AD101: 1 | AE101: 1 | AF101: 1 | AG101: 1 | AH101: =SUM(C101:AG101) -> 23 | AK101: =COUNTIF(C101:AG101,"CT") -> 2 | AL101: =COUNTIF(C101:AG101,"CS") -> 0 | AM101: 4 | AN101: 2 | AO101: =COUNTIF(C101:AG101,"CI") -> 0 | AP101: =AH101+AK101+AL101+AM101+AN101+AO101 -> 31 | AQ101: =COUNTIF(C101:AG101,"CTH") -> 0 | AR101: =COUNTIF(C101:AG101,"A") -> 0
B102: BLOCK | E102: 13/01 | G102: 12/01 | H102: 97/04 | I102: 12/01 | J102: 13/01 | K102: 98/01 | L102: 07/02 | N102: 07/01 | O102: 08/01 | P102: 97/04 | Q102: 97/03 | U102: 13/01 | V102: 98/01 | W102: 07/02 | X102: 07/01 | Y102: 97/04 | Z102: 97/03 | AB102: 12/01 | AC102: 97/15 | AD102: 12/01 | AE102: 13/01 | AF102: 98/01 | AG102: 07/02
B103: Basis | E103: 103 | G103: 103 | H103: 90 | I103: 103 | J103: 103 | K103: 90 | L103: 90 | N103: 90 | O103: 90 | P103: 90 | Q103: 90 | U103: 103 | V103: 90 | W103: 90 | X103: 90 | Y103: 90 | Z103: 90 | AB103: 103 | AC103: 90 | AD103: 103 | AE103: 103 | AF103: 90 | AG103: 90
B104: Janjang | E104: 56 | G104: 40 | H104: 50 | I104: 64 | J104: 55 | K104: 46 | L104: 48 | N104: 50 | O104: 29 | P104: 61 | Q104: 63 | U104: 21 | V104: 34 | W104: 40 | X104: 31 | Y104: 37 | Z104: 36 | AB104: 30 | AC104: 20 | AD104: 28 | AE104: 16 | AF104: 6 | AG104: 26 | AH104: =SUM(C104:AG104) -> 887
B105: Premi 90 | AH105: =SUM(C105:AG105) -> 0 | AI105: 1409 | AJ105: =AH105*AI105 -> 0
B106: Premi 103 | E106: 56 | J106: 55 | AH106: =SUM(C106:AG106) -> 111 | AI106: 1322 | AJ106: =AH106*AI106 -> 146742
B107: Premi 114 | AH107: =SUM(C107:AG107) -> 0 | AI107: 1233 | AJ107: =AH107*AI107 -> 0
AH108: TOTAL PREMI | AJ108: =SUM(AJ105:AJ107) -> 146742
...

Sheet Sheet2
B3: HK PREMI PANEN DAN BRONDOL PEMANEN
B4: DIVISI : AIR JANGKAT
B6: NO | C6: NAMA | D6: HK | J6: TOTAL HK | K6: CTH | L6: A | M6: LEMBUR | N6: PREMI | P6: KOREKSI
D7: HK | E7: CT | F7: CS | G7: CM | H7: CN | I7: CI | N7: TANDAN | O7: BRD
B8: 1 | C8: ='CKROL PHT'!B5 -> DICKY PRATAMA | D8: ='CKROL PHT'!AH5 -> 12 | E8: ='CKROL PHT'!AK5 -> 0 | F8: ='CKROL PHT'!AL5 -> 13 | G8: 4 | H8: 2 | I8: ='CKROL PHT'!AO5 -> 0 | J8: ='CKROL PHT'!AP5 -> 31 | K8: ='CKROL PHT'!AQ5 -> 0 | L8: ='CKROL PHT'!AR5 -> 0 | M8: ='CKROL PHT'!AJ8 -> 0
B9: 2 | C9: ='CKROL PHT'!B9 -> RIDHO APRIZAL | D9: ='CKROL PHT'!AH9 -> 19 | E9: ='CKROL PHT'!AK9 -> 6 | F9: ='CKROL PHT'!AL9 -> 0 | G9: 4 | H9: 2 | I9: ='CKROL PHT'!AO9 -> 0 | J9: ='CKROL PHT'!AP9 -> 31 | K9: ='CKROL PHT'!AQ9 -> 0 | L9: ='CKROL PHT'!AR9 -> 0 | M9: ='CKROL PHT'!AJ12 -> 0
B10: 3 | C10: ='CKROL PHT'!B13 -> SUIP | D10: ='CKROL PHT'!AH13 -> 24 | E10: ='CKROL PHT'!AK13 -> 1 | F10: ='CKROL PHT'!AL13 -> 0 | G10: 4 | H10: 2 | I10: ='CKROL PHT'!AO13 -> 0 | J10: ='CKROL PHT'!AP13 -> 31 | K10: ='CKROL PHT'!AQ13 -> 0 | L10: ='CKROL PHT'!AR13 -> 0 | N10: ='CKROL PHT'!AJ20 -> 148064 | O10: ='CKROL PHT'!AJ21 -> 355250 | P10: ='CKROL PHT'!AH22 -> -100127.78
B11: 4 | C11: ='CKROL PHT'!B24 -> ROBIN DINATA | D11: ='CKROL PHT'!AH24 -> 25 | E11: ='CKROL PHT'!AK24 -> 0 | F11: ='CKROL PHT'!AL24 -> 0 | G11: 4 | H11: 2 | I11: ='CKROL PHT'!AO24 -> 0 | J11: ='CKROL PHT'!AP24 -> 31 | K11: ='CKROL PHT'!AQ24 -> 0 | L11: ='CKROL PHT'!AR24 -> 0 | N11: ='CKROL PHT'!AJ31 -> 139107 | O11: ='CKROL PHT'!AJ32 -> 381500 | P11: ='CKROL PHT'!AH33 -> -59777.778
B12: 5 | C12: ='CKROL PHT'!B35 -> SAPARUDIN | D12: ='CKROL PHT'!AH35 -> 22 | E12: ='CKROL PHT'!AK35 -> 3 | F12: ='CKROL PHT'!AL35 -> 0 | G12: 4 | H12: 2 | I12: ='CKROL PHT'!AO35 -> 0 | J12: ='CKROL PHT'!AP35 -> 31 | K12: ='CKROL PHT'!AQ35 -> 0 | L12: ='CKROL PHT'!AR35 -> 0 | N12: ='CKROL PHT'!AJ42 -> 201485 | O12: ='CKROL PHT'!AJ43 -> 490000 | P12: ='CKROL PHT'!AH44 -> -46327.778
B13: 6 | C13: ='CKROL PHT'!B46 -> SONJA PRIYOGA | D13: ='CKROL PHT'!AH46 -> 25 | E13: ='CKROL PHT'!AK46 -> 0 | F13: ='CKROL PHT'!AL46 -> 0 | G13: 4 | H13: 2 | I13: ='CKROL PHT'!AO46 -> 0 | J13: ='CKROL PHT'!AP46 -> 31 | K13: ='CKROL PHT'!AQ46 -> 0 | L13: ='CKROL PHT'!AR46 -> 0 | N13: ='CKROL PHT'!AJ53 -> 170538 | O13: ='CKROL PHT'!AJ54 -> 444500 | P13: ='CKROL PHT'!AH55 -> -44833.333
B14: 7 | C14: ='CKROL PHT'!B57 -> AHAP | D14: ='CKROL PHT'!AH57 -> 23 | E14: ='CKROL PHT'!AK57 -> 2 | F14: ='CKROL PHT'!AL57 -> 0 | G14: 4 | H14: 2 | I14: ='CKROL PHT'!AO57 -> 0 | J14: ='CKROL PHT'!AP57 -> 31 | K14: ='CKROL PHT'!AQ57 -> 0 | L14: ='CKROL PHT'!AR57 -> 0 | N14: ='CKROL PHT'!AJ64 -> 271292 | O14: ='CKROL PHT'!AJ65 -> 554750 | P14: ='CKROL PHT'!AH66 -> 0
B15: 8 | C15: ='CKROL PHT'!B68 -> IHSAN | D15: ='CKROL PHT'!AH68 -> 24 | E15: ='CKROL PHT'!AK68 -> 1 | F15: ='CKROL PHT'!AL68 -> 0 | G15: 4 | H15: 2 | I15: ='CKROL PHT'!AO68 -> 0 | J15: ='CKROL PHT'!AP68 -> 31 | K15: ='CKROL PHT'!AQ68 -> 0 | L15: ='CKROL PHT'!AR68 -> 0 | N15: ='CKROL PHT'!AJ75 -> 275360 | O15: ='CKROL PHT'!AJ76 -> 393750 | P15: ='CKROL PHT'!AH77 -> -113577.78
B16: 9 | C16: ='CKROL PHT'!B79 -> QISTAHAM | D16: ='CKROL PHT'!AH79 -> 25 | E16: ='CKROL PHT'!AK79 -> 0 | F16: ='CKROL PHT'!AL79 -> 0 | G16: 4 | H16: 2 | I16: ='CKROL PHT'!AO79 -> 0 | J16: ='CKROL PHT'!AP79 -> 31 | K16: ='CKROL PHT'!AQ79 -> 0 | L16: ='CKROL PHT'!AR79 -> 0 | M16: ='CKROL PHT'!AJ265 -> 209913.3 | N16: ='CKROL PHT'!AJ86 -> 810804 | O16: ='CKROL PHT'!AJ87 -> 588000 | P16: ='CKROL PHT'!AH88 -> 0
B17: 10 | C17: ='CKROL PHT'!B90 -> JAYADI | D17: ='CKROL PHT'!AH90 -> 24 | E17: ='CKROL PHT'!AK90 -> 1 | F17: ='CKROL PHT'!AL90 -> 0 | G17: 4 | H17: 2 | I17: ='CKROL PHT'!AO90 -> 0 | J17: ='CKROL PHT'!AP90 -> 31 | K17: ='CKROL PHT'!AQ90 -> 0 | L17: ='CKROL PHT'!AR90 -> 0 | N17: ='CKROL PHT'!AJ97 -> 484688 | O17: ='CKROL PHT'!AJ98 -> 514500 | P17: ='CKROL PHT'!AH99 -> 0
B18: 11 | C18: ='CKROL PHT'!B101 -> M.AMIN | D18: ='CKROL PHT'!AH101 -> 23 | E18: ='CKROL PHT'!AK101 -> 2 | F18: ='CKROL PHT'!AL101 -> 0 | G18: 4 | H18: 2 | I18: ='CKROL PHT'!AO101 -> 0 | J18: ='CKROL PHT'!AP101 -> 31 | K18: ='CKROL PHT'!AQ101 -> 0 | L18: ='CKROL PHT'!AR101 -> 0 | N18: ='CKROL PHT'!AJ108 -> 146742 | O18: ='CKROL PHT'!AJ109 -> 292250 | P18: ='CKROL PHT'!AH110 -> -107077.67
B19: 12 | C19: ='CKROL PHT'!B112 -> SAMSUL HADI | D19: ='CKROL PHT'!AH112 -> 24 | E19: ='CKROL PHT'!AK112 -> 1 | F19: ='CKROL PHT'!AL112 -> 0 | G19: 4 | H19: 2 | I19: ='CKROL PHT'!AO112 -> 0 | J19: ='CKROL PHT'!AP112 -> 31 | K19: ='CKROL PHT'!AQ112 -> 0 | L19: ='CKROL PHT'!AR112 -> 0 | M19: ='CKROL PHT'!AJ268 -> 338193.65 | N19: ='CKROL PHT'!AJ119 -> 415057 | O19: ='CKROL PHT'!AJ120 -> 493500 | P19: ='CKROL PHT'!AH121 -> 0
B20: 13 | C20: ='CKROL PHT'!B123 -> SAPARUDIN | D20: ='CKROL PHT'!AH123 -> 25 | E20: ='CKROL PHT'!AK123 -> 0 | F20: ='CKROL PHT'!AL123 -> 0 | G20: 4 | H20: 2 | I20: ='CKROL PHT'!AO123 -> 0 | J20: ='CKROL PHT'!AP123 -> 31 | K20: ='CKROL PHT'!AQ123 -> 0 | L20: ='CKROL PHT'!AR123 -> 0 | N20: ='CKROL PHT'!AJ130 -> 327856 | O20: ='CKROL PHT'!AJ131 -> 518000 | P20: ='CKROL PHT'!AH132 -> 0
B21: 14 | C21: ='CKROL PHT'!B134 -> FAHRUDIN | D21: ='CKROL PHT'!AH134 -> 23 | E21: ='CKROL PHT'!AK134 -> 2 | F21: ='CKROL PHT'!AL134 -> 0 | G21: 4 | H21: 2 | I21: ='CKROL PHT'!AO134 -> 0 | J21: ='CKROL PHT'!AP134 -> 31 | K21: ='CKROL PHT'!AQ134 -> 0 | L21: ='CKROL PHT'!AR134 -> 0 | N21: ='CKROL PHT'!AJ141 -> 1595654 | O21: ='CKROL PHT'!AJ142 -> 651000 | P21: ='CKROL PHT'!AH143 -> 0
B22: 15 | C22: ='CKROL PHT'!B145 -> HERIANTO ARBI | D22: ='CKROL PHT'!AH145 -> 24 | E22: ='CKROL PHT'!AK145 -> 1 | F22: ='CKROL PHT'!AL145 -> 0 | G22: 4 | H22: 2 | I22: ='CKROL PHT'!AO145 -> 0 | J22: ='CKROL PHT'!AP145 -> 31 | K22: ='CKROL PHT'!AQ145 -> 0 | L22: ='CKROL PHT'!AR145 -> 0 | N22: ='CKROL PHT'!AJ152 -> 183170 | O22: ='CKROL PHT'!AJ153 -> 446250 | P22: ='CKROL PHT'!AH154 -> -121441.75
B23: 16 | C23: ='CKROL PHT'!B156 -> RIDUAN | D23: ='CKROL PHT'!AH156 -> 25 | E23: ='CKROL PHT'!AK156 -> 0 | F23: ='CKROL PHT'!AL156 -> 0 | G23: 4 | H23: 2 | I23: ='CKROL PHT'!AO156 -> 0 | J23: ='CKROL PHT'!AP156 -> 31 | K23: ='CKROL PHT'!AQ156 -> 0 | L23: ='CKROL PHT'!AR156 -> 0 | N23: ='CKROL PHT'!AJ163 -> 119538 | O23: ='CKROL PHT'!AJ164 -> 344750 | P23: ='CKROL PHT'!AH165 -> -103116.67
B24: 17 | C24: ='CKROL PHT'!B167 -> DEKI FRANZA | D24: ='CKROL PHT'!AH167 -> 16 | E24: ='CKROL PHT'!AK167 -> 2 | F24: ='CKROL PHT'!AL167 -> 1 | G24: 4 | H24: 2 | I24: ='CKROL PHT'!AO167 -> 0 | J24: ='CKROL PHT'!AP167 -> 25 | K24: ='CKROL PHT'!AQ167 -> 1 | L24: ='CKROL PHT'!AR167 -> 5 | N24: ='CKROL PHT'!AJ174 -> 0 | O24: ='CKROL PHT'!AJ175 -> 175000 | P24: ='CKROL PHT'!AH176 -> -347480.1
B25: 18 | C25: ='CKROL PHT'!B178 -> FRANSISKO GAUTAMA | D25: ='CKROL PHT'!AH178 -> 22 | E25: ='CKROL PHT'!AK178 -> 1 | F25: ='CKROL PHT'!AL178 -> 1 | G25: 4 | H25: 2 | I25: ='CKROL PHT'!AO178 -> 0 | J25: ='CKROL PHT'!AP178 -> 30 | K25: ='CKROL PHT'!AQ178 -> 0 | L25: ='CKROL PHT'!AR178 -> 1 | N25: ='CKROL PHT'!AJ185 -> 162712 | O25: ='CKROL PHT'!AJ186 -> 313250 | P25: ='CKROL PHT'!AH187 -> -101622.22
B26: 19 | C26: ='CKROL PHT'!B189 -> M.IDRIS PRATAMA | D26: ='CKROL PHT'!AH189 -> 21 | E26: ='CKROL PHT'!AK189 -> 2 | F26: ='CKROL PHT'!AL189 -> 0 | G26: 4 | H26: 2 | I26: ='CKROL PHT'!AO189 -> 0 | J26: ='CKROL PHT'!AP189 -> 29 | K26: ='CKROL PHT'!AQ189 -> 0 | L26: ='CKROL PHT'!AR189 -> 2 | N26: ='CKROL PHT'!AJ196 -> 136028 | O26: ='CKROL PHT'!AJ197 -> 337750 | P26: ='CKROL PHT'!AH198 -> -393038.89
B27: 20 | C27: ='CKROL PHT'!B200 -> SUTRA PRAYOGI | D27: ='CKROL PHT'!AH200 -> 25 | E27: ='CKROL PHT'!AK200 -> 0 | F27: ='CKROL PHT'!AL200 -> 0 | G27: 4 | H27: 2 | I27: ='CKROL PHT'!AO200 -> 0 | J27: ='CKROL PHT'!AP200 -> 31 | K27: ='CKROL PHT'!AQ200 -> 0 | L27: ='CKROL PHT'!AR200 -> 0 | N27: ='CKROL PHT'!AJ207 -> 149386 | O27: ='CKROL PHT'!AJ208 -> 455000 | P27: ='CKROL PHT'!AH209 -> -114912.62
B28: TOTAL | D28: =SUM(D8:D27) -> 451 | E28: =SUM(E8:E27) -> 25 | F28: =SUM(F8:F27) -> 15 | G28: =SUM(G8:G27) -> 80 | H28: =SUM(H8:H27) -> 40 | I28: =SUM(I8:I27) -> 0 | J28: =SUM(J8:J27) -> 611 | K28: =SUM(K8:K27) -> 1 | ... P28: =SUM(P8:P27) -> -1653334.4
B29: 21 | C29: HAERUDIN | D29: ='CKROL PHT'!AH211 -> 18 | E29: ='CKROL PHT'!AK211 -> 0 | F29: ='CKROL PHT'!AL211 -> 0 | G29: 3 | H29: 2 | I29: ='CKROL PHT'!AO211 -> 0 | J29: ='CKROL PHT'!AP211 -> 23 | K29: ='CKROL PHT'!AQ211 -> 0 | L29: ='CKROL PHT'!AR211 -> 0 | N29: ='CKROL PHT'!AJ218 -> 0 | O29: ='CKROL PHT'!AJ219 -> 238000 | P29: ='CKROL PHT'!AH220 -> 0
B30: TOTAL | D30: =D28+D29 -> 469 | E30: =E28+E29 -> 25 | F30: =F28+F29 -> 15 | G30: =G28+G29 -> 83 | H30: =H28+H29 -> 42 | I30: =I28+I29 -> 0 | J30: =J28+J29 -> 634 | K30: =K28+K29 -> 1 | ... P30: =P28+P29 -> -1653334.4

Sheet OUTPUT-HK
B2: LAPORAN HASIL PANEN PGE 2A
B3: DIVISI : AIR JANGKAT
B4: BULAN : AGUSTUS 2025
B5: NAMA | C5: TANGGAL | BM5: TOTAL
C6: 1 | E6: 2 | G6: 3 | I6: 4 | K6: 5 | M6: 6 | O6: 7 | Q6: 8 | S6: 9 | U6: 10 | W6: 11 | Y6: 12 | AA6: 13 | AC6: 14 | AE6: 15 | AG6: 16 | AI6: 17 | AK6: 18 | AM6: 19 | AO6: 20 | AQ6: 21 | AS6: 22 | AU6: 23 | AW6: 24 | AY6: 25 | BA6: 26 | BC6: 27 | BE6: 28 | BG6: 29 | BI6: 30 | BK6: 31
C7: JJG | D7: MT | E7: JJG | F7: MT | G7: JJG | H7: MT | I7: JJG | J7: MT | K7: JJG | L7: MT | M7: JJG | N7: MT | O7: JJG | P7: MT | Q7: JJG | R7: MT | S7: JJG | T7: MT | U7: JJG | V7: MT | W7: JJG | X7: MT | Y7: JJG | Z7: MT | AA7: JJG | AB7: MT | AC7: JJG | AD7: MT | AE7: JJG | AF7: MT | AG7: JJG | AH7: MT | AI7: JJG | AJ7: MT | AK7: JJG | AL7: MT | AM7: JJG | AN7: MT | AO7: JJG | AP7: MT | AQ7: JJG | AR7: MT | AS7: JJG | AT7: MT | AU7: JJG | AV7: MT | AW7: JJG | AX7: MT | AY7: JJG | AZ7: MT | BA7: JJG | BB7: MT | BC7: JJG | BD7: MT | BE7: JJG | BF7: MT | BG7: JJG | BH7: MT | BI7: JJG | BJ7: MT | BK7: JJG | BL7: MT | BM7: JJG | BN7: MT
B8: =Sheet2!C10 -> SUIP | C8: ='CKROL PHT'!C16 -> 0 | E8: ='CKROL PHT'!D16 -> 42 | F8: =E8*14.99/1000 -> 0.62958 | G8: ='CKROL PHT'!E16 -> 48 | H8: =G8*14.99/1000 -> 0.71952 | I8: ='CKROL PHT'!F16 -> 0 | K8: ='CKROL PHT'!G16 -> 61 | L8: =K8*14.99/1000 -> 0.91439 | M8: ='CKROL PHT'!H16 -> 39 | N8: =M8*14.99/1000 -> 0.58461 | O8: ='CKROL PHT'!I16 -> 54 | P8: =O8*14.99/1000 -> 0.80946 | Q8: ='CKROL PHT'!J16 -> 64 | R8: =Q8*14.99/1000 -> 0.95936 | S8: ='CKROL PHT'!K16 -> 49 | T8: =S8*14.99/1000 -> 0.73451 | U8: ='CKROL PHT'!L16 -> 31 | V8: =U8*14.99/1000 -> 0.46469 | W8: ='CKROL PHT'!M16 -> 0 | Y8: ='CKROL PHT'!N16 -> 55 | AA8: ='CKROL PHT'!O16 -> 57 | AB8: =AA8*14.99/1000 -> 0.85443 | AC8: ='CKROL PHT'!P16 -> 31 | AE8: ='CKROL PHT'!Q16 -> 0 | AG8: ='CKROL PHT'!R16 -> 0 | AI8: ='CKROL PHT'!S16 -> 50 | AK8: ='CKROL PHT'!T16 -> 0 | AM8: ='CKROL PHT'!U16 -> 27 | AO8: ='CKROL PHT'!V16 -> 50 | AQ8: ='CKROL PHT'!W16 -> 23 | AS8: ='CKROL PHT'!X16 -> 23 | AU8: ='CKROL PHT'!Y16 -> 28 | AW8: ='CKROL PHT'!Z16 -> 16 | AY8: ='CKROL PHT'!AA16 -> 0 | BA8: ='CKROL PHT'!AB16 -> 54 | BC8: ='CKROL PHT'!AC16 -> 20 | BE8: ='CKROL PHT'!AD16 -> 31 | BG8: ='CKROL PHT'!AE16 -> 36 | BI8: ='CKROL PHT'!AF16 -> 27 | BK8: ='CKROL PHT'!AG16 -> 32 | BM8: =C8+E8+G8+I8+K8+M8+O8+Q8+S8+U8+W8+Y8+AA8+AC8+AE8+AG8+AI8+AK8+AM8+AO8+AQ8+AS8+AU8+AW8+AY8+BA8+BC8+BE8+BG8+BI8+BK8 -> 948 | BN8: =BM8*14.99/1000 -> 14.21052
B9: =Sheet2!C11 -> ROBIN DINATA | C9: ='CKROL PHT'!C27 -> 0 | E9: ='CKROL PHT'!D27 -> 50 | F9: =E9*14.99/1000 -> 0.7495 | G9: ='CKROL PHT'!E27 -> 49 | H9: =G9*14.99/1000 -> 0.73451 | I9: ='CKROL PHT'!F27 -> 0 | K9: ='CKROL PHT'!G27 -> 87 | L9: =K9*14.99/1000 -> 1.30413 | M9: ='CKROL PHT'!H27 -> 43 | N9: =M9*14.99/1000 -> 0.64457 | O9: ='CKROL PHT'!I27 -> 48 | P9: =O9*14.99/1000 -> 0.71952 | Q9: ='CKROL PHT'!J27 -> 53 | R9: =Q9*14.99/1000 -> 0.79447 | S9: ='CKROL PHT'!K27 -> 50 | T9: =S9*14.99/1000 -> 0.7495 | U9: ='CKROL PHT'!L27 -> 30 | V9: =U9*14.99/1000 -> 0.4497 | W9: ='CKROL PHT'!M27 -> 0 | Y9: ='CKROL PHT'!N27 -> 50 | AA9: ='CKROL PHT'!O27 -> 54 | AB9: =AA9*14.99/1000 -> 0.80946 | AC9: ='CKROL PHT'!P27 -> 39 | AE9: ='CKROL PHT'!Q27 -> 35 | AG9: ='CKROL PHT'!R27 -> 0 | AI9: ='CKROL PHT'!S27 -> 51 | AK9: ='CKROL PHT'!T27 -> 0 | AM9: ='CKROL PHT'!U27 -> 46 | AO9: ='CKROL PHT'!V27 -> 41 | AQ9: ='CKROL PHT'!W27 -> 29 | AS9: ='CKROL PHT'!X27 -> 26 | AU9: ='CKROL PHT'!Y27 -> 22 | AW9: ='CKROL PHT'!Z27 -> 21 | AY9: ='CKROL PHT'!AA27 -> 0 | BA9: ='CKROL PHT'!AB27 -> 55 | BC9: ='CKROL PHT'!AC27 -> 22 | BE9: ='CKROL PHT'!AD27 -> 46 | BG9: ='CKROL PHT'!AE27 -> 43 | BI9: ='CKROL PHT'!AF27 -> 24 | BK9: ='CKROL PHT'!AG27 -> 23 | BM9: =C9+E9+G9+I9+K9+M9+O9+Q9+S9+U9+W9+Y9+AA9+AC9+AE9+AG9+AI9+AK9+AM9+AO9+AQ9+AS9+AU9+AW9+AY9+BA9+BC9+BE9+BG9+BI9+BK9 -> 1037 | BN9: =BM9*14.99/1000 -> 15.54463
B10: =Sheet2!C12 -> SAPARUDIN | C10: ='CKROL PHT'!C38 -> 0 | E10: ='CKROL PHT'!D38 -> 83 | F10: =E10*14.99/1000 -> 1.24417 | G10: ='CKROL PHT'!E38 -> 74 | H10: =G10*14.99/1000 -> 1.10926 | I10: ='CKROL PHT'!F38 -> 0 | K10: ='CKROL PHT'!G38 -> 90 | L10: =K10*14.99/1000 -> 1.3491 | M10: ='CKROL PHT'!H38 -> 51 | N10: =M10*14.99/1000 -> 0.76449 | O10: ='CKROL PHT'!I38 -> 65 | P10: =O10*14.99/1000 -> 0.97435 | Q10: ='CKROL PHT'!J38 -> 67 | R10: =Q10*14.99/1000 -> 1.00433 | S10: ='CKROL PHT'!K38 -> 59 | T10: =S10*14.99/1000 -> 0.88441 | U10: ='CKROL PHT'!L38 -> 0 | V10: =U10*14.99/1000 -> 0 | W10: ='CKROL PHT'!M38 -> 0 | Y10: ='CKROL PHT'!N38 -> 37 | AA10: ='CKROL PHT'!O38 -> 22 | AB10: =AA10*14.99/1000 -> 0.32978 | AC10: ='CKROL PHT'!P38 -> 0 | AE10: ='CKROL PHT'!Q38 -> 0 | AG10: ='CKROL PHT'!R38 -> 0 | AI10: ='CKROL PHT'!S38 -> 60 | AK10: ='CKROL PHT'!T38 -> 0 | AM10: ='CKROL PHT'!U38 -> 46 | AO10: ='CKROL PHT'!V38 -> 34 | AQ10: ='CKROL PHT'!W38 -> 21 | AS10: ='CKROL PHT'!X38 -> 30 | AU10: ='CKROL PHT'!Y38 -> 41 | AW10: ='CKROL PHT'!Z38 -> 35 | AY10: ='CKROL PHT'!AA38 -> 0 | BA10: ='CKROL PHT'!AB38 -> 110 | BC10: ='CKROL PHT'!AC38 -> 20 | BE10: ='CKROL PHT'!AD38 -> 19 | BG10: ='CKROL PHT'!AE38 -> 30 | BI10: ='CKROL PHT'!AF38 -> 41 | BK10: ='CKROL PHT'!AG38 -> 28 | BM10: =C10+E10+G10+I10+K10+M10+O10+Q10+S10+U10+W10+Y10+AA10+AC10+AE10+AG10+AI10+AK10+AM10+AO10+AQ10+AS10+AU10+AW10+AY10+BA10+BC10+BE10+BG10+BI10+BK10 -> 1063 | BN10: =BM10*14.99/1000 -> 15.93437
B11: =Sheet2!C13 -> SONJA PRIYOGA | C11: ='CKROL PHT'!C49 -> 0 | E11: ='CKROL PHT'!D49 -> 54 | F11: =E11*14.99/1000 -> 0.80946 | G11: ='CKROL PHT'!E49 -> 69 | H11: =G11*14.99/1000 -> 1.03431 | I11: ='CKROL PHT'!F49 -> 0 | K11: ='CKROL PHT'!G49 -> 87 | L11: =K11*14.99/1000 -> 1.30413 | M11: ='CKROL PHT'!H49 -> 42 | N11: =M11*14.99/1000 -> 0.62958 | O11: ='CKROL PHT'!I49 -> 49 | P11: =O11*14.99/1000 -> 0.73451 | Q11: ='CKROL PHT'!J49 -> 60 | R11: =Q11*14.99/1000 -> 0.8994 | S11: ='CKROL PHT'!K49 -> 43 | T11: =S11*14.99/1000 -> 0.64457 | U11: ='CKROL PHT'!L49 -> 44 | V11: =U11*14.99/1000 -> 0.65956 | W11: ='CKROL PHT'!M49 -> 0 | Y11: ='CKROL PHT'!N49 -> 60 | AA11: ='CKROL PHT'!O49 -> 68 | AB11: =AA11*14.99/1000 -> 1.01932 | AC11: ='CKROL PHT'!P49 -> 37 | AE11: ='CKROL PHT'!Q49 -> 34 | AG11: ='CKROL PHT'!R49 -> 0 | AI11: ='CKROL PHT'!S49 -> 51 | AK11: ='CKROL PHT'!T49 -> 0 | AM11: ='CKROL PHT'!U49 -> 53 | AO11: ='CKROL PHT'!V49 -> 39 | AQ11: ='CKROL PHT'!W49 -> 28 | AS11: ='CKROL PHT'!X49 -> 29 | AU11: ='CKROL PHT'!Y49 -> 22 | AW11: ='CKROL PHT'!Z49 -> 20 | AY11: ='CKROL PHT'!AA49 -> 0 | BA11: ='CKROL PHT'!AB49 -> 58 | BC11: ='CKROL PHT'!AC49 -> 20 | BE11: ='CKROL PHT'!AD49 -> 27 | BG11: ='CKROL PHT'!AE49 -> 43 | BI11: ='CKROL PHT'!AF49 -> 43 | BK11: ='CKROL PHT'!AG49 -> 20 | BM11: =C11+E11+G11+I11+K11+M11+O11+Q11+S11+U11+W11+Y11+AA11+AC11+AE11+AG11+AI11+AK11+AM11+AO11+AQ11+AS11+AU11+AW11+AY11+BA11+BC11+BE11+BG11+BI11+BK11 -> 1100 | BN11: =BM11*14.99/1000 -> 16.489
B12: =Sheet2!C14 -> AHAP | C12: ='CKROL PHT'!C60 -> 0 | E12: ='CKROL PHT'!D60 -> 75 | F12: =E12*14.99/1000 -> 1.12425 | G12: ='CKROL PHT'!E60 -> 140 | H12: =G12*14.99/1000 -> 2.0986 | I12: ='CKROL PHT'!F60 -> 0 | K12: ='CKROL PHT'!G60 -> 74 | L12: =K12*14.99/1000 -> 1.10926 | M12: ='CKROL PHT'!H60 -> 53 | N12: =M12*14.99/1000 -> 0.79447 | O12: ='CKROL PHT'!I60 -> 90 | P12: =O12*14.99/1000 -> 1.3491 | Q12: ='CKROL PHT'!J60 -> 56 | R12: =Q12*14.99/1000 -> 0.83944 | S12: ='CKROL PHT'!K60 -> 0 | T12: =S12*14.99/1000 -> 0 | U12: ='CKROL PHT'!L60 -> 55 | V12: =U12*14.99/1000 -> 0.82445 | W12: ='CKROL PHT'!M60 -> 0 | Y12: ='CKROL PHT'!N60 -> 71 | AA12: ='CKROL PHT'!O60 -> 36 | AB12: =AA12*14.99/1000 -> 0.53964 | AC12: ='CKROL PHT'!P60 -> 38 | AE12: ='CKROL PHT'!Q60 -> 79 | AG12: ='CKROL PHT'!R60 -> 0 | AI12: ='CKROL PHT'!S60 -> 76 | AK12: ='CKROL PHT'!T60 -> 0 | AM12: ='CKROL PHT'!U60 -> 43 | AO12: ='CKROL PHT'!V60 -> 43 | AQ12: ='CKROL PHT'!W60 -> 42 | AS12: ='CKROL PHT'!X60 -> 31 | AU12: ='CKROL PHT'!Y60 -> 35 | AW12: ='CKROL PHT'!Z60 -> 29 | AY12: ='CKROL PHT'!AA60 -> 0 | BA12: ='CKROL PHT'!AB60 -> 40 | BC12: ='CKROL PHT'!AC60 -> 25 | BE12: ='CKROL PHT'!AD60 -> 36 | BG12: ='CKROL PHT'!AE60 -> 31 | BI12: ='CKROL PHT'!AF60 -> 0 | BK12: ='CKROL PHT'!AG60 -> 36 | BM12: =C12+E12+G12+I12+K12+M12+O12+Q12+S12+U12+W12+Y12+AA12+AC12+AE12+AG12+AI12+AK12+AM12+AO12+AQ12+AS12+AU12+AW12+AY12+BA12+BC12+BE12+BG12+BI12+BK12 -> 1234 | BN12: =BM12*14.99/1000 -> 18.49766
B13: =Sheet2!C15 -> IHSAN | C13: ='CKROL PHT'!C71 -> 0 | E13: ='CKROL PHT'!D71 -> 46 | F13: =E13*14.99/1000 -> 0.68954 | G13: ='CKROL PHT'!E71 -> 50 | H13: =G13*14.99/1000 -> 0.7495 | I13: ='CKROL PHT'!F71 -> 0 | K13: ='CKROL PHT'!G71 -> 208 | L13: =K13*14.99/1000 -> 3.11792 | M13: ='CKROL PHT'!H71 -> 27 | N13: =M13*14.99/1000 -> 0.40473 | O13: ='CKROL PHT'!I71 -> 57 | P13: =O13*14.99/1000 -> 0.85443 | Q13: ='CKROL PHT'!J71 -> 50 | R13: =Q13*14.99/1000 -> 0.7495 | S13: ='CKROL PHT'!K71 -> 53 | T13: =S13*14.99/1000 -> 0.79447 | U13: ='CKROL PHT'!L71 -> 0 | V13: =U13*14.99/1000 -> 0 | W13: ='CKROL PHT'!M71 -> 0 | Y13: ='CKROL PHT'!N71 -> 56 | AA13: ='CKROL PHT'!O71 -> 29 | AB13: =AA13*14.99/1000 -> 0.43471 | AC13: ='CKROL PHT'!P71 -> 16 | AE13: ='CKROL PHT'!Q71 -> 36 | AG13: ='CKROL PHT'!R71 -> 0 | AI13: ='CKROL PHT'!S71 -> 58 | AK13: ='CKROL PHT'!T71 -> 0 | AM13: ='CKROL PHT'!U71 -> 63 | AO13: ='CKROL PHT'!V71 -> 43 | AQ13: ='CKROL PHT'!W71 -> 48 | AS13: ='CKROL PHT'!X71 -> 23 | AU13: ='CKROL PHT'!Y71 -> 14 | AW13: ='CKROL PHT'!Z71 -> 25 | AY13: ='CKROL PHT'!AA71 -> 0 | BA13: ='CKROL PHT'!AB71 -> 51 | BC13: ='CKROL PHT'!AC71 -> 20 | BE13: ='CKROL PHT'!AD71 -> 17 | BG13: ='CKROL PHT'!AE71 -> 40 | BI13: ='CKROL PHT'!AF71 -> 30 | BK13: ='CKROL PHT'!AG71 -> 22 | BM13: =C13+E13+G13+I13+K13+M13+O13+Q13+S13+U13+W13+Y13+AA13+AC13+AE13+AG13+AI13+AK13+AM13+AO13+AQ13+AS13+AU13+AW13+AY13+BA13+BC13+BE13+BG13+BI13+BK13 -> 1082 | BN13: =BM13*14.99/1000 -> 16.21918
B14: =Sheet2!C16 -> QISTAHAM | C14: ='CKROL PHT'!C82 -> 0 | E14: ='CKROL PHT'!D82 -> 81 | F14: =E14*14.99/1000 -> 1.21419 | G14: ='CKROL PHT'!E82 -> 60 | H14: =G14*14.99/1000 -> 0.8994 | I14: ='CKROL PHT'!F82 -> 0 | K14: ='CKROL PHT'!G82 -> 50 | L14: =K14*14.99/1000 -> 0.7495 | M14: ='CKROL PHT'!H82 -> 223 | N14: =M14*14.99/1000 -> 3.34277 | O14: ='CKROL PHT'!I82 -> 36 | P14: =O14*14.99/1000 -> 0.53964 | Q14: ='CKROL PHT'!J82 -> 20 | R14: =Q14*14.99/1000 -> 0.2998 | S14: ='CKROL PHT'!K82 -> 46 | T14: =S14*14.99/1000 -> 0.68954 | U14: ='CKROL PHT'!L82 -> 23 | V14: =U14*14.99/1000 -> 0.34477 | W14: ='CKROL PHT'!M82 -> 0 | Y14: ='CKROL PHT'!N82 -> 61 | AA14: ='CKROL PHT'!O82 -> 36 | AB14: =AA14*14.99/1000 -> 0.53964 | AC14: ='CKROL PHT'!P82 -> 27 | AE14: ='CKROL PHT'!Q82 -> 37 | AG14: ='CKROL PHT'!R82 -> 0 | AI14: ='CKROL PHT'!S82 -> 318 | AK14: ='CKROL PHT'!T82 -> 0 | AM14: ='CKROL PHT'!U82 -> 30 | AO14: ='CKROL PHT'!V82 -> 45 | AQ14: ='CKROL PHT'!W82 -> 41 | AS14: ='CKROL PHT'!X82 -> 42 | AU14: ='CKROL PHT'!Y82 -> 25 | AW14: ='CKROL PHT'!Z82 -> 25 | AY14: ='CKROL PHT'!AA82 -> 0 | BA14: ='CKROL PHT'!AB82 -> 300 | BC14: ='CKROL PHT'!AC82 -> 26 | BE14: ='CKROL PHT'!AD82 -> 17 | BG14: ='CKROL PHT'!AE82 -> 27 | BI14: ='CKROL PHT'!AF82 -> 38 | BK14: ='CKROL PHT'!AG82 -> 29 | BM14: =C14+E14+G14+I14+K14+M14+O14+Q14+S14+U14+W14+Y14+AA14+AC14+AE14+AG14+AI14+AK14+AM14+AO14+AQ14+AS14+AU14+AW14+AY14+BA14+BC14+BE14+BG14+BI14+BK14 -> 1663 | BN14: =BM14*14.99/1000 -> 24.92837
B15: =Sheet2!C17 -> JAYADI | C15: ='CKROL PHT'!C93 -> 0 | E15: ='CKROL PHT'!D93 -> 75 | F15: =E15*14.99/1000 -> 1.12425 | G15: ='CKROL PHT'!E93 -> 41 | H15: =G15*14.99/1000 -> 0.61459 | I15: ='CKROL PHT'!F93 -> 0 | K15: ='CKROL PHT'!G93 -> 23 | L15: =K15*14.99/1000 -> 0.34477 | M15: ='CKROL PHT'!H93 -> 54 | N15: =M15*14.99/1000 -> 0.80946 | O15: ='CKROL PHT'!I93 -> 55 | P15: =O15*14.99/1000 -> 0.82445 | Q15: ='CKROL PHT'!J93 -> 63 | R15: =Q15*14.99/1000 -> 0.94437 | S15: ='CKROL PHT'!K93 -> 81 | T15: =S15*14.99/1000 -> 1.21419 | U15: ='CKROL PHT'!L93 -> 57 | V15: =U15*14.99/1000 -> 0.85443 | W15: ='CKROL PHT'!M93 -> 0 | Y15: ='CKROL PHT'!N93 -> 130 | AA15: ='CKROL PHT'!O93 -> 35 | AB15: =AA15*14.99/1000 -> 0.52465 | AC15: ='CKROL PHT'!P93 -> 26 | AE15: ='CKROL PHT'!Q93 -> 60 | AG15: ='CKROL PHT'!R93 -> 0 | AI15: ='CKROL PHT'!S93 -> 323 | AK15: ='CKROL PHT'!T93 -> 0 | AM15: ='CKROL PHT'!U93 -> 45 | AO15: ='CKROL PHT'!V93 -> 51 | AQ15: ='CKROL PHT'!W93 -> 26 | AS15: ='CKROL PHT'!X93 -> 29 | AU15: ='CKROL PHT'!Y93 -> 15 | AW15: ='CKROL PHT'!Z93 -> 20 | AY15: ='CKROL PHT'!AA93 -> 0 | BA15: ='CKROL PHT'!AB93 -> 25 | BC15: ='CKROL PHT'!AC93 -> 20 | BE15: ='CKROL PHT'!AD93 -> 0 | BG15: ='CKROL PHT'!AE93 -> 19 | BI15: ='CKROL PHT'!AF93 -> 21 | BK15: ='CKROL PHT'!AG93 -> 28 | BM15: =C15+E15+G15+I15+K15+M15+O15+Q15+S15+U15+W15+Y15+AA15+AC15+AE15+AG15+AI15+AK15+AM15+AO15+AQ15+AS15+AU15+AW15+AY15+BA15+BC15+BE15+BG15+BI15+BK15 -> 1322 | BN15: =BM15*14.99/1000 -> 19.81678
B16: =Sheet2!C18 -> M.AMIN | C16: ='CKROL PHT'!C104 -> 0 | E16: ='CKROL PHT'!D104 -> 0 | F16: =E16*14.99/1000 -> 0 | G16: ='CKROL PHT'!E104 -> 56 | H16: =G16*14.99/1000 -> 0.83944 | I16: ='CKROL PHT'!F104 -> 0 | K16: ='CKROL PHT'!G104 -> 40 | L16: =K16*14.99/1000 -> 0.5996 | M16: ='CKROL PHT'!H104 -> 50 | N16: =M16*14.99/1000 -> 0.7495 | O16: ='CKROL PHT'!I104 -> 64 | P16: =O16*14.99/1000 -> 0.95936 | Q16: ='CKROL PHT'!J104 -> 55 | R16: =Q16*14.99/1000 -> 0.82445 | S16: ='CKROL PHT'!K104 -> 46 | T16: =S16*14.99/1000 -> 0.68954 | U16: ='CKROL PHT'!L104 -> 48 | V16: =U16*14.99/1000 -> 0.71952 | W16: ='CKROL PHT'!M104 -> 0 | Y16: ='CKROL PHT'!N104 -> 50 | AA16: ='CKROL PHT'!O104 -> 29 | AB16: =AA16*14.99/1000 -> 0.43471 | AC16: ='CKROL PHT'!P104 -> 61 | AE16: ='CKROL PHT'!Q104 -> 63 | AG16: ='CKROL PHT'!R104 -> 0 | AI16: ='CKROL PHT'!S104 -> 0 | AK16: ='CKROL PHT'!T104 -> 0 | AM16: ='CKROL PHT'!U104 -> 21 | AO16: ='CKROL PHT'!V104 -> 34 | AQ16: ='CKROL PHT'!W104 -> 40 | AS16: ='CKROL PHT'!X104 -> 31 | AU16: ='CKROL PHT'!Y104 -> 37 | AW16: ='CKROL PHT'!Z104 -> 36 | AY16: ='CKROL PHT'!AA104 -> 0 | BA16: ='CKROL PHT'!AB104 -> 30 | BC16: ='CKROL PHT'!AC104 -> 20 | BE16: ='CKROL PHT'!AD104 -> 28 | BG16: ='CKROL PHT'!AE104 -> 16 | BI16: ='CKROL PHT'!AF104 -> 6 | BK16: ='CKROL PHT'!AG104 -> 26 | BM16: =C16+E16+G16+I16+K16+M16+O16+Q16+S16+U16+W16+Y16+AA16+AC16+AE16+AG16+AI16+AK16+AM16+AO16+AQ16+AS16+AU16+AW16+AY16+BA16+BC16+BE16+BG16+BI16+BK16 -> 887 | BN16: =BM16*14.99/1000 -> 13.29613
B17: =Sheet2!C19 -> SAMSUL HADI | C17: ='CKROL PHT'!C115 -> 0 | E17: ='CKROL PHT'!D115 -> 95 | F17: =E17*14.99/1000 -> 1.42405 | G17: ='CKROL PHT'!E115 -> 40 | H17: =G17*14.99/1000 -> 0.5996 | I17: ='CKROL PHT'!F115 -> 0 | K17: ='CKROL PHT'!G115 -> 60 | L17: =K17*14.99/1000 -> 0.8994 | M17: ='CKROL PHT'!H115 -> 60 | N17: =M17*14.99/1000 -> 0.8994 | O17: ='CKROL PHT'!I115 -> 62 | P17: =O17*14.99/1000 -> 0.92938 | Q17: ='CKROL PHT'!J115 -> 78 | R17: =Q17*14.99/1000 -> 1.16922 | S17: ='CKROL PHT'!K115 -> 45 | T17: =S17*14.99/1000 -> 0.67455 | U17: ='CKROL PHT'!L115 -> 58 | V17: =U17*14.99/1000 -> 0.86942 | W17: ='CKROL PHT'!M115 -> 0 | Y17: ='CKROL PHT'!N115 -> 74 | AA17: ='CKROL PHT'!O115 -> 27 | AB17: =AA17*14.99/1000 -> 0.40473 | AC17: ='CKROL PHT'!P115 -> 34 | AE17: ='CKROL PHT'!Q115 -> 47 | AG17: ='CKROL PHT'!R115 -> 0 | AI17: ='CKROL PHT'!S115 -> 52 | AK17: ='CKROL PHT'!T115 -> 0 | AM17: ='CKROL PHT'!U115 -> 60 | AO17: ='CKROL PHT'!V115 -> 40 | AQ17: ='CKROL PHT'!W115 -> 33 | AS17: ='CKROL PHT'!X115 -> 27 | AU17: ='CKROL PHT'!Y115 -> 27 | AW17: ='CKROL PHT'!Z115 -> 38 | AY17: ='CKROL PHT'!AA115 -> 0 | BA17: ='CKROL PHT'!AB115 -> 291 | BC17: ='CKROL PHT'!AC115 -> 0 | BE17: ='CKROL PHT'!AD115 -> 17 | BG17: ='CKROL PHT'!AE115 -> 60 | BI17: ='CKROL PHT'!AF115 -> 18 | BK17: ='CKROL PHT'!AG115 -> 56 | BM17: =C17+E17+G17+I17+K17+M17+O17+Q17+S17+U17+W17+Y17+AA17+AC17+AE17+AG17+AI17+AK17+AM17+AO17+AQ17+AS17+AU17+AW17+AY17+BA17+BC17+BE17+BG17+BI17+BK17 -> 1399 | BN17: =BM17*14.99/1000 -> 20.97101
B18: =Sheet2!C20 -> SAPARUDIN | C18: ='CKROL PHT'!C126 -> 0 | E18: ='CKROL PHT'!D126 -> 45 | F18: =E18*14.99/1000 -> 0.67455 | G18: ='CKROL PHT'!E126 -> 50 | H18: =G18*14.99/1000 -> 0.7495 | I18: ='CKROL PHT'!F126 -> 0 | K18: ='CKROL PHT'!G126 -> 72 | L18: =K18*14.99/1000 -> 1.07928 | M18: ='CKROL PHT'!H126 -> 58 | N18: =M18*14.99/1000 -> 0.86942 | O18: ='CKROL PHT'!I126 -> 33 | P18: =O18*14.99/1000 -> 0.49467 | Q18: ='CKROL PHT'!J126 -> 151 | R18: =Q18*14.99/1000 -> 2.26349 | S18: ='CKROL PHT'!K126 -> 46 | T18: =S18*14.99/1000 -> 0.68954 | U18: ='CKROL PHT'!L126 -> 50 | V18: =U18*14.99/1000 -> 0.7495 | W18: ='CKROL PHT'!M126 -> 0 | Y18: ='CKROL PHT'!N126 -> 46 | AA18: ='CKROL PHT'!O126 -> 25 | AB18: =AA18*14.99/1000 -> 0.37475 | AC18: ='CKROL PHT'!P126 -> 26 | AE18: ='CKROL PHT'!Q126 -> 45 | AG18: ='CKROL PHT'!R126 -> 0 | AI18: ='CKROL PHT'!S126 -> 89 | AK18: ='CKROL PHT'!T126 -> 0 | AM18: ='CKROL PHT'!U126 -> 89 | AO18: ='CKROL PHT'!V126 -> 31 | AQ18: ='CKROL PHT'!W126 -> 53 | AS18: ='CKROL PHT'!X126 -> 30 | AU18: ='CKROL PHT'!Y126 -> 20 | AW18: ='CKROL PHT'!Z126 -> 40 | AY18: ='CKROL PHT'!AA126 -> 0 | BA18: ='CKROL PHT'!AB126 -> 150 | BC18: ='CKROL PHT'!AC126 -> 20 | BE18: ='CKROL PHT'!AD126 -> 21 | BG18: ='CKROL PHT'!AE126 -> 65 | BI18: ='CKROL PHT'!AF126 -> 39 | BK18: ='CKROL PHT'!AG126 -> 28 | BM18: =C18+E18+G18+I18+K18+M18+O18+Q18+S18+U18+W18+Y18+AA18+AC18+AE18+AG18+AI18+AK18+AM18+AO18+AQ18+AS18+AU18+AW18+AY18+BA18+BC18+BE18+BG18+BI18+BK18 -> 1322 | BN18: =BM18*14.99/1000 -> 19.81678
B19: =Sheet2!C21 -> FAHRUDIN | C19: ='CKROL PHT'!C137 -> 0 | E19: ='CKROL PHT'!D137 -> 79 | F19: =E19*14.99/1000 -> 1.18421 | G19: ='CKROL PHT'!E137 -> 119 | H19: =G19*14.99/1000 -> 1.78381 | I19: ='CKROL PHT'!F137 -> 0 | K19: ='CKROL PHT'!G137 -> 949 | L19: =K19*14.99/1000 -> 14.22551 | M19: ='CKROL PHT'!H137 -> 59 | N19: =M19*14.99/1000 -> 0.88441 | O19: ='CKROL PHT'!I137 -> 80 | P19: =O19*14.99/1000 -> 1.1992 | Q19: ='CKROL PHT'!J137 -> 51 | R19: =Q19*14.99/1000 -> 0.76449 | S19: ='CKROL PHT'!K137 -> 65 | T19: =S19*14.99/1000 -> 0.97435 | U19: ='CKROL PHT'!L137 -> 28 | V19: =U19*14.99/1000 -> 0.41972 | W19: ='CKROL PHT'!M137 -> 0 | Y19: ='CKROL PHT'!N137 -> 89 | AA19: ='CKROL PHT'!O137 -> 26 | AB19: =AA19*14.99/1000 -> 0.38974 | AC19: ='CKROL PHT'!P137 -> 44 | AE19: ='CKROL PHT'!Q137 -> 43 | AG19: ='CKROL PHT'!R137 -> 0 | AI19: ='CKROL PHT'!S137 -> 55 | AK19: ='CKROL PHT'!T137 -> 0 | AM19: ='CKROL PHT'!U137 -> 294 | AO19: ='CKROL PHT'!V137 -> 0 | AQ19: ='CKROL PHT'!W137 -> 49 | AS19: ='CKROL PHT'!X137 -> 36 | AU19: ='CKROL PHT'!Y137 -> 38 | AW19: ='CKROL PHT'!Z137 -> 52 | AY19: ='CKROL PHT'!AA137 -> 0 | BA19: ='CKROL PHT'!AB137 -> 67 | BC19: ='CKROL PHT'!AC137 -> 21 | BE19: ='CKROL PHT'!AD137 -> 17 | BG19: ='CKROL PHT'!AE137 -> 15 | BI19: ='CKROL PHT'!AF137 -> 0 | BK19: ='CKROL PHT'!AG137 -> 32 | BM19: =C19+E19+G19+I19+K19+M19+O19+Q19+S19+U19+W19+Y19+AA19+AC19+AE19+AG19+AI19+AK19+AM19+AO19+AQ19+AS19+AU19+AW19+AY19+BA19+BC19+BE19+BG19+BI19+BK19 -> 2308 | BN19: =BM19*14.99/1000 -> 34.59692
B20: =Sheet2!C22 -> HERIANTO ARBI | C20: ='CKROL PHT'!C148 -> 0 | E20: ='CKROL PHT'!D148 -> 72 | F20: =E20*14.99/1000 -> 1.07928 | G20: ='CKROL PHT'!E148 -> 40 | H20: =G20*14.99/1000 -> 0.5996 | I20: ='CKROL PHT'!F148 -> 0 | K20: ='CKROL PHT'!G148 -> 85 | L20: =K20*14.99/1000 -> 1.27415 | M20: ='CKROL PHT'!H148 -> 53 | N20: =M20*14.99/1000 -> 0.79447 | O20: ='CKROL PHT'!I148 -> 44 | P20: =O20*14.99/1000 -> 0.65956 | Q20: ='CKROL PHT'!J148 -> 90 | R20: =Q20*14.99/1000 -> 1.3491 | S20: ='CKROL PHT'!K148 -> 56 | T20: =S20*14.99/1000 -> 0.83944 | U20: ='CKROL PHT'!L148 -> 38 | V20: =U20*14.99/1000 -> 0.56962 | W20: ='CKROL PHT'!M148 -> 0 | Y20: ='CKROL PHT'!N148 -> 67 | AA20: ='CKROL PHT'!O148 -> 36 | AB20: =AA20*14.99/1000 -> 0.53964 | AC20: ='CKROL PHT'!P148 -> 44 | AE20: ='CKROL PHT'!Q148 -> 59 | AG20: ='CKROL PHT'!R148 -> 0 | AI20: ='CKROL PHT'!S148 -> 49 | AK20: ='CKROL PHT'!T148 -> 0 | AM20: ='CKROL PHT'!U148 -> 45 | AO20: ='CKROL PHT'!V148 -> 40 | AQ20: ='CKROL PHT'!W148 -> 0 | AS20: ='CKROL PHT'!X148 -> 30 | AU20: ='CKROL PHT'!Y148 -> 34 | AW20: ='CKROL PHT'!Z148 -> 44 | AY20: ='CKROL PHT'!AA148 -> 0 | BA20: ='CKROL PHT'!AB148 -> 10 | BC20: ='CKROL PHT'!AC148 -> 20 | BE20: ='CKROL PHT'!AD148 -> 36 | BG20: ='CKROL PHT'!AE148 -> 40 | BI20: ='CKROL PHT'!AF148 -> 55 | BK20: ='CKROL PHT'!AG148 -> 25 | BM20: =C20+E20+G20+I20+K20+M20+O20+Q20+S20+U20+W20+Y20+AA20+AC20+AE20+AG20+AI20+AK20+AM20+AO20+AQ20+AS20+AU20+AW20+AY20+BA20+BC20+BE20+BG20+BI20+BK20 -> 1112 | BN20: =BM20*14.99/1000 -> 16.66888
B21: =Sheet2!C23 -> RIDUAN | C21: ='CKROL PHT'!C159 -> 0 | E21: ='CKROL PHT'!D159 -> 37 | F21: =E21*14.99/1000 -> 0.55463 | G21: ='CKROL PHT'!E159 -> 35 | H21: =G21*14.99/1000 -> 0.52465 | I21: ='CKROL PHT'!F159 -> 0 | K21: ='CKROL PHT'!G159 -> 29 | L21: =K21*14.99/1000 -> 0.43471 | M21: ='CKROL PHT'!H159 -> 21 | N21: =M21*14.99/1000 -> 0.31479 | O21: ='CKROL PHT'!I159 -> 43 | P21: =O21*14.99/1000 -> 0.64457 | Q21: ='CKROL PHT'!J159 -> 52 | R21: =Q21*14.99/1000 -> 0.77948 | S21: ='CKROL PHT'!K159 -> 26 | T21: =S21*14.99/1000 -> 0.38974 | U21: ='CKROL PHT'!L159 -> 35 | V21: =U21*14.99/1000 -> 0.52465 | W21: ='CKROL PHT'!M159 -> 0 | Y21: ='CKROL PHT'!N159 -> 56 | AA21: ='CKROL PHT'!O159 -> 18 | AB21: =AA21*14.99/1000 -> 0.26982 | AC21: ='CKROL PHT'!P159 -> 25 | AE21: ='CKROL PHT'!Q159 -> 31 | AG21: ='CKROL PHT'!R159 -> 0 | AI21: ='CKROL PHT'!S159 -> 47 | AK21: ='CKROL PHT'!T159 -> 0 | AM21: ='CKROL PHT'!U159 -> 52 | AO21: ='CKROL PHT'!V159 -> 30 | AQ21: ='CKROL PHT'!W159 -> 53 | AS21: ='CKROL PHT'!X159 -> 31 | AU21: ='CKROL PHT'!Y159 -> 21 | AW21: ='CKROL PHT'!Z159 -> 25 | AY21: ='CKROL PHT'!AA159 -> 0 | BA21: ='CKROL PHT'!AB159 -> 27 | BC21: ='CKROL PHT'!AC159 -> 20 | BE21: ='CKROL PHT'!AD159 -> 17 | BG21: ='CKROL PHT'!AE159 -> 35 | BI21: ='CKROL PHT'!AF159 -> 47 | BK21: ='CKROL PHT'!AG159 -> 25 | BM21: =C21+E21+G21+I21+K21+M21+O21+Q21+S21+U21+W21+Y21+AA21+AC21+AE21+AG21+AI21+AK21+AM21+AO21+AQ21+AS21+AU21+AW21+AY21+BA21+BC21+BE21+BG21+BI21+BK21 -> 838 | BN21: =BM21*14.99/1000 -> 12.56162

Sheet CKROL PERAWATAN
A2: PT.REBINMAS JAYA
A3: POCKET CHECKROLL UNTUK BULAN : JANUARI 2026
A4: PERKEBUNAN : PGE 2A | AL4: DIVISI : AIR JANGKAT
A6: NO | B6: NAMA KARYAWAN | C6: TANGGAL | AH6: JML | AI6: JUMLAH CUTI /LIBUR | AP6: JUML | AQ6: CTH | AR6: A | AS6: RP
C7: 1 | D7: 2 | E7: 3 | F7: 4 | G7: 5 | H7: 6 | I7: 7 | J7: 8 | K7: 9 | L7: 10 | M7: 11 | N7: 12 | O7: 13 | P7: 14 | Q7: 15 | R7: 16 | S7: 17 | T7: 18 | U7: 19 | V7: 20 | W7: 21 | X7: 22 | Y7: 23 | Z7: 24 | AA7: 25 | AB7: 26 | AC7: 27 | AD7: 28 | AE7: 29 | AF7: 30 | AG7: 31 | AH7: HK | AI7: THN | AJ7: SKT | AK7: HAID | AL7: MG | AM7: NAS | AN7: H/M | AO7: IZIN | AS7: LEMBUR
A8: 1 | B8: GUNAWAN | D8: 1 | E8: 1 | G8: 1 | H8: 1 | I8: 1 | J8: 1 | K8: 1 | L8: 1 | N8: 1 | O8: 1 | P8: 1 | Q8: 1 | S8: 1 | U8: 1 | V8: 1 | W8: 1 | X8: CT | Y8: 1 | Z8: 1 | AB8: 1 | AC8: 1 | AD8: 1 | AE8: 1 | AF8: 1 | AG8: 1 | AH8: =SUM(C8:AG8) -> 24 | AI8: =COUNTIF(C8:AG8,"CT") -> 1 | AJ8: =COUNTIF(C8:AG8,"CS") -> 0 | AK8: =COUNTIF(C8:AG8,"CH") -> 0 | AL8: 4 | AM8: 2 | AN8: =COUNTIF(C8:AL8,"hm") -> 0 | AO8: =COUNTIF(C8:AM8,"CI") -> 0 | AP8: =AH8+AI8+AJ8+AK8+AL8+AM8+AN8+AO8 -> 31 | AQ8: =COUNTIF(C8:AG8,"CTH") -> 0 | AR8: =COUNTIF(C8:AG8,"A") -> 0
A9: 2 | B9: RILYANI | D9: 1 | E9: 1 | G9: 1 | H9: 1 | I9: 1 | J9: 1 | K9: 1 | L9: 1 | N9: 1 | O9: 1 | P9: 1 | Q9: 1 | S9: 1 | U9: 1 | V9: 1 | W9: 1 | X9: 1 | Y9: 1 | Z9: 1 | AB9: 1 | AC9: 1 | AD9: 1 | AE9: 1 | AF9: 1 | AG9: 1 | AH9: =SUM(C9:AG9) -> 25 | AI9: =COUNTIF(C9:AG9,"CT") -> 0 | AJ9: =COUNTIF(C9:AG9,"CS") -> 0 | AK9: =COUNTIF(C9:AG9,"CH") -> 0 | AL9: 4 | AM9: 2 | AN9: =COUNTIF(C9:AL9,"hm") -> 0 | AO9: =COUNTIF(C9:AM9,"CI") -> 0 | AP9: =AH9+AI9+AJ9+AK9+AL9+AM9+AN9+AO9 -> 31 | AQ9: =COUNTIF(C9:AG9,"CTH") -> 0 | AR9: =COUNTIF(C9:AG9,"A") -> 0
A10: 3 | B10: JUNAIDI | D10: 1 | E10: 1 | G10: 1 | H10: 1 | I10: 1 | J10: 1 | K10: 1 | L10: CT | N10: 1 | O10: 1 | P10: 1 | Q10: 1 | S10: 1 | U10: 1 | V10: 1 | W10: 1 | X10: 1 | Y10: 1 | Z10: 1 | AB10: 1 | AC10: 1 | AD10: 1 | AE10: 1 | AF10: 1 | AG10: 1 | AH10: =SUM(C10:AG10) -> 24 | AI10: =COUNTIF(C10:AG10,"CT") -> 1 | AJ10: =COUNTIF(C10:AG10,"CS") -> 0 | AK10: =COUNTIF(C10:AG10,"CH") -> 0 | AL10: 4 | AM10: 2 | AN10: =COUNTIF(C10:AL10,"hm") -> 0 | AO10: =COUNTIF(C10:AM10,"CI") -> 0 | AP10: =AH10+AI10+AJ10+AK10+AL10+AM10+AN10+AO10 -> 31 | AQ10: =COUNTIF(C10:AG10,"CTH") -> 0 | AR10: =COUNTIF(C10:AG10,"A") -> 0
A11: 4 | B11: ASUNTI | D11: 1 | E11: 1 | G11: 1 | H11: 1 | I11: 1 | J11: 1 | K11: 1 | L11: CT | N11: 1 | O11: 1 | P11: CT | Q11: 1 | S11: 1 | U11: 1 | V11: 1 | W11: 1 | X11: 1 | Y11: 1 | Z11: 1 | AB11: 1 | AC11: 1 | AD11: 1 | AE11: 1 | AF11: 1 | AG11: 1 | AH11: =SUM(C11:AG11) -> 23 | AI11: =COUNTIF(C11:AG11,"CT") -> 2 | AJ11: =COUNTIF(C11:AG11,"CS") -> 0 | AK11: =COUNTIF(C11:AG11,"CH") -> 0 | AL11: 4 | AM11: 2 | AN11: =COUNTIF(C11:AL11,"hm") -> 0 | AO11: =COUNTIF(C11:AM11,"CI") -> 0 | AP11: =AH11+AI11+AJ11+AK11+AL11+AM11+AN11+AO11 -> 31 | AQ11: =COUNTIF(C11:AG11,"CTH") -> 0 | AR11: =COUNTIF(C11:AG11,"A") -> 0
A12: 5 | B12: JONI | D12: 1 | E12: A | G12: 1 | H12: 1 | I12: 1 | J12: 1 | K12: 1 | L12: 1 | N12: 1 | O12: 1 | P12: 1 | Q12: 1 | S12: 1 | U12: 1 | V12: 1 | W12: 1 | X12: 1 | Y12: 1 | Z12: 1 | AB12: 1 | AC12: 1 | AD12: 1 | AE12: 1 | AF12: 1 | AG12: 1 | AH12: =SUM(C12:AG12) -> 24 | AI12: =COUNTIF(C12:AG12,"CT") -> 0 | AJ12: =COUNTIF(C12:AG12,"CS") -> 0 | AK12: =COUNTIF(C12:AG12,"CH") -> 0 | AL12: 4 | AM12: 2 | AN12: =COUNTIF(C12:AL12,"hm") -> 0 | AO12: =COUNTIF(C12:AM12,"CI") -> 0 | AP12: =AH12+AI12+AJ12+AK12+AL12+AM12+AN12+AO12 -> 30 | AQ12: =COUNTIF(C12:AG12,"CTH") -> 0 | AR12: =COUNTIF(C12:AG12,"A") -> 1
A13: 6 | B13: THAHA.S | D13: 1 | E13: 1 | G13: 1 | H13: 1 | I13: 1 | J13: 1 | K13: 1 | L13: 1 | N13: 1 | O13: 1 | P13: 1 | Q13: 1 | S13: 1 | U13: 1 | V13: 1 | W13: 1 | X13: 1 | Y13: 1 | Z13: 1 | AB13: 1 | AC13: 1 | AD13: 1 | AE13: 1 | AF13: 1 | AG13: 1 | AH13: =SUM(C13:AG13) -> 25 | AI13: =COUNTIF(C13:AG13,"CT") -> 0 | AJ13: =COUNTIF(C13:AG13,"CS") -> 0 | AK13: =COUNTIF(C13:AG13,"CH") -> 0 | AL13: 4 | AM13: 2 | AN13: =COUNTIF(C13:AL13,"hm") -> 0 | AO13: =COUNTIF(C13:AM13,"CI") -> 0 | AP13: =AH13+AI13+AJ13+AK13+AL13+AM13+AN13+AO13 -> 31 | AQ13: =COUNTIF(C13:AG13,"CTH") -> 0 | AR13: =COUNTIF(C13:AG13,"A") -> 0
A14: 7 | B14: ALEX | D14: 1 | E14: 1 | G14: 1 | H14: 1 | I14: 1 | J14: 1 | K14: 1 | L14: 1 | N14: 1 | O14: CT | P14: 1 | Q14: A | S14: 1 | U14: 1 | V14: 1 | W14: 1 | X14: 1 | Y14: 1 | Z14: 1 | AB14: 1 | AC14: 1 | AD14: 1 | AE14: 1 | AF14: 1 | AG14: 1 | AH14: =SUM(C14:AG14) -> 23 | AI14: =COUNTIF(C14:AG14,"CT") -> 1 | AJ14: =COUNTIF(C14:AG14,"CS") -> 0 | AK14: =COUNTIF(C14:AG14,"CH") -> 0 | AL14: 4 | AM14: 2 | AN14: =COUNTIF(C14:AL14,"hm") -> 0 | AO14: =COUNTIF(C14:AM14,"CI") -> 0 | AP14: =AH14+AI14+AJ14+AK14+AL14+AM14+AN14+AO14 -> 30 | AQ14: =COUNTIF(C14:AG14,"CTH") -> 0 | AR14: =COUNTIF(C14:AG14,"A") -> 1
A15: 8 | B15: SANDY | D15: 1 | E15: 1 | G15: 1 | H15: 1 | I15: 1 | J15: 1 | K15: 1 | L15: 1 | N15: CS | O15: 1 | P15: 1 | Q15: 1 | S15: 1 | U15: 1 | V15: 1 | W15: 1 | X15: 1 | Y15: 1 | Z15: 1 | AB15: 1 | AC15: 1 | AD15: CT | AE15: 1 | AF15: 1 | AG15: 1 | AH15: =SUM(C15:AG15) -> 23 | AI15: =COUNTIF(C15:AG15,"CT") -> 1 | AJ15: =COUNTIF(C15:AG15,"CS") -> 1 | AK15: =COUNTIF(C15:AG15,"CH") -> 0 | AL15: 4 | AM15: 2 | AN15: =COUNTIF(C15:AL15,"hm") -> 0 | AO15: =COUNTIF(C15:AM15,"CI") -> 0 | AP15: =AH15+AI15+AJ15+AK15+AL15+AM15+AN15+AO15 -> 31 | AQ15: =COUNTIF(C15:AG15,"CTH") -> 0 | AR15: =COUNTIF(C15:AG15,"A") -> 0
A16: 9 | B16: ANTON | D16: CT | E16: 1 | G16: 1 | H16: 1 | I16: 1 | J16: CS | K16: 1 | L16: 1 | N16: 1 | O16: 1 | P16: 1 | Q16: 1 | S16: 1 | U16: 1 | V16: 1 | W16: 1 | X16: 1 | Y16: 1 | Z16: 1 | AB16: 1 | AC16: 1 | AD16: 1 | AE16: 1 | AF16: 1 | AG16: 1 | AH16: =SUM(C16:AG16) -> 23 | AI16: =COUNTIF(C16:AG16,"CT") -> 1 | AJ16: =COUNTIF(C16:AG16,"CS") -> 1 | AK16: =COUNTIF(C16:AG16,"CH") -> 0 | AL16: 4 | AM16: 2 | AN16: =COUNTIF(C16:AL16,"hm") -> 0 | AO16: =COUNTIF(C16:AM16,"CI") -> 0 | AP16: =AH16+AI16+AJ16+AK16+AL16+AM16+AN16+AO16 -> 31 | AQ16: =COUNTIF(C16:AG16,"CTH") -> 0 | AR16: =COUNTIF(C16:AG16,"A") -> 0
A17: 10 | B17: EKA NOVIANTI | D17: 1 | E17: 1 | G17: 1 | H17: 1 | I17: 1 | J17: 1 | K17: 1 | L17: 1 | N17: CS | O17: 1 | P17: 1 | Q17: 1 | S17: 1 | U17: CH | V17: CH | W17: 1 | X17: 1 | Y17: 1 | Z17: 1 | AB17: 1 | AC17: 1 | AD17: 1 | AE17: 1 | AF17: 1 | AG17: 1 | AH17: =SUM(C17:AG17) -> 22 | AI17: =COUNTIF(C17:AG17,"CT") -> 0 | AJ17: =COUNTIF(C17:AG17,"CS") -> 1 | AK17: =COUNTIF(C17:AG17,"CH") -> 2 | AL17: 4 | AM17: 2 | AN17: =COUNTIF(C17:AL17,"hm") -> 0 | AO17: =COUNTIF(C17:AM17,"CI") -> 0 | AP17: =AH17+AI17+AJ17+AK17+AL17+AM17+AN17+AO17 -> 31 | AQ17: =COUNTIF(C17:AG17,"CTH") -> 0 | AR17: =COUNTIF(C17:AG17,"A") -> 0
A18: 11 | B18: JUMIATI | D18: 1 | E18: 1 | G18: 1 | H18: 1 | I18: CT | J18: 1 | K18: 1 | L18: 1 | N18: 1 | O18: 1 | P18: 1 | Q18: 1 | S18: 1 | U18: 1 | V18: CH | W18: CH | X18: 1 | Y18: 1 | Z18: 1 | AB18: 1 | AC18: 1 | AD18: 1 | AE18: 1 | AF18: 1 | AG18: 1 | AH18: =SUM(C18:AG18) -> 22 | AI18: =COUNTIF(C18:AG18,"CT") -> 1 | AJ18: =COUNTIF(C18:AG18,"CS") -> 0 | AK18: =COUNTIF(C18:AG18,"CH") -> 2 | AL18: 4 | AM18: 2 | AN18: =COUNTIF(C18:AL18,"hm") -> 0 | AO18: =COUNTIF(C18:AM18,"CI") -> 0 | AP18: =AH18+AI18+AJ18+AK18+AL18+AM18+AN18+AO18 -> 31 | AQ18: =COUNTIF(C18:AG18,"CTH") -> 0 | AR18: =COUNTIF(C18:AG18,"A") -> 0
A19: 12 | B19: SUPARDI | D19: 1 | E19: 1 | G19: 1 | H19: CT | I19: 1 | J19: 1 | K19: 1 | L19: 1 | N19: 1 | O19: 1 | P19: CT | Q19: 1 | S19: 1 | U19: 1 | V19: 1 | W19: 1 | X19: 1 | Y19: 1 | Z19: 1 | AB19: 1 | AC19: 1 | AD19: 1 | AE19: 1 | AF19: 1 | AG19: 1 | AH19: =SUM(C19:AG19) -> 23 | AI19: =COUNTIF(C19:AG19,"CT") -> 2 | AJ19: =COUNTIF(C19:AG19,"CS") -> 0 | AK19: =COUNTIF(C19:AG19,"CH") -> 0 | AL19: 4 | AM19: 2 | AN19: =COUNTIF(C19:AL19,"hm") -> 0 | AO19: =COUNTIF(C19:AM19,"CI") -> 0 | AP19: =AH19+AI19+AJ19+AK19+AL19+AM19+AN19+AO19 -> 31 | AQ19: =COUNTIF(C19:AG19,"CTH") -> 0 | AR19: =COUNTIF(C19:AG19,"A") -> 0
A20: 13 | B20: SUMARDI | D20: 1 | E20: 1 | G20: 1 | H20: 1 | I20: 1 | J20: 1 | K20: 1 | L20: 1 | N20: 1 | O20: 1 | P20: 1 | Q20: 1 | S20: 1 | U20: 1 | V20: 1 | W20: 1 | X20: 1 | Y20: 1 | Z20: 1 | AB20: 1 | AC20: 1 | AD20: 1 | AE20: 1 | AF20: 1 | AG20: 1 | AH20: =SUM(C20:AG20) -> 25 | AI20: =COUNTIF(C20:AG20,"CT") -> 0 | AJ20: =COUNTIF(C20:AG20,"CS") -> 0 | AK20: =COUNTIF(C20:AG20,"CH") -> 0 | AL20: 4 | AM20: 2 | AN20: =COUNTIF(C20:AL20,"hm") -> 0 | AO20: =COUNTIF(C20:AM20,"CI") -> 0 | AP20: =AH20+AI20+AJ20+AK20+AL20+AM20+AN20+AO20 -> 31 | AQ20: =COUNTIF(C20:AG20,"CTH") -> 0 | AR20: =COUNTIF(C20:AG20,"A") -> 0
A21: 14 | B21: ASBI | D21: 1 | E21: 1 | G21: 1 | H21: 1 | I21: 1 | J21: 1 | K21: 1 | L21: 1 | N21: 1 | O21: 1 | P21: 1 | Q21: 1 | S21: 1 | U21: 1 | V21: 1 | W21: 1 | X21: 1 | Y21: 1 | Z21: 1 | AB21: 1 | AC21: 1 | AD21: 1 | AE21: 1 | AF21: 1 | AG21: 1 | AH21: =SUM(C21:AG21) -> 25 | AI21: =COUNTIF(C21:AG21,"CT") -> 0 | AJ21: =COUNTIF(C21:AG21,"CS") -> 0 | AK21: =COUNTIF(C21:AG21,"CH") -> 0 | AL21: 4 | AM21: 2 | AN21: =COUNTIF(C21:AL21,"hm") -> 0 | AO21: =COUNTIF(C21:AM21,"CI") -> 0 | AP21: =AH21+AI21+AJ21+AK21+AL21+AM21+AN21+AO21 -> 31 | AQ21: =COUNTIF(C21:AG21,"CTH") -> 0 | AR21: =COUNTIF(C21:AG21,"A") -> 0
A22: 15 | B22: YANDI | D22: 1 | E22: 1 | G22: 1 | H22: 1 | I22: 1 | J22: 1 | K22: 1 | L22: 1 | N22: 1 | O22: 1 | P22: 1 | Q22: 1 | S22: 1 | U22: 1 | V22: 1 | W22: 1 | X22: 1 | Y22: 1 | Z22: 1 | AB22: 1 | AC22: 1 | AD22: 1 | AE22: 1 | AF22: 1 | AG22: 1 | AH22: =SUM(C22:AG22) -> 25 | AI22: =COUNTIF(C22:AG22,"CT") -> 0 | AJ22: =COUNTIF(C22:AG22,"CS") -> 0 | AK22: =COUNTIF(C22:AG22,"CH") -> 0 | AL22: 4 | AM22: 2 | AN22: =COUNTIF(C22:AL22,"hm") -> 0 | AO22: =COUNTIF(C22:AM22,"CI") -> 0 | AP22: =AH22+AI22+AJ22+AK22+AL22+AM22+AN22+AO22 -> 31 | AQ22: =COUNTIF(C22:AG22,"CTH") -> 0 | AR22: =COUNTIF(C22:AG22,"A") -> 0
A23: 16 | B23: APRIZAL | D23: 1 | E23: CT | G23: 1 | H23: 1 | I23: 1 | J23: 1 | K23: 1 | L23: 1 | N23: 1 | O23: 1 | P23: 1 | Q23: 1 | S23: 1 | U23: CT | V23: 1 | W23: 1 | X23: 1 | Y23: 1 | Z23: 1 | AB23: 1 | AC23: 1 | AD23: 1 | AE23: 1 | AF23: 1 | AG23: 1 | AH23: =SUM(C23:AG23) -> 23 | AI23: =COUNTIF(C23:AG23,"CT") -> 2 | AJ23: =COUNTIF(C23:AG23,"CS") -> 0 | AK23: =COUNTIF(C23:AG23,"CH") -> 0 | AL23: 4 | AM23: 2 | AN23: =COUNTIF(C23:AL23,"hm") -> 0 | AO23: =COUNTIF(C23:AM23,"CI") -> 0 | AP23: =AH23+AI23+AJ23+AK23+AL23+AM23+AN23+AO23 -> 31 | AQ23: =COUNTIF(C23:AG23,"CTH") -> 0 | AR23: =COUNTIF(C23:AG23,"A") -> 0
A24: 17 | B24: ERRY | D24: 1 | E24: CT | G24: 1 | H24: 1 | I24: 1 | J24: 1 | K24: 1 | L24: 1 | N24: 1 | O24: 1 | P24: 1 | Q24: 1 | S24: 1 | U24: 1 | V24: 1 | W24: 1 | X24: 1 | Y24: 1 | Z24: 1 | AB24: 1 | AC24: 1 | AD24: 1 | AE24: 1 | AF24: 1 | AG24: 1 | AH24: =SUM(C24:AG24) -> 24 | AI24: =COUNTIF(C24:AG24,"CT") -> 1 | AJ24: =COUNTIF(C24:AG24,"CS") -> 0 | AK24: =COUNTIF(C24:AG24,"CH") -> 0 | AL24: 4 | AM24: 2 | AN24: =COUNTIF(C24:AL24,"hm") -> 0 | AO24: =COUNTIF(C24:AM24,"CI") -> 0 | AP24: =AH24+AI24+AJ24+AK24+AL24+AM24+AN24+AO24 -> 31 | AQ24: =COUNTIF(C24:AG24,"CTH") -> 0 | AR24: =COUNTIF(C24:AG24,"A") -> 0
A25: 18 | B25: WIDODO | D25: CS | E25: CS | G25: 1 | H25: 1 | I25: 1 | J25: 1 | K25: 1 | L25: 1 | N25: 1 | O25: 1 | P25: 1 | Q25: 1 | S25: 1 | U25: 1 | V25: 1 | W25: 1 | X25: 1 | Y25: 1 | Z25: 1 | AB25: 1 | AC25: 1 | AD25: 1 | AE25: 1 | AF25: 1 | AG25: 1 | AH25: =SUM(C25:AG25) -> 23 | AI25: =COUNTIF(C25:AG25,"CT") -> 0 | AJ25: =COUNTIF(C25:AG25,"CS") -> 2 | AK25: =COUNTIF(C25:AG25,"CH") -> 0 | AL25: 4 | AM25: 2 | AN25: =COUNTIF(C25:AL25,"hm") -> 0 | AO25: =COUNTIF(C25:AM25,"CI") -> 0 | AP25: =AH25+AI25+AJ25+AK25+AL25+AM25+AN25+AO25 -> 31 | AQ25: =COUNTIF(C25:AG25,"CTH") -> 0 | AR25: =COUNTIF(C25:AG25,"A") -> 0
A26: 19 | B26: YANTI NOVITA | D26: 1 | E26: 1 | G26: 1 | H26: 1 | I26: 1 | J26: 1 | K26: 1 | L26: 1 | N26: 1 | O26: 1 | P26: 1 | Q26: CS | S26: 1 | U26: 1 | V26: CH | W26: CH | X26: 1 | Y26: 1 | Z26: 1 | AB26: 1 | AC26: 1 | AD26: 1 | AE26: 1 | AF26: 1 | AG26: 1 | AH26: =SUM(C26:AG26) -> 22 | AI26: =COUNTIF(C26:AG26,"CT") -> 0 | AJ26: =COUNTIF(C26:AG26,"CS") -> 1 | AK26: =COUNTIF(C26:AG26,"CH") -> 2 | AL26: 4 | AM26: 2 | AN26: =COUNTIF(C26:AL26,"hm") -> 0 | AO26: =COUNTIF(C26:AM26,"CI") -> 0 | AP26: =AH26+AI26+AJ26+AK26+AL26+AM26+AN26+AO26 -> 31 | AQ26: =COUNTIF(C26:AG26,"CTH") -> 0 | AR26: =COUNTIF(C26:AG26,"A") -> 0
A27: 20 | B27: RIJAL | D27: 1 | E27: 1 | G27: 1 | H27: 1 | I27: 1 | J27: 1 | K27: 1 | L27: CT | N27: 1 | O27: 1 | P27: 1 | Q27: 1 | S27: 1 | U27: 1 | V27: 1 | W27: 1 | X27: 1 | Y27: 1 | Z27: 1 | AB27: 1 | AC27: 1 | AD27: 1 | AE27: CT | AF27: 1 | AG27: 1 | AH27: =SUM(C27:AG27) -> 23 | AI27: =COUNTIF(C27:AG27,"CT") -> 2 | AJ27: =COUNTIF(C27:AG27,"CS") -> 0 | AK27: =COUNTIF(C27:AG27,"CH") -> 0 | AL27: 4 | AM27: 2 | AN27: =COUNTIF(C27:AL27,"hm") -> 0 | AO27: =COUNTIF(C27:AM27,"CI") -> 0 | AP27: =AH27+AI27+AJ27+AK27+AL27+AM27+AN27+AO27 -> 31 | AQ27: =COUNTIF(C27:AG27,"CTH") -> 0 | AR27: =COUNTIF(C27:AG27,"A") -> 0
A28: 21 | B28: SULTAN | D28: CS | E28: CS | G28: 1 | H28: 1 | I28: 1 | J28: 1 | K28: 1 | L28: 1 | N28: 1 | O28: 1 | P28: 1 | Q28: 1 | S28: 1 | U28: 1 | V28: 1 | W28: 1 | X28: 1 | Y28: 1 | Z28: 1 | AB28: 1 | AC28: 1 | AD28: 1 | AE28: 1 | AF28: 1 | AG28: 1 | AH28: =SUM(C28:AG28) -> 23 | AI28: =COUNTIF(C28:AG28,"CT") -> 0 | AJ28: =COUNTIF(C28:AG28,"CS") -> 2 | AK28: =COUNTIF(C28:AG28,"CH") -> 0 | AL28: 4 | AM28: 2 | AN28: =COUNTIF(C28:AL28,"hm") -> 0 | AO28: =COUNTIF(C28:AM28,"CI") -> 0 | AP28: =AH28+AI28+AJ28+AK28+AL28+AM28+AN28+AO28 -> 31 | AQ28: =COUNTIF(C28:AG28,"CTH") -> 0 | AR28: =COUNTIF(C28:AG28,"A") -> 0
A29: 22 | B29: EKO SUMANJAYA | D29: 1 | E29: A | G29: 1 | H29: 1 | I29: 1 | J29: 1 | K29: 1 | L29: 1 | N29: 1 | O29: 1 | P29: 1 | Q29: 1 | S29: 1 | U29: 1 | V29: 1 | W29: CT | X29: 1 | Y29: 1 | Z29: 1 | AB29: 1 | AC29: 1 | AD29: 1 | AE29: 1 | AF29: 1 | AG29: 1 | AH29: =SUM(C29:AG29) -> 23 | AI29: =COUNTIF(C29:AG29,"CT") -> 1 | AJ29: =COUNTIF(C29:AG29,"CS") -> 0 | AK29: =COUNTIF(C29:AG29,"CH") -> 0 | AL29: 4 | AM29: 2 | AN29: =COUNTIF(C29:AL29,"hm") -> 0 | AO29: =COUNTIF(C29:AM29,"CI") -> 0 | AP29: =AH29+AI29+AJ29+AK29+AL29+AM29+AN29+AO29 -> 30 | AQ29: =COUNTIF(C29:AG29,"CTH") -> 0 | AR29: =COUNTIF(C29:AG29,"A") -> 1
A30: 23 | B30: SUMARDI (hatijah ) | D30: 1 | E30: 1 | G30: 1 | H30: 1 | I30: 1 | J30: 1 | K30: 1 | L30: 1 | N30: 1 | O30: 1 | P30: 1 | Q30: 1 | S30: 1 | U30: 1 | V30: 1 | W30: 1 | X30: 1 | Y30: 1 | Z30: 1 | AB30: 1 | AC30: 1 | AD30: 1 | AE30: 1 | AF30: 1 | AG30: 1 | AH30: =SUM(C30:AG30) -> 25 | AI30: =COUNTIF(C30:AG30,"CT") -> 0 | AJ30: =COUNTIF(C30:AG30,"CS") -> 0 | AK30: =COUNTIF(C30:AG30,"CH") -> 0 | AL30: 4 | AM30: 2 | AN30: =COUNTIF(C30:AL30,"hm") -> 0 | AO30: =COUNTIF(C30:AM30,"CI") -> 0 | AP30: =AH30+AI30+AJ30+AK30+AL30+AM30+AN30+AO30 -> 31 | AQ30: =COUNTIF(C30:AG30,"CTH") -> 0 | AR30: =COUNTIF(C30:AG30,"A") -> 0
A31: 24 | B31: SUKARDI | D31: 1 | E31: A | G31: 1 | H31: 1 | I31: 1 | J31: 1 | K31: 1 | L31: 1 | N31: 1 | O31: 1 | P31: 1 | Q31: 1 | S31: CS | U31: CS | V31: 1 | W31: A | X31: 1 | Y31: 1 | Z31: 1 | AB31: 1 | AC31: 1 | AD31: 1 | AE31: 1 | AF31: 1 | AG31: 1 | AH31: =SUM(C31:AG31) -> 21 | AI31: =COUNTIF(C31:AG31,"CT") -> 0 | AJ31: =COUNTIF(C31:AG31,"CS") -> 2 | AK31: =COUNTIF(C31:AG31,"CH") -> 0 | AL31: 4 | AM31: 2 | AN31: =COUNTIF(C31:AL31,"hm") -> 0 | AO31: =COUNTIF(C31:AM31,"CI") -> 0 | AP31: =AH31+AI31+AJ31+AK31+AL31+AM31+AN31+AO31 -> 29 | AQ31: =COUNTIF(C31:AG31,"CTH") -> 0 | AR31: =COUNTIF(C31:AG31,"A") -> 2
A32: 25 | B32: MUSDI | D32: 1 | E32: 1 | G32: CT | H32: 1 | I32: 1 | J32: 1 | K32: 1 | L32: 1 | N32: 1 | O32: 1 | P32: 1 | Q32: 1 | S32: 1 | U32: 1 | V32: 1 | W32: 1 | X32: 1 | Y32: 1 | Z32: 1 | AB32: 1 | AC32: 1 | AD32: CS | AE32: 1 | AF32: 1 | AG32: 1 | AH32: =SUM(C32:AG32) -> 23 | AI32: =COUNTIF(C32:AG32,"CT") -> 1 | AJ32: =COUNTIF(C32:AG32,"CS") -> 1 | AK32: =COUNTIF(C32:AG32,"CH") -> 0 | AL32: 4 | AM32: 2 | AN32: =COUNTIF(C32:AL32,"hm") -> 0 | AO32: =COUNTIF(C32:AM32,"CI") -> 0 | AP32: =AH32+AI32+AJ32+AK32+AL32+AM32+AN32+AO32 -> 31 | AQ32: =COUNTIF(C32:AG32,"CTH") -> 0 | AR32: =COUNTIF(C32:AG32,"A") -> 0
A33: 26 | B33: NOLA WILANDA | D33: 1 | E33: CH | G33: 1 | H33: 1 | I33: 1 | J33: 1 | K33: 1 | L33: 1 | N33: 1 | O33: 1 | P33: 1 | Q33: 1 | S33: 1 | U33: 1 | V33: 1 | W33: 1 | X33: 1 | Y33: 1 | Z33: 1 | AB33: 1 | AC33: 1 | AD33: 1 | AE33: 1 | AF33: 1 | AG33: 1 | AH33: =SUM(C33:AG33) -> 24 | AI33: =COUNTIF(C33:AG33,"CT") -> 0 | AJ33: =COUNTIF(C33:AG33,"CS") -> 0 | AK33: =COUNTIF(C33:AG33,"CH") -> 1 | AL33: 4 | AM33: 2 | AN33: =COUNTIF(C33:AL33,"hm") -> 0 | AO33: =COUNTIF(C33:AM33,"CI") -> 0 | AP33: =AH33+AI33+AJ33+AK33+AL33+AM33+AN33+AO33 -> 31 | AQ33: =COUNTIF(C33:AG33,"CTH") -> 0 | AR33: =COUNTIF(C33:AG33,"A") -> 0
A34: 27 | B34: AGUSTIAN | D34: 1 | E34: 1 | G34: 1 | H34: 1 | I34: 1 | J34: CT | K34: A | L34: 1 | N34: 1 | O34: 1 | P34: 1 | Q34: 1 | S34: 1 | U34: 1 | V34: 1 | W34: 1 | X34: 1 | Y34: 1 | Z34: 1 | AB34: 1 | AC34: 1 | AD34: 1 | AE34: 1 | AF34: 1 | AG34: 1 | AH34: =SUM(C34:AG34) -> 23 | AI34: =COUNTIF(C34:AG34,"CT") -> 1 | AJ34: =COUNTIF(C34:AG34,"CS") -> 0 | AK34: =COUNTIF(C34:AG34,"CH") -> 0 | AL34: 4 | AM34: 2 | AN34: =COUNTIF(C34:AL34,"hm") -> 0 | AO34: =COUNTIF(C34:AM34,"CI") -> 0 | AP34: =AH34+AI34+AJ34+AK34+AL34+AM34+AN34+AO34 -> 30 | AQ34: =COUNTIF(C34:AG34,"CTH") -> 0 | AR34: =COUNTIF(C34:AG34,"A") -> 1
A35: 28 | B35: DWI MARZETI | D35: 1 | E35: 1 | G35: CTH | H35: 1 | I35: 1 | J35: 1 | K35: 1 | L35: 1 | N35: 1 | O35: 1 | P35: 1 | Q35: 1 | S35: 1 | U35: 1 | V35: 1 | W35: 1 | X35: 1 | Y35: 1 | Z35: 1 | AB35: 1 | AC35: 1 | AD35: 1 | AE35: CS | AF35: 1 | AG35: 1 | AH35: =SUM(C35:AG35) -> 23 | AI35: =COUNTIF(C35:AG35,"CT") -> 0 | AJ35: =COUNTIF(C35:AG35,"CS") -> 1 | AK35: =COUNTIF(C35:AG35,"CH") -> 0 | AL35: 4 | AM35: 2 | AN35: =COUNTIF(C35:AL35,"hm") -> 0 | AO35: =COUNTIF(C35:AM35,"CI") -> 0 | AP35: =AH35+AI35+AJ35+AK35+AL35+AM35+AN35+AO35 -> 30 | AQ35: =COUNTIF(C35:AG35,"CTH") -> 1 | AR35: =COUNTIF(C35:AG35,"A") -> 0
A36: 29 | B36: SAHARUDIN | D36: CT | E36: 1 | G36: 1 | H36: 1 | I36: 1 | J36: 1 | K36: 1 | L36: 1 | N36: 1 | O36: 1 | P36: 1 | Q36: 1 | S36: 1 | U36: 1 | V36: 1 | W36: 1 | X36: 1 | Y36: 1 | Z36: 1 | AB36: 1 | AC36: 1 | AD36: 1 | AE36: 1 | AF36: 1 | AG36: 1 | AH36: =SUM(C36:AG36) -> 24 | AI36: =COUNTIF(C36:AG36,"CT") -> 1 | AJ36: =COUNTIF(C36:AG36,"CS") -> 0 | AK36: =COUNTIF(C36:AG36,"CH") -> 0 | AL36: 4 | AM36: 2 | AN36: =COUNTIF(C36:AL36,"hm") -> 0 | AO36: =COUNTIF(C36:AM36,"CI") -> 0 | AP36: =AH36+AI36+AJ36+AK36+AL36+AM36+AN36+AO36 -> 31 | AQ36: =COUNTIF(C36:AG36,"CTH") -> 0 | AR36: =COUNTIF(C36:AG36,"A") -> 0
B37: HK TODAY | C37: =SUM(C8:C36) -> 0 | D37: =SUM(D8:D36) -> 25 | E37: =SUM(E8:E36) -> 21 | F37: =SUM(F8:F36) -> 0 | G37: =SUM(G8:G36) -> 27 | H37: =SUM(H8:H36) -> 28 | I37: =SUM(I8:I36) -> 28 | J37: =SUM(J8:J36) -> 27 | ... AR37: =SUM(AR8:AR36) -> 6 | AS37: =SUM(AS8:AS25) -> 0
B38: CT | AH38: =SUM(C38:AG38) -> 0
B39: CS | AH39: =SUM(C39:AG39) -> 0
B40: CH | AH40: =SUM(C40:AG40) -> 0
B41: CI | AH41: =SUM(C41:AG41) -> 0
B42: A+CTH | AH42: =SUM(C42:AG42) -> 0
B43: TOTAL | C43: =C37+C38+C39+C40+C41 -> 0 | D43: =D37+D38+D39+D40+D41 -> 25 | E43: =E37+E38+E39+E40+E41 -> 21 | F43: =F37+F38+F39+F40+F41 -> 0 | G43: =G37+G38+G39+G40+G41 -> 27 | H43: =H37+H38+H39+H40+H41 -> 28 | I43: =I37+I38+I39+I40+I41 -> 28 | J43: =J37+J38+J39+J40+J41 -> 27 | ... AG43: =AG37+AG38+AG39+AG40+AG41 -> 29 | AH43: =AH37+AH38+AH39+AH40 -> 680
A46: NO | B46: NAMA | C46: 1 | D46: 2 | E46: 3 | F46: 4 | G46: 5 | H46: 6 | I46: 7 | J46: 8 | K46: 9 | L46: 10 | M46: 11 | N46: 12 | O46: 13 | P46: 14 | Q46: 15 | R46: 16 | S46: 17 | T46: 18 | U46: 19 | V46: 20 | W46: 21 | X46: 22 | Y46: 23 | Z46: 24 | AA46: 25 | AB46: 26 | AC46: 27 | AD46: 28 | AE46: 29 | AF46: 30 | AG46: 31 | AH46: JML | AI46: HARGA | AJ46: TOTAL
A47: 1 | B47: GUNAWAN | D47: 1 | E47: 1 | G47: 1 | H47: 1 | I47: 1 | J47: 1 | K47: 1 | L47: 1 | N47: 1 | O47: 1 | P47: 1 | Q47: 1 | S47: 1 | U47: 1 | V47: 1 | W47: 1 | Y47: 1 | Z47: 1 | AB47: 1 | AC47: 1 | AD47: 1 | AE47: 1 | AF47: 1 | AG47: 1 | AH47: =SUM(C47:AG47) -> 24 | AI47: 34985.55 | AJ47: =AH47*AI47 -> 839653.2
D48: 6 | E48: 3 | G48: 2.5 | H48: 2 | I48: 3 | J48: 2.5 | K48: 5 | L48: 2 | N48: 2.5 | O48: 2.5 | P48: 2.5 | Q48: 2 | S48: 2.5 | U48: 2.5 | V48: 3 | W48: 3 | Y48: 5 | Z48: 2 | AB48: 3 | AC48: 2.5 | AD48: 1.5 | AE48: 2.5 | AF48: 1 | AG48: 3 | AH48: =SUM(C48:AG48) -> 67 | AI48: 46647.4 | AJ48: =AH48*AI48 -> 3125375.8
AJ49: =SUM(AJ47:AJ48) -> 3965029
A50: 2 | B50: JUNAIDI | AH50: =SUM(C50:AG50) -> 0 | AI50: 34985.55 | AJ50: =AH50*AI50 -> 0
AH51: =SUM(C51:AG51) -> 0 | AI51: 46647.4 | AJ51: =AH51*AI51 -> 0
AJ52: =SUM(AJ50:AJ51) -> 0
A53: 3 | B53: WIDODO | G53: 1 | H53: 1 | I53: 1 | J53: 1 | K53: 1 | L53: 1 | N53: 1 | O53: 1 | P53: 1 | Q53: 1 | S53: 1 | U53: 1 | V53: 1 | W53: 1 | X53: 1 | Y53: 1 | Z53: 1 | AB53: 1 | AH53: =SUM(C53:AG53) -> 18 | AI53: 34985.55 | AJ53: =AH53*AI53 -> 629739.9
H54: 1 | J54: 1 | K54: 1 | L54: 1 | N54: 1 | O54: 1 | Q54: 1 | S54: 1 | V54: 1 | X54: 1 | Y54: 1 | Z54: 1 | AH54: =SUM(C54:AG54) -> 12 | AI54: 46647.4 | AJ54: =AH54*AI54 -> 559768.8
AH55: =SUM(C55:AG55) -> 0 | AJ55: =SUM(AJ53:AJ54) -> 1189508.7
A56: 4 | B56: APRIZAL | S56: 1 | AH56: =SUM(C56:AG56) -> 1 | AI56: 34985.55 | AJ56: =AH56*AI56 -> 34985.55
AH57: =SUM(C57:AG57) -> 0 | AI57: 46647.4 | AJ57: =AH57*AI57 -> 0
AJ58: =SUM(AJ56:AJ57) -> 34985.55
A59: 5 | AH59: =SUM(C59:AG59) -> 0 | AJ59: =AH59*AI59 -> 0
AH60: =SUM(C60:AG60) -> 0 | AJ60: =AH60*AI60 -> 0
AJ61: =SUM(AJ59:AJ60) -> 0
E161: 19
E168: 2

Sheet INSENTIF PANEN
B2: HASIL PANEN ESTATE PGE 2A DIVISI AIR JANGKAT
B3: BULAN : JANUARI 2026
B4: NO | C4: NAMA | D4: PANEN PGE 2A | M4: BANTU AIR PAPAN | P4: TOTAL TONASE | Q4: INSENTIF | R4: POKOK > 12 METER | T4: POKOK 10-12 METER | V4: PREMI POKOK TINGGI DAN RENDAH | W4: TOTAL INSENTIF
D5: PANEN CKROL 2A | E5: 6 | F5: 13 | G5: 18 | H5: 20 | I5: PANEN KONTANAN | J5: TOTAL JANJANG | K5: BJR | L5: TONASE | M5: TANDAN | N5: BJR | O5: TON | R5: JML TDN | S5: Rp.5000(ton x harga ) | T5: JML TDN | U5: Rp.2.500( ton x harga )
B6: 1 | C6: =Sheet2!C10 -> SUIP | D6: ='CKROL PHT'!AH16 -> 948 | I6: =E6 -> 0 | J6: =D6+I6 -> 948 | K6: 16.7298 | L6: =D6*K6 -> 15859.85 | O6: =M6*N6 -> 0 | P6: =L6+O6 -> 15859.85 | V6: =S6+U6 -> 0 | W6: =Q6+V6 -> 0
B7: 2 | C7: =Sheet2!C11 -> ROBIN DINATA | D7: ='CKROL PHT'!AH27 -> 1037 | I7: =E7 -> 0 | J7: =D7+I7 -> 1037 | K7: 16.7298 | L7: =D7*K7 -> 17348.803 | O7: =M7*N7 -> 0 | P7: =L7+O7 -> 17348.803 | V7: =S7+U7 -> 0 | W7: =Q7+V7 -> 0
B8: 3 | C8: =Sheet2!C12 -> SAPARUDIN | D8: ='CKROL PHT'!AH38 -> 1063 | I8: =E8 -> 0 | J8: =D8+I8 -> 1063 | K8: 16.7298 | L8: =D8*K8 -> 17783.777 | O8: =M8*N8 -> 0 | P8: =L8+O8 -> 17783.777 | W8: =Q8+V8 -> 0 | Z8: =347980/21453 -> 16.220575
B9: 4 | C9: =Sheet2!C13 -> SONJA PRIYOGA | D9: ='CKROL PHT'!AH49 -> 1100 | I9: =E9 -> 0 | J9: =D9+I9 -> 1100 | K9: 16.7298 | L9: =D9*K9 -> 18402.78 | O9: =M9*N9 -> 0 | P9: =L9+O9 -> 18402.78 | W9: =Q9+V9 -> 0
B10: 5 | C10: =Sheet2!C14 -> AHAP | D10: ='CKROL PHT'!AH60 -> 1234 | I10: =E10 -> 0 | J10: =D10+I10 -> 1234 | K10: 16.7298 | L10: =D10*K10 -> 20644.573 | O10: =M10*N10 -> 0 | P10: =L10+O10 -> 20644.573 | W10: =Q10+V10 -> 0
B11: 6 | C11: =Sheet2!C15 -> IHSAN | D11: ='CKROL PHT'!AH71 -> 1082 | I11: =E11 -> 0 | J11: =D11+I11 -> 1082 | K11: 16.7298 | L11: =D11*K11 -> 18101.644 | O11: =M11*N11 -> 0 | P11: =L11+O11 -> 18101.644 | W11: =Q11+V11 -> 0
B12: 7 | C12: =Sheet2!C16 -> QISTAHAM | D12: ='CKROL PHT'!AH82 -> 1663 | I12: =E12 -> 0 | J12: =D12+I12 -> 1663 | K12: 16.7298 | L12: =D12*K12 -> 27821.657 | O12: =M12*N12 -> 0 | P12: =L12+O12 -> 27821.657 | Q12: 150000 | W12: =Q12+V12 -> 150000
B13: 8 | C13: =Sheet2!C17 -> JAYADI | D13: ='CKROL PHT'!AH93 -> 1322 | I13: =E13 -> 0 | J13: =D13+I13 -> 1322 | K13: 16.7298 | L13: =D13*K13 -> 22116.796 | O13: =M13*N13 -> 0 | P13: =L13+O13 -> 22116.796 | W13: =Q13+V13 -> 0
B14: 9 | C14: =Sheet2!C18 -> M.AMIN | D14: ='CKROL PHT'!AH104 -> 887 | I14: =E14 -> 0 | J14: =D14+I14 -> 887 | K14: 16.7298 | L14: =D14*K14 -> 14839.333 | O14: =M14*N14 -> 0 | P14: =L14+O14 -> 14839.333 | W14: =Q14+V14 -> 0
B15: 10 | C15: =Sheet2!C19 -> SAMSUL HADI | D15: ='CKROL PHT'!AH115 -> 1399 | I15: =E15 -> 0 | J15: =D15+I15 -> 1399 | K15: 16.7298 | L15: =D15*K15 -> 23404.99 | O15: =M15*N15 -> 0 | P15: =L15+O15 -> 23404.99 | Q15: 150000 | W15: =Q15+V15 -> 150000
B16: 11 | C16: =Sheet2!C20 -> SAPARUDIN | D16: ='CKROL PHT'!AH126 -> 1322 | I16: =E16 -> 0 | J16: =D16+I16 -> 1322 | K16: 16.7298 | L16: =D16*K16 -> 22116.796 | O16: =M16*N16 -> 0 | P16: =L16+O16 -> 22116.796 | W16: =Q16+V16 -> 0
B17: 12 | C17: =Sheet2!C21 -> FAHRUDIN | D17: ='CKROL PHT'!AH137 -> 2308 | I17: =E17 -> 0 | J17: =D17+I17 -> 2308 | K17: 16.7298 | L17: =D17*K17 -> 38612.378 | O17: =M17*N17 -> 0 | P17: =L17+O17 -> 38612.378 | Q17: 300000 | R17: ='CKROL PHT'!H137+'CKROL PHT'!K137+'CKROL PHT'!P137+'CKROL PHT'!Y137+'CKROL PHT'!AC137+'CKROL PHT'!AD137 -> 244 | S17: =(R17*K17/1000)*5000 -> 20410.356 | U17: =(T17*K17/1000)*2500 -> 0 | V17: =S17+U17 -> 20410.356 | W17: =Q17+V17 -> 320410.36
B18: 13 | C18: =Sheet2!C22 -> HERIANTO ARBI | D18: ='CKROL PHT'!AH148 -> 1112 | I18: =E18 -> 0 | J18: =D18+I18 -> 1112 | K18: 16.7298 | L18: =D18*K18 -> 18603.538 | O18: =M18*N18 -> 0 | P18: =L18+O18 -> 18603.538 | W18: =Q18+V18 -> 0
B19: 14 | C19: =Sheet2!C23 -> RIDUAN | D19: ='CKROL PHT'!AH159 -> 838 | I19: =E19 -> 0 | J19: =D19+I19 -> 838 | K19: 16.7298 | L19: =D19*K19 -> 14019.572 | O19: =M19*N19 -> 0 | P19: =L19+O19 -> 14019.572 | W19: =Q19+V19 -> 0
B20: 15 | C20: =Sheet2!C24 -> DEKI FRANZA | D20: ='CKROL PHT'!AH170 -> 459 | J20: =D20+I20 -> 459 | K20: 16.7298 | L20: =D20*K20 -> 7678.9782 | P20: =L20+O20 -> 7678.9782
B21: 16 | C21: =Sheet2!C25 -> FRANSISKO GAUTAMA | D21: ='CKROL PHT'!AH181 -> 770 | J21: =D21+I21 -> 770 | K21: 16.7298 | L21: =D21*K21 -> 12881.946 | P21: =L21+O21 -> 12881.946
B22: 17 | C22: =Sheet2!C26 -> M.IDRIS PRATAMA | D22: ='CKROL PHT'!AH192 -> 828 | J22: =D22+I22 -> 828 | K22: 16.7298 | L22: =D22*K22 -> 13852.274 | P22: =L22+O22 -> 13852.274
B23: 18 | C23: =Sheet2!C27 -> SUTRA PRAYOGI | D23: ='CKROL PHT'!AH203 -> 980 | J23: =D23+I23 -> 980 | K23: 16.7298 | L23: =D23*K23 -> 16395.204 | P23: =L23+O23 -> 16395.204
B24: 19 | C24: HAERUDIN | D24: ='CKROL PHT'!AH214 -> 751 | K24: 16.7298 | L24: =D24*K24 -> 12564.08
C25: BANTU AIR PAPAN | L25: 17599
B26: TOTAL | D26: =SUM(D6:D25) -> 21103 | E26: =SUM(E6:E23) -> 0 | F26: =SUM(F6:F23) -> 0 | G26: =SUM(G6:G23) -> 0 | H26: =SUM(H6:H23) -> 0 | I26: =SUM(I6:I23) -> 0 | J26: =SUM(J6:J23) -> 20352 | L26: =SUM(L6:L24)-L25 -> 335449.97 | P26: =SUM(P6:P23) -> 340484.89 | Q26: =SUM(Q6:Q25) -> 600000 | S26: =SUM(S6:S19) -> 20410.356 | U26: =SUM(U6:U19) -> 0 | V26: =SUM(V6:V25) -> 20410.356 | W26: =SUM(W6:W25) -> 620410.36
C29: Dibuat Oleh | J29: Diperiksa Oleh | P29: Diketahui Oleh | U29: Disetujui Oleh
C34: Gunawan | J34: Galeh Haykal | P34: Gohi maruli L Toruan,SP | U34: Chandra Dinata Pribadi
C35: Krani Divisi | J35: Asst Manager | P35: Estate Manager | U35: Senior Manager
J40: =D41*2 -> 192307.69
C41: =2500000 -> 2500000 | D41: =C41/26 -> 96153.846
C42: =2500000 -> 2500000 | D42: =C42/26 -> 96153.846 | J42: INSENTIF POKOK TINGGI DAN RENDAH
K44: NAMA : QISTAHAM | N44: BJR | O44: TONASE | P44: HARGA | S44: =Q44/P44 -> #VALUE! | U44: =1292*16.9321 -> 21876.273
K45: TTL JJG PANEN 2A | L45: =2256 -> 2256 | N45: 16.1867 | O45: =L45*N45 -> 36517.195
K46: LEBIH 12 M | L46: ='CKROL PHT'!#REF!+'CKROL PHT'!#REF!+'CKROL PHT'!#REF!+'CKROL PHT'!#REF!+'CKROL PHT'!#REF!+'CKROL PHT'!#REF!+'CKROL PHT'!#REF! -> #REF! | N46: 16.1867 | O46: =L46*N46 -> #REF! | P46: 5000 | Q46: =O46*P46 -> #REF!
K47: POKOK 10-12 M | L47: ='CKROL PHT'!#REF!+'CKROL PHT'!#REF! -> #REF! | N47: 16.1867 | O47: =L47*N47 -> #REF! | P47: 2500 | Q47: =O47*P47 -> #REF!
K48: TIDAK DALAM KRITERIA | L48: =L45-L46-L47 -> #REF! | N48: 16.1867 | O48: =L48*N48 -> #REF! | P48: 0 | Q48: 0 | S48: 117767 | T48: =117763-117767 -> -4
K49: TOTAL | Q49: =SUM(Q46:Q48) -> #REF!
K51: NAMA : SAMSUL HADI | N51: BJR | O51: TONASE | P51: HARGA | S51: =71445/5000 -> 14.289 | T51: =14290/16.9321 -> 843.95911
K52: TTL JJG PANEN 2A | L52: 2631 | N52: 16.1867 | O52: =L52*N52 -> 42587.208
K53: LEBIH 12 M | L53: ='CKROL PHT'!#REF!+'CKROL PHT'!#REF!+'CKROL PHT'!#REF!+'CKROL PHT'!#REF!+'CKROL PHT'!#REF!+'CKROL PHT'!#REF!+'CKROL PHT'!#REF!+'CKROL PHT'!#REF!+'CKROL PHT'!#REF!+'CKROL PHT'!#REF!+'CKROL PHT'!#REF!+'CKROL PHT'!#REF! -> #REF! | N53: 16.1867 | O53: =L53*N53 -> #REF! | P53: 5000 | Q53: =O53*P53 -> #REF!
K54: POKOK 10-12 M | N54: 16.1867 | O54: =L54*N54 -> 0 | P54: 2500 | Q54: =O54*P54 -> 0
K55: TIDAK DALAM KRITERIA | L55: =L52-L53-L54 -> #REF! | N55: 16.1867 | O55: =L55*N55 -> #REF! | Q55: 0
K56: TOTAL | Q56: =SUM(Q53:Q55) -> #REF!
K58: NAMA : QISTAHAM | N58: BJR | O58: TONASE | P58: HARGA
K59: TTL JJG PANEN 2A | O59: =L59*N59 -> 0
K60: LEBIH 12 M | O60: =L60*N60 -> 0 | P60: 5000 | Q60: =O60*P60 -> 0
K61: POKOK 10-12 M | O61: =L61*N61 -> 0 | P61: 2500 | Q61: =O61*P61 -> 0
K62: TIDAK DALAM KRITERIA | L62: =L59-L60-L61 -> 0 | O62: =L62*N62 -> 0 | Q62: 0
K63: TOTAL | Q63: =SUM(Q60:Q62) -> 0
K65: NAMA :SAMSUL HADI | N65: BJR | O65: TONASE | P65: HARGA
K66: TTL JJG PANEN 2A | O66: =L66*N66 -> 0
K67: LEBIH 12 M | O67: =L67*N67 -> 0 | P67: 5000 | Q67: =O67*P67 -> 0
K68: POKOK 10-12 M | O68: =L68*N68 -> 0 | P68: 2500 | Q68: =O68*P68 -> 0
K69: TIDAK DALAM KRITERIA | L69: =L66-L67-L68 -> 0 | O69: =L69*N69 -> 0 | Q69: 0
K70: TOTAL | Q70: =SUM(Q67:Q69) -> 0
K72: NAMA :ASRI | N72: BJR | O72: TONASE | P72: HARGA
K73: TTL JJG PANEN 2A | O73: =L73*N73 -> 0
K74: LEBIH 12 M | O74: =L74*N74 -> 0 | P74: 5000 | Q74: =O74*P74 -> 0
K75: POKOK 10-12 M | O75: =L75*N75 -> 0 | P75: 2500 | Q75: =O75*P75 -> 0
K76: TIDAK DALAM KRITERIA | L76: =L73-L74-L75 -> 0 | O76: =L76*N76 -> 0 | Q76: 0
K77: TOTAL | Q77: =SUM(Q74:Q76) -> 0

Sheet GAJI MAINTENANCE AJ
A2: PT.REBINMAS JAYA
A3: DAFTAR UPAH
A5: Januari'26 | AC5: Perkebunan : | AK5: PARIT GUNUNG | AM5: Divisi : IIA | AT5: MAINTENACE AIR JANGKAT 1
H6: CUTI / LIBUR | W6: TUNJANGAN / PREMI | AE6: PREMI | AK6: JUMLAH | AL6: CARUMAN ASTEK | AO6: POTONGAN BPJS | AV6: LEBIH | AZ6: JUMLAH | BA6: KET | BC6: TANDA
A7: NO. | B7: NO | C7: L/P | D7: NAMA | E7: HARI | F7: UPAH | G7: UPAH | H7: TAHUN | J7: SAKIT | L7: HAID | N7: MINGGU | P7: NASIONAL | R7: HA. / MELAH. | T7: IZIN | V7: JML | W7: BERAS | Y7: JABATAN | AB7: MASA KERJA | AF7: LEMBUR | AG7: PREMI | AH7: PREMI | AI7: PREMI | AJ7: KOREKSI | AK7: UPAH | AT7: IURAN | AU7: PPH | AV7: BAYAR | AW7: PENGEMBALIAN PAJAK | AX7: LEBIH BAYAR | AY7: PREMI PPH | AZ7: UPAH | BC7: TANGAN
A8: URUT | B8: INDUK | D8: KARYAWAN | E8: KERJA | F8: DASAR | G8: POKOK | H8: JUMLAH | J8: JUMLAH | L8: JUMLAH | N8: JUMLAH | P8: JUMLAH | R8: JUMLAH | T8: JUMLAH | V8: HK | W8: (Rp)/ | X8: Jumlah | Y8: (Rp)/ | Z8: JUMLAH | AB8: (Rp)/ | AC8: JUMLAH | AE8: TBS | AG8: JAGA GENSET | AH8: TANDAN | AI8: BRONDOL | AK8: KOTOR | AL8: PEKERJA | AM8: MAJIKAN | AN8: JUMLAH | AO8: PEKERJA KESEHATAN (1% ) | AP8: MAJIKAN KESEHATAN (4% ) | AQ8: PEKERJA PENSIUN (1% ) | AR8: MAJIKAN PENSIUN (2% ) | AS8: JUMLAH | AT8: SPSI | AU8: 5% | AV8: PAJAK | AX8: PAJAK 2024 | AZ8: BERSIH | BC8: PENERIMA
B9: KARYAWAN | F9: (Rp) | G9: (Rp) | H9: HR | I9: (Rp) | J9: HR | K9: (Rp) | L9: HR | M9: (Rp) | N9: HR | O9: (Rp) | P9: HR | Q9: (Rp) | R9: HR | S9: (Rp) | T9: HR | U9: (Rp) | W9: HK | X9: (Rp) | Y9: HK | Z9: HK | AA9: (Rp) | AB9: THN | AC9: THN | AD9: (Rp) | AH9: (Rp) | AJ9: (Rp) | AK9: (Rp) | AL9: (Rp) | AM9: (Rp) | AN9: (Rp) | AO9: (Rp) | AP9: (Rp) | AQ9: (Rp) | AR9: (Rp) | AS9: (Rp) | AZ9: (Rp) | BA9: CTH | BB9: A | BC9: GAJI
A10: 1 | C10: L | D10: GUNAWAN | E10: ='CKROL PERAWATAN'!AH8 -> 24 | F10: 134500 | G10: =SUM(F10*E10) -> 3228000 | H10: ='CKROL PERAWATAN'!AI8 -> 1 | I10: =SUM(H10*F10) -> 134500 | J10: ='CKROL PERAWATAN'!AJ8 -> 0 | K10: =SUM(J10*F10) -> 0 | L10: ='CKROL PERAWATAN'!AK8 -> 0 | M10: =L10*F10 -> 0 | N10: ='CKROL PERAWATAN'!AL8 -> 4 | O10: =SUM(N10*F10) -> 538000 | P10: ='CKROL PERAWATAN'!AM8 -> 2 | Q10: =SUM(P10*F10) -> 269000 | S10: =F10*R10 -> 0 | T10: ='CKROL PERAWATAN'!AO8 -> 0 | U10: =SUM(T10*F10) -> 0 | V10: =SUM(T10+R10+P10+N10+L10+J10+H10+E10) -> 31 | W10: 5550 | X10: =SUM(W10*V10) -> 172050 | Y10: 2500 | Z10: =E10 -> 24 | AA10: =SUM(Z10*Y10) -> 60000 | AB10: 2500 | AC10: 4 | AD10: 33000 | AF10: ='CKROL PERAWATAN'!AJ49 -> 3965029 | AK10: =SUM(G10+I10+K10+M10+O10+Q10+S10+U10+X10+AA10+AD10+AF10+AG10+AH10+AI10-AJ10+AE10) -> 8399579 | AL10: =(4035000+AD10)*0.02 -> 81360 | AM10: =(4035000+AD10)*0.0454 -> 184687.2 | AN10: =SUM(AM10+AL10) -> 266047.2 | AO10: =(4035000+AD10)*1% -> 40680 | AP10: =(4035000+AD10)*4% -> 162720 | AQ10: =(4035000+AD10)*1% -> 40680 | AR10: =(4035000+AD10)*2% -> 81360 | AS10: =AO10+AP10+AQ10+AR10 -> 325440 | AU10: =PAJAK!AK6 -> 85965 | AZ10: =AK10-AL10-AO10-AQ10-AT10-AU10+AV10+AW10+AX10+AY10 -> 8150894 | BA10: ='CKROL PERAWATAN'!AQ8 -> 0 | BB10: ='CKROL PERAWATAN'!AR8 -> 0 | BE10: =BA10+BB10 -> 0 | BF10: =-(F10*BE10) -> 0 | BI10: =X10+AA10+AD10+AF10+AG10 -> 4230079
A11: 2 | C11: L | D11: RILYANI | E11: ='CKROL PERAWATAN'!AH9 -> 25 | F11: 134500 | G11: =SUM(F11*E11) -> 3362500 | H11: ='CKROL PERAWATAN'!AI9 -> 0 | I11: =SUM(H11*F11) -> 0 | J11: ='CKROL PERAWATAN'!AJ9 -> 0 | K11: =SUM(J11*F11) -> 0 | L11: ='CKROL PERAWATAN'!AK9 -> 0 | M11: =L11*F11 -> 0 | N11: ='CKROL PERAWATAN'!AL9 -> 4 | O11: =SUM(N11*F11) -> 538000 | P11: ='CKROL PERAWATAN'!AM9 -> 2 | Q11: =SUM(P11*F11) -> 269000 | S11: =F11*R11 -> 0 | T11: ='CKROL PERAWATAN'!AO9 -> 0 | U11: =SUM(T11*F11) -> 0 | V11: =SUM(T11+R11+P11+N11+L11+J11+H11+E11) -> 31 | W11: 3250 | X11: =SUM(W11*V11) -> 100750 | Y11: 3500 | Z11: =E11 -> 25 | AA11: =SUM(Z11*Y11) -> 87500 | AB11: 2500 | AC11: 20 | AD11: 89000 | AK11: =SUM(G11+I11+K11+M11+O11+Q11+S11+U11+X11+AA11+AD11+AF11+AG11+AH11+AI11-AJ11+AE11) -> 4446750 | AL11: =(4035000+AD11)*0.02 -> 82480 | AM11: =(4035000+AD11)*0.0454 -> 187229.6 | AN11: =SUM(AM11+AL11) -> 269709.6 | AO11: =(4035000+AD11)*1% -> 41240 | AP11: =(4035000+AD11)*4% -> 164960 | AQ11: =(4035000+AD11)*1% -> 41240 | AR11: =(4035000+AD11)*2% -> 82480 | AS11: =AO11+AP11+AQ11+AR11 -> 329920 | AT11: 4000 | AU11: =PAJAK!AK7 -> 0 | AY11: 128008 | AZ11: =AK11-AL11-AO11-AQ11-AT11-AU11+AV11+AW11+AX11+AY11 -> 4405798 | BA11: ='CKROL PERAWATAN'!AQ9 -> 0 | BB11: ='CKROL PERAWATAN'!AR9 -> 0 | BE11: =BA11+BB11 -> 0 | BF11: =-(F11*BE11) -> 0 | BI11: =X11+AA11+AD11+AF11+AG11 -> 277250
A12: 3 | C12: L | D12: JUNAIDI | E12: ='CKROL PERAWATAN'!AH10 -> 24 | F12: 134500 | G12: =SUM(F12*E12) -> 3228000 | H12: ='CKROL PERAWATAN'!AI10 -> 1 | I12: =SUM(H12*F12) -> 134500 | J12: ='CKROL PERAWATAN'!AJ10 -> 0 | K12: =SUM(J12*F12) -> 0 | L12: ='CKROL PERAWATAN'!AK10 -> 0 | M12: =L12*F12 -> 0 | N12: ='CKROL PERAWATAN'!AL10 -> 4 | O12: =SUM(N12*F12) -> 538000 | P12: ='CKROL PERAWATAN'!AM10 -> 2 | Q12: =SUM(P12*F12) -> 269000 | S12: =F12*R12 -> 0 | T12: ='CKROL PERAWATAN'!AO10 -> 0 | U12: =SUM(T12*F12) -> 0 | V12: =SUM(T12+R12+P12+N12+L12+J12+H12+E12) -> 31 | W12: 3250 | X12: =SUM(W12*V12) -> 100750 | Z12: =E12 -> 24 | AB12: 2500 | AC12: 20 | AD12: 96000 | AF12: ='CKROL PERAWATAN'!AJ52 -> 0 | AK12: =SUM(G12+I12+K12+M12+O12+Q12+S12+U12+X12+AA12+AD12+AF12+AG12+AH12+AI12-AJ12+AE12) -> 4366250 | AL12: =(4035000+AD12)*0.02 -> 82620 | AM12: =(4035000+AD12)*0.0454 -> 187547.4 | AN12: =SUM(AM12+AL12) -> 270167.4 | AO12: =(4035000+AD12)*1% -> 41310 | AP12: =(4035000+AD12)*4% -> 165240 | AQ12: =(4035000+AD12)*1% -> 41310 | AR12: =(4035000+AD12)*2% -> 82620 | AS12: =AO12+AP12+AQ12+AR12 -> 330480 | AT12: 4000 | AU12: =PAJAK!AK8 -> 0 | AY12: 126855 | AZ12: =AK12-AL12-AO12-AQ12-AT12-AU12+AV12+AW12+AX12+AY12 -> 4323865 | BA12: ='CKROL PERAWATAN'!AQ10 -> 0 | BB12: ='CKROL PERAWATAN'!AR10 -> 0 | BE12: =BA12+BB12 -> 0 | BF12: =-(F12*BE12) -> 0 | BI12: =X12+AA12+AD12+AF12+AG12 -> 196750
A13: 4 | C13: P | D13: ASUNTI | E13: ='CKROL PERAWATAN'!AH11 -> 23 | F13: 134500 | G13: =SUM(F13*E13) -> 3093500 | H13: ='CKROL PERAWATAN'!AI11 -> 2 | I13: =SUM(H13*F13) -> 269000 | J13: ='CKROL PERAWATAN'!AJ11 -> 0 | K13: =SUM(J13*F13) -> 0 | L13: ='CKROL PERAWATAN'!AK11 -> 0 | M13: =L13*F13 -> 0 | N13: ='CKROL PERAWATAN'!AL11 -> 4 | O13: =SUM(N13*F13) -> 538000 | P13: ='CKROL PERAWATAN'!AM11 -> 2 | Q13: =SUM(P13*F13) -> 269000 | S13: =F13*R13 -> 0 | T13: ='CKROL PERAWATAN'!AO11 -> 0 | U13: =SUM(T13*F13) -> 0 | V13: =SUM(T13+R13+P13+N13+L13+J13+H13+E13) -> 31 | W13: 2250 | X13: =SUM(W13*V13) -> 69750 | Z13: =E13 -> 23 | AB13: 2500 | AC13: 10 | AD13: 50500 | AK13: =SUM(G13+I13+K13+M13+O13+Q13+S13+U13+X13+AA13+AD13+AF13+AG13+AH13+AI13-AJ13+AE13) -> 4289750 | AL13: =(4035000+AD13)*0.02 -> 81710 | AM13: =(4035000+AD13)*0.0454 -> 185481.7 | AN13: =SUM(AM13+AL13) -> 267191.7 | AO13: =(4035000+AD13)*1% -> 40855 | AP13: =(4035000+AD13)*4% -> 163420 | AQ13: =(4035000+AD13)*1% -> 40855 | AR13: =(4035000+AD13)*2% -> 81710 | AS13: =AO13+AP13+AQ13+AR13 -> 326840 | AT13: 4000 | AU13: =PAJAK!AK9 -> 0 | AY13: 124548 | AZ13: =AK13-AL13-AO13-AQ13-AT13-AU13+AV13+AW13+AX13+AY13 -> 4246878 | BA13: ='CKROL PERAWATAN'!AQ11 -> 0 | BB13: ='CKROL PERAWATAN'!AR11 -> 0 | BE13: =BA13+BB13 -> 0 | BF13: =-(F13*BE13) -> 0 | BI13: =X13+AA13+AD13+AF13+AG13 -> 120250
A14: 5 | C14: L | D14: JONI | E14: ='CKROL PERAWATAN'!AH12 -> 24 | F14: 134500 | G14: =SUM(F14*E14) -> 3228000 | H14: ='CKROL PERAWATAN'!AI12 -> 0 | I14: =SUM(H14*F14) -> 0 | J14: ='CKROL PERAWATAN'!AJ12 -> 0 | K14: =SUM(J14*F14) -> 0 | L14: ='CKROL PERAWATAN'!AK12 -> 0 | M14: =L14*F14 -> 0 | N14: ='CKROL PERAWATAN'!AL12 -> 4 | O14: =SUM(N14*F14) -> 538000 | P14: ='CKROL PERAWATAN'!AM12 -> 2 | Q14: =SUM(P14*F14) -> 269000 | S14: =F14*R14 -> 0 | T14: ='CKROL PERAWATAN'!AO12 -> 0 | U14: =SUM(T14*F14) -> 0 | V14: =SUM(T14+R14+P14+N14+L14+J14+H14+E14) -> 30 | W14: 4650 | X14: =SUM(W14*V14) -> 139500 | Z14: =E14 -> 24 | AB14: 2500 | AC14: 10 | AD14: 54000 | AK14: =SUM(G14+I14+K14+M14+O14+Q14+S14+U14+X14+AA14+AD14+AF14+AG14+AH14+AI14-AJ14+AE14) -> 4228500 | AL14: =(4035000+AD14)*0.02 -> 81780 | AM14: =(4035000+AD14)*0.0454 -> 185640.6 | AN14: =SUM(AM14+AL14) -> 267420.6 | AO14: =(4035000+AD14)*1% -> 40890 | AP14: =(4035000+AD14)*4% -> 163560 | AQ14: =(4035000+AD14)*1% -> 40890 | AR14: =(4035000+AD14)*2% -> 81780 | AS14: =AO14+AP14+AQ14+AR14 -> 327120 | AT14: 4000 | AU14: =PAJAK!AK10 -> 0 | AY14: 84567 | AZ14: =AK14-AL14-AO14-AQ14-AT14-AU14+AV14+AW14+AX14+AY14 -> 4145507 | BA14: ='CKROL PERAWATAN'!AQ12 -> 0 | BB14: ='CKROL PERAWATAN'!AR12 -> 1 | BE14: =BA14+BB14 -> 1 | BF14: =-(F14*BE14) -> -134500 | BI14: =X14+AA14+AD14+AF14+AG14 -> 193500
A15: 6 | C15: L | D15: THAHA.S | E15: ='CKROL PERAWATAN'!AH13 -> 25 | F15: 134500 | G15: =SUM(F15*E15) -> 3362500 | H15: ='CKROL PERAWATAN'!AI13 -> 0 | I15: =SUM(H15*F15) -> 0 | J15: ='CKROL PERAWATAN'!AJ13 -> 0 | K15: =SUM(J15*F15) -> 0 | L15: ='CKROL PERAWATAN'!AK13 -> 0 | M15: =L15*F15 -> 0 | N15: ='CKROL PERAWATAN'!AL13 -> 4 | O15: =SUM(N15*F15) -> 538000 | P15: ='CKROL PERAWATAN'!AM13 -> 2 | Q15: =SUM(P15*F15) -> 269000 | S15: =F15*R15 -> 0 | T15: ='CKROL PERAWATAN'!AO13 -> 0 | U15: =SUM(T15*F15) -> 0 | V15: =SUM(T15+R15+P15+N15+L15+J15+H15+E15) -> 31 | W15: 4650 | X15: =SUM(W15*V15) -> 144150 | Z15: =E15 -> 25 | AB15: 2500 | AC15: 10 | AD15: 54000 | AK15: =SUM(G15+I15+K15+M15+O15+Q15+S15+U15+X15+AA15+AD15+AF15+AG15+AH15+AI15-AJ15+AE15) -> 4367650 | AL15: =(4035000+AD15)*0.02 -> 81780 | AM15: =(4035000+AD15)*0.0454 -> 185640.6 | AN15: =SUM(AM15+AL15) -> 267420.6 | AO15: =(4035000+AD15)*1% -> 40890 | AP15: =(4035000+AD15)*4% -> 163560 | AQ15: =(4035000+AD15)*1% -> 40890 | AR15: =(4035000+AD15)*2% -> 81780 | AS15: =AO15+AP15+AQ15+AR15 -> 327120 | AT15: 4000 | AU15: =PAJAK!AK11 -> 0 | AY15: 84567 | AZ15: =AK15-AL15-AO15-AQ15-AT15-AU15+AV15+AW15+AX15+AY15 -> 4284657 | BA15: ='CKROL PERAWATAN'!AQ13 -> 0 | BB15: ='CKROL PERAWATAN'!AR13 -> 0 | BE15: =BA15+BB15 -> 0 | BF15: =-(F15*BE15) -> 0 | BI15: =X15+AA15+AD15+AF15+AG15 -> 198150
A16: 7 | C16: L | D16: ALEX | E16: ='CKROL PERAWATAN'!AH14 -> 23 | F16: 134500 | G16: =SUM(F16*E16) -> 3093500 | H16: ='CKROL PERAWATAN'!AI14 -> 1 | I16: =SUM(H16*F16) -> 134500 | J16: ='CKROL PERAWATAN'!AJ14 -> 0 | K16: =SUM(J16*F16) -> 0 | L16: ='CKROL PERAWATAN'!AK14 -> 0 | M16: =L16*F16 -> 0 | N16: ='CKROL PERAWATAN'!AL14 -> 4 | O16: =SUM(N16*F16) -> 538000 | P16: ='CKROL PERAWATAN'!AM14 -> 2 | Q16: =SUM(P16*F16) -> 269000 | S16: =F16*R16 -> 0 | T16: ='CKROL PERAWATAN'!AO14 -> 0 | U16: =SUM(T16*F16) -> 0 | V16: =SUM(T16+R16+P16+N16+L16+J16+H16+E16) -> 30 | W16: 5550 | X16: =SUM(W16*V16) -> 166500 | Z16: =E16 -> 23 | AB16: 2500 | AC16: 4 | AD16: 33000 | AK16: =SUM(G16+I16+K16+M16+O16+Q16+S16+U16+X16+AA16+AD16+AF16+AG16+AH16+AI16-AJ16+AE16) -> 4234500 | AL16: =(4035000+AD16)*0.02 -> 81360 | AM16: =(4035000+AD16)*0.0454 -> 184687.2 | AN16: =SUM(AM16+AL16) -> 266047.2 | AO16: =(4035000+AD16)*1% -> 40680 | AP16: =(4035000+AD16)*4% -> 162720 | AQ16: =(4035000+AD16)*1% -> 40680 | AR16: =(4035000+AD16)*2% -> 81360 | AS16: =AO16+AP16+AQ16+AR16 -> 325440 | AT16: 4000 | AU16: =PAJAK!AK12 -> 0 | AY16: 84698 | AZ16: =AK16-AL16-AO16-AQ16-AT16-AU16+AV16+AW16+AX16+AY16 -> 4152478 | BA16: ='CKROL PERAWATAN'!AQ14 -> 0 | BB16: ='CKROL PERAWATAN'!AR14 -> 1 | BE16: =BA16+BB16 -> 1 | BF16: =-(F16*BE16) -> -134500 | BI16: =X16+AA16+AD16+AF16+AG16 -> 199500
A17: 8 | C17: L | D17: SANDY | E17: ='CKROL PERAWATAN'!AH15 -> 23 | F17: 134500 | G17: =SUM(F17*E17) -> 3093500 | H17: ='CKROL PERAWATAN'!AI15 -> 1 | I17: =SUM(H17*F17) -> 134500 | J17: ='CKROL PERAWATAN'!AJ15 -> 1 | K17: =SUM(J17*F17) -> 134500 | L17: ='CKROL PERAWATAN'!AK15 -> 0 | M17: =L17*F17 -> 0 | N17: ='CKROL PERAWATAN'!AL15 -> 4 | O17: =SUM(N17*F17) -> 538000 | P17: ='CKROL PERAWATAN'!AM15 -> 2 | Q17: =SUM(P17*F17) -> 269000 | S17: =F17*R17 -> 0 | T17: ='CKROL PERAWATAN'!AO15 -> 0 | U17: =SUM(T17*F17) -> 0 | V17: =SUM(T17+R17+P17+N17+L17+J17+H17+E17) -> 31 | W17: 4650 | X17: =SUM(W17*V17) -> 144150 | Z17: =E17 -> 23 | AB17: 2500 | AC17: 4 | AD17: 33000 | AK17: =SUM(G17+I17+K17+M17+O17+Q17+S17+U17+X17+AA17+AD17+AF17+AG17+AH17+AI17-AJ17+AE17) -> 4346650 | AL17: =(4035000+AD17)*0.02 -> 81360 | AM17: =(4035000+AD17)*0.0454 -> 184687.2 | AN17: =SUM(AM17+AL17) -> 266047.2 | AO17: =(4035000+AD17)*1% -> 40680 | AP17: =(4035000+AD17)*4% -> 162720 | AQ17: =(4035000+AD17)*1% -> 40680 | AR17: =(4035000+AD17)*2% -> 81360 | AS17: =AO17+AP17+AQ17+AR17 -> 325440 | AT17: 4000 | AU17: =PAJAK!AK13 -> 0 | AY17: 84149 | AZ17: =AK17-AL17-AO17-AQ17-AT17-AU17+AV17+AW17+AX17+AY17 -> 4264079 | BA17: ='CKROL PERAWATAN'!AQ15 -> 0 | BB17: ='CKROL PERAWATAN'!AR15 -> 0 | BE17: =BA17+BB17 -> 0 | BF17: =-(F17*BE17) -> 0 | BI17: =X17+AA17+AD17+AF17+AG17 -> 177150
A18: 9 | C18: L | D18: ANTON | E18: ='CKROL PERAWATAN'!AH16 -> 23 | F18: 134500 | G18: =SUM(F18*E18) -> 3093500 | H18: ='CKROL PERAWATAN'!AI16 -> 1 | I18: =SUM(H18*F18) -> 134500 | J18: ='CKROL PERAWATAN'!AJ16 -> 1 | K18: =SUM(J18*F18) -> 134500 | L18: ='CKROL PERAWATAN'!AK16 -> 0 | M18: =L18*F18 -> 0 | N18: ='CKROL PERAWATAN'!AL16 -> 4 | O18: =SUM(N18*F18) -> 538000 | P18: ='CKROL PERAWATAN'!AM16 -> 2 | Q18: =SUM(P18*F18) -> 269000 | S18: =F18*R18 -> 0 | T18: ='CKROL PERAWATAN'!AO16 -> 0 | U18: =SUM(T18*F18) -> 0 | V18: =SUM(T18+R18+P18+N18+L18+J18+H18+E18) -> 31 | W18: 4650 | X18: =SUM(W18*V18) -> 144150 | Z18: =E18 -> 23 | AB18: 2500 | AC18: 10 | AD18: 54000 | AK18: =SUM(G18+I18+K18+M18+O18+Q18+S18+U18+X18+AA18+AD18+AF18+AG18+AH18+AI18-AJ18+AE18) -> 4367650 | AL18: =(4035000+AD18)*0.02 -> 81780 | AM18: =(4035000+AD18)*0.0454 -> 185640.6 | AN18: =SUM(AM18+AL18) -> 267420.6 | AO18: =(4035000+AD18)*1% -> 40890 | AP18: =(4035000+AD18)*4% -> 163560 | AQ18: =(4035000+AD18)*1% -> 40890 | AR18: =(4035000+AD18)*2% -> 81780 | AS18: =AO18+AP18+AQ18+AR18 -> 327120 | AT18: 4000 | AU18: =PAJAK!AK14 -> 0 | AY18: 84567 | AZ18: =AK18-AL18-AO18-AQ18-AT18-AU18+AV18+AW18+AX18+AY18 -> 4284657 | BA18: ='CKROL PERAWATAN'!AQ16 -> 0 | BB18: ='CKROL PERAWATAN'!AR16 -> 0 | BE18: =BA18+BB18 -> 0 | BF18: =-(F18*BE18) -> 0 | BI18: =X18+AA18+AD18+AF18+AG18 -> 198150
A19: 10 | C19: P | D19: EKA NOVIANTI | E19: ='CKROL PERAWATAN'!AH17 -> 22 | F19: 134500 | G19: =SUM(F19*E19) -> 2959000 | H19: ='CKROL PERAWATAN'!AI17 -> 0 | I19: =SUM(H19*F19) -> 0 | J19: ='CKROL PERAWATAN'!AJ17 -> 1 | K19: =SUM(J19*F19) -> 134500 | L19: ='CKROL PERAWATAN'!AK17 -> 2 | M19: =L19*F19 -> 269000 | N19: ='CKROL PERAWATAN'!AL17 -> 4 | O19: =SUM(N19*F19) -> 538000 | P19: ='CKROL PERAWATAN'!AM17 -> 2 | Q19: =SUM(P19*F19) -> 269000 | S19: =F19*R19 -> 0 | T19: ='CKROL PERAWATAN'!AO17 -> 0 | U19: =SUM(T19*F19) -> 0 | V19: =SUM(T19+R19+P19+N19+L19+J19+H19+E19) -> 31 | W19: 4200 | X19: =SUM(W19*V19) -> 130200 | Z19: =E19 -> 22 | AB19: 2500 | AC19: 9 | AD19: 50500 | AK19: =SUM(G19+I19+K19+M19+O19+Q19+S19+U19+X19+AA19+AD19+AF19+AG19+AH19+AI19-AJ19+AE19) -> 4350200 | AL19: =(4035000+AD19)*0.02 -> 81710 | AM19: =(4035000+AD19)*0.0454 -> 185481.7 | AN19: =SUM(AM19+AL19) -> 267191.7 | AO19: =(4035000+AD19)*1% -> 40855 | AP19: =(4035000+AD19)*4% -> 163420 | AQ19: =(4035000+AD19)*1% -> 40855 | AR19: =(4035000+AD19)*2% -> 81710 | AS19: =AO19+AP19+AQ19+AR19 -> 326840 | AT19: 4000 | AU19: =PAJAK!AK15 -> 0 | AY19: 124548 | AZ19: =AK19-AL19-AO19-AQ19-AT19-AU19+AV19+AW19+AX19+AY19 -> 4307328 | BA19: ='CKROL PERAWATAN'!AQ17 -> 0 | BB19: ='CKROL PERAWATAN'!AR17 -> 0 | BE19: =BA19+BB19 -> 0 | BF19: =-(F19*BE19) -> 0 | BI19: =X19+AA19+AD19+AF19+AG19 -> 180700
A20: 11 | B20: 15 | C20: 15 | D20: JUMIATI | E20: ='CKROL PERAWATAN'!AH18 -> 22 | F20: 134500 | G20: =SUM(F20*E20) -> 2959000 | H20: ='CKROL PERAWATAN'!AI18 -> 1 | I20: =SUM(H20*F20) -> 134500 | J20: ='CKROL PERAWATAN'!AJ18 -> 0 | K20: =SUM(J20*F20) -> 0 | L20: ='CKROL PERAWATAN'!AK18 -> 2 | M20: =L20*F20 -> 269000 | N20: ='CKROL PERAWATAN'!AL18 -> 4 | O20: =SUM(N20*F20) -> 538000 | P20: ='CKROL PERAWATAN'!AM18 -> 2 | Q20: =SUM(P20*F20) -> 269000 | S20: =F20*R20 -> 0 | T20: ='CKROL PERAWATAN'!AO18 -> 0 | U20: =SUM(T20*F20) -> 0 | V20: =SUM(T20+R20+P20+N20+L20+J20+H20+E20) -> 31 | W20: 2250 | X20: =SUM(W20*V20) -> 69750 | Z20: =E20 -> 22 | AB20: 2500 | AC20: 10 | AD20: 54000 | AK20: =SUM(G20+I20+K20+M20+O20+Q20+S20+U20+X20+AA20+AD20+AF20+AG20+AH20+AI20-AJ20+AE20) -> 4293250 | AL20: =(4035000+AD20)*0.02 -> 81780 | AM20: =(4035000+AD20)*0.0454 -> 185640.6 | AN20: =SUM(AM20+AL20) -> 267420.6 | AO20: =(4035000+AD20)*1% -> 40890 | AP20: =(4035000+AD20)*4% -> 163560 | AQ20: =(4035000+AD20)*1% -> 40890 | AR20: =(4035000+AD20)*2% -> 81780 | AS20: =AO20+AP20+AQ20+AR20 -> 327120 | AT20: 4000 | AU20: =PAJAK!AK16 -> 0 | AY20: 124655 | AZ20: =AK20-AL20-AO20-AQ20-AT20-AU20+AV20+AW20+AX20+AY20 -> 4250345 | BA20: ='CKROL PERAWATAN'!AQ18 -> 0 | BB20: ='CKROL PERAWATAN'!AR18 -> 0 | BE20: =BA20+BB20 -> 0 | BF20: =-(F20*BE20) -> 0 | BI20: =X20+AA20+AD20+AF20+AG20 -> 123750
A21: 12 | C21: L | D21: SUPARDI | E21: ='CKROL PERAWATAN'!AH19 -> 23 | F21: 134500 | G21: =SUM(F21*E21) -> 3093500 | H21: ='CKROL PERAWATAN'!AI19 -> 2 | I21: =SUM(H21*F21) -> 269000 | J21: ='CKROL PERAWATAN'!AJ19 -> 0 | K21: =SUM(J21*F21) -> 0 | L21: ='CKROL PERAWATAN'!AK19 -> 0 | M21: =L21*F21 -> 0 | N21: ='CKROL PERAWATAN'!AL19 -> 4 | O21: =SUM(N21*F21) -> 538000 | P21: ='CKROL PERAWATAN'!AM19 -> 2 | Q21: =SUM(P21*F21) -> 269000 | S21: =F21*R21 -> 0 | T21: ='CKROL PERAWATAN'!AO19 -> 0 | U21: =SUM(T21*F21) -> 0 | V21: =SUM(T21+R21+P21+N21+L21+J21+H21+E21) -> 31 | W21: 5550 | X21: =SUM(W21*V21) -> 172050 | Z21: =E21 -> 23 | AB21: 2500 | AC21: 5 | AD21: 36500 | AK21: =SUM(G21+I21+K21+M21+O21+Q21+S21+U21+X21+AA21+AD21+AF21+AG21+AH21+AI21-AJ21+AE21) -> 4378050 | AL21: =(4035000+AD21)*0.02 -> 81430 | AM21: =(4035000+AD21)*0.0454 -> 184846.1 | AN21: =SUM(AM21+AL21) -> 266276.1 | AO21: =(4035000+AD21)*1% -> 40715 | AP21: =(4035000+AD21)*4% -> 162860 | AQ21: =(4035000+AD21)*1% -> 40715 | AR21: =(4035000+AD21)*2% -> 81430 | AS21: =AO21+AP21+AQ21+AR21 -> 325720 | AT21: 4000 | AU21: =PAJAK!AK17 -> 0 | AY21: 86328 | AZ21: =AK21-AL21-AO21-AQ21-AT21-AU21+AV21+AW21+AX21+AY21 -> 4297518 | BA21: ='CKROL PERAWATAN'!AQ19 -> 0 | BB21: ='CKROL PERAWATAN'!AR19 -> 0 | BE21: =BA21+BB21 -> 0 | BF21: =-(F21*BE21) -> 0 | BI21: =X21+AA21+AD21+AF21+AG21 -> 208550
A22: 13 | C22: L | D22: SUMARDI | E22: ='CKROL PERAWATAN'!AH20 -> 25 | F22: 134500 | G22: =SUM(F22*E22) -> 3362500 | H22: ='CKROL PERAWATAN'!AI20 -> 0 | I22: =SUM(H22*F22) -> 0 | J22: ='CKROL PERAWATAN'!AJ20 -> 0 | K22: =SUM(J22*F22) -> 0 | L22: ='CKROL PERAWATAN'!AK20 -> 0 | M22: =L22*F22 -> 0 | N22: ='CKROL PERAWATAN'!AL20 -> 4 | O22: =SUM(N22*F22) -> 538000 | P22: ='CKROL PERAWATAN'!AM20 -> 2 | Q22: =SUM(P22*F22) -> 269000 | S22: =F22*R22 -> 0 | T22: ='CKROL PERAWATAN'!AO20 -> 0 | U22: =SUM(T22*F22) -> 0 | V22: =SUM(T22+R22+P22+N22+L22+J22+H22+E22) -> 31 | W22: 5550 | X22: =SUM(W22*V22) -> 172050 | Z22: =E22 -> 25 | AB22: 2500 | AC22: 9 | AD22: 50500 | AK22: =SUM(G22+I22+K22+M22+O22+Q22+S22+U22+X22+AA22+AD22+AF22+AG22+AH22+AI22-AJ22+AE22) -> 4392050 | AL22: =(4035000+AD22)*0.02 -> 81710 | AM22: =(4035000+AD22)*0.0454 -> 185481.7 | AN22: =SUM(AM22+AL22) -> 267191.7 | AO22: =(4035000+AD22)*1% -> 40855 | AP22: =(4035000+AD22)*4% -> 163420 | AQ22: =(4035000+AD22)*1% -> 40855 | AR22: =(4035000+AD22)*2% -> 81710 | AS22: =AO22+AP22+AQ22+AR22 -> 326840 | AT22: 4000 | AU22: =PAJAK!AK18 -> 0 | AY22: 85045 | AZ22: =AK22-AL22-AO22-AQ22-AT22-AU22+AV22+AW22+AX22+AY22 -> 4309675 | BA22: ='CKROL PERAWATAN'!AQ20 -> 0 | BB22: ='CKROL PERAWATAN'!AR20 -> 0 | BE22: =BA22+BB22 -> 0 | BF22: =-(F22*BE22) -> 0 | BI22: =X22+AA22+AD22+AF22+AG22 -> 222550
A23: 14 | C23: L | D23: ASBI | E23: ='CKROL PERAWATAN'!AH21 -> 25 | F23: 134500 | G23: =SUM(F23*E23) -> 3362500 | H23: ='CKROL PERAWATAN'!AI21 -> 0 | I23: =SUM(H23*F23) -> 0 | J23: ='CKROL PERAWATAN'!AJ21 -> 0 | K23: =SUM(J23*F23) -> 0 | L23: ='CKROL PERAWATAN'!AK21 -> 0 | M23: =L23*F23 -> 0 | N23: ='CKROL PERAWATAN'!AL21 -> 4 | O23: =SUM(N23*F23) -> 538000 | P23: ='CKROL PERAWATAN'!AM21 -> 2 | Q23: =SUM(P23*F23) -> 269000 | S23: =F23*R23 -> 0 | T23: ='CKROL PERAWATAN'!AO21 -> 0 | U23: =SUM(T23*F23) -> 0 | V23: =SUM(T23+R23+P23+N23+L23+J23+H23+E23) -> 31 | W23: 4650 | X23: =SUM(W23*V23) -> 144150 | Z23: =E23 -> 25 | AB23: 2500 | AD23: 21000 | AK23: =SUM(G23+I23+K23+M23+O23+Q23+S23+U23+X23+AA23+AD23+AF23+AG23+AH23+AI23-AJ23+AE23) -> 4334650 | AL23: =(4035000+AD23)*0.02 -> 81120 | AM23: =(4035000+AD23)*0.0454 -> 184142.4 | AN23: =SUM(AM23+AL23) -> 265262.4 | AO23: =(4035000+AD23)*1% -> 40560 | AP23: =(4035000+AD23)*4% -> 162240 | AQ23: =(4035000+AD23)*1% -> 40560 | AR23: =(4035000+AD23)*2% -> 81120 | AS23: =AO23+AP23+AQ23+AR23 -> 324480 | AT23: 4000 | AU23: =PAJAK!AK19 -> 0 | AY23: 84688 | AZ23: =AK23-AL23-AO23-AQ23-AT23-AU23+AV23+AW23+AX23+AY23 -> 4253098 | BA23: ='CKROL PERAWATAN'!AQ21 -> 0 | BB23: ='CKROL PERAWATAN'!AR21 -> 0 | BE23: =BA23+BB23 -> 0 | BF23: =-(F23*BE23) -> 0 | BI23: =X23+AA23+AD23+AF23+AG23 -> 165150
A24: 15 | C24: L | D24: YANDI | E24: ='CKROL PERAWATAN'!AH22 -> 25 | F24: 134500 | G24: =SUM(F24*E24) -> 3362500 | H24: ='CKROL PERAWATAN'!AI22 -> 0 | I24: =SUM(H24*F24) -> 0 | J24: ='CKROL PERAWATAN'!AJ22 -> 0 | K24: =SUM(J24*F24) -> 0 | L24: ='CKROL PERAWATAN'!AK22 -> 0 | M24: =L24*F24 -> 0 | N24: ='CKROL PERAWATAN'!AL22 -> 4 | O24: =SUM(N24*F24) -> 538000 | P24: ='CKROL PERAWATAN'!AM22 -> 2 | Q24: =SUM(P24*F24) -> 269000 | S24: =F24*R24 -> 0 | T24: ='CKROL PERAWATAN'!AO22 -> 0 | U24: =SUM(T24*F24) -> 0 | V24: =SUM(T24+R24+P24+N24+L24+J24+H24+E24) -> 31 | W24: 3700 | X24: =SUM(W24*V24) -> 114700 | Z24: =E24 -> 25 | AD24: 36500 | AK24: =SUM(G24+I24+K24+M24+O24+Q24+S24+U24+X24+AA24+AD24+AF24+AG24+AH24+AI24-AJ24+AE24) -> 4320700 | AL24: =(4035000+AD24)*0.02 -> 81430 | AM24: =(4035000+AD24)*0.0454 -> 184846.1 | AN24: =SUM(AM24+AL24) -> 266276.1 | AO24: =(4035000+AD24)*1% -> 40715 | AP24: =(4035000+AD24)*4% -> 162860 | AQ24: =(4035000+AD24)*1% -> 40715 | AR24: =(4035000+AD24)*2% -> 81430 | AS24: =AO24+AP24+AQ24+AR24 -> 325720 | AT24: 4000 | AU24: =PAJAK!AK20 -> 0 | AY24: 125446 | AZ24: =AK24-AL24-AO24-AQ24-AT24-AU24+AV24+AW24+AX24+AY24 -> 4279286 | BA24: ='CKROL PERAWATAN'!AQ22 -> 0 | BB24: ='CKROL PERAWATAN'!AR22 -> 0 | BE24: =BA24+BB24 -> 0 | BF24: =-(F24*BE24) -> 0 | BI24: =X24+AA24+AD24+AF24+AG24 -> 151200
A25: 16 | C25: L | D25: APRIZAL | E25: ='CKROL PERAWATAN'!AH23 -> 23 | F25: 134500 | G25: =SUM(F25*E25) -> 3093500 | H25: ='CKROL PERAWATAN'!AI23 -> 2 | I25: =SUM(H25*F25) -> 269000 | J25: ='CKROL PERAWATAN'!AJ23 -> 0 | K25: =SUM(J25*F25) -> 0 | L25: ='CKROL PERAWATAN'!AK23 -> 0 | M25: =L25*F25 -> 0 | N25: ='CKROL PERAWATAN'!AL23 -> 4 | O25: =SUM(N25*F25) -> 538000 | P25: ='CKROL PERAWATAN'!AM23 -> 2 | Q25: =SUM(P25*F25) -> 269000 | S25: =F25*R25 -> 0 | T25: ='CKROL PERAWATAN'!AO23 -> 0 | U25: =SUM(T25*F25) -> 0 | V25: =SUM(T25+R25+P25+N25+L25+J25+H25+E25) -> 31 | W25: 4650 | X25: =SUM(W25*V25) -> 144150 | Z25: =E25 -> 23 | AD25: 33000 | AF25: ='CKROL PERAWATAN'!AJ58 -> 34985.55 | AK25: =SUM(G25+I25+K25+M25+O25+Q25+S25+U25+X25+AA25+AD25+AF25+AG25+AH25+AI25-AJ25+AE25) -> 4381635.5 | AL25: =(4035000+AD25)*0.02 -> 81360 | AM25: =(4035000+AD25)*0.0454 -> 184687.2 | AN25: =SUM(AM25+AL25) -> 266047.2 | AO25: =(4035000+AD25)*1% -> 40680 | AP25: =(4035000+AD25)*4% -> 162720 | AQ25: =(4035000+AD25)*1% -> 40680 | AR25: =(4035000+AD25)*2% -> 81360 | AS25: =AO25+AP25+AQ25+AR25 -> 325440 | AT25: 4000 | AU25: =PAJAK!AK21 -> 0 | AY25: 84149 | AZ25: =AK25-AL25-AO25-AQ25-AT25-AU25+AV25+AW25+AX25+AY25 -> 4299064.5 | BA25: ='CKROL PERAWATAN'!AQ23 -> 0 | BB25: ='CKROL PERAWATAN'!AR23 -> 0 | BE25: =BA25+BB25 -> 0 | BF25: =-(F25*BE25) -> 0 | BI25: =X25+AA25+AD25+AF25+AG25 -> 212135.55
A26: 17 | C26: L | D26: ERRY | E26: ='CKROL PERAWATAN'!AH24 -> 24 | F26: 134500 | G26: =SUM(F26*E26) -> 3228000 | H26: ='CKROL PERAWATAN'!AI24 -> 1 | I26: =SUM(H26*F26) -> 134500 | J26: ='CKROL PERAWATAN'!AJ24 -> 0 | K26: =SUM(J26*F26) -> 0 | L26: ='CKROL PERAWATAN'!AK24 -> 0 | M26: =L26*F26 -> 0 | N26: ='CKROL PERAWATAN'!AL24 -> 4 | O26: =SUM(N26*F26) -> 538000 | P26: ='CKROL PERAWATAN'!AM24 -> 2 | Q26: =SUM(P26*F26) -> 269000 | S26: =F26*R26 -> 0 | T26: ='CKROL PERAWATAN'!AO24 -> 0 | U26: =SUM(T26*F26) -> 0 | V26: =SUM(T26+R26+P26+N26+L26+J26+H26+E26) -> 31 | W26: 4650 | X26: =SUM(W26*V26) -> 144150 | Z26: =E26 -> 24 | AD26: 54000 | AK26: =SUM(G26+I26+K26+M26+O26+Q26+S26+U26+X26+AA26+AD26+AF26+AG26+AH26+AI26-AJ26+AE26) -> 4367650 | AL26: =(4035000+AD26)*0.02 -> 81780 | AM26: =(4035000+AD26)*0.0454 -> 185640.6 | AN26: =SUM(AM26+AL26) -> 267420.6 | AO26: =(4035000+AD26)*1% -> 40890 | AP26: =(4035000+AD26)*4% -> 163560 | AQ26: =(4035000+AD26)*1% -> 40890 | AR26: =(4035000+AD26)*2% -> 81780 | AS26: =AO26+AP26+AQ26+AR26 -> 327120 | AT26: 4000 | AU26: =PAJAK!AK22 -> 0 | AY26: 84567 | AZ26: =AK26-AL26-AO26-AQ26-AT26-AU26+AV26+AW26+AX26+AY26 -> 4284657 | BA26: ='CKROL PERAWATAN'!AQ24 -> 0 | BB26: ='CKROL PERAWATAN'!AR24 -> 0 | BE26: =BA26+BB26 -> 0 | BF26: =-(F26*BE26) -> 0 | BI26: =X26+AA26+AD26+AF26+AG26 -> 198150
A27: 18 | D27: WIDODO | E27: ='CKROL PERAWATAN'!AH25 -> 23 | F27: 134500 | G27: =SUM(F27*E27) -> 3093500 | H27: ='CKROL PERAWATAN'!AI25 -> 0 | I27: =SUM(H27*F27) -> 0 | J27: ='CKROL PERAWATAN'!AJ25 -> 2 | K27: =SUM(J27*F27) -> 269000 | L27: ='CKROL PERAWATAN'!AK25 -> 0 | M27: =L27*F27 -> 0 | N27: ='CKROL PERAWATAN'!AL25 -> 4 | O27: =SUM(N27*F27) -> 538000 | P27: ='CKROL PERAWATAN'!AM25 -> 2 | Q27: =SUM(P27*F27) -> 269000 | T27: ='CKROL PERAWATAN'!AO25 -> 0 | U27: =SUM(T27*F27) -> 0 | V27: =SUM(T27+R27+P27+N27+L27+J27+H27+E27) -> 31 | W27: 2250 | X27: =SUM(W27*V27) -> 69750 | Z27: =E27 -> 23 | AD27: 50500 | AF27: ='CKROL PERAWATAN'!AJ55 -> 1189508.7 | AK27: =SUM(G27+I27+K27+M27+O27+Q27+S27+U27+X27+AA27+AD27+AF27+AG27+AH27+AI27-AJ27+AE27) -> 5479258.7 | AL27: =(4035000+AD27)*0.02 -> 81710 | AM27: =(4035000+AD27)*0.0454 -> 185481.7 | AN27: =SUM(AM27+AL27) -> 267191.7 | AO27: =(4035000+AD27)*1% -> 40855 | AP27: =(4035000+AD27)*4% -> 163420 | AQ27: =(4035000+AD27)*1% -> 40855 | AR27: =(4035000+AD27)*2% -> 81710 | AS27: =AO27+AP27+AQ27+AR27 -> 326840 | AT27: 4000 | AU27: =PAJAK!AK23 -> 28385 | AZ27: =AK27-AL27-AO27-AQ27-AT27-AU27+AV27+AW27+AX27+AY27 -> 5283453.7 | BA27: ='CKROL PERAWATAN'!AQ25 -> 0 | BB27: ='CKROL PERAWATAN'!AR25 -> 0 | BE27: =BA27+BB27 -> 0 | BF27: =-(F27*BE27) -> 0 | BI27: =X27+AA27+AD27+AF27+AG27 -> 1309758.7
A28: 19 | D28: YANTI NOVITA | E28: ='CKROL PERAWATAN'!AH26 -> 22 | F28: 134500 | G28: =SUM(F28*E28) -> 2959000 | H28: ='CKROL PERAWATAN'!AI26 -> 0 | I28: =SUM(H28*F28) -> 0 | J28: ='CKROL PERAWATAN'!AJ26 -> 1 | K28: =SUM(J28*F28) -> 134500 | L28: ='CKROL PERAWATAN'!AK26 -> 2 | M28: =L28*F28 -> 269000 | N28: ='CKROL PERAWATAN'!AL26 -> 4 | O28: =SUM(N28*F28) -> 538000 | P28: ='CKROL PERAWATAN'!AM26 -> 2 | Q28: =SUM(P28*F28) -> 269000 | T28: ='CKROL PERAWATAN'!AO26 -> 0 | U28: =SUM(T28*F28) -> 0 | V28: =SUM(T28+R28+P28+N28+L28+J28+H28+E28) -> 31 | W28: 2250 | X28: =SUM(W28*V28) -> 69750 | Z28: =E28 -> 22 | AD28: 50500 | AK28: =SUM(G28+I28+K28+M28+O28+Q28+S28+U28+X28+AA28+AD28+AF28+AG28+AH28+AI28-AJ28+AE28) -> 4289750 | AL28: =(4035000+AD28)*0.02 -> 81710 | AM28: =(4035000+AD28)*0.0454 -> 185481.7 | AN28: =SUM(AM28+AL28) -> 267191.7 | AO28: =(4035000+AD28)*1% -> 40855 | AP28: =(4035000+AD28)*4% -> 163420 | AQ28: =(4035000+AD28)*1% -> 40855 | AR28: =(4035000+AD28)*2% -> 81710 | AS28: =AO28+AP28+AQ28+AR28 -> 326840 | AT28: 4000 | AU28: =PAJAK!AK24 -> 0 | AY28: 124548 | AZ28: =AK28-AL28-AO28-AQ28-AT28-AU28+AV28+AW28+AX28+AY28 -> 4246878 | BA28: ='CKROL PERAWATAN'!AQ26 -> 0 | BB28: ='CKROL PERAWATAN'!AR26 -> 0 | BE28: =BA28+BB28 -> 0 | BF28: =-(F28*BE28) -> 0 | BI28: =X28+AA28+AD28+AF28+AG28 -> 120250
A29: 20 | D29: RIJAL | E29: ='CKROL PERAWATAN'!AH27 -> 23 | F29: 134500 | G29: =SUM(F29*E29) -> 3093500 | H29: ='CKROL PERAWATAN'!AI27 -> 2 | I29: =SUM(H29*F29) -> 269000 | J29: ='CKROL PERAWATAN'!AJ27 -> 0 | K29: =SUM(J29*F29) -> 0 | L29: ='CKROL PERAWATAN'!AK27 -> 0 | M29: =L29*F29 -> 0 | N29: ='CKROL PERAWATAN'!AL27 -> 4 | O29: =SUM(N29*F29) -> 538000 | P29: ='CKROL PERAWATAN'!AM27 -> 2 | Q29: =SUM(P29*F29) -> 269000 | T29: ='CKROL PERAWATAN'!AO27 -> 0 | U29: =SUM(T29*F29) -> 0 | V29: =SUM(T29+R29+P29+N29+L29+J29+H29+E29) -> 31 | W29: 5550 | X29: =SUM(W29*V29) -> 172050 | Z29: =E29 -> 23 | AD29: 12500 | AK29: =SUM(G29+I29+K29+M29+O29+Q29+S29+U29+X29+AA29+AD29+AF29+AG29+AH29+AI29-AJ29+AE29) -> 4354050 | AL29: =(4035000+AD29)*0.02 -> 80950 | AM29: =(4035000+AD29)*0.0454 -> 183756.5 | AN29: =SUM(AM29+AL29) -> 264706.5 | AO29: =(4035000+AD29)*1% -> 40475 | AP29: =(4035000+AD29)*4% -> 161900 | AQ29: =(4035000+AD29)*1% -> 40475 | AR29: =(4035000+AD29)*2% -> 80950 | AS29: =AO29+AP29+AQ29+AR29 -> 323800 | AT29: 4000 | AU29: =PAJAK!AK25 -> 0 | AZ29: =AK29-AL29-AO29-AQ29-AT29-AU29+AV29+AW29+AX29+AY29 -> 4188150 | BA29: ='CKROL PERAWATAN'!AQ27 -> 0 | BB29: ='CKROL PERAWATAN'!AR27 -> 0 | BE29: =BA29+BB29 -> 0 | BF29: =-(F29*BE29) -> 0 | BI29: =X29+AA29+AD29+AF29+AG29 -> 184550
A30: 21 | D30: SULTAN | E30: ='CKROL PERAWATAN'!AH28 -> 23 | F30: 134500 | G30: =SUM(F30*E30) -> 3093500 | H30: ='CKROL PERAWATAN'!AI28 -> 0 | I30: =SUM(H30*F30) -> 0 | J30: ='CKROL PERAWATAN'!AJ28 -> 2 | K30: =SUM(J30*F30) -> 269000 | L30: ='CKROL PERAWATAN'!AK28 -> 0 | M30: =L30*F30 -> 0 | N30: ='CKROL PERAWATAN'!AL28 -> 4 | O30: =SUM(N30*F30) -> 538000 | P30: ='CKROL PERAWATAN'!AM28 -> 2 | Q30: =SUM(P30*F30) -> 269000 | T30: ='CKROL PERAWATAN'!AO28 -> 0 | U30: =SUM(T30*F30) -> 0 | V30: =SUM(T30+R30+P30+N30+L30+J30+H30+E30) -> 31 | W30: 4650 | X30: =SUM(W30*V30) -> 144150 | Z30: =E30 -> 23 | AD30: 21000 | AK30: =SUM(G30+I30+K30+M30+O30+Q30+S30+U30+X30+AA30+AD30+AF30+AG30+AH30+AI30-AJ30+AE30) -> 4334650 | AL30: =(4035000+AD30)*0.02 -> 81120 | AM30: =(4035000+AD30)*0.0454 -> 184142.4 | AN30: =SUM(AM30+AL30) -> 265262.4 | AO30: =(4035000+AD30)*1% -> 40560 | AP30: =(4035000+AD30)*4% -> 162240 | AQ30: =(4035000+AD30)*1% -> 40560 | AR30: =(4035000+AD30)*2% -> 81120 | AS30: =AO30+AP30+AQ30+AR30 -> 324480 | AT30: 4000 | AU30: =PAJAK!AK26 -> 0 | AY30: 89541 | AZ30: =AK30-AL30-AO30-AQ30-AT30-AU30+AV30+AW30+AX30+AY30 -> 4257951 | BA30: ='CKROL PERAWATAN'!AQ28 -> 0 | BB30: ='CKROL PERAWATAN'!AR28 -> 0 | BE30: =BA30+BB30 -> 0 | BF30: =-(F30*BE30) -> 0 | BI30: =X30+AA30+AD30+AF30+AG30 -> 165150
A31: 22 | D31: EKO SUMANJAYA | E31: ='CKROL PERAWATAN'!AH29 -> 23 | F31: 134500 | G31: =SUM(F31*E31) -> 3093500 | H31: ='CKROL PERAWATAN'!AI29 -> 1 | I31: =SUM(H31*F31) -> 134500 | J31: ='CKROL PERAWATAN'!AJ29 -> 0 | K31: =SUM(J31*F31) -> 0 | L31: ='CKROL PERAWATAN'!AK29 -> 0 | M31: =L31*F31 -> 0 | N31: ='CKROL PERAWATAN'!AL29 -> 4 | O31: =SUM(N31*F31) -> 538000 | P31: ='CKROL PERAWATAN'!AM29 -> 2 | Q31: =SUM(P31*F31) -> 269000 | T31: ='CKROL PERAWATAN'!AO29 -> 0 | U31: =SUM(T31*F31) -> 0 | V31: =SUM(T31+R31+P31+N31+L31+J31+H31+E31) -> 30 | W31: 4650 | X31: =SUM(W31*V31) -> 139500 | Z31: =E31 -> 23 | AD31: 33000 | AK31: =SUM(G31+I31+K31+M31+O31+Q31+S31+U31+X31+AA31+AD31+AF31+AG31+AH31+AI31-AJ31+AE31) -> 4207500 | AL31: =(4035000+AD31)*0.02 -> 81360 | AM31: =(4035000+AD31)*0.0454 -> 184687.2 | AN31: =SUM(AM31+AL31) -> 266047.2 | AO31: =(4035000+AD31)*1% -> 40680 | AP31: =(4035000+AD31)*4% -> 162720 | AQ31: =(4035000+AD31)*1% -> 40680 | AR31: =(4035000+AD31)*2% -> 81360 | AS31: =AO31+AP31+AQ31+AR31 -> 325440 | AT31: 4000 | AU31: =PAJAK!AK27 -> 0 | AY31: 87005 | AZ31: =AK31-AL31-AO31-AQ31-AT31-AU31+AV31+AW31+AX31+AY31 -> 4127785 | BA31: ='CKROL PERAWATAN'!AQ29 -> 0 | BB31: ='CKROL PERAWATAN'!AR29 -> 1 | BE31: =BA31+BB31 -> 1 | BF31: =-(F31*BE31) -> -134500 | BI31: =X31+AA31+AD31+AF31+AG31 -> 172500
A32: 23 | D32: SUMARDI | E32: ='CKROL PERAWATAN'!AH30 -> 25 | F32: 134500 | G32: =SUM(F32*E32) -> 3362500 | H32: ='CKROL PERAWATAN'!AI30 -> 0 | I32: =SUM(H32*F32) -> 0 | J32: ='CKROL PERAWATAN'!AJ30 -> 0 | K32: =SUM(J32*F32) -> 0 | L32: ='CKROL PERAWATAN'!AK30 -> 0 | M32: =L32*F32 -> 0 | N32: ='CKROL PERAWATAN'!AL30 -> 4 | O32: =SUM(N32*F32) -> 538000 | P32: ='CKROL PERAWATAN'!AM30 -> 2 | Q32: =SUM(P32*F32) -> 269000 | T32: ='CKROL PERAWATAN'!AO30 -> 0 | U32: =SUM(T32*F32) -> 0 | V32: =SUM(T32+R32+P32+N32+L32+J32+H32+E32) -> 31 | W32: 4200 | X32: =SUM(W32*V32) -> 130200 | Z32: =E32 -> 25 | AD32: 27000 | AK32: =SUM(G32+I32+K32+M32+O32+Q32+S32+U32+X32+AA32+AD32+AF32+AG32+AH32+AI32-AJ32+AE32) -> 4326700 | AL32: =(4035000+AD32)*0.02 -> 81240 | AM32: =(4035000+AD32)*0.0454 -> 184414.8 | AN32: =SUM(AM32+AL32) -> 265654.8 | AO32: =(4035000+AD32)*1% -> 40620 | AP32: =(4035000+AD32)*4% -> 162480 | AQ32: =(4035000+AD32)*1% -> 40620 | AR32: =(4035000+AD32)*2% -> 81240 | AS32: =AO32+AP32+AQ32+AR32 -> 324960 | AT32: 4000 | AU32: =PAJAK!AK28 -> 0 | AY32: 86898 | AZ32: =AK32-AL32-AO32-AQ32-AT32-AU32+AV32+AW32+AX32+AY32 -> 4247118 | BA32: ='CKROL PERAWATAN'!AQ30 -> 0 | BB32: ='CKROL PERAWATAN'!AR30 -> 0 | BE32: =BA32+BB32 -> 0 | BF32: =-(F32*BE32) -> 0 | BI32: =X32+AA32+AD32+AF32+AG32 -> 157200
A33: 24 | D33: SUKARDI | E33: ='CKROL PERAWATAN'!AH31 -> 21 | F33: 134500 | G33: =SUM(F33*E33) -> 2824500 | H33: ='CKROL PERAWATAN'!AI31 -> 0 | I33: =SUM(H33*F33) -> 0 | J33: ='CKROL PERAWATAN'!AJ31 -> 2 | K33: =SUM(J33*F33) -> 269000 | L33: ='CKROL PERAWATAN'!AK31 -> 0 | M33: =L33*F33 -> 0 | N33: ='CKROL PERAWATAN'!AL31 -> 4 | O33: =SUM(N33*F33) -> 538000 | P33: ='CKROL PERAWATAN'!AM31 -> 2 | Q33: =SUM(P33*F33) -> 269000 | T33: ='CKROL PERAWATAN'!AO31 -> 0 | U33: =SUM(T33*F33) -> 0 | V33: =SUM(T33+R33+P33+N33+L33+J33+H33+E33) -> 29 | W33: 3700 | X33: =SUM(W33*V33) -> 107300 | Z33: =E33 -> 21 | AD33: 2500 | AK33: =SUM(G33+I33+K33+M33+O33+Q33+S33+U33+X33+AA33+AD33+AF33+AG33+AH33+AI33-AJ33+AE33) -> 4010300 | AL33: =(4035000+AD33)*0.02 -> 80750 | AM33: =(4035000+AD33)*0.0454 -> 183302.5 | AN33: =SUM(AM33+AL33) -> 264052.5 | AO33: =(4035000+AD33)*1% -> 40375 | AP33: =(4035000+AD33)*4% -> 161500 | AQ33: =(4035000+AD33)*1% -> 40375 | AR33: =(4035000+AD33)*2% -> 80750 | AS33: =AO33+AP33+AQ33+AR33 -> 323000 | AT33: 4000 | AU33: =PAJAK!AK29 -> 0 | AZ33: =AK33-AL33-AO33-AQ33-AT33-AU33+AV33+AW33+AX33+AY33 -> 3844800 | BA33: ='CKROL PERAWATAN'!AQ31 -> 0 | BB33: ='CKROL PERAWATAN'!AR31 -> 2 | BE33: =BA33+BB33 -> 2 | BF33: =-(F33*BE33) -> -269000 | BI33: =X33+AA33+AD33+AF33+AG33 -> 109800
A34: 25 | D34: MUSDI | E34: ='CKROL PERAWATAN'!AH32 -> 23 | F34: 134500 | G34: =SUM(F34*E34) -> 3093500 | H34: ='CKROL PERAWATAN'!AI32 -> 1 | I34: =SUM(H34*F34) -> 134500 | J34: ='CKROL PERAWATAN'!AJ32 -> 1 | K34: =SUM(J34*F34) -> 134500 | L34: ='CKROL PERAWATAN'!AK32 -> 0 | M34: =L34*F34 -> 0 | N34: ='CKROL PERAWATAN'!AL32 -> 4 | O34: =SUM(N34*F34) -> 538000 | P34: ='CKROL PERAWATAN'!AM32 -> 2 | Q34: =SUM(P34*F34) -> 269000 | T34: ='CKROL PERAWATAN'!AO32 -> 0 | U34: =SUM(T34*F34) -> 0 | V34: =SUM(T34+R34+P34+N34+L34+J34+H34+E34) -> 31 | W34: 4650 | X34: =SUM(W34*V34) -> 144150 | Z34: =E34 -> 23 | AD34: 27000 | AK34: =SUM(G34+I34+K34+M34+O34+Q34+S34+U34+X34+AA34+AD34+AF34+AG34+AH34+AI34-AJ34+AE34) -> 4340650 | AL34: =(4035000+AD34)*0.02 -> 81240 | AM34: =(4035000+AD34)*0.0454 -> 184414.8 | AN34: =SUM(AM34+AL34) -> 265654.8 | AO34: =(4035000+AD34)*1% -> 40620 | AP34: =(4035000+AD34)*4% -> 162480 | AQ34: =(4035000+AD34)*1% -> 40620 | AR34: =(4035000+AD34)*2% -> 81240 | AS34: =AO34+AP34+AQ34+AR34 -> 324960 | AT34: 4000 | AU34: =PAJAK!AK30 -> 0 | AY34: 85882 | AZ34: =AK34-AL34-AO34-AQ34-AT34-AU34+AV34+AW34+AX34+AY34 -> 4260052 | BA34: ='CKROL PERAWATAN'!AQ32 -> 0 | BB34: ='CKROL PERAWATAN'!AR32 -> 0 | BE34: =BA34+BB34 -> 0 | BF34: =-(F34*BE34) -> 0 | BI34: =X34+AA34+AD34+AF34+AG34 -> 171150
A35: 26 | D35: NOLA WILANDA | E35: ='CKROL PERAWATAN'!AH33 -> 24 | F35: 134500 | G35: =SUM(F35*E35) -> 3228000 | H35: ='CKROL PERAWATAN'!AI33 -> 0 | I35: =SUM(H35*F35) -> 0 | J35: ='CKROL PERAWATAN'!AJ33 -> 0 | K35: =SUM(J35*F35) -> 0 | L35: ='CKROL PERAWATAN'!AK33 -> 1 | M35: =L35*F35 -> 134500 | N35: ='CKROL PERAWATAN'!AL33 -> 4 | O35: =SUM(N35*F35) -> 538000 | P35: ='CKROL PERAWATAN'!AM33 -> 2 | Q35: =SUM(P35*F35) -> 269000 | T35: ='CKROL PERAWATAN'!AO33 -> 0 | U35: =SUM(T35*F35) -> 0 | V35: =SUM(T35+R35+P35+N35+L35+J35+H35+E35) -> 31 | W35: 2250 | X35: =SUM(W35*V35) -> 69750 | Z35: =E35 -> 24 | AD35: 0 | AK35: =SUM(G35+I35+K35+M35+O35+Q35+S35+U35+X35+AA35+AD35+AF35+AG35+AH35+AI35-AJ35+AE35) -> 4239250 | AL35: =(4035000+AD35)*0.02 -> 80700 | AM35: =(4035000+AD35)*0.0454 -> 183189 | AN35: =SUM(AM35+AL35) -> 263889 | AO35: =(4035000+AD35)*1% -> 40350 | AP35: =(4035000+AD35)*4% -> 161400 | AQ35: =(4035000+AD35)*1% -> 40350 | AR35: =(4035000+AD35)*2% -> 80700 | AS35: =AO35+AP35+AQ35+AR35 -> 322800 | AU35: =PAJAK!AK31 -> 0 | AZ35: =AK35-AL35-AO35-AQ35-AT35-AU35+AV35+AW35+AX35+AY35 -> 4077850 | BA35: ='CKROL PERAWATAN'!AQ33 -> 0 | BB35: ='CKROL PERAWATAN'!AR33 -> 0 | BE35: =BA35+BB35 -> 0 | BF35: =-(F35*BE35) -> 0 | BI35: =X35+AA35+AD35+AF35+AG35 -> 69750
A36: 27 | D36: AGUSTIAN | E36: ='CKROL PERAWATAN'!AH34 -> 23 | F36: 134500 | G36: =SUM(F36*E36) -> 3093500 | H36: ='CKROL PERAWATAN'!AI34 -> 1 | I36: =SUM(H36*F36) -> 134500 | J36: ='CKROL PERAWATAN'!AJ34 -> 0 | K36: =SUM(J36*F36) -> 0 | L36: ='CKROL PERAWATAN'!AK34 -> 0 | M36: =L36*F36 -> 0 | N36: ='CKROL PERAWATAN'!AL34 -> 4 | O36: =SUM(N36*F36) -> 538000 | P36: ='CKROL PERAWATAN'!AM34 -> 2 | Q36: =SUM(P36*F36) -> 269000 | T36: ='CKROL PERAWATAN'!AO34 -> 0 | U36: =SUM(T36*F36) -> 0 | V36: =SUM(T36+R36+P36+N36+L36+J36+H36+E36) -> 30 | W36: 2250 | X36: =SUM(W36*V36) -> 67500 | Z36: =E36 -> 23 | AD36: 0 | AK36: =SUM(G36+I36+K36+M36+O36+Q36+S36+U36+X36+AA36+AD36+AF36+AG36+AH36+AI36-AJ36+AE36) -> 4102500 | AL36: =(4035000+AD36)*0.02 -> 80700 | AM36: =(4035000+AD36)*0.0454 -> 183189 | AN36: =SUM(AM36+AL36) -> 263889 | AO36: =(4035000+AD36)*1% -> 40350 | AP36: =(4035000+AD36)*4% -> 161400 | AQ36: =(4035000+AD36)*1% -> 40350 | AR36: =(4035000+AD36)*2% -> 80700 | AS36: =AO36+AP36+AQ36+AR36 -> 322800 | AU36: =PAJAK!AK32 -> 0 | AZ36: =AK36-AL36-AO36-AQ36-AT36-AU36+AV36+AW36+AX36+AY36 -> 3941100 | BA36: ='CKROL PERAWATAN'!AQ34 -> 0 | BB36: ='CKROL PERAWATAN'!AR34 -> 1 | BE36: =BA36+BB36 -> 1 | BF36: =-(F36*BE36) -> -134500 | BI36: =X36+AA36+AD36+AF36+AG36 -> 67500
A37: 28 | D37: DWI MARZETI | E37: ='CKROL PERAWATAN'!AH35 -> 23 | F37: 134500 | G37: =SUM(F37*E37) -> 3093500 | H37: ='CKROL PERAWATAN'!AI35 -> 0 | I37: =SUM(H37*F37) -> 0 | J37: ='CKROL PERAWATAN'!AJ35 -> 1 | K37: =SUM(J37*F37) -> 134500 | L37: ='CKROL PERAWATAN'!AK35 -> 0 | M37: =L37*F37 -> 0 | N37: ='CKROL PERAWATAN'!AL35 -> 4 | O37: =SUM(N37*F37) -> 538000 | P37: ='CKROL PERAWATAN'!AM35 -> 2 | Q37: =SUM(P37*F37) -> 269000 | T37: ='CKROL PERAWATAN'!AO35 -> 0 | U37: =SUM(T37*F37) -> 0 | V37: =SUM(T37+R37+P37+N37+L37+J37+H37+E37) -> 30 | W37: 2250 | X37: =SUM(W37*V37) -> 67500 | Z37: =E37 -> 23 | AD37: 0 | AK37: =SUM(G37+I37+K37+M37+O37+Q37+S37+U37+X37+AA37+AD37+AF37+AG37+AH37+AI37-AJ37+AE37) -> 4102500 | AL37: =(4035000+AD37)*0.02 -> 80700 | AM37: =(4035000+AD37)*0.0454 -> 183189 | AN37: =SUM(AM37+AL37) -> 263889 | AO37: =(4035000+AD37)*1% -> 40350 | AP37: =(4035000+AD37)*4% -> 161400 | AQ37: =(4035000+AD37)*1% -> 40350 | AR37: =(4035000+AD37)*2% -> 80700 | AS37: =AO37+AP37+AQ37+AR37 -> 322800 | AU37: =PAJAK!AK33 -> 0 | AZ37: =AK37-AL37-AO37-AQ37-AT37-AU37+AV37+AW37+AX37+AY37 -> 3941100 | BA37: ='CKROL PERAWATAN'!AQ35 -> 1 | BB37: ='CKROL PERAWATAN'!AR35 -> 0 | BE37: =BA37+BB37 -> 1 | BF37: =-(F37*BE37) -> -134500 | BI37: =X37+AA37+AD37+AF37+AG37 -> 67500
A38: 29 | D38: SAHARUDIN | E38: ='CKROL PERAWATAN'!AH36 -> 24 | F38: 134500 | G38: =SUM(F38*E38) -> 3228000 | H38: ='CKROL PERAWATAN'!AI36 -> 1 | I38: =SUM(H38*F38) -> 134500 | J38: ='CKROL PERAWATAN'!AJ36 -> 0 | K38: =SUM(J38*F38) -> 0 | L38: ='CKROL PERAWATAN'!AK36 -> 0 | M38: =L38*F38 -> 0 | N38: ='CKROL PERAWATAN'!AL36 -> 4 | O38: =SUM(N38*F38) -> 538000 | P38: ='CKROL PERAWATAN'!AM36 -> 2 | Q38: =SUM(P38*F38) -> 269000 | V38: =SUM(T38+R38+P38+N38+L38+J38+H38+E38) -> 31 | W38: 3700 | X38: =SUM(W38*V38) -> 114700 | Z38: =E38 -> 24 | AD38: 33000 | AK38: =SUM(G38+I38+K38+M38+O38+Q38+S38+U38+X38+AA38+AD38+AF38+AG38+AH38+AI38-AJ38+AE38) -> 4317200 | AL38: =(4035000+AD38)*0.02 -> 81360 | AM38: =(4035000+AD38)*0.0454 -> 184687.2 | AN38: =SUM(AM38+AL38) -> 266047.2 | AO38: =(4035000+AD38)*1% -> 40680 | AP38: =(4035000+AD38)*4% -> 162720 | AQ38: =(4035000+AD38)*1% -> 40680 | AR38: =(4035000+AD38)*2% -> 81360 | AS38: =AO38+AP38+AQ38+AR38 -> 325440 | AT38: 4000 | AU38: =PAJAK!AK34 -> 0 | AZ38: =AK38-AL38-AO38-AQ38-AT38-AU38+AV38+AW38+AX38+AY38 -> 4150480 | BA38: ='CKROL PERAWATAN'!AQ36 -> 0 | BB38: ='CKROL PERAWATAN'!AR36 -> 0 | BI38: =X38+AA38+AD38+AF38+AG38 -> 147700
D39: TOTAL | E39: =SUM(E10:E38) -> 680 | G39: =SUM(G10:G38) -> 91460000 | H39: =SUM(H10:H38) -> 19 | I39: =SUM(I10:I38) -> 2555500 | J39: =SUM(J10:J38) -> 12 | K39: =SUM(K10:K38) -> 1614000 | L39: =SUM(L10:L38) -> 7 | M39: =SUM(M10:M38) -> 941500 | N39: =SUM(N10:N38) -> 116 | ... BB39: =SUM(BB10:BB38) -> 6 | BC39: =SUM(BC10:BD26) -> 0 | BE39: =BA39+BB39 -> 7 | BF39: =SUM(BF10:BF37) -> -941500 | BI39: =X39+AA39+AD39+AF39+AG39 -> 9995773.2
D41: Dibuat oleh, | K41: Diperiksa oleh, | AF41: Disetujui oleh, | AP41: Disetujui Oleh
Q42: =G39+I39+K39+M39+O39+Q39 -> 119974000
D46: GUNAWAN | K46: Haykal Galeh | AF46: Gohi Maruli L Toruan SP | AP46: Chandra Dinata Pribadi
D47: KRANDIV IIA | K47: ASST.MANAGER PG IIA | AF47: ESTATE MANAGER DME/PGE II | AP47: Senior Manager

Sheet PANEN 1
A2: PT.REBINMAS JAYA
A3: DAFTAR UPAH
A5: Bulan : | D5: Januari'26 | Y5: Perkebunan : | AN5: PARIT GUNUNG | AP5: Divisi : IIA | AY5: =2976705.97*2% -> 59534.119
H6: CUTI / LIBUR | S6: TUNJANGAN / PREMI | AA6: LEMBUR | AB6: PREMI | AC6: PREMI | AL6: KOREKSI | AM6: KOREKSI | AN6: JUMLAH | AR6: POTONGAN BPJS | BA6: LEBIH | BF6: JUMLAH | BG6: KET | BI6: TANDA
A7: NO. | B7: NO | C7: L/P | D7: NAMA | E7: HARI | F7: UPAH | G7: UPAH | H7: TAHUN | J7: SAKIT | L7: MINGGU | N7: NASIONAL | P7: IZIN | R7: JML | S7: BERAS | U7: JABATAN | X7: MASA KERJA | AC7: JAGA | AD7: LEMBUR | AE7: PREMI | AF7: PREMI | AG7: PREMI | AH7: PENGEMBALIAN TIKET | AI7: INSENTIF | AJ7: KONTANAN | AK7: PREMI | AN7: UPAH | AO7: CARUMAN ASTEK | AW7: IURAN | AX7: PPH21 | AY7: LEBIH POTONG PAJAK | AZ7: PREMI | BA7: BAYAR | BB7: PIKET | BC7: PENGEMBALIAN PAJAK | BD7: lebih bayar | BE7: PREMI PPH | BF7: UPAH | BI7: TANGAN
A8: URUT | B8: INDUK | D8: KARYAWAN | E8: KERJA | F8: DASAR | G8: POKOK | H8: JUMLAH | J8: JUMLAH | L8: JUMLAH | N8: JUMLAH | P8: JUMLAH | R8: HK | S8: (Rp)/ | T8: Jumlah | U8: (Rp)/ | V8: JUMLAH | X8: (Rp)/ | Y8: JUMLAH | AC8: GENSET | AE8: TANDAN | AF8: BRONDOL | AG8: PRUNING | AI8: PANEN | AK8: JAGA GENSET | AM8: SEPTEMBER | AN8: KOTOR | AO8: PEKERJA | AP8: MAJIKAN | AQ8: JUMLAH | AR8: PEKERJA KESEHATAN (1% ) | AS8: MAJIKAN KESEHATAN (4% ) | AT8: PEKERJA PENSIUN (1% ) | AU8: MAJIKAN PENSIUN (2% ) | AV8: JUMLAH | AW8: SPSI | AZ8: KONTANAN | BA8: PAJAK | BB8: LEBARAN | BD8: pajak 2024 | BF8: BERSIH | BI8: PENERIMA
B9: KARYAWAN | F9: (Rp) | G9: (Rp) | H9: HR | I9: (Rp) | J9: HR | K9: (Rp) | L9: HR | M9: (Rp) | N9: HR | O9: (Rp) | P9: HR | Q9: (Rp) | S9: HK | T9: (Rp) | U9: HK | V9: HK | W9: (Rp) | X9: THN | Y9: THN | Z9: (Rp) | AA9: (Rp) | AN9: (Rp) | AO9: (Rp) | AP9: (Rp) | AQ9: (Rp) | AR9: (Rp) | AS9: (Rp) | AT9: (Rp) | AU9: (Rp) | AV9: (Rp) | BG9: CTH | BH9: A | BI9: GAJI
A10: 1 | D10: DICKY PRATAMA | E10: =Sheet2!D8 -> 12 | F10: 134500 | G10: =SUM(F10*E10) -> 1614000 | H10: =Sheet2!E8 -> 0 | I10: =SUM(H10*F10) -> 0 | J10: =Sheet2!F8 -> 13 | K10: =J10*F10 -> 1748500 | L10: =Sheet2!G8 -> 4 | M10: =L10*F10 -> 538000 | N10: =Sheet2!H8 -> 2 | O10: =N10*F10 -> 269000 | P10: =Sheet2!I8 -> 0 | Q10: =P10*F10 -> 0 | R10: =E10+H10+J10+L10+N10+P10 -> 31 | S10: 3700 | T10: =SUM(S10*R10) -> 114700 | U10: 3500 | V10: =E10 -> 12 | W10: =V10*U10 -> 42000 | X10: 2500 | Y10: 1 | Z10: 5000 | AA10: =Sheet2!M8 -> 0 | AB10: 824600 | AN10: =G10+I10+K10+M10+O10+Q10+T10+W10+Z10+AA10+AB10+AC10+AE10+AF10+AG10+AH10+AI10+AJ10+AK10-AL10-AM10 -> 5155800 | AO10: =(4035000+Z10)*0.02 -> 80800 | AP10: =(4035000+Z10)*0.0454 -> 183416 | AQ10: =AP10+AO10 -> 264216 | AR10: =(4035000+Z10)*1% -> 40400 | AS10: =(4035000+Z10)*4% -> 161600 | AT10: =(4035000+Z10)*1% -> 40400 | AU10: =(4035000+Z10)*2% -> 80800 | AV10: =AR10+AS10+AT10+AU10 -> 323200 | AX10: =PAJAK!AK39 -> 0 | AZ10: =AJ10 -> 0 | BF10: =AN10-AO10-AR10-AT10-AW10-AX10-AZ10-AY10-BB10+BA10+BC10+BD10+BE10 -> 4994200 | BG10: =Sheet2!K8 -> 0 | BH10: =Sheet2!L8 -> 0 | BK10: =BG10+BH10 -> 0 | BL10: =-(F10*BK10) -> 0 | BN10: =T10+W10+Z10+AB10+AE10+AF10+AG10+AI10-AL10 -> 986300
A11: 2 | D11: RIDHO APRIZAL | E11: =Sheet2!D9 -> 19 | F11: 134500 | G11: =SUM(F11*E11) -> 2555500 | H11: =Sheet2!E9 -> 6 | I11: =SUM(H11*F11) -> 807000 | J11: =Sheet2!F9 -> 0 | K11: =J11*F11 -> 0 | L11: =Sheet2!G9 -> 4 | M11: =L11*F11 -> 538000 | N11: =Sheet2!H9 -> 2 | O11: =N11*F11 -> 269000 | P11: =Sheet2!I9 -> 0 | Q11: =P11*F11 -> 0 | R11: =E11+H11+J11+L11+N11+P11 -> 31 | S11: 4650 | T11: =SUM(S11*R11) -> 144150 | U11: 2500 | V11: =E11 -> 19 | W11: =V11*U11 -> 47500 | Z11: 33000 | AA11: =Sheet2!M9 -> 0 | AB11: 1415200 | AN11: =G11+I11+K11+M11+O11+Q11+T11+W11+Z11+AA11+AB11+AC11+AE11+AF11+AG11+AH11+AI11+AJ11+AK11-AL11-AM11 -> 5809350 | AO11: =(4035000+Z11)*0.02 -> 81360 | AP11: =(4035000+Z11)*0.0454 -> 184687.2 | AQ11: =AP11+AO11 -> 266047.2 | AR11: =(4035000+Z11)*1% -> 40680 | AS11: =(4035000+Z11)*4% -> 162720 | AT11: =(4035000+Z11)*1% -> 40680 | AU11: =(4035000+Z11)*2% -> 81360 | AV11: =AR11+AS11+AT11+AU11 -> 325440 | AW11: 4000 | AX11: =PAJAK!AK40 -> 0 | AZ11: =AJ11 -> 0 | BF11: =AN11-AO11-AR11-AT11-AW11-AX11-AZ11-AY11-BB11+BA11+BC11+BD11+BE11 -> 5642630 | BG11: =Sheet2!K9 -> 0 | BH11: =Sheet2!L9 -> 0 | BK11: =BG11+BH11 -> 0 | BL11: =-(F11*BK11) -> 0 | BN11: =T11+W11+Z11+AB11+AE11+AF11+AG11+AI11-AL11 -> 1639850
A12: 3 | C12: L | D12: SUIP | E12: =Sheet2!D10 -> 24 | F12: 134500 | G12: =SUM(F12*E12) -> 3228000 | H12: =Sheet2!E10 -> 1 | I12: =SUM(H12*F12) -> 134500 | J12: =Sheet2!F10 -> 0 | K12: =J12*F12 -> 0 | L12: =Sheet2!G10 -> 4 | M12: =L12*F12 -> 538000 | N12: =Sheet2!H10 -> 2 | O12: =N12*F12 -> 269000 | P12: =Sheet2!I10 -> 0 | Q12: =P12*F12 -> 0 | R12: =E12+H12+J12+L12+N12+P12 -> 31 | S12: 4650 | T12: =SUM(S12*R12) -> 144150 | X12: 2500 | Y12: 1 | Z12: 24000 | AE12: =Sheet2!N10 -> 148064 | AF12: =Sheet2!O10 -> 355250 | AG12: 368000 | AL12: =-Sheet2!P10 -> 100127.78 | AN12: =G12+I12+K12+M12+O12+Q12+T12+W12+Z12+AA12+AB12+AC12+AE12+AF12+AG12+AH12+AI12+AJ12+AK12-AL12-AM12 -> 5108836.2 | AO12: =(4035000+Z12)*0.02 -> 81180 | AP12: =(4035000+Z12)*0.0454 -> 184278.6 | AQ12: =AP12+AO12 -> 265458.6 | AR12: =(4035000+Z12)*1% -> 40590 | AS12: =(4035000+Z12)*4% -> 162360 | AT12: =(4035000+Z12)*1% -> 40590 | AU12: =(4035000+Z12)*2% -> 81180 | AV12: =AR12+AS12+AT12+AU12 -> 324720 | AW12: 4000 | AX12: =PAJAK!AK41 -> 0 | AZ12: =AJ12 -> 0 | BE12: 142479 | BF12: =AN12-AO12-AR12-AT12-AW12-AX12-AZ12-AY12-BB12+BA12+BC12+BD12+BE12 -> 5084955.2 | BG12: =Sheet2!K10 -> 0 | BH12: =Sheet2!L10 -> 0 | BK12: =BG12+BH12 -> 0 | BL12: =-(F12*BK12) -> 0 | BN12: =T12+W12+Z12+AB12+AE12+AF12+AG12+AI12-AL12 -> 939336.22
A13: 4 | C13: L | D13: ROBIN DINATA | E13: =Sheet2!D11 -> 25 | F13: 134500 | G13: =SUM(F13*E13) -> 3362500 | H13: =Sheet2!E11 -> 0 | I13: =SUM(H13*F13) -> 0 | J13: =Sheet2!F11 -> 0 | K13: =J13*F13 -> 0 | L13: =Sheet2!G11 -> 4 | M13: =L13*F13 -> 538000 | N13: =Sheet2!H11 -> 2 | O13: =N13*F13 -> 269000 | P13: =Sheet2!I11 -> 0 | Q13: =P13*F13 -> 0 | R13: =E13+H13+J13+L13+N13+P13 -> 31 | S13: 5550 | T13: =SUM(S13*R13) -> 172050 | X13: 2500 | Y13: 1 | Z13: 24000 | AE13: =Sheet2!N11 -> 139107 | AF13: =Sheet2!O11 -> 381500 | AG13: 499500 | AL13: =-Sheet2!P11 -> 59777.778 | AN13: =G13+I13+K13+M13+O13+Q13+T13+W13+Z13+AA13+AB13+AC13+AE13+AF13+AG13+AH13+AI13+AJ13+AK13-AL13-AM13 -> 5325879.2 | AO13: =(4035000+Z13)*0.02 -> 81180 | AP13: =(4035000+Z13)*0.0454 -> 184278.6 | AQ13: =AP13+AO13 -> 265458.6 | AR13: =(4035000+Z13)*1% -> 40590 | AS13: =(4035000+Z13)*4% -> 162360 | AT13: =(4035000+Z13)*1% -> 40590 | AU13: =(4035000+Z13)*2% -> 81180 | AV13: =AR13+AS13+AT13+AU13 -> 324720 | AW13: 4000 | AX13: =PAJAK!AK42 -> 0 | AZ13: =AJ13 -> 0 | BE13: 178300 | BF13: =AN13-AO13-AR13-AT13-AW13-AX13-AZ13-AY13-BB13+BA13+BC13+BD13+BE13 -> 5337819.2 | BG13: =Sheet2!K11 -> 0 | BH13: =Sheet2!L11 -> 0 | BK13: =BG13+BH13 -> 0 | BL13: =-(F13*BK13) -> 0 | BN13: =T13+W13+Z13+AB13+AE13+AF13+AG13+AI13-AL13 -> 1156379.2
A14: 5 | C14: L | D14: SAPARUDIN | E14: =Sheet2!D12 -> 22 | F14: 134500 | G14: =SUM(F14*E14) -> 2959000 | H14: =Sheet2!E12 -> 3 | I14: =SUM(H14*F14) -> 403500 | J14: =Sheet2!F12 -> 0 | K14: =J14*F14 -> 0 | L14: =Sheet2!G12 -> 4 | M14: =L14*F14 -> 538000 | N14: =Sheet2!H12 -> 2 | O14: =N14*F14 -> 269000 | P14: =Sheet2!I12 -> 0 | Q14: =P14*F14 -> 0 | R14: =E14+H14+J14+L14+N14+P14 -> 31 | S14: 5550 | T14: =SUM(S14*R14) -> 172050 | X14: 2500 | Z14: 21000 | AE14: =Sheet2!N12 -> 201485 | AF14: =Sheet2!O12 -> 490000 | AG14: 552500 | AL14: =-Sheet2!P12 -> 46327.778 | AN14: =G14+I14+K14+M14+O14+Q14+T14+W14+Z14+AA14+AB14+AC14+AE14+AF14+AG14+AH14+AI14+AJ14+AK14-AL14-AM14 -> 5560207.2 | AO14: =(4035000+Z14)*0.02 -> 81120 | AP14: =(4035000+Z14)*0.0454 -> 184142.4 | AQ14: =AP14+AO14 -> 265262.4 | AR14: =(4035000+Z14)*1% -> 40560 | AS14: =(4035000+Z14)*4% -> 162240 | AT14: =(4035000+Z14)*1% -> 40560 | AU14: =(4035000+Z14)*2% -> 81120 | AV14: =AR14+AS14+AT14+AU14 -> 324480 | AW14: 4000 | AX14: =PAJAK!AK43 -> 0 | AZ14: =AJ14 -> 0 | BE14: 141756 | BF14: =AN14-AO14-AR14-AT14-AW14-AX14-AZ14-AY14-BB14+BA14+BC14+BD14+BE14 -> 5535723.2 | BG14: =Sheet2!K12 -> 0 | BH14: =Sheet2!L12 -> 0 | BK14: =BG14+BH14 -> 0 | BL14: =-(F14*BK14) -> 0 | BN14: =T14+W14+Z14+AB14+AE14+AF14+AG14+AI14-AL14 -> 1390707.2
A15: 6 | D15: SONJA PRIYOGA | E15: =Sheet2!D13 -> 25 | F15: 134500 | G15: =SUM(F15*E15) -> 3362500 | H15: =Sheet2!E13 -> 0 | I15: =SUM(H15*F15) -> 0 | J15: =Sheet2!F13 -> 0 | K15: =J15*F15 -> 0 | L15: =Sheet2!G13 -> 4 | M15: =L15*F15 -> 538000 | N15: =Sheet2!H13 -> 2 | O15: =N15*F15 -> 269000 | P15: =Sheet2!I13 -> 0 | Q15: =P15*F15 -> 0 | R15: =E15+H15+J15+L15+N15+P15 -> 31 | S15: 4650 | T15: =SUM(S15*R15) -> 144150 | Z15: 10000 | AE15: =Sheet2!N13 -> 170538 | AF15: =Sheet2!O13 -> 444500 | AG15: 522000 | AL15: =-Sheet2!P13 -> 44833.333 | AN15: =G15+I15+K15+M15+O15+Q15+T15+W15+Z15+AA15+AB15+AC15+AE15+AF15+AG15+AH15+AI15+AJ15+AK15-AL15-AM15 -> 5415854.7 | AO15: =(4035000+Z15)*0.02 -> 80900 | AP15: =(4035000+Z15)*0.0454 -> 183643 | AQ15: =AP15+AO15 -> 264543 | AR15: =(4035000+Z15)*1% -> 40450 | AS15: =(4035000+Z15)*4% -> 161800 | AT15: =(4035000+Z15)*1% -> 40450 | AU15: =(4035000+Z15)*2% -> 80900 | AV15: =AR15+AS15+AT15+AU15 -> 323600 | AW15: 4000 | AX15: =PAJAK!AK44 -> 0 | AZ15: =AJ15 -> 0 | BE15: 96770 | BF15: =AN15-AO15-AR15-AT15-AW15-AX15-AZ15-AY15-BB15+BA15+BC15+BD15+BE15 -> 5346824.7 | BG15: =Sheet2!K13 -> 0 | BH15: =Sheet2!L13 -> 0 | BK15: =BG15+BH15 -> 0 | BL15: =-(F15*BK15) -> 0 | BN15: =T15+W15+Z15+AB15+AE15+AF15+AG15+AI15-AL15 -> 1246354.7
A16: 7 | D16: AHAP | E16: =Sheet2!D14 -> 23 | F16: 134500 | G16: =SUM(F16*E16) -> 3093500 | H16: =Sheet2!E14 -> 2 | I16: =SUM(H16*F16) -> 269000 | J16: =Sheet2!F14 -> 0 | K16: =J16*F16 -> 0 | L16: =Sheet2!G14 -> 4 | M16: =L16*F16 -> 538000 | N16: =Sheet2!H14 -> 2 | O16: =N16*F16 -> 269000 | P16: =Sheet2!I14 -> 0 | Q16: =P16*F16 -> 0 | R16: =E16+H16+J16+L16+N16+P16 -> 31 | S16: 4650 | T16: =SUM(S16*R16) -> 144150 | Z16: 5000 | AE16: =Sheet2!N14 -> 271292 | AF16: =Sheet2!O14 -> 554750 | AG16: 627500 | AL16: =-Sheet2!P14 -> 0 | AN16: =G16+I16+K16+M16+O16+Q16+T16+W16+Z16+AA16+AB16+AC16+AE16+AF16+AG16+AH16+AI16+AJ16+AK16-AL16-AM16 -> 5772192 | AO16: =(4035000+Z16)*0.02 -> 80800 | AP16: =(4035000+Z16)*0.0454 -> 183416 | AQ16: =SUM(AP16+AO16) -> 264216 | AR16: =(4035000+Z16)*1% -> 40400 | AS16: =(4035000+Z16)*4% -> 161600 | AT16: =(4035000+Z16)*1% -> 40400 | AU16: =(4035000+Z16)*2% -> 80800 | AV16: =AR16+AS16+AT16+AU16 -> 323200 | AW16: 4000 | AX16: =PAJAK!AK45 -> 0 | AZ16: =AJ16 -> 0 | BE16: 32318 | BF16: =AN16-AO16-AR16-AT16-AW16-AX16-AZ16-AY16-BB16+BA16+BC16+BD16+BE16 -> 5638910 | BG16: =Sheet2!K14 -> 0 | BH16: =Sheet2!L14 -> 0 | BK16: =BG16+BH16 -> 0 | BL16: =-(F16*BK16) -> 0 | BN16: =T16+W16+Z16+AB16+AE16+AF16+AG16+AI16-AL16 -> 1602692
A17: 8 | D17: IHSAN | E17: =Sheet2!D15 -> 24 | F17: 134500 | G17: =SUM(F17*E17) -> 3228000 | H17: =Sheet2!E15 -> 1 | I17: =SUM(H17*F17) -> 134500 | J17: =Sheet2!F15 -> 0 | K17: =J17*F17 -> 0 | L17: =Sheet2!G15 -> 4 | M17: =L17*F17 -> 538000 | N17: =Sheet2!H15 -> 2 | O17: =N17*F17 -> 269000 | P17: =Sheet2!I15 -> 0 | Q17: =P17*F17 -> 0 | R17: =E17+H17+J17+L17+N17+P17 -> 31 | S17: 2250 | T17: =SUM(S17*R17) -> 69750 | Z17: 5000 | AE17: =Sheet2!N15 -> 275360 | AF17: =Sheet2!O15 -> 393750 | AG17: 327000 | AL17: =-Sheet2!P15 -> 113577.78 | AN17: =G17+I17+K17+M17+O17+Q17+T17+W17+Z17+AA17+AB17+AC17+AE17+AF17+AG17+AH17+AI17+AJ17+AK17-AL17-AM17 -> 5126782.2 | AO17: =(4035000+Z17)*0.02 -> 80800 | AP17: =(4035000+Z17)*0.0454 -> 183416 | AQ17: =SUM(AP17+AO17) -> 264216 | AR17: =(4035000+Z17)*1% -> 40400 | AS17: =(4035000+Z17)*4% -> 161600 | AT17: =(4035000+Z17)*1% -> 40400 | AU17: =(4035000+Z17)*2% -> 80800 | AV17: =AR17+AS17+AT17+AU17 -> 323200 | AX17: =PAJAK!AK46 -> 0 | AZ17: =AJ17 -> 0 | BF17: =AN17-AO17-AR17-AT17-AW17-AX17-AZ17-AY17-BB17+BA17+BC17+BD17+BE17 -> 4965182.2 | BG17: =Sheet2!K15 -> 0 | BH17: =Sheet2!L15 -> 0 | BK17: =BG17+BH17 -> 0 | BL17: =-(F17*BK17) -> 0 | BN17: =T17+W17+Z17+AB17+AE17+AF17+AG17+AI17-AL17 -> 957282.22
A18: 9 | D18: QISTAHAM | E18: =Sheet2!D16 -> 25 | F18: 134500 | G18: =SUM(F18*E18) -> 3362500 | H18: =Sheet2!E16 -> 0 | I18: =SUM(H18*F18) -> 0 | J18: =Sheet2!F16 -> 0 | K18: =J18*F18 -> 0 | L18: =Sheet2!G16 -> 4 | M18: =L18*F18 -> 538000 | N18: =Sheet2!H16 -> 2 | O18: =N18*F18 -> 269000 | P18: =Sheet2!I16 -> 0 | Q18: =P18*F18 -> 0 | R18: =E18+H18+J18+L18+N18+P18 -> 31 | S18: 4650 | T18: =SUM(S18*R18) -> 144150 | Z18: 2500 | AD18: =Sheet2!M16 -> 209913.3 | AE18: =Sheet2!N16 -> 810804 | AF18: =Sheet2!O16 -> 588000 | AG18: 602000 | AI18: 150000 | AL18: =-Sheet2!P16 -> 0 | AN18: =G18+I18+K18+M18+O18+Q18+T18+W18+Z18+AA18+AB18+AC18+AD18+AE18+AF18+AG18+AH18+AI18+AJ18+AK18-AL18-AM18 -> 6676867.3 | AO18: =(4035000+Z18)*0.02 -> 80750 | AP18: =(4035000+Z18)*0.0454 -> 183302.5 | AQ18: =SUM(AP18+AO18) -> 264052.5 | AR18: =(4035000+Z18)*1% -> 40375 | AS18: =(4035000+Z18)*4% -> 161500 | AT18: =(4035000+Z18)*1% -> 40375 | AU18: =(4035000+Z18)*2% -> 80750 | AV18: =AR18+AS18+AT18+AU18 -> 323000 | AX18: =PAJAK!AK47 -> 17181 | AZ18: =AJ18 -> 0 | BF18: =AN18-AO18-AR18-AT18-AW18-AX18-AZ18-AY18-BB18+BA18+BC18+BD18+BE18 -> 6498186.3 | BG18: =Sheet2!K16 -> 0 | BH18: =Sheet2!L16 -> 0 | BK18: =BG18+BH18 -> 0 | BL18: =-(F18*BK18) -> 0 | BN18: =T18+W18+Z18+AB18+AE18+AF18+AG18+AI18-AL18 -> 2297454
A19: 10 | D19: JAYADI | E19: =Sheet2!D17 -> 24 | F19: 134500 | G19: =SUM(F19*E19) -> 3228000 | H19: =Sheet2!E17 -> 1 | I19: =SUM(H19*F19) -> 134500 | J19: =Sheet2!F17 -> 0 | K19: =J19*F19 -> 0 | L19: =Sheet2!G17 -> 4 | M19: =L19*F19 -> 538000 | N19: =Sheet2!H17 -> 2 | O19: =N19*F19 -> 269000 | P19: =Sheet2!I17 -> 0 | Q19: =P19*F19 -> 0 | R19: =E19+H19+J19+L19+N19+P19 -> 31 | S19: 5550 | T19: =SUM(S19*R19) -> 172050 | Z19: 2500 | AE19: =Sheet2!N17 -> 484688 | AF19: =Sheet2!O17 -> 514500 | AG19: 597000 | AL19: =-Sheet2!P17 -> 0 | AN19: =G19+I19+K19+M19+O19+Q19+T19+W19+Z19+AA19+AB19+AC19+AE19+AF19+AG19+AH19+AI19+AJ19+AK19-AL19-AM19 -> 5940238 | AO19: =(4035000+Z19)*0.02 -> 80750 | AP19: =(4035000+Z19)*0.0454 -> 183302.5 | AQ19: =SUM(AP19+AO19) -> 264052.5 | AR19: =(4035000+Z19)*1% -> 40375 | AS19: =(4035000+Z19)*4% -> 161500 | AT19: =(4035000+Z19)*1% -> 40375 | AU19: =(4035000+Z19)*2% -> 80750 | AV19: =AR19+AS19+AT19+AU19 -> 323000 | AX19: =PAJAK!AK48 -> 0 | AZ19: =AJ19 -> 0 | BE19: 211882 | BF19: =AN19-AO19-AR19-AT19-AW19-AX19-AZ19-AY19-BB19+BA19+BC19+BD19+BE19 -> 5990620 | BG19: =Sheet2!K17 -> 0 | BH19: =Sheet2!L17 -> 0 | BK19: =BG19+BH19 -> 0 | BL19: =-(F19*BK19) -> 0 | BN19: =T19+W19+Z19+AB19+AE19+AF19+AG19+AI19-AL19 -> 1770738
A20: 11 | D20: MUHAMAD AMIN | E20: =Sheet2!D18 -> 23 | F20: 134500 | G20: =SUM(F20*E20) -> 3093500 | H20: =Sheet2!E18 -> 2 | I20: =SUM(H20*F20) -> 269000 | J20: =Sheet2!F18 -> 0 | K20: =J20*F20 -> 0 | L20: =Sheet2!G18 -> 4 | M20: =L20*F20 -> 538000 | N20: =Sheet2!H18 -> 2 | O20: =N20*F20 -> 269000 | P20: =Sheet2!I18 -> 0 | Q20: =P20*F20 -> 0 | R20: =E20+H20+J20+L20+N20+P20 -> 31 | S20: 5550 | T20: =SUM(S20*R20) -> 172050 | Z20: 2500 | AE20: =Sheet2!N18 -> 146742 | AF20: =Sheet2!O18 -> 292250 | AG20: 548000 | AL20: =-Sheet2!P18 -> 107077.67 | AN20: =G20+I20+K20+M20+O20+Q20+T20+W20+Z20+AA20+AB20+AC20+AE20+AF20+AG20+AH20+AI20+AJ20+AK20-AL20-AM20 -> 5223964.3 | AO20: =(4035000+Z20)*0.02 -> 80750 | AP20: =(4035000+Z20)*0.0454 -> 183302.5 | AQ20: =SUM(AP20+AO20) -> 264052.5 | AR20: =(4035000+Z20)*1% -> 40375 | AS20: =(4035000+Z20)*4% -> 161500 | AT20: =(4035000+Z20)*1% -> 40375 | AU20: =(4035000+Z20)*2% -> 80750 | AV20: =AR20+AS20+AT20+AU20 -> 323000 | AX20: =PAJAK!AK49 -> 0 | AZ20: =AJ20 -> 0 | BE20: 35960 | BF20: =AN20-AO20-AR20-AT20-AW20-AX20-AZ20-AY20-BB20+BA20+BC20+BD20+BE20 -> 5098424.3 | BG20: =Sheet2!K18 -> 0 | BH20: =Sheet2!L18 -> 0 | BK20: =BG20+BH20 -> 0 | BL20: =-(F20*BK20) -> 0 | BN20: =T20+W20+Z20+AB20+AE20+AF20+AG20+AI20-AL20 -> 1054464.3
A21: 12 | D21: SAMSUL HADI | E21: =Sheet2!D19 -> 24 | F21: 134500 | G21: =SUM(F21*E21) -> 3228000 | H21: =Sheet2!E19 -> 1 | I21: =SUM(H21*F21) -> 134500 | J21: =Sheet2!F19 -> 0 | K21: =J21*F21 -> 0 | L21: =Sheet2!G19 -> 4 | M21: =L21*F21 -> 538000 | N21: =Sheet2!H19 -> 2 | O21: =N21*F21 -> 269000 | P21: =Sheet2!I19 -> 0 | Q21: =P21*F21 -> 0 | R21: =E21+H21+J21+L21+N21+P21 -> 31 | S21: 5550 | T21: =SUM(S21*R21) -> 172050 | Z21: 2500 | AC21: 250000 | AD21: =Sheet2!M19 -> 338193.65 | AE21: =Sheet2!N19 -> 415057 | AF21: =Sheet2!O19 -> 493500 | AG21: 763000 | AI21: 150000 | AL21: =-Sheet2!P19 -> 0 | AN21: =G21+I21+K21+M21+O21+Q21+T21+W21+Z21+AA21+AB21+AC21+AD21+AE21+AF21+AG21+AH21+AI21+AJ21+AK21-AL21-AM21 -> 6753800.7 | AO21: =(4035000+Z21)*0.02 -> 80750 | AP21: =(4035000+Z21)*0.0454 -> 183302.5 | AQ21: =SUM(AP21+AO21) -> 264052.5 | AR21: =(4035000+Z21)*1% -> 40375 | AS21: =(4035000+Z21)*4% -> 161500 | AT21: =(4035000+Z21)*1% -> 40375 | AU21: =(4035000+Z21)*2% -> 80750 | AV21: =AR21+AS21+AT21+AU21 -> 323000 | AX21: =PAJAK!AK50 -> 52119 | AZ21: =AJ21 -> 0 | BE21: 12598 | BF21: =AN21-AO21-AR21-AT21-AW21-AX21-AZ21-AY21-BB21+BA21+BC21+BD21+BE21 -> 6552779.7 | BG21: =Sheet2!K19 -> 0 | BH21: =Sheet2!L19 -> 0 | BK21: =BG21+BH21 -> 0 | BL21: =-(F21*BK21) -> 0 | BN21: =T21+W21+Z21+AB21+AE21+AF21+AG21+AI21-AL21 -> 1996107
A22: 13 | D22: SAPARUDIN(MILAH) | E22: =Sheet2!D20 -> 25 | F22: 134500 | G22: =SUM(F22*E22) -> 3362500 | H22: =Sheet2!E20 -> 0 | I22: =SUM(H22*F22) -> 0 | J22: =Sheet2!F20 -> 0 | K22: =J22*F22 -> 0 | L22: =Sheet2!G20 -> 4 | M22: =L22*F22 -> 538000 | N22: =Sheet2!H20 -> 2 | O22: =N22*F22 -> 269000 | P22: =Sheet2!I20 -> 0 | Q22: =P22*F22 -> 0 | R22: =E22+H22+J22+L22+N22+P22 -> 31 | S22: 5550 | T22: =SUM(S22*R22) -> 172050 | Z22: 2500 | AE22: =Sheet2!N20 -> 327856 | AF22: =Sheet2!O20 -> 518000 | AG22: 457000 | AL22: =-Sheet2!P20 -> 0 | AN22: =G22+I22+K22+M22+O22+Q22+T22+W22+Z22+AA22+AB22+AC22+AE22+AF22+AG22+AH22+AI22+AJ22+AK22-AL22-AM22 -> 5646906 | AO22: =(4035000+Z22)*0.02 -> 80750 | AP22: =(4035000+Z22)*0.0454 -> 183302.5 | AQ22: =SUM(AP22+AO22) -> 264052.5 | AR22: =(4035000+Z22)*1% -> 40375 | AS22: =(4035000+Z22)*4% -> 161500 | AT22: =(4035000+Z22)*1% -> 40375 | AU22: =(4035000+Z22)*2% -> 80750 | AV22: =AR22+AS22+AT22+AU22 -> 323000 | AX22: =PAJAK!AK51 -> 0 | AZ22: =AJ22 -> 0 | BE22: 35800 | BF22: =AN22-AO22-AR22-AT22-AW22-AX22-AZ22-AY22-BB22+BA22+BC22+BD22+BE22 -> 5521206 | BG22: =Sheet2!K20 -> 0 | BH22: =Sheet2!L20 -> 0 | BK22: =BG22+BH22 -> 0 | BL22: =-(F22*BK22) -> 0 | BN22: =T22+W22+Z22+AB22+AE22+AF22+AG22+AI22-AL22 -> 1477406
A23: 14 | D23: FAHRUDIN | E23: =Sheet2!D21 -> 23 | F23: 134500 | G23: =SUM(F23*E23) -> 3093500 | H23: =Sheet2!E21 -> 2 | I23: =SUM(H23*F23) -> 269000 | J23: =Sheet2!F21 -> 0 | K23: =J23*F23 -> 0 | L23: =Sheet2!G21 -> 4 | M23: =L23*F23 -> 538000 | N23: =Sheet2!H21 -> 2 | O23: =N23*F23 -> 269000 | P23: =Sheet2!I22 -> 0 | Q23: =P23*F23 -> 0 | R23: =E23+H23+J23+L23+N23+P23 -> 31 | S23: 2250 | T23: =SUM(S23*R23) -> 69750 | Z23: 0 | AE23: =Sheet2!N21 -> 1595654 | AF23: =Sheet2!O21 -> 651000 | AG23: 532500 | AI23: 320410 | AL23: =-Sheet2!P21 -> 0 | AN23: =G23+I23+K23+M23+O23+Q23+T23+W23+Z23+AA23+AB23+AC23+AE23+AF23+AG23+AH23+AI23+AJ23+AK23-AL23-AM23 -> 7338814 | AO23: =(4035000+Z23)*0.02 -> 80700 | AP23: =(4035000+Z23)*0.0454 -> 183189 | AQ23: =SUM(AP23+AO23) -> 263889 | AR23: =(4035000+Z23)*1% -> 40350 | AS23: =(4035000+Z23)*4% -> 161400 | AT23: =(4035000+Z23)*1% -> 40350 | AU23: =(4035000+Z23)*2% -> 80700 | AV23: =AR23+AS23+AT23+AU23 -> 322800 | AX23: =PAJAK!AK52 -> 113012 | BE23: 284296 | BF23: =AN23-AO23-AR23-AT23-AW23-AX23-AZ23-AY23-BB23+BA23+BC23+BD23+BE23 -> 7348698 | BG23: =Sheet2!K21 -> 0 | BH23: =Sheet2!L21 -> 0 | BK23: =BG23+BH23 -> 0 | BL23: =-(F23*BK23) -> 0 | BN23: =T23+W23+Z23+AB23+AE23+AF23+AG23+AI23-AL23 -> 3169314
A24: 15 | D24: HERIANTO ARBI | E24: =Sheet2!D22 -> 24 | F24: 134500 | G24: =SUM(F24*E24) -> 3228000 | H24: =Sheet2!E22 -> 1 | I24: =SUM(H24*F24) -> 134500 | J24: =Sheet2!F22 -> 0 | K24: =J24*F24 -> 0 | L24: =Sheet2!G22 -> 4 | M24: =L24*F24 -> 538000 | N24: =Sheet2!H22 -> 2 | O24: =N24*F24 -> 269000 | P24: =Sheet2!I23 -> 0 | Q24: =P24*F24 -> 0 | R24: =E24+H24+J24+L24+N24+P24 -> 31 | S24: 2250 | T24: =SUM(S24*R24) -> 69750 | Z24: 0 | AE24: =Sheet2!N22 -> 183170 | AF24: =Sheet2!O22 -> 446250 | AG24: 349500 | AL24: =-Sheet2!P22 -> 121441.75 | AN24: =G24+I24+K24+M24+O24+Q24+T24+W24+Z24+AA24+AB24+AC24+AE24+AF24+AG24+AH24+AI24+AJ24+AK24-AL24-AM24 -> 5096728.3 | AO24: =(4035000+Z24)*0.02 -> 80700 | AP24: =(4035000+Z24)*0.0454 -> 183189 | AQ24: =SUM(AP24+AO24) -> 263889 | AR24: =(4035000+Z24)*1% -> 40350 | AS24: =(4035000+Z24)*4% -> 161400 | AT24: =(4035000+Z24)*1% -> 40350 | AU24: =(4035000+Z24)*2% -> 80700 | AV24: =AR24+AS24+AT24+AU24 -> 322800 | AX24: =PAJAK!AK53 -> 0 | BE24: 0 | BF24: =AN24-AO24-AR24-AT24-AW24-AX24-AZ24-AY24-BB24+BA24+BC24+BD24+BE24 -> 4935328.3 | BG24: =Sheet2!K22 -> 0 | BH24: =Sheet2!L22 -> 0 | BK24: =BG24+BH24 -> 0 | BL24: =-(F24*BK24) -> 0 | BN24: =T24+W24+Z24+AB24+AE24+AF24+AG24+AI24-AL24 -> 927228.25
A25: 16 | D25: RIDUAN | E25: =Sheet2!D23 -> 25 | F25: 134500 | G25: =SUM(F25*E25) -> 3362500 | H25: =Sheet2!E23 -> 0 | I25: =SUM(H25*F25) -> 0 | J25: =Sheet2!F23 -> 0 | K25: =J25*F25 -> 0 | L25: =Sheet2!G23 -> 4 | M25: =L25*F25 -> 538000 | N25: =Sheet2!H23 -> 2 | O25: =N25*F25 -> 269000 | R25: =E25+H25+J25+L25+N25+P25 -> 31 | S25: 5550 | T25: =SUM(S25*R25) -> 172050 | Z25: 12500 | AE25: =Sheet2!N23 -> 119538 | AF25: =Sheet2!O23 -> 344750 | AG25: 206000 | AL25: =-Sheet2!P23 -> 103116.67 | AN25: =G25+I25+K25+M25+O25+Q25+T25+W25+Z25+AA25+AB25+AC25+AE25+AF25+AG25+AH25+AI25+AJ25+AK25-AL25-AM25 -> 4921221.3 | AO25: =(4035000+Z25)*0.02 -> 80950 | AP25: =(4035000+Z25)*0.0454 -> 183756.5 | AQ25: =SUM(AP25+AO25) -> 264706.5 | AR25: =(4035000+Z25)*1% -> 40475 | AS25: =(4035000+Z25)*4% -> 161900 | AT25: =(4035000+Z25)*1% -> 40475 | AU25: =(4035000+Z25)*2% -> 80950 | AV25: =AR25+AS25+AT25+AU25 -> 323800 | AW25: 4000 | AX25: =PAJAK!AK54 -> 0 | BE25: 91417 | BF25: =AN25-AO25-AR25-AT25-AW25-AX25-AZ25-AY25-BB25+BA25+BC25+BD25+BE25 -> 4846738.3 | BG25: =Sheet2!K23 -> 0 | BH25: =Sheet2!L23 -> 0 | BK25: =BG25+BH25 -> 0 | BL25: =-(F25*BK25) -> 0 | BN25: =T25+W25+Z25+AB25+AE25+AF25+AG25+AI25-AL25 -> 751721.33
A26: 17 | D26: DEKY FRANZA | E26: =Sheet2!D24 -> 16 | F26: 134500 | G26: =SUM(F26*E26) -> 2152000 | H26: =Sheet2!E24 -> 2 | I26: =SUM(H26*F26) -> 269000 | J26: =Sheet2!F24 -> 1 | K26: =J26*F26 -> 134500 | L26: =Sheet2!G24 -> 4 | M26: =L26*F26 -> 538000 | N26: =Sheet2!H24 -> 2 | O26: =N26*F26 -> 269000 | R26: =E26+H26+J26+L26+N26+P26 -> 25 | S26: 2250 | T26: =SUM(S26*R26) -> 56250 | Z26: 2500 | AE26: =Sheet2!N24 -> 0 | AF26: =Sheet2!O24 -> 175000 | AG26: 157500 | AL26: =-Sheet2!P24 -> 347480.1 | AN26: =G26+I26+K26+M26+O26+Q26+T26+W26+Z26+AA26+AB26+AC26+AE26+AF26+AG26+AH26+AI26+AJ26+AK26-AL26-AM26 -> 3406269.9 | AO26: =(4035000+Z26)*0.02 -> 80750 | AP26: =(4035000+Z26)*0.0454 -> 183302.5 | AQ26: =SUM(AP26+AO26) -> 264052.5 | AR26: =(4035000+Z26)*1% -> 40375 | AS26: =(4035000+Z26)*4% -> 161500 | AT26: =(4035000+Z26)*1% -> 40375 | AU26: =(4035000+Z26)*2% -> 80750 | AV26: =AR26+AS26+AT26+AU26 -> 323000 | AW26: 4000 | AX26: =PAJAK!AK55 -> 0 | BE26: 113237 | BF26: =AN26-AO26-AR26-AT26-AW26-AX26-AZ26-AY26-BB26+BA26+BC26+BD26+BE26 -> 3354006.9 | BG26: =Sheet2!K24 -> 1 | BH26: =Sheet2!L24 -> 5 | BK26: =BG26+BH26 -> 6 | BL26: =-(F26*BK26) -> -807000 | BN26: =T26+W26+Z26+AB26+AE26+AF26+AG26+AI26-AL26 -> 43769.903
A27: 18 | D27: FRANSISKO GAUTAMA | E27: =Sheet2!D25 -> 22 | F27: 134500 | G27: =SUM(F27*E27) -> 2959000 | H27: =Sheet2!E25 -> 1 | I27: =SUM(H27*F27) -> 134500 | J27: =Sheet2!F25 -> 1 | K27: =J27*F27 -> 134500 | L27: =Sheet2!G25 -> 4 | M27: =L27*F27 -> 538000 | N27: =Sheet2!H25 -> 2 | O27: =N27*F27 -> 269000 | R27: =E27+H27+J27+L27+N27+P27 -> 30 | S27: 4650 | T27: =SUM(S27*R27) -> 139500 | Z27: 40000 | AE27: =Sheet2!N25 -> 162712 | AF27: =Sheet2!O25 -> 313250 | AG27: 150500 | AL27: =-Sheet2!P25 -> 101622.22 | AN27: =G27+I27+K27+M27+O27+Q27+T27+W27+Z27+AA27+AB27+AC27+AE27+AF27+AG27+AH27+AI27+AJ27+AK27-AL27-AM27 -> 4739339.8 | AO27: =(4035000+Z27)*0.02 -> 81500 | AP27: =(4035000+Z27)*0.0454 -> 185005 | AQ27: =SUM(AP27+AO27) -> 266505 | AR27: =(4035000+Z27)*1% -> 40750 | AS27: =(4035000+Z27)*4% -> 163000 | AT27: =(4035000+Z27)*1% -> 40750 | AU27: =(4035000+Z27)*2% -> 81500 | AV27: =AR27+AS27+AT27+AU27 -> 326000 | AW27: 4000 | AX27: =PAJAK!AK56 -> 0 | BE27: 85072 | BF27: =AN27-AO27-AR27-AT27-AW27-AX27-AZ27-AY27-BB27+BA27+BC27+BD27+BE27 -> 4657411.8 | BG27: =Sheet2!K25 -> 0 | BH27: =Sheet2!L25 -> 1 | BK27: =BG27+BH27 -> 1 | BL27: =-(F27*BK27) -> -134500 | BN27: =T27+W27+Z27+AB27+AE27+AF27+AG27+AI27-AL27 -> 704339.78
A28: 19 | D28: M.IDRIS PRATAMA | E28: =Sheet2!D26 -> 21 | F28: 134500 | G28: =SUM(F28*E28) -> 2824500 | H28: =Sheet2!E26 -> 2 | I28: =SUM(H28*F28) -> 269000 | J28: =Sheet2!F26 -> 0 | K28: =J28*F28 -> 0 | L28: =Sheet2!G26 -> 4 | M28: =L28*F28 -> 538000 | N28: =Sheet2!H26 -> 2 | O28: =N28*F28 -> 269000 | R28: =E28+H28+J28+L28+N28+P28 -> 29 | S28: 2250 | T28: =SUM(S28*R28) -> 65250 | Z28: 5000 | AE28: =Sheet2!N26 -> 136028 | AF28: =Sheet2!O26 -> 337750 | AG28: 366500 | AL28: =-Sheet2!P26 -> 393038.89 | AN28: =G28+I28+K28+M28+O28+Q28+T28+W28+Z28+AA28+AB28+AC28+AE28+AF28+AG28+AH28+AI28+AJ28+AK28-AL28-AM28 -> 4417989.1 | AO28: =(4035000+Z28)*0.02 -> 80800 | AP28: =(4035000+Z28)*0.0454 -> 183416 | AQ28: =SUM(AP28+AO28) -> 264216 | AR28: =(4035000+Z28)*1% -> 40400 | AS28: =(4035000+Z28)*4% -> 161600 | AT28: =(4035000+Z28)*1% -> 40400 | AU28: =(4035000+Z28)*2% -> 80800 | AV28: =AR28+AS28+AT28+AU28 -> 323200 | AX28: =PAJAK!AK57 -> 0 | BF28: =AN28-AO28-AR28-AT28-AW28-AX28-AZ28-AY28-BB28+BA28+BC28+BD28+BE28 -> 4256389.1 | BG28: =Sheet2!K26 -> 0 | BH28: =Sheet2!L26 -> 2 | BK28: =BG28+BH28 -> 2 | BL28: =-(F28*BK28) -> -269000 | BN28: =T28+W28+Z28+AB28+AE28+AF28+AG28+AI28-AL28 -> 517489.11
A29: 20 | D29: SUTRA PRAYOGI | E29: =Sheet2!D27 -> 25 | F29: 134500 | G29: =SUM(F29*E29) -> 3362500 | H29: =Sheet2!E27 -> 0 | I29: =SUM(H29*F29) -> 0 | J29: =Sheet2!F27 -> 0 | K29: =J29*F29 -> 0 | L29: =Sheet2!G27 -> 4 | M29: =L29*F29 -> 538000 | N29: =Sheet2!H27 -> 2 | O29: =N29*F29 -> 269000 | R29: =E29+H29+J29+L29+N29+P29 -> 31 | S29: 2250 | T29: =SUM(S29*R29) -> 69750 | AE29: =Sheet2!N27 -> 149386 | AF29: =Sheet2!O27 -> 455000 | AG29: 390500 | AL29: =-Sheet2!P27 -> 114912.62 | AN29: =G29+I29+K29+M29+O29+Q29+T29+W29+Z29+AA29+AB29+AC29+AE29+AF29+AG29+AH29+AI29+AJ29+AK29-AL29-AM29 -> 5119223.4 | AO29: =(4035000+Z29)*0.02 -> 80700 | AP29: =(4035000+Z29)*0.0454 -> 183189 | AQ29: =SUM(AP29+AO29) -> 263889 | AR29: =(4035000+Z29)*1% -> 40350 | AS29: =(4035000+Z29)*4% -> 161400 | AT29: =(4035000+Z29)*1% -> 40350 | AU29: =(4035000+Z29)*2% -> 80700 | AV29: =AR29+AS29+AT29+AU29 -> 322800 | AX29: =PAJAK!AK58 -> 0 | BF29: =AN29-AO29-AR29-AT29-AW29-AX29-AZ29-AY29-BB29+BA29+BC29+BD29+BE29 -> 4957823.4 | BG29: =Sheet2!K27 -> 0 | BH29: =Sheet2!L27 -> 0 | BK29: =BG29+BH29 -> 0 | BL29: =-(F29*BK29) -> 0 | BN29: =T29+W29+Z29+AB29+AE29+AF29+AG29+AI29-AL29 -> 949723.38
D30: TOTAL | E30: =SUM(E10:E29) -> 451 | G30: =SUM(G10:G29) -> 60659500 | H30: =SUM(H10:H29) -> 25 | I30: =SUM(I10:I29) -> 3362500 | J30: =SUM(J10:J29) -> 15 | K30: =SUM(K10:K29) -> 2017500 | L30: =SUM(L10:L29) -> 80 | M30: =SUM(M10:M29) -> 10760000 | N30: =SUM(N10:N29) -> 40 | ... BI30: =SUM(BI10:BI29) -> 0 | BK30: =BG30+BH30 -> 9 | BL30: =SUM(BL10:BL28) -> -1210500 | BN30: =T30+W30+Z30+AB30+AE30+AF30+AG30+AI30-AL30 -> 25578657
D32: Dibuat oleh, | K32: Diperiksa oleh, | AF32: Disetujui oleh, | AQ32: Disetujui Oleh | BF32: 106702962
BF33: =BF32-BF30 -> 139105.41
AU34: =29*129220 -> 3747380 | AV34: =AE28+AF28+AG28+AK28 -> 840278 | AX34: =AU34+AV34 -> 4587658
AX35: =AL28+AR28+AT28 -> 473838.89
D36: GUNAWAN | K36: Haykal Galeh | AF36: Gohi Maruli L Toruan SP | AQ36: Chandra Dinata Pribadi | AX36: =AX34-AX35 -> 4113819.1
D37: KRANDIV IIA | K37: ASST.MANAGER PG IIA | AF37: ESTATE MANAGER DME/PGE II | AQ37: Senior Manager
AO41: 24 | AP41: 34985.55 | AQ41: =AO41*AP41 -> 839653.2 | AR41: =AQ41+AQ42 -> 1492716.8
AO42: 14 | AP42: 46647.4 | AQ42: =AO42*AP42 -> 653063.6
K46: =744+17+4+120+30 -> 915
S47: =27+36+4+5 -> 72
AB56: =3.5*4 -> 14 | AC56: =62*15000 -> 930000
AB57: =16*3 -> 48 | AC57: 100000
AB58: 100
AC59: =1030000-200000 -> 830000

Sheet PANEN BHL
A2: PT.REBINMAS JAYA
A3: DAFTAR UPAH
A5: Bulan : | D5: Januari'26 | Y5: Perkebunan : | AN5: PARIT GUNUNG | AP5: Divisi : IIA | AY5: =2976705.97*2% -> 59534.119
H6: CUTI / LIBUR | S6: TUNJANGAN / PREMI | AA6: LEMBUR | AB6: PREMI | AC6: PREMI | AD6: PREMI | AL6: KOREKSI | AM6: KOREKSI | AN6: JUMLAH | AR6: POTONGAN BPJS | BA6: LEBIH | BE6: JUMLAH | BF6: KET | BH6: TANDA
A7: NO. | B7: NO | C7: L/P | D7: NAMA | E7: HARI | F7: UPAH | G7: UPAH | H7: TAHUN | J7: SAKIT | L7: MINGGU | N7: NASIONAL | P7: IZIN | R7: JML | S7: BERAS | U7: JABATAN | X7: MASA KERJA | AC7: JAGA | AD7: ANGKUT | AE7: PREMI | AF7: PREMI | AG7: PREMI | AH7: PENGEMBALIAN TIKET | AI7: INSENTIF | AJ7: KONTANAN | AK7: PREMI | AN7: UPAH | AO7: CARUMAN ASTEK | AW7: IURAN | AX7: PPH21 | AY7: LEBIH POTONG PAJAK | AZ7: PREMI | BA7: BAYAR | BB7: PIKET | BC7: PENGEMBALIAN PAJAK | BD7: lebih bayar | BE7: UPAH | BH7: TANGAN
A8: URUT | B8: INDUK | D8: KARYAWAN | E8: KERJA | F8: DASAR | G8: POKOK | H8: JUMLAH | J8: JUMLAH | L8: JUMLAH | N8: JUMLAH | P8: JUMLAH | R8: HK | S8: (Rp)/ | T8: Jumlah | U8: (Rp)/ | V8: JUMLAH | X8: (Rp)/ | Y8: JUMLAH | AC8: GENSET | AD8: TBS | AE8: TANDAN | AF8: BRONDOL | AG8: PRUNING | AI8: PANEN | AK8: RAKING | AM8: SEPTEMBER | AN8: KOTOR | AO8: PEKERJA | AP8: MAJIKAN | AQ8: JUMLAH | AR8: PEKERJA KESEHATAN (1% ) | AS8: MAJIKAN KESEHATAN (4% ) | AT8: PEKERJA PENSIUN (1% ) | AU8: MAJIKAN PENSIUN (2% ) | AV8: JUMLAH | AW8: SPSI | AZ8: KONTANAN | BA8: PAJAK | BB8: LEBARAN | BD8: pajak 2024 | BE8: BERSIH | BH8: PENERIMA
B9: KARYAWAN | F9: (Rp) | G9: (Rp) | H9: HR | I9: (Rp) | J9: HR | K9: (Rp) | L9: HR | M9: (Rp) | N9: HR | O9: (Rp) | P9: HR | Q9: (Rp) | S9: HK | T9: (Rp) | U9: HK | V9: HK | W9: (Rp) | X9: THN | Y9: THN | Z9: (Rp) | AA9: (Rp) | AN9: (Rp) | AO9: (Rp) | AP9: (Rp) | AQ9: (Rp) | AR9: (Rp) | AS9: (Rp) | AT9: (Rp) | AU9: (Rp) | AV9: (Rp) | BF9: CTH | BG9: A | BH9: GAJI
A10: 1 | C10: L | D10: HAERUDIN | E10: =Sheet2!D29 -> 18 | F10: 134500 | G10: =SUM(F10*E10) -> 2421000 | H10: =Sheet2!E29 -> 0 | I10: =SUM(H10*F10) -> 0 | J10: =Sheet2!F29 -> 0 | K10: =J10*F10 -> 0 | L10: =Sheet2!G29 -> 3 | M10: =L10*F10 -> 403500 | N10: 1 | O10: =N10*F10 -> 134500 | P10: =Sheet2!I10 -> 0 | Q10: =P10*F10 -> 0 | R10: =E10+H10+J10+L10+N10+P10 -> 22 | X10: 2500 | Y10: 1 | AE10: =Sheet2!N29 -> 0 | AF10: =Sheet2!O29 -> 238000 | AG10: 145000 | AL10: =Sheet2!P29 -> 0 | AN10: =G10+I10+K10+M10+O10+Q10+T10+W10+Z10+AA10+AB10+AC10+AE10+AF10+AG10+AH10+AI10+AJ10+AK10-AL10-AM10 -> 3342000 | AO10: =(4035000+Z10)*0.02 -> 80700 | AP10: =(4035000+Z10)*0.0454 -> 183189 | AQ10: =AP10+AO10 -> 263889 | AR10: =(4035000+Z10)*1% -> 40350 | AS10: =(4035000+Z10)*4% -> 161400 | AT10: =(4035000+Z10)*1% -> 40350 | AU10: =(4035000+Z10)*2% -> 80700 | AV10: =AR10+AS10+AT10+AU10 -> 322800 | AZ10: =AJ10 -> 0 | BE10: =AN10-AO10-AR10-AT10-AW10-AX10-AZ10-AY10-BB10+BA10+BC10+BD10 -> 3180600 | BF10: =Sheet2!K10 -> 0 | BG10: =Sheet2!L10 -> 0 | BJ10: =BF10+BG10 -> 0 | BK10: =-(F10*BJ10) -> 0 | BM10: =T10+W10+Z10+AB10+AE10+AF10+AG10+AI10-AL10 -> 383000
D11: TOTAL | E11: =SUM(E10:E10) -> 18 | G11: =SUM(G10:G10) -> 2421000 | H11: =SUM(H10:H10) -> 0 | I11: =SUM(I10:I10) -> 0 | J11: =SUM(J10:J10) -> 0 | K11: =SUM(K10:K10) -> 0 | L11: =SUM(L10:L10) -> 3 | M11: =SUM(M10:M10) -> 403500 | N11: =SUM(N10:N10) -> 1 | ... BH11: =SUM(BH10:BH10) -> 0 | BJ11: =BF11+BG11 -> 0 | BK11: =SUM(BK10:BK10) -> 0 | BM11: =T11+W11+Z11+AB11+AE11+AF11+AG11+AI11-AL11 -> 383000
D13: Dibuat oleh, | K13: Diperiksa oleh, | AF13: Disetujui oleh, | AQ13: Disetujui Oleh
D17: GUNAWAN | K17: Haykal Galeh | AF17: Gohi Maruli L Toruan SP | AQ17: Chandra Dinata Pribadi
D18: KRANDIV IIA | K18: ASST.MANAGER PG IIA | AF18: ESTATE MANAGER DME/PGE II | AQ18: Senior Manager
K27: =744+17+4+120+30 -> 915
S28: =27+36+4+5 -> 72
AB37: =3.5*4 -> 14 | AC37: =62*15000 -> 930000
AB38: =16*3 -> 48 | AC38: 100000
AB39: 100
AC40: =1030000-200000 -> 830000

Sheet OPERATOR
A2: PT.REBINMAS JAYA
A4: DAFTAR UPAH
A5: Bulan : | D5: Januari'26 | AD5: Perkebunan : | AI5: PARIT GUNUNG | AK5: Divisi : | AL5: IIA | AR5: OPERATOR / KENET
H7: CUTI / LIBUR | W7: TUNJANGAN / PREMI | AE7: LEMBUR | AF7: PREMI | AI7: JUMLAH | AJ7: CARUMAN ASTEK | AM7: POTONGAN BPJS | AZ7: JUMLAH | BA7: KET
A8: NO. | B8: NO | C8: L/P | D8: NAMA | E8: HARI | F8: UPAH | G8: UPAH | H8: TAHUN | J8: SAKIT | L8: HAID | N8: MINGGU | P8: NASIONAL | R8: HA. / MELAH. | T8: IZIN | V8: JML | W8: BERAS | Y8: JABATAN | AB8: MASA KERJA | AH8: KONTANAN | AI8: UPAH | AR8: IURAN | AS8: PPH | AT8: POT | AW8: KONTANAN | AX8: PENGEMBALIAN PAJAK | AY8: LEBIH POTONG PAJAK | AZ8: UPAH
A9: URUT | B9: INDUK | D9: KARYAWAN | E9: KERJA | F9: DASAR | G9: POKOK | H9: JUMLAH | J9: JUMLAH | L9: JUMLAH | N9: JUMLAH | P9: JUMLAH | R9: JUMLAH | T9: JUMLAH | V9: HK | W9: (Rp)/ | X9: Jumlah | Y9: (Rp)/ | Z9: JUMLAH | AB9: (Rp)/ | AC9: JUMLAH | AI9: KOTOR | AJ9: PEKERJA | AK9: MAJIKAN | AL9: JUMLAH | AM9: PEKERJA KESEHATAN (1% ) | AN9: MAJIKAN KESEHATAN (4% ) | AO9: PEKERJA PENSIUN (1% ) | AP9: MAJIKAN PENSIUN (2% ) | AQ9: JUMLAH | AR9: SPSI | AS9: 0.05 | AT9: SIM | AZ9: BERSIH
B10: KARYAWAN | F10: (Rp) | G10: (Rp) | H10: HR | I10: (Rp) | J10: HR | K10: (Rp) | L10: HARI | M10: (Rp) | N10: HR | O10: (Rp) | P10: HR | Q10: (Rp) | R10: HARI | S10: (Rp) | T10: HARI | U10: (Rp) | W10: HK | X10: (Rp) | Y10: HK | Z10: HK | AA10: (Rp) | AB10: THN | AC10: THN | AD10: (Rp) | AE10: (Rp) | AF10: (Rp) | AI10: (Rp) | AJ10: (Rp) | AK10: (Rp) | AL10: (Rp) | AM10: (Rp) | AN10: (Rp) | AO10: (Rp) | AP10: (Rp) | AQ10: (Rp) | AZ10: (Rp) | BA10: CTH | BB10: A
A11: 1 | B11: C0178 | C11: L | D11: ARWANDI | E11: 25 | F11: 134500 | G11: =E11*F11 -> 3362500 | I11: =SUM(H11*F11) -> 0 | K11: =F11*J11 -> 0 | N11: 4 | O11: =SUM(N11*F11) -> 538000 | P11: 2 | Q11: =SUM(P11*F11) -> 269000 | S11: =SUM(R11*F11) -> 0 | U11: =SUM(T11*F11) -> 0 | V11: =SUM(T11+R11+P11+N11+L11+J11+H11+E11) -> 31 | W11: 4200 | X11: =SUM(W11*V11) -> 130200 | Y11: 3500 | Z11: =E11 -> 25 | AA11: =SUM(Z11*Y11) -> 87500 | AB11: 2500 | AC11: 20 | AD11: 92500 | AE11: 1492716.8 | AF11: =1449915+879601 -> 2329516 | AI11: =G11+I11+K11+M11+O11+Q11+S11+U11+X11+AA11+AD11+AE11+AF11+AG11+AH11 -> 8301932.8 | AJ11: =(4035000+AD11)*0.02 -> 82550 | AK11: =(4035000+AD11)*3.7% -> 152717.5 | AL11: =SUM(AK11+AJ11) -> 235267.5 | AM11: =(4035000+AD11)*1% -> 41275 | AN11: =(4035000+AD11)*4% -> 165100 | AO11: =(4035000+AD11)*1% -> 41275 | AP11: =(4035000+AD11)*2% -> 82550 | AQ11: =AM11+AN11+AO11+AP11 -> 330200 | AR11: 4000 | AS11: =PAJAK!AK35 -> 85017 | AW11: =AH11 -> 0 | AZ11: =AI11-AJ11-AM11-AO11-AR11-AS11-AU11-AT11-AW11+AX11-AY11 -> 8047815.8 | BD11: =BA11+BB11 -> 0 | BE11: =-F11*BD11 -> 0 | BF11: =X11+AA11+AD11+AE11+AF11 -> 4132432.8
A12: 2 | B12: C0179 | C12: L | D12: RENDI PERJAYA | E12: 24 | F12: 134500 | G12: =E12*F12 -> 3228000 | H12: 1 | I12: =SUM(H12*F12) -> 134500 | K12: =F12*J12 -> 0 | N12: 4 | O12: =SUM(N12*F12) -> 538000 | P12: 2 | Q12: =SUM(P12*F12) -> 269000 | S12: =SUM(R12*F12) -> 0 | U12: =SUM(T12*F12) -> 0 | V12: =SUM(T12+R12+P12+N12+L12+J12+H12+E12) -> 31 | W12: 4200 | X12: =SUM(W12*V12) -> 130200 | Y12: 2500 | Z12: =E12 -> 24 | AA12: =SUM(Z12*Y12) -> 60000 | AB12: 2500 | AC12: 7 | AD12: 33000 | AE12: 1586011.6 | AF12: =1449915+714632 -> 2164547 | AI12: =G12+I12+K12+M12+O12+Q12+S12+U12+X12+AA12+AD12+AE12+AF12+AG12+AH12 -> 8143258.6 | AJ12: =(4035000+AD12)*0.02 -> 81360 | AK12: =(4035000+AD12)*3.7% -> 150516 | AL12: =SUM(AK12+AJ12) -> 231876 | AM12: =(4035000+AD12)*1% -> 40680 | AN12: =(4035000+AD12)*4% -> 162720 | AO12: =(4035000+AD12)*1% -> 40680 | AP12: =(4035000+AD12)*2% -> 81360 | AQ12: =AM12+AN12+AO12+AP12 -> 325440 | AR12: 4000 | AS12: =PAJAK!AK36 -> 83402 | AW12: =AH12 -> 0 | AZ12: =AI12-AJ12-AM12-AO12-AR12-AS12-AU12-AT12-AW12+AX12 -> 7893136.6 | BD12: =BA12+BB12 -> 0 | BE12: =-F12*BD12 -> 0 | BF12: =X12+AA12+AD12+AE12+AF12 -> 3973758.6
A13: 3 | B13: C0180 | C13: L | D13: ANDI | E13: 24 | F13: 134500 | G13: =E13*F13 -> 3228000 | H13: 1 | I13: =SUM(H13*F13) -> 134500 | K13: =F13*J13 -> 0 | N13: 4 | O13: =SUM(N13*F13) -> 538000 | P13: 2 | Q13: =SUM(P13*F13) -> 269000 | S13: =SUM(R13*F13) -> 0 | U13: =SUM(T13*F13) -> 0 | V13: =SUM(T13+R13+P13+N13+L13+J13+H13+E13) -> 31 | W13: 4650 | X13: =SUM(W13*V13) -> 144150 | Y13: 3500 | Z13: =E13 -> 24 | AA13: =SUM(Z13*Y13) -> 84000 | AB13: 2500 | AC13: 12 | AD13: 89000 | AE13: 1259479.8 | AF13: =929015+396505 -> 1325520 | AI13: =G13+I13+K13+M13+O13+Q13+S13+U13+X13+AA13+AD13+AE13+AF13+AG13+AH13 -> 7071649.8 | AJ13: =(4035000+AD13)*0.02 -> 82480 | AK13: =(4035000+AD13)*3.7% -> 152588 | AL13: =SUM(AK13+AJ13) -> 235068 | AM13: =(4035000+AD13)*1% -> 41240 | AN13: =(4035000+AD13)*4% -> 164960 | AO13: =(4035000+AD13)*1% -> 41240 | AP13: =(4035000+AD13)*2% -> 82480 | AQ13: =AM13+AN13+AO13+AP13 -> 329920 | AR13: 4000 | AS13: =PAJAK!AK37 -> 54534 | AW13: =AH13 -> 0 | AZ13: =AI13-AJ13-AM13-AO13-AR13-AS13-AU13-AT13-AW13+AX13 -> 6848155.8 | BD13: =BA13+BB13 -> 0 | BE13: =-F13*BD13 -> 0 | BF13: =X13+AA13+AD13+AE13+AF13 -> 2902149.8
A14: 4 | B14: C0181 | C14: L | D14: JULI | E14: 25 | F14: 134500 | G14: =E14*F14 -> 3362500 | I14: =SUM(H14*F14) -> 0 | K14: =F14*J14 -> 0 | N14: 4 | O14: =SUM(N14*F14) -> 538000 | P14: 2 | Q14: =SUM(P14*F14) -> 269000 | S14: =SUM(R14*F14) -> 0 | U14: =SUM(T14*F14) -> 0 | V14: =SUM(T14+R14+P14+N14+L14+J14+H14+E14) -> 31 | W14: 5550 | X14: =SUM(W14*V14) -> 172050 | Y14: 2500 | Z14: =E14 -> 25 | AA14: =SUM(Z14*Y14) -> 62500 | AB14: 2500 | AC14: 8 | AD14: 96000 | AE14: 1294465.4 | AF14: =1019470+435085 -> 1454555 | AI14: =G14+I14+K14+M14+O14+Q14+S14+U14+X14+AA14+AD14+AE14+AF14+AG14+AH14 -> 7249070.3 | AJ14: =(4035000+AD14)*0.02 -> 82620 | AK14: =(4035000+AD14)*3.7% -> 152847 | AL14: =SUM(AK14+AJ14) -> 235467 | AM14: =(4035000+AD14)*1% -> 41310 | AN14: =(4035000+AD14)*4% -> 165240 | AO14: =(4035000+AD14)*1% -> 41310 | AP14: =(4035000+AD14)*2% -> 82620 | AQ14: =AM14+AN14+AO14+AP14 -> 330480 | AR14: 4000 | AS14: =PAJAK!AK38 -> 74490 | AW14: =AH14 -> 0 | AZ14: =AI14-AJ14-AM14-AO14-AR14-AS14-AU14-AT14-AW14+AX14 -> 7005340.3 | BD14: =BA14+BB14 -> 0 | BE14: =-F14*BD14 -> 0 | BF14: =X14+AA14+AD14+AE14+AF14 -> 3079570.4
E15: =SUM(E11:E14) -> 98 | F15: =SUM(F11:F14) -> 538000 | G15: =SUM(G11:G14) -> 13181000 | H15: =SUM(H11:H14) -> 2 | I15: =SUM(I11:I14) -> 269000 | J15: =SUM(J11:J14) -> 0 | K15: =SUM(K11:K14) -> 0 | L15: =SUM(L11:L14) -> 0 | ... V15: =SUM(V11:V14) -> 124 | X15: =SUM(X11:X14) -> 576600 | Y15: =SUM(Y11:Y14) -> 12000 | Z15: =SUM(Z11:Z14) -> 98 | AA15: =SUM(AA11:AA14) -> 294000 | AD15: =SUM(AD11:AD14) -> 310500 | AE15: =SUM(AE11:AE14) -> 5632673.6 | AF15: =SUM(AF11:AF14) -> 7274138 | AG15: =SUM(AG11:AG14) -> 0 | AH15: =SUM(AH11:AH14) -> 0 | AI15: =SUM(AI11:AI14) -> 30765912 | AJ15: =SUM(AJ11:AJ14) -> 329010 | AK15: =SUM(AK11:AK14) -> 608668.5 | ... BB15: =SUM(BB11:BB14) -> 0 | BD15: =BA15+BB15 -> 0 | BE15: =SUM(BE11:BE14) -> 0 | BF15: =X15+AA15+AD15+AE15+AF15 -> 14087912
D17: Dibuat oleh, | I17: Diperiksa oleh, | AF17: Disetujui oleh, | AP17: Disetujui Oleh
D21: GUNAWAN | I21: Haykal Galeh | AF21: Gohi Maruli L Toruan SP | AP21: Chandra Dinata Pribadi
D22: KRANDIV IIA | I22: ASST.MANAGER PG IIA | AF22: ESTATE MANAGER DME/PGE II | AP22: Senior Manager
R345: 26

Sheet BRI
A1: DAFTAR GAJI KARYAWAN DIVISI IIA
A2: KE BANK BRI
E3: BULAN : NOVEMBER 2025
A4: NO | B4: KODE KARYAWAN | C4: NO REKENING | D4: AMOUNT | E4: NAMA KARYAWAN
A5: 1 | B5: C0001 | C5: 13101020059507 | D5: ='GAJI MAINTENANCE AJ'!AZ10 -> 8150894 | E5: GUNAWAN
A6: 2 | B6: C0002 | C6: 13101019821505 | D6: ='GAJI MAINTENANCE AJ'!AZ11 -> 4405798 | E6: RILYANI
A7: 3 | B7: C0003 | C7: 13101019710500 | D7: ='GAJI MAINTENANCE AJ'!AZ12 -> 4323865 | E7: JUNAIDI
A8: 4 | B8: C0005 | C8: 13101019735500 | D8: ='GAJI MAINTENANCE AJ'!AZ13 -> 4246878 | E8: ASUNTI
A9: 5 | B9: C0007 | C9: 13101019814508 | D9: ='GAJI MAINTENANCE AJ'!AZ14 -> 4145507 | E9: JONI
A10: 6 | B10: C0008 | C10: 13101019817506 | D10: ='GAJI MAINTENANCE AJ'!AZ15 -> 4284657 | E10: THAHA.S
A11: 7 | B11: C0009 | C11: 13101020056509 | D11: ='GAJI MAINTENANCE AJ'!AZ16 -> 4152478 | E11: ALEX
A12: 8 | B12: C0010 | C12: 13101020058501 | D12: ='GAJI MAINTENANCE AJ'!AZ17 -> 4264079 | E12: SANDY
A13: 9 | B13: C0011 | C13: 13101019832506 | D13: ='GAJI MAINTENANCE AJ'!AZ18 -> 4284657 | E13: ANTON
A14: 10 | B14: C0013 | C14: 13101019851500 | D14: ='GAJI MAINTENANCE AJ'!AZ19 -> 4307328 | E14: EKA NOVIANTI
A15: 11 | B15: C0016 | C15: 13101019799504 | D15: ='GAJI MAINTENANCE AJ'!AZ20 -> 4250345 | E15: JUMIATI
A16: 12 | B16: C0019 | C16: 13101019840509 | D16: ='GAJI MAINTENANCE AJ'!AZ21 -> 4297518 | E16: SUPARDI
A17: 13 | B17: C0025 | C17: 13101019887501 | D17: ='GAJI MAINTENANCE AJ'!AZ22 -> 4309675 | E17: SUMARDI
A18: 14 | B18: C0028 | C18: 013101029706509 | D18: ='GAJI MAINTENANCE AJ'!AZ23 -> 4253098 | E18: ASBI
A19: 15 | B19: C0030 | C19: 013101047898500 | D19: ='GAJI MAINTENANCE AJ'!AZ24 -> 4279286 | E19: YANDI
A20: 16 | B20: C0033 | C20: 13101020063506 | D20: ='GAJI MAINTENANCE AJ'!AZ25 -> 4299064.5 | E20: APRIZAL
A21: 17 | B21: C0102 | C21: 013101019825509 | D21: ='GAJI MAINTENANCE AJ'!AZ26 -> 4284657 | E21: ERRY SAPUTRA
A22: 18 | B22: C0026 | C22: 013101002804538 | D22: ='GAJI MAINTENANCE AJ'!AZ27 -> 5283453.7 | E22: WIDODO.JP
A23: 19 | B23: C0727 | C23: 013101019857506 | D23: ='GAJI MAINTENANCE AJ'!AZ28 -> 4246878 | E23: YANTI NOVITA
A24: 20 | B24: C0268 | C24: 13101035735504 | D24: ='GAJI MAINTENANCE AJ'!#REF! -> #REF! | E24: MANSUR
A25: 21 | B25: C0710 | C25: 013101037810504 | D25: ='GAJI MAINTENANCE AJ'!AZ29 -> 4188150 | E25: RIJAL
A26: 22 | B26: C0075 | C26: 013101029942503 | D26: ='GAJI MAINTENANCE AJ'!AZ30 -> 4257951 | E26: SULTAN
A27: 23 | B27: C0716 | C27: 013101020192509 | D27: ='GAJI MAINTENANCE AJ'!AZ31 -> 4127785 | E27: EKO SUMANJAYA
A28: 24 | B28: C0715 | C28: 013101026308506 | D28: ='GAJI MAINTENANCE AJ'!AZ32 -> 4247118 | E28: SUMARDI
A29: 25 | B29: C0616 | C29: 013101050900508 | D29: ='GAJI MAINTENANCE AJ'!AZ33 -> 3844800 | E29: SUKARDI
A30: 26 | B30: C0206 | C30: 013101026468500 | D30: ='GAJI MAINTENANCE AJ'!AZ34 -> 4260052 | E30: MUSDI
A31: 27 | B31: C0729 | C31: 013101055709509 | D31: ='GAJI MAINTENANCE AJ'!AZ35 -> 4077850 | E31: NOLA WILANDA
A32: 28 | B32: C0730 | C32: 013101055711506 | D32: ='GAJI MAINTENANCE AJ'!AZ36 -> 3941100 | E32: AGUSTIAN
A33: 29 | B33: C0731 | C33: 013101055710500 | D33: ='GAJI MAINTENANCE AJ'!AZ37 -> 3941100 | E33: DWI MARZETI
A34: 30 | C34: 013101020186508 | D34: ='GAJI MAINTENANCE AJ'!AZ38 -> 4150480 | E34: SAHARUDIN
A35: TOTAL | D35: =SUM(D5:D34) -> #REF!
A36: 31 | B36: C0178 | C36: 013101019752502 | D36: =OPERATOR!AZ11 -> 8047815.8 | E36: ARWANDI
A37: 32 | B37: C0179 | C37: 013101020061504 | D37: =OPERATOR!AZ12 -> 7893136.6 | E37: RENDI PERJAYA
A38: 33 | B38: C0510 | C38: 013101027088507 | D38: =OPERATOR!AZ13 -> 6848155.8 | E38: ANDI
A39: 34 | B39: C0511 | C39: 013101029262505 | D39: =OPERATOR!AZ14 -> 7005340.3 | E39: JULI
A40: TOTAL | D40: =SUM(D36:D39) -> 29794449
A42: NO | B42: KODE KARYAWAN | C42: NO REKENING | D42: AMOUNT | E42: NAMA KARYAWAN
A43: 35 | B43: C0526 | C43: 013101046647508 | D43: ='PANEN 1'!BF10 -> 4994200 | E43: DICKY PRATAMA
A44: 36 | B44: C0032 | C44: 013101020054507 | D44: ='PANEN 1'!BF11 -> 5642630 | E44: RIDHO APRIZAL
A45: 37 | B45: C0050 | C45: 013101028423506 | D45: ='PANEN 1'!BF12 -> 5084955.2 | E45: SUIP
A46: 38 | B46: C0051 | C46: 013101028425508 | D46: ='PANEN 1'!BF13 -> 5337819.2 | E46: ROBIN DINATA
A47: 39 | B47: C0054 | C47: 013101029502507 | D47: ='PANEN 1'!BF14 -> 5535723.2 | E47: SAPARUDIN
A48: 40 | B48: C0374 | C48: 013101039187509 | D48: ='PANEN 1'!BF15 -> 5346824.7 | E48: SONJA PRIYOGA
A49: 41 | B49: C0496 | C49: 013101043332502 | D49: ='PANEN 1'!BF16 -> 5638910 | E49: AHAP
A50: 42 | B50: C0595 | C50: 013101049694504 | D50: ='PANEN 1'!BF17 -> 4965182.2 | E50: IHSAN
A51: 43 | B51: C0603 | C51: 013101050486504 | D51: ='PANEN 1'!BF18 -> 6498186.3 | E51: QISTAHAM
A52: 44 | B52: C0612 | C52: 013101050741506 | D52: ='PANEN 1'!BF19 -> 5990620 | E52: JAYADI
A53: 45 | B53: C0645 | C53: 013101050995503 | D53: ='PANEN 1'!BF20 -> 5098424.3 | E53: MUHAMAD AMIN
A54: 46 | B54: C0680 | C54: 013101052024502 | D54: ='PANEN 1'!BF21 -> 6552779.7 | E54: SAMSUL HADI
... A61: 53 | B61: C0728 | C61: 580401018446534 | D61: ='PANEN 1'!BF28 -> 4256389.1 | E61: M.IDRIS PRATAMA
A62: 54 | B62: C0738 | D62: ='PANEN 1'!BF29 -> 4957823.4 | E62: SUTRA PRAYOGI
A63: TOTAL | D63: =SUM(D43:D62) -> 1.0656386e+08
A64: GRAND TOTAL | D64: =D35+D40+D63 -> #REF!
D66: 242654947 | Y66: Disahkan oleh,
A67: Dibuat oleh, | D67: Disetujui oleh, | E67: Disetujui oleh,
X70: PHILIP ABRAHAM OOMMEN
A71: Gunawan | D71: Gohi Maruli L Toruan SP | E71: Chandra Dinata Pribadi | Y71: AREA MGR PGE/DME
A72: Krani Divisi | D72: Estate Manager | E72: Senior Manager
D75: ='GAJI MAINTENANCE AJ'!AZ39+'PANEN 1'!BF30+OPERATOR!AZ15 -> 2.6346481e+08

Sheet rekon 1
A1: PT REBINMAS JAYA
A2: PARIT GUNUNG ESTATE 2A
A4: REKONSILIASI GAJI MANUAL DENGAN PLANTWARE
A5: DIVISI AIR JANGKAT
A6: NO | B6: CODE | C6: NAMA | D6: GAJI MANUAL | E6: GAJI PLANTWARE | F6: SELISIH | G6: URAIAN | Y6: TOTAL SELISIH
G7: HK | J7: OT | M7: BERAS | P7: MASA KERJA | S7: PREMI PANEN | V7: BPJS
G8: Manual | H8: Plantware | I8: (+/-) | J8: Manual | K8: Plantware | L8: (+/-) | M8: Manual | N8: Plantware | O8: (+/-) | P8: Manual | Q8: Plantware | R8: (+/-) | S8: Manual | T8: Plantware | U8: (+/-) | V8: Manual | W8: Plantware | X8: (+/-)
A9: BAGIAN : MAINTENANCE | Z9: =F9-Y9 -> 0
A10: 1 | C10: GUNAWAN | D10: ='GAJI MAINTENANCE AJ'!AZ10 -> 8150894 | E10: 8150899 | F10: =E10-D10 -> 5 | I10: =G10-H10 -> 0 | L10: =J10-K10 -> 0 | O10: =M10-N10 -> 0 | R10: =P10-Q10 -> 0 | U10: =S10-T10 -> 0 | X10: =-(V10-W10) -> 0 | Y10: =I10+L10+O10+R10+U10+X10 -> 0 | Z10: =Y10+F10 -> 5
A11: 2 | C11: RILYANI | D11: ='GAJI MAINTENANCE AJ'!AZ11 -> 4405798 | E11: 4405798 | F11: =E11-D11 -> 0 | I11: =G11-H11 -> 0 | L11: =J11-K11 -> 0 | O11: =M11-N11 -> 0 | R11: =P11-Q11 -> 0 | U11: =S11-T11 -> 0 | X11: =-(V11-W11) -> 0 | Y11: =I11+L11+O11+R11+U11+X11 -> 0 | Z11: =Y11+F11 -> 0
A12: 3 | C12: JUNAIDI | D12: ='GAJI MAINTENANCE AJ'!AZ12 -> 4323865 | E12: 4323865 | F12: =E12-D12 -> 0 | I12: =G12-H12 -> 0 | L12: =J12-K12 -> 0 | O12: =M12-N12 -> 0 | R12: =P12-Q12 -> 0 | U12: =S12-T12 -> 0 | X12: =-(V12-W12) -> 0 | Y12: =I12+L12+O12+R12+U12+X12 -> 0 | Z12: =Y12+F12 -> 0
A13: 4 | C13: ASUNTI | D13: ='GAJI MAINTENANCE AJ'!AZ13 -> 4246878 | E13: 4246878 | F13: =E13-D13 -> 0 | I13: =G13-H13 -> 0 | L13: =J13-K13 -> 0 | O13: =M13-N13 -> 0 | R13: =P13-Q13 -> 0 | U13: =S13-T13 -> 0 | X13: =-(V13-W13) -> 0 | Y13: =I13+L13+O13+R13+U13+X13 -> 0 | Z13: =Y13+F13 -> 0
A14: 5 | C14: JONI | D14: ='GAJI MAINTENANCE AJ'!AZ14 -> 4145507 | E14: 4145507 | F14: =E14-D14 -> 0 | I14: =G14-H14 -> 0 | L14: =J14-K14 -> 0 | O14: =M14-N14 -> 0 | R14: =P14-Q14 -> 0 | U14: =S14-T14 -> 0 | X14: =-(V14-W14) -> 0 | Y14: =I14+L14+O14+R14+U14+X14 -> 0 | Z14: =Y14+F14 -> 0
A15: 6 | C15: THAHA.S | D15: ='GAJI MAINTENANCE AJ'!AZ15 -> 4284657 | E15: 4284657 | F15: =E15-D15 -> 0 | I15: =G15-H15 -> 0 | L15: =J15-K15 -> 0 | O15: =M15-N15 -> 0 | R15: =P15-Q15 -> 0 | U15: =S15-T15 -> 0 | X15: =-(V15-W15) -> 0 | Y15: =I15+L15+O15+R15+U15+X15 -> 0 | Z15: =Y15+F15 -> 0
A16: 7 | C16: ALEX | D16: ='GAJI MAINTENANCE AJ'!AZ16 -> 4152478 | E16: 4152478 | F16: =E16-D16 -> 0 | I16: =G16-H16 -> 0 | L16: =J16-K16 -> 0 | O16: =M16-N16 -> 0 | R16: =P16-Q16 -> 0 | U16: =S16-T16 -> 0 | X16: =-(V16-W16) -> 0 | Y16: =I16+L16+O16+R16+U16+X16 -> 0 | Z16: =Y16+F16 -> 0
A17: 8 | C17: SANDY | D17: ='GAJI MAINTENANCE AJ'!AZ17 -> 4264079 | E17: 4264079 | F17: =E17-D17 -> 0 | I17: =G17-H17 -> 0 | L17: =J17-K17 -> 0 | O17: =M17-N17 -> 0 | R17: =P17-Q17 -> 0 | U17: =S17-T17 -> 0 | X17: =-(V17-W17) -> 0 | Y17: =I17+L17+O17+R17+U17+X17 -> 0 | Z17: =Y17+F17 -> 0
A18: 9 | C18: ANTON | D18: ='GAJI MAINTENANCE AJ'!AZ18 -> 4284657 | E18: 4284657 | F18: =E18-D18 -> 0 | I18: =G18-H18 -> 0 | L18: =J18-K18 -> 0 | O18: =M18-N18 -> 0 | R18: =P18-Q18 -> 0 | U18: =S18-T18 -> 0 | X18: =-(V18-W18) -> 0 | Y18: =I18+L18+O18+R18+U18+X18 -> 0 | Z18: =Y18+F18 -> 0
A19: 10 | C19: EKA NOVIANTI | D19: ='GAJI MAINTENANCE AJ'!AZ19 -> 4307328 | E19: 4307328 | F19: =E19-D19 -> 0 | I19: =G19-H19 -> 0 | L19: =J19-K19 -> 0 | O19: =M19-N19 -> 0 | R19: =P19-Q19 -> 0 | U19: =S19-T19 -> 0 | X19: =-(V19-W19) -> 0 | Y19: =I19+L19+O19+R19+U19+X19 -> 0 | Z19: =Y19+F19 -> 0
A20: 11 | C20: JUMIATI | D20: ='GAJI MAINTENANCE AJ'!AZ20 -> 4250345 | E20: 4250345 | F20: =E20-D20 -> 0 | I20: =G20-H20 -> 0 | L20: =J20-K20 -> 0 | O20: =M20-N20 -> 0 | R20: =P20-Q20 -> 0 | U20: =S20-T20 -> 0 | X20: =-(V20-W20) -> 0 | Y20: =I20+L20+O20+R20+U20+X20 -> 0 | Z20: =Y20+F20 -> 0
A21: 12 | C21: SUPARDI | D21: ='GAJI MAINTENANCE AJ'!AZ21 -> 4297518 | E21: 4297518 | F21: =E21-D21 -> 0 | I21: =G21-H21 -> 0 | L21: =J21-K21 -> 0 | O21: =M21-N21 -> 0 | R21: =P21-Q21 -> 0 | U21: =S21-T21 -> 0 | X21: =-(V21-W21) -> 0 | Y21: =I21+L21+O21+R21+U21+X21 -> 0 | Z21: =Y21+F21 -> 0
A22: 13 | C22: SUMARDI | D22: ='GAJI MAINTENANCE AJ'!AZ22 -> 4309675 | E22: =4335595-27000 -> 4308595 | F22: =E22-D22 -> -1080 | I22: =G22-H22 -> 0 | L22: =J22-K22 -> 0 | O22: =M22-N22 -> 0 | R22: =P22-Q22 -> 0 | U22: =S22-T22 -> 0 | X22: =-(V22-W22) -> 0 | Y22: =I22+L22+O22+R22+U22+X22 -> 0 | Z22: =Y22+F22 -> -1080
A23: 14 | C23: ASBI | D23: ='GAJI MAINTENANCE AJ'!AZ23 -> 4253098 | E23: 4253098 | F23: =E23-D23 -> 0 | I23: =G23-H23 -> 0 | L23: =J23-K23 -> 0 | O23: =M23-N23 -> 0 | R23: =P23-Q23 -> 0 | U23: =S23-T23 -> 0 | X23: =-(V23-W23) -> 0 | Y23: =I23+L23+O23+R23+U23+X23 -> 0 | Z23: =Y23+F23 -> 0
A24: 15 | C24: YANDI | D24: ='GAJI MAINTENANCE AJ'!AZ24 -> 4279286 | E24: 4279286 | F24: =E24-D24 -> 0 | I24: =G24-H24 -> 0 | L24: =J24-K24 -> 0 | O24: =M24-N24 -> 0 | R24: =P24-Q24 -> 0 | U24: =S24-T24 -> 0 | X24: =-(V24-W24) -> 0 | Y24: =I24+L24+O24+R24+U24+X24 -> 0 | Z24: =Y24+F24 -> 0
A25: 16 | C25: APRIZAL | D25: ='GAJI MAINTENANCE AJ'!AZ25 -> 4299064.5 | E25: 4299065 | F25: =E25-D25 -> 0.45 | I25: =G25-H25 -> 0 | L25: =J25-K25 -> 0 | O25: =M25-N25 -> 0 | R25: =P25-Q25 -> 0 | U25: =S25-T25 -> 0 | X25: =-(V25-W25) -> 0 | Y25: =I25+L25+O25+R25+U25+X25 -> 0 | Z25: =Y25+F25 -> 0.45
A26: 17 | C26: ERRY | D26: ='GAJI MAINTENANCE AJ'!AZ26 -> 4284657 | E26: 4284657 | F26: =E26-D26 -> 0 | I26: =G26-H26 -> 0 | L26: =J26-K26 -> 0 | O26: =M26-N26 -> 0 | R26: =P26-Q26 -> 0 | U26: =S26-T26 -> 0 | X26: =-(V26-W26) -> 0 | Y26: =I26+L26+O26+R26+U26+X26 -> 0 | Z26: =Y26+F26 -> 0
A27: 18 | C27: WIDODO | D27: ='GAJI MAINTENANCE AJ'!AZ27 -> 5283453.7 | E27: 5283457 | F27: =E27-D27 -> 3.3 | I27: =G27-H27 -> 0 | L27: =J27-K27 -> 0 | O27: =M27-N27 -> 0 | R27: =P27-Q27 -> 0 | U27: =S27-T27 -> 0 | X27: =-(V27-W27) -> 0 | Y27: =I27+L27+O27+R27+U27+X27 -> 0 | Z27: =Y27+F27 -> 3.3
A28: 19 | C28: YANTI NOVITA | D28: ='GAJI MAINTENANCE AJ'!AZ28 -> 4246878 | E28: 4246878 | F28: =E28-D28 -> 0 | I28: =G28-H28 -> 0 | L28: =J28-K28 -> 0 | O28: =M28-N28 -> 0 | R28: =P28-Q28 -> 0 | U28: =S28-T28 -> 0 | X28: =-(V28-W28) -> 0 | Y28: =I28+L28+O28+R28+U28+X28 -> 0 | Z28: =Y28+F28 -> 0
A29: 20 | C29: RIJAL | D29: ='GAJI MAINTENANCE AJ'!AZ29 -> 4188150 | E29: 4188150 | F29: =E29-D29 -> 0 | I29: =G29-H29 -> 0 | L29: =J29-K29 -> 0 | O29: =M29-N29 -> 0 | R29: =P29-Q29 -> 0 | U29: =S29-T29 -> 0 | X29: =-(V29-W29) -> 0 | Y29: =I29+L29+O29+R29+U29+X29 -> 0 | Z29: =Y29+F29 -> 0
A30: 21 | C30: SULTAN | D30: ='GAJI MAINTENANCE AJ'!AZ30 -> 4257951 | E30: 4257951 | F30: =E30-D30 -> 0 | I30: =G30-H30 -> 0 | L30: =J30-K30 -> 0 | O30: =M30-N30 -> 0 | R30: =P30-Q30 -> 0 | U30: =S30-T30 -> 0 | X30: =-(V30-W30) -> 0 | Y30: =I30+L30+O30+R30+U30+X30 -> 0 | Z30: =Y30+F30 -> 0
A31: 22 | C31: EKO SUMANJAYA | D31: ='GAJI MAINTENANCE AJ'!AZ31 -> 4127785 | E31: 4127785 | F31: =E31-D31 -> 0 | I31: =G31-H31 -> 0 | L31: =J31-K31 -> 0 | O31: =M31-N31 -> 0 | R31: =P31-Q31 -> 0 | U31: =S31-T31 -> 0 | X31: =-(V31-W31) -> 0 | Y31: =I31+L31+O31+R31+U31+X31 -> 0 | Z31: =Y31+F31 -> 0
A32: 23 | C32: SUMARDI | D32: ='GAJI MAINTENANCE AJ'!AZ32 -> 4247118 | E32: 4221198 | F32: =E32-D32 -> -25920 | G32: ='GAJI MAINTENANCE AJ'!G32+'GAJI MAINTENANCE AJ'!O32+'GAJI MAINTENANCE AJ'!Q32 -> 4169500 | H32: 4169500 | I32: =G32-H32 -> 0 | L32: =J32-K32 -> 0 | M32: ='GAJI MAINTENANCE AJ'!X32 -> 130200 | N32: 130200 | O32: =M32-N32 -> 0 | P32: 27000 | R32: =P32-Q32 -> 27000 | U32: =S32-T32 -> 0 | X32: =-(V32-W32) -> 0 | Y32: =I32+L32+O32+R32+U32+X32 -> 27000 | Z32: =Y32+F32 -> 1080
A33: 24 | C33: SUKARDI | D33: ='GAJI MAINTENANCE AJ'!AZ33 -> 3844800 | E33: 3844800 | F33: =E33-D33 -> 0 | I33: =G33-H33 -> 0 | L33: =J33-K33 -> 0 | O33: =M33-N33 -> 0 | R33: =P33-Q33 -> 0 | U33: =S33-T33 -> 0 | X33: =-(V33-W33) -> 0 | Y33: =I33+L33+O33+R33+U33+X33 -> 0 | Z33: =Y33+F33 -> 0
A34: 25 | C34: MUSDI | D34: ='GAJI MAINTENANCE AJ'!AZ34 -> 4260052 | E34: 4260052 | F34: =E34-D34 -> 0 | I34: =G34-H34 -> 0 | L34: =J34-K34 -> 0 | O34: =M34-N34 -> 0 | R34: =P34-Q34 -> 0 | U34: =S34-T34 -> 0 | X34: =-(V34-W34) -> 0 | Y34: =I34+L34+O34+R34+U34+X34 -> 0 | Z34: =Y34+F34 -> 0
A35: 26 | C35: NOLA WILANDA | D35: ='GAJI MAINTENANCE AJ'!AZ35 -> 4077850 | E35: 4077850 | F35: =E35-D35 -> 0 | I35: =G35-H35 -> 0 | L35: =J35-K35 -> 0 | O35: =M35-N35 -> 0 | R35: =P35-Q35 -> 0 | U35: =S35-T35 -> 0 | X35: =-(V35-W35) -> 0 | Y35: =I35+L35+O35+R35+U35+X35 -> 0 | Z35: =Y35+F35 -> 0
A36: 27 | C36: AGUSTIAN | D36: ='GAJI MAINTENANCE AJ'!AZ36 -> 3941100 | E36: 3941100 | F36: =E36-D36 -> 0 | I36: =G36-H36 -> 0 | L36: =J36-K36 -> 0 | O36: =M36-N36 -> 0 | R36: =P36-Q36 -> 0 | U36: =S36-T36 -> 0 | X36: =-(V36-W36) -> 0 | Y36: =I36+L36+O36+R36+U36+X36 -> 0 | Z36: =Y36+F36 -> 0
A37: 28 | C37: DWI MARZETI | D37: ='GAJI MAINTENANCE AJ'!AZ37 -> 3941100 | E37: 3941100 | F37: =E37-D37 -> 0 | I37: =G37-H37 -> 0 | L37: =J37-K37 -> 0 | O37: =M37-N37 -> 0 | R37: =P37-Q37 -> 0 | U37: =S37-T37 -> 0 | X37: =-(V37-W37) -> 0 | Y37: =I37+L37+O37+R37+U37+X37 -> 0 | Z37: =Y37+F37 -> 0
A38: 29 | C38: SAHARUDIN | D38: ='GAJI MAINTENANCE AJ'!AZ38 -> 4150480 | E38: 4150480 | F38: =E38-D38 -> 0 | I38: =G38-H38 -> 0 | L38: =J38-K38 -> 0 | O38: =M38-N38 -> 0 | R38: =P38-Q38 -> 0 | U38: =S38-T38 -> 0 | X38: =-(V38-W38) -> 0 | Y38: =I38+L38+O38+R38+U38+X38 -> 0 | Z38: =Y38+F38 -> 0
A39: TOTAL | D39: =SUM(D10:D38) -> 1.271065e+08 | E39: =SUM(E10:E38) -> 127079511 | F39: =SUM(F10:F38) -> -26991.25 | G39: =SUM(G10:G38) -> 4169500 | H39: =SUM(H10:H38) -> 4169500 | I39: =SUM(I10:I38) -> 0 | J39: =SUM(J10:J38) -> 0 | K39: =SUM(K10:K38) -> 0 | ... X39: =SUM(X10:X38) -> 0 | Y39: =I39+L39+O39+R39+U39+X39 -> 27000 | Z39: =Y39+F39 -> 8.75
A40: BAGIAN : OPERATOR & HELPER | Y40: =I40+L40+O40+R40+U40+X40 -> 0 | Z40: =Y40+F40 -> 0
A41: 30 | C41: ARWANDI | D41: =OPERATOR!AZ11 -> 8047815.8 | E41: 8036160 | F41: =E41-D41 -> -11655.8 | I41: =G41-H41 -> 0 | J41: =OPERATOR!AE11 -> 1492716.8 | K41: 1481061.00 | L41: =J41-K41 -> 11655.8 | O41: =M41-N41 -> 0 | R41: =P41-Q41 -> 0 | U41: =S41-T41 -> 0 | X41: =-(V41-W41) -> 0 | Y41: =I41+L41+O41+R41+U41+X41 -> 11655.8 | Z41: =Y41+F41 -> 2.3283064e-10
A42: 31 | C42: RENDI PERJAYA | D42: =OPERATOR!AZ12 -> 7893136.6 | E42: 7893142 | F42: =E42-D42 -> 5.4 | I42: =G42-H42 -> 0 | L42: =J42-K42 -> 0 | O42: =M42-N42 -> 0 | R42: =P42-Q42 -> 0 | U42: =S42-T42 -> 0 | X42: =-(V42-W42) -> 0 | Y42: =I42+L42+O42+R42+U42+X42 -> 0 | Z42: =Y42+F42 -> 5.4
A43: 32 | C43: ANDI | D43: =OPERATOR!AZ13 -> 6848155.8 | E43: 6848160 | F43: =E43-D43 -> 4.2 | I43: =G43-H43 -> 0 | L43: =J43-K43 -> 0 | O43: =M43-N43 -> 0 | R43: =P43-Q43 -> 0 | U43: =S43-T43 -> 0 | X43: =-(V43-W43) -> 0 | Y43: =I43+L43+O43+R43+U43+X43 -> 0 | Z43: =Y43+F43 -> 4.2
A44: 33 | C44: JULI | D44: =OPERATOR!AZ14 -> 7005340.3 | E44: 7005345 | F44: =E44-D44 -> 4.65 | I44: =G44-H44 -> 0 | L44: =J44-K44 -> 0 | O44: =M44-N44 -> 0 | R44: =P44-Q44 -> 0 | U44: =S44-T44 -> 0 | X44: =-(V44-W44) -> 0 | Y44: =I44+L44+O44+R44+U44+X44 -> 0 | Z44: =Y44+F44 -> 4.65
A45: TOTAL | D45: =SUM(D41:D44) -> 29794449 | E45: =SUM(E41:E44) -> 29782807 | F45: =SUM(F41:F44) -> -11641.55 | G45: =SUM(G41:G44) -> 0 | H45: =SUM(H41:H44) -> 0 | I45: =SUM(I41:I44) -> 0 | J45: =SUM(J41:J44) -> 1492716.8 | K45: =SUM(K41:K44) -> 0 | ... X45: =SUM(X41:X44) -> 0 | Y45: =I45+L45+O45+R45+U45+X45 -> 11655.8 | Z45: =Y45+F45 -> 14.25
A46: BAGIAN : HARVESTING | Y46: =I46+L46+O46+R46+U46+X46 -> 0 | Z46: =Y46+F46 -> 0
A47: 34 | C47: DICKY PRATAMA | D47: ='PANEN 1'!BF10 -> 4994200 | E47: 4994200 | F47: =E47-D47 -> 0 | I47: =G47-H47 -> 0 | L47: =J47-K47 -> 0 | O47: =M47-N47 -> 0 | R47: =P47-Q47 -> 0 | U47: =S47-T47 -> 0 | X47: =-(V47-W47) -> 0 | Y47: =I47+L47+O47+R47+U47+X47 -> 0 | Z47: =Y47+F47 -> 0
A48: 35 | C48: RIDHO APRIZAL | D48: ='PANEN 1'!BF11 -> 5642630 | E48: 5642630 | F48: =E48-D48 -> 0 | I48: =G48-H48 -> 0 | L48: =J48-K48 -> 0 | O48: =M48-N48 -> 0 | R48: =P48-Q48 -> 0 | T48: 0 | U48: =S48-T48 -> 0 | X48: =-(V48-W48) -> 0 | Y48: =I48+L48+O48+R48+U48+X48 -> 0 | Z48: =Y48+F48 -> 0
A49: 36 | C49: SUIP | D49: ='PANEN 1'!BF12 -> 5084955.2 | E49: 5084955 | F49: =E49-D49 -> -0.22222222 | I49: =G49-H49 -> 0 | L49: =J49-K49 -> 0 | O49: =M49-N49 -> 0 | R49: =P49-Q49 -> 0 | U49: =S49-T49 -> 0 | X49: =-(V49-W49) -> 0 | Y49: =I49+L49+O49+R49+U49+X49 -> 0 | Z49: =Y49+F49 -> -0.22222222
A50: 37 | C50: ROBIN DINATA | D50: ='PANEN 1'!BF13 -> 5337819.2 | E50: 5337819 | F50: =E50-D50 -> -0.22222222 | I50: =G50-H50 -> 0 | L50: =J50-K50 -> 0 | O50: =M50-N50 -> 0 | R50: =P50-Q50 -> 0 | U50: =S50-T50 -> 0 | X50: =-(V50-W50) -> 0 | Y50: =I50+L50+O50+R50+U50+X50 -> 0 | Z50: =Y50+F50 -> -0.22222222
A51: 38 | C51: SAPARUDIN | D51: ='PANEN 1'!BF14 -> 5535723.2 | E51: 5535723 | F51: =E51-D51 -> -0.22222222 | I51: =G51-H51 -> 0 | L51: =J51-K51 -> 0 | O51: =M51-N51 -> 0 | R51: =P51-Q51 -> 0 | U51: =S51-T51 -> 0 | X51: =-(V51-W51) -> 0 | Y51: =I51+L51+O51+R51+U51+X51 -> 0 | Z51: =Y51+F51 -> -0.22222222
A52: 39 | C52: SONJA PRIYOGA | D52: ='PANEN 1'!BF15 -> 5346824.7 | E52: 5346825 | F52: =E52-D52 -> 0.33333333 | I52: =G52-H52 -> 0 | L52: =J52-K52 -> 0 | O52: =M52-N52 -> 0 | R52: =P52-Q52 -> 0 | U52: =S52-T52 -> 0 | X52: =-(V52-W52) -> 0 | Y52: =I52+L52+O52+R52+U52+X52 -> 0 | Z52: =Y52+F52 -> 0.33333333
A53: 40 | C53: AHAP | D53: ='PANEN 1'!BF16 -> 5638910 | E53: 5638910 | F53: =E53-D53 -> 0 | I53: =G53-H53 -> 0 | L53: =J53-K53 -> 0 | O53: =M53-N53 -> 0 | R53: =P53-Q53 -> 0 | U53: =S53-T53 -> 0 | X53: =-(V53-W53) -> 0 | Y53: =I53+L53+O53+R53+U53+X53 -> 0 | Z53: =Y53+F53 -> 0
A54: 41 | C54: IHSAN | D54: ='PANEN 1'!BF17 -> 4965182.2 | E54: 4965182 | F54: =E54-D54 -> -0.22222222 | I54: =G54-H54 -> 0 | L54: =J54-K54 -> 0 | O54: =M54-N54 -> 0 | R54: =P54-Q54 -> 0 | U54: =S54-T54 -> 0 | X54: =-(V54-W54) -> 0 | Y54: =I54+L54+O54+R54+U54+X54 -> 0 | Z54: =Y54+F54 -> -0.22222222
A55: 42 | C55: QISTAHAM | D55: ='PANEN 1'!BF18 -> 6498186.3 | E55: 6498187 | F55: =E55-D55 -> 0.7 | I55: =G55-H55 -> 0 | L55: =J55-K55 -> 0 | O55: =M55-N55 -> 0 | R55: =P55-Q55 -> 0 | U55: =S55-T55 -> 0 | X55: =-(V55-W55) -> 0 | Y55: =I55+L55+O55+R55+U55+X55 -> 0 | Z55: =Y55+F55 -> 0.7
A56: 43 | C56: JAYADI | D56: ='PANEN 1'!BF19 -> 5990620 | E56: 5990620 | F56: =E56-D56 -> 0 | I56: =G56-H56 -> 0 | L56: =J56-K56 -> 0 | O56: =M56-N56 -> 0 | R56: =P56-Q56 -> 0 | U56: =S56-T56 -> 0 | X56: =-(V56-W56) -> 0 | Y56: =I56+L56+O56+R56+U56+X56 -> 0 | Z56: =Y56+F56 -> 0
A57: 44 | C57: MUHAMAD AMIN | D57: ='PANEN 1'!BF20 -> 5098424.3 | E57: 5098424 | F57: =E57-D57 -> -0.33009709 | I57: =G57-H57 -> 0 | L57: =J57-K57 -> 0 | O57: =M57-N57 -> 0 | R57: =P57-Q57 -> 0 | U57: =S57-T57 -> 0 | X57: =-(V57-W57) -> 0 | Y57: =I57+L57+O57+R57+U57+X57 -> 0 | Z57: =Y57+F57 -> -0.33009709
A58: 45 | C58: SAMSUL HADI | D58: ='PANEN 1'!BF21 -> 6552779.7 | E58: 6552781 | F58: =E58-D58 -> 1.35 | I58: =G58-H58 -> 0 | L58: =J58-K58 -> 0 | O58: =M58-N58 -> 0 | R58: =P58-Q58 -> 0 | U58: =S58-T58 -> 0 | X58: =-(V58-W58) -> 0 | Y58: =I58+L58+O58+R58+U58+X58 -> 0 | Z58: =Y58+F58 -> 1.35
A59: 46 | C59: SAPARUDIN(MILAH) | D59: ='PANEN 1'!BF22 -> 5521206 | E59: 5521206 | F59: =E59-D59 -> 0 | I59: =G59-H59 -> 0 | L59: =J59-K59 -> 0 | O59: =M59-N59 -> 0 | R59: =P59-Q59 -> 0 | U59: =S59-T59 -> 0 | X59: =-(V59-W59) -> 0 | Y59: =I59+L59+O59+R59+U59+X59 -> 0 | Z59: =Y59+F59 -> 0
A60: 47 | C60: FAHRUDIN | D60: ='PANEN 1'!BF23 -> 7348698 | E60: 7348698 | F60: =E60-D60 -> 0 | I60: =G60-H60 -> 0 | L60: =J60-K60 -> 0 | O60: =M60-N60 -> 0 | R60: =P60-Q60 -> 0 | U60: =S60-T60 -> 0 | X60: =-(V60-W60) -> 0 | Y60: =I60+L60+O60+R60+U60+X60 -> 0 | Z60: =Y60+F60 -> 0
... A62: 49 | C62: RIDUAN | D62: ='PANEN 1'!BF25 -> 4846738.3 | E62: 4846738 | F62: =E62-D62 -> -0.33333333 | I62: =G62-H62 -> 0 | L62: =J62-K62 -> 0 | O62: =M62-N62 -> 0 | R62: =P62-Q62 -> 0 | U62: =S62-T62 -> 0 | X62: =-(V62-W62) -> 0 | Y62: =I62+L62+O62+R62+U62+X62 -> 0 | Z62: =Y62+F62 -> -0.33333333
A63: 50 | C63: DEKY FRANZA | D63: ='PANEN 1'!BF26 -> 3354006.9 | E63: 3354007 | F63: =E63-D63 -> 0.097087379 | I63: =G63-H63 -> 0 | L63: =J63-K63 -> 0 | O63: =M63-N63 -> 0 | Q63: 0 | R63: =P63-Q63 -> 0 | U63: =S63-T63 -> 0 | X63: =-(V63-W63) -> 0 | Y63: =I63+L63+O63+R63+U63+X63 -> 0 | Z63: =Y63+F63 -> 0.097087379
A64: 51 | C64: FRANSISKO GAUTAMA | D64: ='PANEN 1'!BF27 -> 4657411.8 | E64: 4657412 | F64: =E64-D64 -> 0.22222222 | I64: =G64-H64 -> 0 | L64: =J64-K64 -> 0 | O64: =M64-N64 -> 0 | Q64: 0 | R64: =P64-Q64 -> 0 | U64: =S64-T64 -> 0 | X64: =-(V64-W64) -> 0 | Y64: =I64+L64+O64+R64+U64+X64 -> 0 | Z64: =Y64+F64 -> 0.22222222
A65: 52 | C65: M.IDRIS PRATAMA | D65: ='PANEN 1'!BF28 -> 4256389.1 | E65: 4256389 | F65: =E65-D65 -> -0.11111111 | I65: =G65-H65 -> 0 | L65: =J65-K65 -> 0 | O65: =M65-N65 -> 0 | Q65: 0 | R65: =P65-Q65 -> 0 | U65: =S65-T65 -> 0 | X65: =-(V65-W65) -> 0 | Y65: =I65+L65+O65+R65+U65+X65 -> 0 | Z65: =Y65+F65 -> -0.11111111
A66: 53 | C66: SUTRA PRAYOGI | D66: ='PANEN 1'!BF29 -> 4957823.4 | E66: 4957823 | F66: =E66-D66 -> -0.37864078 | I66: =G66-H66 -> 0 | L66: =J66-K66 -> 0 | O66: =M66-N66 -> 0 | Q66: 0 | R66: =P66-Q66 -> 0 | U66: =S66-T66 -> 0 | X66: =-(V66-W66) -> 0 | Y66: =I66+L66+O66+R66+U66+X66 -> 0 | Z66: =Y66+F66 -> -0.37864078
A67: 54 | C67: HAERUDIN | D67: ='PANEN BHL'!BE10 -> 3180600 | E67: 3180600 | F67: =E67-D67 -> 0 | I67: =G67-H67 -> 0 | L67: =J67-K67 -> 0 | O67: =M67-N67 -> 0 | Q67: 0 | R67: =P67-Q67 -> 0 | U67: =S67-T67 -> 0 | X67: =-(V67-W67) -> 0 | Y67: =I67+L67+O67+R67+U67+X67 -> 0
A68: TOTAL | D68: =SUM(D47:D67) -> 1.0974446e+08 | E68: =SUM(E47:E67) -> 109744457 | F68: =SUM(F47:F67) -> 0.40814455 | G68: =SUM(G47:G67) -> 0 | H68: =SUM(H47:H67) -> 0 | I68: =SUM(I47:I67) -> 0 | J68: =SUM(J47:J67) -> 0 | K68: =SUM(K47:K67) -> 0 | ... P68: =SUM(P47:P67) -> 0 | Q68: 0 | R68: =SUM(R47:R67) -> 0 | S68: =SUM(S47:S67) -> 0 | T68: =SUM(T47:T67) -> 0 | U68: =SUM(U47:U67) -> 0 | V68: =SUM(V47:V67) -> 0 | W68: =SUM(W47:W67) -> 0 | X68: =SUM(X47:X67) -> 0 | Y68: =SUM(Y47:Y67) -> 0 | Z68: =Y68+F68 -> 0.40814455
A69: GRAND TOTAL | D69: =D39+D45+D68 -> 2.6664541e+08 | E69: =E39+E45+E68 -> 266606775 | F69: =F39+F45+F68 -> -38632.392 | G69: =G39+G45+G68 -> 4169500 | H69: =H39+H45+H68 -> 4169500 | I69: =I39+I45+I68 -> 0 | J69: =J39+J45+J68 -> 1492716.8 | K69: =K39+K45+K68 -> 0 | ... Y69: =Y39+Y45+Y68 -> 38655.8 | Z69: =Y69+F69 -> 23.408145

Sheet PAJAK
B1: PT. REBINMAS JAYA
B2: INCOME TAX ARTICLE 21 FOR JANUARI 2026
B3: PGE 2A (AIR JANGKAT)
C4: yang berwarna ini rumus | O4: T.Beras | P4: T.Jabatan | Q4: Lembur
B5: NO. | C5: NAMA KARYAWAN | D5: N I K / PASPOR | E5: N P W P | F5: A L A M A T | G5: JABATAN | H5: L/P | I5: PTKP | J5: TER | K5: Gaji Pokok | L5: Astek Ins (0,84%) | M5: BPJS KESEHATAN (4%) | N5: Transport Allow | O5: Rice Allow | P5: Structural Allow | Q5: Service Time Allow | R5: Tunjangan Pulsa | S5: Masa Kerja | T5: PREMI TBS | U5: PREMI BRONDOL | V5: PREMI PRUNING | W5: PREMI RAKING | X5: TUNJANGAN PREMI | Y5: TUNJANGAN GENSET | Z5: PENGEMBALIAN TIKET | AA5: INSENTIF PANEN | AB5: KOREKSI | AC5: KONTANAN | AD5: PIKET LEBARAN | AE5: POT. ALPA & POT. CTH ( CUTI TANPA HK ) | AF5: THR | AG5: Bonus | AH5: THR | AI5: Penghasilan Bruto | AJ5: Tarif TER | AK5: PPh 21
B6: 1 | C6: GUNAWAN | D6: 1902040612940006 | E6: 66.907.954.3-305.000 | F6: AIR BATU BUDING RT. 002 RW. 001 DESA AIR BATU BUDING KEC. BADAU | G6: KRANI DIVISI | H6: L | I6: K/2 | J6: =IF(ISBLANK(I6),"",IF(OR(I6="TK/0",I6="TK/1",I6="K/0"),"TER A",IF(I6="K/3","TER C","TER B"))) -> TER B | K6: =134500*31 -> 4169500 | L6: =(4035000+S6)*0.84% -> 34171.2 | M6: =(4035000+S6)*4% -> 162720 | O6: ='GAJI MAINTENANCE AJ'!X10 -> 172050 | P6: ='GAJI MAINTENANCE AJ'!AA10 -> 60000 | Q6: ='GAJI MAINTENANCE AJ'!AF10 -> 3965029 | S6: ='GAJI MAINTENANCE AJ'!AD10 -> 33000 | AE6: ='GAJI MAINTENANCE AJ'!BF10 -> 0 | AI6: =ROUND(SUM(K6:AH6),0) -> 8596470 | AJ6: =IF(J6="TER A",VLOOKUP(AI6,Ter_A,4,TRUE),IF(J6="TER B",VLOOKUP(AI6,Ter_B,4,TRUE),VLOOKUP(AI6,Ter_C,4,TRUE))) -> 0.01 | AK6: =ROUND(IF(E6=0,AI6*AJ6*120%,AI6*AJ6),0) -> 85965 | AL6: ='GAJI MAINTENANCE AJ'!AK10 -> 8399579 | AM6: =L6+M6 -> 196891.2 | AN6: =AL6+AM6 -> 8596470.2 | AO6: =AN6-AI6 -> 0.2
B7: 2 | C7: RILYANI | D7: 1906041207760003 | E7: 97.228.586.0-305.000 | F7: DSN CENDIL RT. 002 RW. 001 DS CENDIL KEC. KELAPA KAMPIT | G7: MANDOR PERAWATAN | H7: L | I7: K/0 | J7: =IF(ISBLANK(I7),"",IF(OR(I7="TK/0",I7="TK/1",I7="K/0"),"TER A",IF(I7="K/3","TER C","TER B"))) -> TER A | K7: =134500*31 -> 4169500 | L7: =(4035000+S7)*0.84% -> 34641.6 | M7: =(4035000+S7)*4% -> 164960 | O7: ='GAJI MAINTENANCE AJ'!X11 -> 100750 | P7: ='GAJI MAINTENANCE AJ'!AA11 -> 87500 | S7: ='GAJI MAINTENANCE AJ'!AD11 -> 89000 | AE7: ='GAJI MAINTENANCE AJ'!BF11 -> 0 | AI7: =ROUND(SUM(K7:AH7),0) -> 4646352 | AJ7: =IF(J7="TER A",VLOOKUP(AI7,Ter_A,4,TRUE),IF(J7="TER B",VLOOKUP(AI7,Ter_B,4,TRUE),VLOOKUP(AI7,Ter_C,4,TRUE))) -> 0 | AK7: =ROUND(IF(E7=0,AI7*AJ7*120%,AI7*AJ7),0) -> 0 | AL7: ='GAJI MAINTENANCE AJ'!AK11 -> 4446750 | AM7: =L7+M7 -> 199601.6 | AN7: =AL7+AM7 -> 4646351.6 | AO7: =AN7-AI7 -> -0.4
B8: 3 | C8: JUNAIDI | D8: 1902010107770126 | E8: 97.228.531.6-305.000 | F8: KELEKAK USANG RT. 056 RW. 018 DESA PERAWAS KEC. TANJUNGPANDAN | G8: KARYAWAN PERAWATAN | H8: L | I8: K/0 | J8: =IF(ISBLANK(I8),"",IF(OR(I8="TK/0",I8="TK/1",I8="K/0"),"TER A",IF(I8="K/3","TER C","TER B"))) -> TER A | K8: =134500*31 -> 4169500 | L8: =(4035000+S8)*0.84% -> 34700.4 | M8: =(4035000+S8)*4% -> 165240 | O8: ='GAJI MAINTENANCE AJ'!X12 -> 100750 | S8: ='GAJI MAINTENANCE AJ'!AD12 -> 96000 | AE8: ='GAJI MAINTENANCE AJ'!BF12 -> 0 | AI8: =ROUND(SUM(K8:AH8),0) -> 4566190 | AJ8: =IF(J8="TER A",VLOOKUP(AI8,Ter_A,4,TRUE),IF(J8="TER B",VLOOKUP(AI8,Ter_B,4,TRUE),VLOOKUP(AI8,Ter_C,4,TRUE))) -> 0 | AK8: =ROUND(IF(E8=0,AI8*AJ8*120%,AI8*AJ8),0) -> 0 | AL8: ='GAJI MAINTENANCE AJ'!AK12 -> 4366250 | AM8: =L8+M8 -> 199940.4 | AN8: =AL8+AM8 -> 4566190.4 | AO8: =AN8-AI8 -> 0.4
B9: 4 | C9: ASUNTI | D9: 1902044606740003 | E9: 97.228.555.5-305.000 | F9: PELEPAK PUTIH RT. 022 RW. 011 DESA SIJUK KEC. SIJUK | G9: KARYAWAN PERAWATAN | H9: P | I9: TK/0 | J9: =IF(ISBLANK(I9),"",IF(OR(I9="TK/0",I9="TK/1",I9="K/0"),"TER A",IF(I9="K/3","TER C","TER B"))) -> TER A | K9: =134500*31 -> 4169500 | L9: =(4035000+S9)*0.84% -> 34318.2 | M9: =(4035000+S9)*4% -> 163420 | O9: ='GAJI MAINTENANCE AJ'!X13 -> 69750 | S9: ='GAJI MAINTENANCE AJ'!AD13 -> 50500 | AE9: ='GAJI MAINTENANCE AJ'!BF13 -> 0 | AI9: =ROUND(SUM(K9:AH9),0) -> 4487488 | AJ9: =IF(J9="TER A",VLOOKUP(AI9,Ter_A,4,TRUE),IF(J9="TER B",VLOOKUP(AI9,Ter_B,4,TRUE),VLOOKUP(AI9,Ter_C,4,TRUE))) -> 0 | AK9: =ROUND(IF(E9=0,AI9*AJ9*120%,AI9*AJ9),0) -> 0 | AL9: ='GAJI MAINTENANCE AJ'!AK13 -> 4289750 | AM9: =L9+M9 -> 197738.2 | AN9: =AL9+AM9 -> 4487488.2 | AO9: =AN9-AI9 -> 0.2
B10: 5 | C10: JONI | D10: 1906040406810003 | E10: 97.387.455.5-305.000 | F10: DSN CENDIL RT. 001 RW. 001 DESA CENDIL KEC. KELAPA KAMPIT | G10: KARYAWAN PERAWATAN | H10: L | I10: K/1 | J10: =IF(ISBLANK(I10),"",IF(OR(I10="TK/0",I10="TK/1",I10="K/0"),"TER A",IF(I10="K/3","TER C","TER B"))) -> TER B | K10: =134500*31 -> 4169500 | L10: =(4035000+S10)*0.84% -> 34347.6 | M10: =(4035000+S10)*4% -> 163560 | O10: ='GAJI MAINTENANCE AJ'!X14 -> 139500 | S10: ='GAJI MAINTENANCE AJ'!AD14 -> 54000 | AE10: ='GAJI MAINTENANCE AJ'!BF14 -> -134500 | AI10: =ROUND(SUM(K10:AH10),0) -> 4426408 | AJ10: =IF(J10="TER A",VLOOKUP(AI10,Ter_A,4,TRUE),IF(J10="TER B",VLOOKUP(AI10,Ter_B,4,TRUE),VLOOKUP(AI10,Ter_C,4,TRUE))) -> 0 | AK10: =ROUND(IF(E10=0,AI10*AJ10*120%,AI10*AJ10),0) -> 0 | AL10: ='GAJI MAINTENANCE AJ'!AK14 -> 4228500 | AM10: =L10+M10 -> 197907.6 | AN10: =AL10+AM10 -> 4426407.6 | AO10: =AN10-AI10 -> -0.4
B11: 6 | C11: THAHA.S | D11: 1906040903840002 | E11: 97.387.456.3-305.000 | F11: DSN CENDIL RT. 003 RW. 001 DESA CENDIL KEC. KELAPA KAMPIT | G11: KARYAWAN PERAWATAN | H11: L | I11: K/1 | J11: =IF(ISBLANK(I11),"",IF(OR(I11="TK/0",I11="TK/1",I11="K/0"),"TER A",IF(I11="K/3","TER C","TER B"))) -> TER B | K11: =134500*31 -> 4169500 | L11: =(4035000+S11)*0.84% -> 34347.6 | M11: =(4035000+S11)*4% -> 163560 | O11: ='GAJI MAINTENANCE AJ'!X15 -> 144150 | S11: ='GAJI MAINTENANCE AJ'!AD15 -> 54000 | AE11: ='GAJI MAINTENANCE AJ'!BF15 -> 0 | AI11: =ROUND(SUM(K11:AH11),0) -> 4565558 | AJ11: =IF(J11="TER A",VLOOKUP(AI11,Ter_A,4,TRUE),IF(J11="TER B",VLOOKUP(AI11,Ter_B,4,TRUE),VLOOKUP(AI11,Ter_C,4,TRUE))) -> 0 | AK11: =ROUND(IF(E11=0,AI11*AJ11*120%,AI11*AJ11),0) -> 0 | AL11: ='GAJI MAINTENANCE AJ'!AK15 -> 4367650 | AM11: =L11+M11 -> 197907.6 | AN11: =AL11+AM11 -> 4565557.6 | AO11: =AN11-AI11 -> -0.4
B12: 7 | C12: ALEX | D12: 1902040407910001 | E12: 66.907.949.3-305.000 | F12: JL AIR SERKUK RT. 029 RW. 012 DESA AIR SAGA KEC. TANJUNGPANDAN | G12: KARYAWAN PERAWATAN | H12: L | I12: K/2 | J12: =IF(ISBLANK(I12),"",IF(OR(I12="TK/0",I12="TK/1",I12="K/0"),"TER A",IF(I12="K/3","TER C","TER B"))) -> TER B | K12: =134500*31 -> 4169500 | L12: =(4035000+S12)*0.84% -> 34171.2 | M12: =(4035000+S12)*4% -> 162720 | O12: ='GAJI MAINTENANCE AJ'!X16 -> 166500 | S12: ='GAJI MAINTENANCE AJ'!AD16 -> 33000 | AE12: ='GAJI MAINTENANCE AJ'!BF16 -> -134500 | AI12: =ROUND(SUM(K12:AH12),0) -> 4431391 | AJ12: =IF(J12="TER A",VLOOKUP(AI12,Ter_A,4,TRUE),IF(J12="TER B",VLOOKUP(AI12,Ter_B,4,TRUE),VLOOKUP(AI12,Ter_C,4,TRUE))) -> 0 | AK12: =ROUND(IF(E12=0,AI12*AJ12*120%,AI12*AJ12),0) -> 0 | AL12: ='GAJI MAINTENANCE AJ'!AK16 -> 4234500 | AM12: =L12+M12 -> 196891.2 | AN12: =AL12+AM12 -> 4431391.2 | AO12: =AN12-AI12 -> 0.2
B13: 8 | C13: SANDY | D13: 1902041602890001 | E13: 66.907.964.2-305.000 | F13: JL SIJUK RT. 022 RW. 008 DESA AIR SERUK KEC. SIJUK | G13: KARYAWAN PERAWATAN | H13: L | I13: K/1 | J13: =IF(ISBLANK(I13),"",IF(OR(I13="TK/0",I13="TK/1",I13="K/0"),"TER A",IF(I13="K/3","TER C","TER B"))) -> TER B | K13: =134500*31 -> 4169500 | L13: =(4035000+S13)*0.84% -> 34171.2 | M13: =(4035000+S13)*4% -> 162720 | O13: ='GAJI MAINTENANCE AJ'!X17 -> 144150 | S13: ='GAJI MAINTENANCE AJ'!AD17 -> 33000 | AE13: ='GAJI MAINTENANCE AJ'!BF17 -> 0 | AI13: =ROUND(SUM(K13:AH13),0) -> 4543541 | AJ13: =IF(J13="TER A",VLOOKUP(AI13,Ter_A,4,TRUE),IF(J13="TER B",VLOOKUP(AI13,Ter_B,4,TRUE),VLOOKUP(AI13,Ter_C,4,TRUE))) -> 0 | AK13: =ROUND(IF(E13=0,AI13*AJ13*120%,AI13*AJ13),0) -> 0 | AL13: ='GAJI MAINTENANCE AJ'!AK17 -> 4346650 | AM13: =L13+M13 -> 196891.2 | AN13: =AL13+AM13 -> 4543541.2 | AO13: =AN13-AI13 -> 0.2
B14: 9 | C14: ANTON | D14: 1906042004880003 | E14: 97.228.589.4-305.000 | F14: DSN CENDIL RT. 004 RW. 002 DESA CENDIL KEC. KELAPA KAMPIT | G14: KARYAWAN PERAWATAN | H14: L | I14: K/1 | J14: =IF(ISBLANK(I14),"",IF(OR(I14="TK/0",I14="TK/1",I14="K/0"),"TER A",IF(I14="K/3","TER C","TER B"))) -> TER B | K14: =134500*31 -> 4169500 | L14: =(4035000+S14)*0.84% -> 34347.6 | M14: =(4035000+S14)*4% -> 163560 | O14: ='GAJI MAINTENANCE AJ'!X18 -> 144150 | S14: ='GAJI MAINTENANCE AJ'!AD18 -> 54000 | AE14: ='GAJI MAINTENANCE AJ'!BF18 -> 0 | AI14: =ROUND(SUM(K14:AH14),0) -> 4565558 | AJ14: =IF(J14="TER A",VLOOKUP(AI14,Ter_A,4,TRUE),IF(J14="TER B",VLOOKUP(AI14,Ter_B,4,TRUE),VLOOKUP(AI14,Ter_C,4,TRUE))) -> 0 | AK14: =ROUND(IF(E14=0,AI14*AJ14*120%,AI14*AJ14),0) -> 0 | AL14: ='GAJI MAINTENANCE AJ'!AK18 -> 4367650 | AM14: =L14+M14 -> 197907.6 | AN14: =AL14+AM14 -> 4565557.6 | AO14: =AN14-AI14 -> -0.4
B15: 10 | C15: EKA NOPIYANTI | D15: 1906045111850004 | E15: 97.228.554.8.305.000 | F15: DSN SELINDANG RT. 005 RW. 002 DESA SENYUBUK KEC. KELAPA KAMPIT | G15: KARYAWAN PERAWATAN | H15: P | I15: TK/0 | J15: =IF(ISBLANK(I15),"",IF(OR(I15="TK/0",I15="TK/1",I15="K/0"),"TER A",IF(I15="K/3","TER C","TER B"))) -> TER A | K15: =134500*31 -> 4169500 | L15: =(4035000+S15)*0.84% -> 34318.2 | M15: =(4035000+S15)*4% -> 163420 | O15: ='GAJI MAINTENANCE AJ'!X19 -> 130200 | S15: ='GAJI MAINTENANCE AJ'!AD19 -> 50500 | AE15: ='GAJI MAINTENANCE AJ'!BF19 -> 0 | AI15: =ROUND(SUM(K15:AH15),0) -> 4547938 | AJ15: =IF(J15="TER A",VLOOKUP(AI15,Ter_A,4,TRUE),IF(J15="TER B",VLOOKUP(AI15,Ter_B,4,TRUE),VLOOKUP(AI15,Ter_C,4,TRUE))) -> 0 | AK15: =ROUND(IF(E15=0,AI15*AJ15*120%,AI15*AJ15),0) -> 0 | AL15: ='GAJI MAINTENANCE AJ'!AK19 -> 4350200 | AM15: =L15+M15 -> 197738.2 | AN15: =AL15+AM15 -> 4547938.2 | AO15: =AN15-AI15 -> 0.2
B16: 11 | C16: JUMIATI | D16: 1902054212790002 | E16: 84.484.558.6-305.000 | F16: JL MANGGAR DSN PARIT GUNUNG RT. 006 RW. 003 DS AIR BATU BUDING BADAU | G16: KARYAWAN PERAWATAN | H16: P | I16: TK/0 | J16: =IF(ISBLANK(I16),"",IF(OR(I16="TK/0",I16="TK/1",I16="K/0"),"TER A",IF(I16="K/3","TER C","TER B"))) -> TER A | K16: =134500*31 -> 4169500 | L16: =(4035000+S16)*0.84% -> 34347.6 | M16: =(4035000+S16)*4% -> 163560 | O16: ='GAJI MAINTENANCE AJ'!X20 -> 69750 | S16: ='GAJI MAINTENANCE AJ'!AD20 -> 54000 | AE16: ='GAJI MAINTENANCE AJ'!BF20 -> 0 | AI16: =ROUND(SUM(K16:AH16),0) -> 4491158 | AJ16: =IF(J16="TER A",VLOOKUP(AI16,Ter_A,4,TRUE),IF(J16="TER B",VLOOKUP(AI16,Ter_B,4,TRUE),VLOOKUP(AI16,Ter_C,4,TRUE))) -> 0 | AK16: =ROUND(IF(E16=0,AI16*AJ16*120%,AI16*AJ16),0) -> 0 | AL16: ='GAJI MAINTENANCE AJ'!AK20 -> 4293250 | AM16: =L16+M16 -> 197907.6 | AN16: =AL16+AM16 -> 4491157.6 | AO16: =AN16-AI16 -> -0.4
B17: 12 | C17: SUPARDI | D17: 1906042707890002 | E17: 54.921.755.2-305.000 | F17: DSN BUKIT DURIAN RW. 003 RW. 002 DESA MENTAWAK KEC. KELAPA KAMPIT | G17: KARYAWAN PERAWATAN | H17: L | I17: K/2 | J17: =IF(ISBLANK(I17),"",IF(OR(I17="TK/0",I17="TK/1",I17="K/0"),"TER A",IF(I17="K/3","TER C","TER B"))) -> TER B | K17: =134500*31 -> 4169500 | L17: =(4035000+S17)*0.84% -> 34200.6 | M17: =(4035000+S17)*4% -> 162860 | O17: ='GAJI MAINTENANCE AJ'!X21 -> 172050 | S17: ='GAJI MAINTENANCE AJ'!AD21 -> 36500 | AE17: ='GAJI MAINTENANCE AJ'!BF21 -> 0 | AI17: =ROUND(SUM(K17:AH17),0) -> 4575111 | AJ17: =IF(J17="TER A",VLOOKUP(AI17,Ter_A,4,TRUE),IF(J17="TER B",VLOOKUP(AI17,Ter_B,4,TRUE),VLOOKUP(AI17,Ter_C,4,TRUE))) -> 0 | AK17: =ROUND(IF(E17=0,AI17*AJ17*120%,AI17*AJ17),0) -> 0 | AL17: ='GAJI MAINTENANCE AJ'!AK21 -> 4378050 | AM17: =L17+M17 -> 197060.6 | AN17: =AL17+AM17 -> 4575110.6 | AO17: =AN17-AI17 -> -0.4
B18: 13 | C18: SUMARDI | D18: 1906040306730003 | E18: 97.387.452.2-305.000 | F18: DSN CENDIL RT. 001 RW. 001 DESA CENDIL KEC. KELAPA KAMPIT | G18: KARYAWAN PERAWATAN | H18: L | I18: K/2 | J18: =IF(ISBLANK(I18),"",IF(OR(I18="TK/0",I18="TK/1",I18="K/0"),"TER A",IF(I18="K/3","TER C","TER B"))) -> TER B | K18: =134500*31 -> 4169500 | L18: =(4035000+S18)*0.84% -> 34318.2 | M18: =(4035000+S18)*4% -> 163420 | O18: ='GAJI MAINTENANCE AJ'!X22 -> 172050 | S18: ='GAJI MAINTENANCE AJ'!AD22 -> 50500 | AE18: ='GAJI MAINTENANCE AJ'!BF22 -> 0 | AI18: =ROUND(SUM(K18:AH18),0) -> 4589788 | AJ18: =IF(J18="TER A",VLOOKUP(AI18,Ter_A,4,TRUE),IF(J18="TER B",VLOOKUP(AI18,Ter_B,4,TRUE),VLOOKUP(AI18,Ter_C,4,TRUE))) -> 0 | AK18: =ROUND(IF(E18=0,AI18*AJ18*120%,AI18*AJ18),0) -> 0 | AL18: ='GAJI MAINTENANCE AJ'!AK22 -> 4392050 | AM18: =L18+M18 -> 197738.2 | AN18: =AL18+AM18 -> 4589788.2 | AO18: =AN18-AI18 -> 0.2
B19: 14 | C19: ASBI ALGIFARI | D19: 1902040303980007 | E19: - | F19: JL SIJUK RT. 016 RW. 007 DESA AIR SELUMAR KEC. SIJUK | G19: KARYAWAN PERAWATAN | H19: L | I19: K/1 | J19: =IF(ISBLANK(I19),"",IF(OR(I19="TK/0",I19="TK/1",I19="K/0"),"TER A",IF(I19="K/3","TER C","TER B"))) -> TER B | K19: =134500*31 -> 4169500 | L19: =(4035000+S19)*0.84% -> 34070.4 | M19: =(4035000+S19)*4% -> 162240 | O19: ='GAJI MAINTENANCE AJ'!X23 -> 144150 | S19: ='GAJI MAINTENANCE AJ'!AD23 -> 21000 | AE19: ='GAJI MAINTENANCE AJ'!BF23 -> 0 | AI19: =ROUND(SUM(K19:AH19),0) -> 4530960 | AJ19: =IF(J19="TER A",VLOOKUP(AI19,Ter_A,4,TRUE),IF(J19="TER B",VLOOKUP(AI19,Ter_B,4,TRUE),VLOOKUP(AI19,Ter_C,4,TRUE))) -> 0 | AK19: =ROUND(IF(E19=0,AI19*AJ19*120%,AI19*AJ19),0) -> 0 | AL19: ='GAJI MAINTENANCE AJ'!AK23 -> 4334650 | AM19: =L19+M19 -> 196310.4 | AN19: =AL19+AM19 -> 4530960.4 | AO19: =AN19-AI19 -> 0.4
B20: 15 | C20: YANDI | D20: 1902050502910003 | E20: - | F20: PARANG BULUH RT. 015 RW. 007 DESA MEMBALONG KEC. MEMBALONG | G20: KARYAWAN PERAWATAN | H20: L | I20: K/0 | J20: =IF(ISBLANK(I20),"",IF(OR(I20="TK/0",I20="TK/1",I20="K/0"),"TER A",IF(I20="K/3","TER C","TER B"))) -> TER A | K20: =134500*31 -> 4169500 | L20: =(4035000+S20)*0.84% -> 34200.6 | M20: =(4035000+S20)*4% -> 162860 | O20: ='GAJI MAINTENANCE AJ'!X24 -> 114700 | S20: ='GAJI MAINTENANCE AJ'!AD24 -> 36500 | AE20: ='GAJI MAINTENANCE AJ'!BF24 -> 0 | AI20: =ROUND(SUM(K20:AH20),0) -> 4517761 | AJ20: =IF(J20="TER A",VLOOKUP(AI20,Ter_A,4,TRUE),IF(J20="TER B",VLOOKUP(AI20,Ter_B,4,TRUE),VLOOKUP(AI20,Ter_C,4,TRUE))) -> 0 | AK20: =ROUND(IF(E20=0,AI20*AJ20*120%,AI20*AJ20),0) -> 0 | AL20: ='GAJI MAINTENANCE AJ'!AK24 -> 4320700 | AM20: =L20+M20 -> 197060.6 | AN20: =AL20+AM20 -> 4517760.6 | AO20: =AN20-AI20 -> -0.4
