Workbook
Name februari: TARIF!#REF!
Name februari: TARIF!#REF!
Name PH: [1]TARIF!#REF!
Name PH: TARIF!#REF!
Name PTKP: [1]TARIF!#REF!
Name PTKP: TARIF!#REF!
Name TARIF: [2]TARIF!$S$18:$U$25
Name Ter_A: [1]TARIF!$B$3:$E$46
Name Ter_A: TARIF!$B$3:$E$46
Name Ter_B: [1]TARIF!$H$3:$K$42
Name Ter_B: TARIF!$H$3:$K$42
Name Ter_C: [1]TARIF!$N$3:$Q$43
Name Ter_C: TARIF!$N$3:$Q$43

Sheet TARIF
A1: PTKP (TK/0, TK/1, K/0) | G1: PTKP (TK/2, TK/3, K/1, K/2) | M1: PTKP (K/3) | S1: HARIAN
A2: No | B2: Lapisan Penghasilan bruto (Rp.) | E2: TER A | G2: No | H2: Lapisan Penghasilan bruto (Rp.) | K2: TER B | M2: No | N2: Lapisan Penghasilan bruto (Rp.) | Q2: TER C | S2: Penghasilan Bruto | V2: Tarif
A3: 1 | B3: 0 | C3: s.d | D3: 5400000 | E3: 0 | G3: 1 | H3: 0 | I3: s.d | J3: 6200000 | K3: 0 | M3: 1 | N3: 0 | O3: s.d | P3: 6600000 | Q3: 0 | S3: 0 | T3: s.d | U3: 450000 | V3: 0
A4: =A3+1 -> 2 | B4: =D3+1 -> 5400001 | C4: s.d | D4: 5650000 | E4: 0.0025 | G4: =G3+1 -> 2 | H4: =J3+1 -> 6200001 | I4: s.d | J4: 6500000 | K4: 0.0025 | M4: =M3+1 -> 2 | N4: =P3+1 -> 6600001 | O4: s.d | P4: 6950000 | Q4: 0.0025 | S4: 450001 | T4: s.d | U4: 2500000 | V4: 0.005
A5: =A4+1 -> 3 | B5: =D4+1 -> 5650001 | C5: s.d | D5: 5950000 | E5: 0.005 | G5: =G4+1 -> 3 | H5: =J4+1 -> 6500001 | I5: s.d | J5: 6850000 | K5: 0.005 | M5: =M4+1 -> 3 | N5: =P4+1 -> 6950001 | O5: s.d | P5: 7350000 | Q5: 0.005
A6: =A5+1 -> 4 | B6: =D5+1 -> 5950001 | C6: s.d | D6: 6300000 | E6: 0.0075 | G6: =G5+1 -> 4 | H6: =J5+1 -> 6850001 | I6: s.d | J6: 7300000 | K6: 0.0075 | M6: =M5+1 -> 4 | N6: =P5+1 -> 7350001 | O6: s.d | P6: 7800000 | Q6: 0.0075
A7: =A6+1 -> 5 | B7: =D6+1 -> 6300001 | C7: s.d | D7: 6750000 | E7: 0.01 | G7: =G6+1 -> 5 | H7: =J6+1 -> 7300001 | I7: s.d | J7: 9200000 | K7: 0.01 | M7: =M6+1 -> 5 | N7: =P6+1 -> 7800001 | O7: s.d | P7: 8850000 | Q7: 0.01 | S7: TARIF PASAL 17 WPOP
A8: =A7+1 -> 6 | B8: =D7+1 -> 6750001 | C8: s.d | D8: 7500000 | E8: 0.0125 | G8: =G7+1 -> 6 | H8: =J7+1 -> 9200001 | I8: s.d | J8: 10750000 | K8: 0.015 | M8: =M7+1 -> 6 | N8: =P7+1 -> 8850001 | O8: s.d | P8: 9800000 | Q8: 0.0125 | S8: Lapisan PKP | V8: Tarif
A9: =A8+1 -> 7 | B9: =D8+1 -> 7500001 | C9: s.d | D9: 8550000 | E9: 0.015 | G9: =G8+1 -> 7 | H9: =J8+1 -> 10750001 | I9: s.d | J9: 11250000 | K9: 0.02 | M9: =M8+1 -> 7 | N9: =P8+1 -> 9800001 | O9: s.d | P9: 10950000 | Q9: 0.015 | S9: 0 | T9: s.d | U9: 60000000 | V9: 0.05
A10: =A9+1 -> 8 | B10: =D9+1 -> 8550001 | C10: s.d | D10: 9650000 | E10: 0.0175 | G10: =G9+1 -> 8 | H10: =J9+1 -> 11250001 | I10: s.d | J10: 11600000 | K10: 0.025 | M10: =M9+1 -> 8 | N10: =P9+1 -> 10950001 | O10: s.d | P10: 11200000 | Q10: 0.0175 | S10: =U9+1 -> 60000001 | T10: s.d | U10: 250000000 | V10: 0.15
A11: =A10+1 -> 9 | B11: =D10+1 -> 9650001 | C11: s.d | D11: 10050000 | E11: 0.02 | G11: =G10+1 -> 9 | H11: =J10+1 -> 11600001 | I11: s.d | J11: 12600000 | K11: 0.03 | M11: =M10+1 -> 9 | N11: =P10+1 -> 11200001 | O11: s.d | P11: 12050000 | Q11: 0.02 | S11: =U10+1 -> 250000001 | T11: s.d | U11: 500000000 | V11: 0.25
A12: =A11+1 -> 10 | B12: =D11+1 -> 10050001 | C12: s.d | D12: 10350000 | E12: 0.0225 | G12: =G11+1 -> 10 | H12: =J11+1 -> 12600001 | I12: s.d | J12: 13600000 | K12: 0.04 | M12: =M11+1 -> 10 | N12: =P11+1 -> 12050001 | O12: s.d | P12: 12950000 | Q12: 0.03 | S12: =U11+1 -> 500000001 | T12: s.d | U12: 5000000000 | V12: 0.3
A13: =A12+1 -> 11 | B13: =D12+1 -> 10350001 | C13: s.d | D13: 10700000 | E13: 0.025 | G13: =G12+1 -> 11 | H13: =J12+1 -> 13600001 | I13: s.d | J13: 14950000 | K13: 0.05 | M13: =M12+1 -> 11 | N13: =P12+1 -> 12950001 | O13: s.d | P13: 14150000 | Q13: 0.04 | S13: =U12+1 -> 5000000001 | T13: s.d | U13: ~~ | V13: 0.35
A14: =A13+1 -> 12 | B14: =D13+1 -> 10700001 | C14: s.d | D14: 11050000 | E14: 0.03 | G14: =G13+1 -> 12 | H14: =J13+1 -> 14950001 | I14: s.d | J14: 16400000 | K14: 0.06 | M14: =M13+1 -> 12 | N14: =P13+1 -> 14150001 | O14: s.d | P14: 1550000 | Q14: 0.05
A15: =A14+1 -> 13 | B15: =D14+1 -> 11050001 | C15: s.d | D15: 11600000 | E15: 0.035 | G15: =G14+1 -> 13 | H15: =J14+1 -> 16400001 | I15: s.d | J15: 18450000 | K15: 0.07 | M15: =M14+1 -> 13 | N15: =P14+1 -> 1550001 | O15: s.d | P15: 17050000 | Q15: 0.06
A16: =A15+1 -> 14 | B16: =D15+1 -> 11600001 | C16: s.d | D16: 12500000 | E16: 0.04 | G16: =G15+1 -> 14 | H16: =J15+1 -> 18450001 | I16: s.d | J16: 21850000 | K16: 0.08 | M16: =M15+1 -> 14 | N16: =P15+1 -> 17050001 | O16: s.d | P16: 19500000 | Q16: 0.07 | S16: PTKP
A17: =A16+1 -> 15 | B17: =D16+1 -> 12500001 | C17: s.d | D17: 13750000 | E17: 0.05 | G17: =G16+1 -> 15 | H17: =J16+1 -> 21850001 | I17: s.d | J17: 26000000 | K17: 0.09 | M17: =M16+1 -> 15 | N17: =P16+1 -> 19500001 | O17: s.d | P17: 22700000 | Q17: 0.08 | S17: Status | U17: Jumlah
A18: =A17+1 -> 16 | B18: =D17+1 -> 13750001 | C18: s.d | D18: 15100000 | E18: 0.06 | G18: =G17+1 -> 16 | H18: =J17+1 -> 26000001 | I18: s.d | J18: 27700000 | K18: 0.1 | M18: =M17+1 -> 16 | N18: =P17+1 -> 22700001 | O18: s.d | P18: 26600000 | Q18: 0.09 | S18: TK/0 | U18: 54000000
A19: =A18+1 -> 17 | B19: =D18+1 -> 15100001 | C19: s.d | D19: 16950000 | E19: 0.07 | G19: =G18+1 -> 17 | H19: =J18+1 -> 27700001 | I19: s.d | J19: 29350000 | K19: 0.11 | M19: =M18+1 -> 17 | N19: =P18+1 -> 26600001 | O19: s.d | P19: 28100000 | Q19: 0.1 | S19: TK/1 | U19: 58500000
A20: =A19+1 -> 18 | B20: =D19+1 -> 16950001 | C20: s.d | D20: 19750000 | E20: 0.08 | G20: =G19+1 -> 18 | H20: =J19+1 -> 29350001 | I20: s.d | J20: 31450000 | K20: 0.12 | M20: =M19+1 -> 18 | N20: =P19+1 -> 28100001 | O20: s.d | P20: 30100000 | Q20: 0.11 | S20: TK/2 | U20: 63000000
A21: =A20+1 -> 19 | B21: =D20+1 -> 19750001 | C21: s.d | D21: 24150000 | E21: 0.09 | G21: =G20+1 -> 19 | H21: =J20+1 -> 31450001 | I21: s.d | J21: 33950000 | K21: 0.13 | M21: =M20+1 -> 19 | N21: =P20+1 -> 30100001 | O21: s.d | P21: 32600000 | Q21: 0.12 | S21: TK/3 | U21: 67500000
A22: =A21+1 -> 20 | B22: =D21+1 -> 24150001 | C22: s.d | D22: 26450000 | E22: 0.1 | G22: =G21+1 -> 20 | H22: =J21+1 -> 33950001 | I22: s.d | J22: 37100000 | K22: 0.14 | M22: =M21+1 -> 20 | N22: =P21+1 -> 32600001 | O22: s.d | P22: 35400000 | Q22: 0.13 | S22: K/0 | U22: 58500000
A23: =A22+1 -> 21 | B23: =D22+1 -> 26450001 | C23: s.d | D23: 28000000 | E23: 0.11 | G23: =G22+1 -> 21 | H23: =J22+1 -> 37100001 | I23: s.d | J23: 41100000 | K23: 0.15 | M23: =M22+1 -> 21 | N23: =P22+1 -> 35400001 | O23: s.d | P23: 38900000 | Q23: 0.14 | S23: K/1 | U23: 63000000
A24: =A23+1 -> 22 | B24: =D23+1 -> 28000001 | C24: s.d | D24: 30050000 | E24: 0.12 | G24: =G23+1 -> 22 | H24: =J23+1 -> 41100001 | I24: s.d | J24: 45800000 | K24: 0.16 | M24: =M23+1 -> 22 | N24: =P23+1 -> 38900001 | O24: s.d | P24: 43000000 | Q24: 0.15 | S24: K/2 | U24: 67500000
A25: =A24+1 -> 23 | B25: =D24+1 -> 30050001 | C25: s.d | D25: 32400000 | E25: 0.13 | G25: =G24+1 -> 23 | H25: =J24+1 -> 45800001 | I25: s.d | J25: 49500000 | K25: 0.17 | M25: =M24+1 -> 23 | N25: =P24+1 -> 43000001 | O25: s.d | P25: 47400000 | Q25: 0.16 | S25: K/3 | U25: 72000000
A26: =A25+1 -> 24 | B26: =D25+1 -> 32400001 | C26: s.d | D26: 35400000 | E26: 0.14 | G26: =G25+1 -> 24 | H26: =J25+1 -> 49500001 | I26: s.d | J26: 53800000 | K26: 0.18 | M26: =M25+1 -> 24 | N26: =P25+1 -> 47400001 | O26: s.d | P26: 51200000 | Q26: 0.17
A27: =A26+1 -> 25 | B27: =D26+1 -> 35400001 | C27: s.d | D27: 39100000 | E27: 0.15 | G27: =G26+1 -> 25 | H27: =J26+1 -> 53800001 | I27: s.d | J27: 58500000 | K27: 0.19 | M27: =M26+1 -> 25 | N27: =P26+1 -> 51200001 | O27: s.d | P27: 55800000 | Q27: 0.18
A28: =A27+1 -> 26 | B28: =D27+1 -> 39100001 | C28: s.d | D28: 43850000 | E28: 0.16 | G28: =G27+1 -> 26 | H28: =J27+1 -> 58500001 | I28: s.d | J28: 64000000 | K28: 0.2 | M28: =M27+1 -> 26 | N28: =P27+1 -> 55800001 | O28: s.d | P28: 60400000 | Q28: 0.19
A29: =A28+1 -> 27 | B29: =D28+1 -> 43850001 | C29: s.d | D29: 47800000 | E29: 0.17 | G29: =G28+1 -> 27 | H29: =J28+1 -> 64000001 | I29: s.d | J29: 71000000 | K29: 0.21 | M29: =M28+1 -> 27 | N29: =P28+1 -> 60400001 | O29: s.d | P29: 66700000 | Q29: 0.2
A30: =A29+1 -> 28 | B30: =D29+1 -> 47800001 | C30: s.d | D30: 51400000 | E30: 0.18 | G30: =G29+1 -> 28 | H30: =J29+1 -> 71000001 | I30: s.d | J30: 80000000 | K30: 0.22 | M30: =M29+1 -> 28 | N30: =P29+1 -> 66700001 | O30: s.d | P30: 74500000 | Q30: 0.21
A31: =A30+1 -> 29 | B31: =D30+1 -> 51400001 | C31: s.d | D31: 56300000 | E31: 0.19 | G31: =G30+1 -> 29 | H31: =J30+1 -> 80000001 | I31: s.d | J31: 93000000 | K31: 0.23 | M31: =M30+1 -> 29 | N31: =P30+1 -> 74500001 | O31: s.d | P31: 83200000 | Q31: 0.22
A32: =A31+1 -> 30 | B32: =D31+1 -> 56300001 | C32: s.d | D32: 62200000 | E32: 0.2 | G32: =G31+1 -> 30 | H32: =J31+1 -> 93000001 | I32: s.d | J32: 109000000 | K32: 0.24 | M32: =M31+1 -> 30 | N32: =P31+1 -> 83200001 | O32: s.d | P32: 95600000 | Q32: 0.23
A33: =A32+1 -> 31 | B33: =D32+1 -> 62200001 | C33: s.d | D33: 68600000 | E33: 0.21 | G33: =G32+1 -> 31 | H33: =J32+1 -> 109000001 | I33: s.d | J33: 129000000 | K33: 0.25 | M33: =M32+1 -> 31 | N33: =P32+1 -> 95600001 | O33: s.d | P33: 110000000 | Q33: 0.24
A34: =A33+1 -> 32 | B34: =D33+1 -> 68600001 | C34: s.d | D34: 77500000 | E34: 0.22 | G34: =G33+1 -> 32 | H34: =J33+1 -> 129000001 | I34: s.d | J34: 163000000 | K34: 0.26 | M34: =M33+1 -> 32 | N34: =P33+1 -> 110000001 | O34: s.d | P34: 134000000 | Q34: 0.25
A35: =A34+1 -> 33 | B35: =D34+1 -> 77500001 | C35: s.d | D35: 89000000 | E35: 0.23 | G35: =G34+1 -> 33 | H35: =J34+1 -> 163000001 | I35: s.d | J35: 211000000 | K35: 0.27 | M35: =M34+1 -> 33 | N35: =P34+1 -> 134000001 | O35: s.d | P35: 169000000 | Q35: 0.26
A36: =A35+1 -> 34 | B36: =D35+1 -> 89000001 | C36: s.d | D36: 103000000 | E36: 0.24 | G36: =G35+1 -> 34 | H36: =J35+1 -> 211000001 | I36: s.d | J36: 374000000 | K36: 0.28 | M36: =M35+1 -> 34 | N36: =P35+1 -> 169000001 | O36: s.d | P36: 221000000 | Q36: 0.27
A37: =A36+1 -> 35 | B37: =D36+1 -> 103000001 | C37: s.d | D37: 125000000 | E37: 0.25 | G37: =G36+1 -> 35 | H37: =J36+1 -> 374000001 | I37: s.d | J37: 459000000 | K37: 0.29 | M37: =M36+1 -> 35 | N37: =P36+1 -> 221000001 | O37: s.d | P37: 390000000 | Q37: 0.28
... A41: =A40+1 -> 39 | B41: =D40+1 -> 337000001 | C41: s.d | D41: 454000000 | E41: 0.29 | G41: =G40+1 -> 39 | H41: =J40+1 -> 957000001 | I41: s.d | J41: 1405000000 | K41: 0.33 | M41: =M40+1 -> 39 | N41: =P40+1 -> 709000001 | O41: s.d | P41: 965000000 | Q41: 0.32
A42: =A41+1 -> 40 | B42: =D41+1 -> 454000001 | C42: s.d | D42: 550000000 | E42: 0.3 | G42: =G41+1 -> 40 | H42: =J41+1 -> 1405000001 | I42: s.d | J42: ~~ | K42: 0.34 | M42: =M41+1 -> 40 | N42: =P41+1 -> 965000001 | O42: s.d | P42: 1419000000 | Q42: 0.33
A43: =A42+1 -> 41 | B43: =D42+1 -> 550000001 | C43: s.d | D43: 695000000 | E43: 0.31 | M43: =M42+1 -> 41 | N43: =P42+1 -> 1419000001 | O43: s.d | P43: ~~ | Q43: 0.34
A44: =A43+1 -> 42 | B44: =D43+1 -> 695000001 | C44: s.d | D44: 910000000 | E44: 0.32
A45: =A44+1 -> 43 | B45: =D44+1 -> 910000001 | C45: s.d | D45: 1400000000 | E45: 0.33
A46: =A45+1 -> 44 | B46: =D45+1 -> 1400000001 | C46: s.d | D46: ~~ | E46: 0.34
J55: 20000000
J56: =J61 -> 1739130.4
J57: =SUM(J55:J56) -> 21739130
J61: =J57*8% -> 1739130.4

Sheet Des
C1: yang berwarna ini rumus | E1: Air Kunyal
B2: Nomor Urut | C2: NAMA KARYAWAN | D2: N I K / PASPOR | E2: N P W P | F2: A L A M A T | G2: JABATAN | H2: STATUS KARYAWAN | M2: DESEMBER | R2: PENGHASILAN TIDAK TERATUR | U2: TOTAL GAJI POKOK | V2: TOTAL TUNJANGAN LAINNYA | W2: TOTAL PREMI ASURANSI | X2: TOTAL TUNJANGAN PPH | Y2: TOTAL NATURA / KENIKMATAN | Z2: TOTAL THR, BONUS, TANTIEM | AA2: PENGHASILAN BRUTO SETAHUN | AB2: PENGURANG | AD2: PENGHASILAN NETTO SETAHUN | AE2: P T K P | AF2: P K P | AG2: PPH PASAL 21 | AI2: PPH PASAL 21 JAN S.D NOP | AJ2: PPH PASAL 21 DESEMBER
M3: Gaji Pokok | N3: Total Tunjangan | O3: Premi JKK, JKM, Kes | P3: Tunjangan PPh | Q3: Penghasilan Bruto | R3: T H R | S3: B O N U S | T3: TANTIEM
H4: L/P | I4: PTKP | J4: TER | K4: MASA KERJA | AB4: BIAYA JABATAN | AC4: TOTAL IURAN JHT/THT/JP | AG4: SETAHUN | AH4: INCLUDE NON NPWP
B5: 1 | C5: 2 | D5: 3 | E5: 4 | F5: 5 | G5: 6 | H5: 7 | I5: 8 | J5: 9 | K5: 10 | L5: 11 | M5: 12 | N5: 13 | O5: 14 | P5: 15 | Q5: 16 | R5: 17 | S5: 18 | T5: 19 | U5: 20 | V5: 21 | W5: 22 | X5: 23 | Y5: 24 | Z5: 25 | AA5: 26 | AB5: 27 | AC5: 27 | AD5: 29 | AE5: 30 | AF5: 31 | AG5: 32 | AH5: 33 | AI5: 34 | AJ5: 35
B6: 1 | C6: =+PERBULAN!B8 -> SUDARMONO | D6: 1902050811890001 | E6: - | F6: JL MANGGAR DSN PARIT GUNUNG RT. 006 RW. 003 DESA AIR BATU BUDING BADAU | G6: OPERATOR | H6: L | I6: K/2 | J6: =IF(ISBLANK(I6),"",IF(OR(I6="TK/0",I6="TK/1",I6="K/0"),"TER A",IF(I6="K/3","TER C","TER B"))) -> TER B | K6: 1 | L6: 12 | M6: =[3]PPH!K7 -> 4005820 | N6: 3103853 | O6: =[3]PPH!L7+[3]PPH!M7 -> 190241.04 | P6: 0 | Q6: =SUM(M6:P6) -> 7299914.1 | R6: =+PERBULAN!S8 -> 4093600 | S6: =+SETAHUN!J8 -> 200000 | T6: 0 | U6: =+SETAHUN!F8+M6+N6 -> 82957494 | V6: 0 | W6: =+SETAHUN!V8+O6 -> 2279330.9 | X6: 0 | Y6: 0 | Z6: =SUM(R6:T6) -> 4293600 | AA6: =SUM(U6:Z6) -> 89530425 | AB6: =ROUND(IF((AA6)*5%>6000000,6000000,(AA6)*5%),0) -> 4476521 | AC6: =('ASTEK-DIISI SMPAI DES'!O8+'ASTEK-DIISI SMPAI DES'!O123) -> 1405296 | AD6: =AA6-AB6-AC6 -> 83648608 | AE6: =IFERROR(VLOOKUP(I6,TARIF,3,FALSE),0) -> 67500000 | AF6: =ROUNDDOWN(IF(AD6<=AE6,0,IF(AD6>AE6,AD6-AE6)),-3) -> 16148000 | AG6: =IF(AF6>5000000000,AF6*35%-306000000,IF(AF6>500000000,AF6*30%-56000000,IF(AF6>250000000,AF6*25%-31000000,IF(AF6>60000000,AF6*15%-6000000,AF6*5%)))) -> 807400 | AH6: =ROUND(IF(E6=0,AG6*120%,AG6),0) -> 807400 | AI6: =+'PAJAK JAN-NOV'!R3 -> 767293 | AJ6: =IF(AG6<=AI6,0,IF(AG6>AI6,AG6-AI6)) -> 40107 | AL6: =AI6-AH6 -> -40107
B7: 2 | C7: =+PERBULAN!B9 -> ARDIYANSA | D7: 1902051704950001 | E7: - | F7: JL MANGGAR RT. 006 RW. 002 DESA KACANG BUTOR KEC. BADAU | G7: HELPER | H7: L | I7: TK/0 | J7: =IF(ISBLANK(I7),"",IF(OR(I7="TK/0",I7="TK/1",I7="K/0"),"TER A",IF(I7="K/3","TER C","TER B"))) -> TER A | K7: 1 | L7: 12 | M7: =[3]PPH!K8 -> 4005820 | N7: 2696949.2 | O7: =[3]PPH!L8+[3]PPH!M8 -> 189224.64 | P7: 0 | Q7: =SUM(M7:P7) -> 6891993.8 | R7: =+PERBULAN!S9 -> 3974100 | S7: =+SETAHUN!J9 -> 900000 | T7: 0 | U7: =+SETAHUN!F9+M7+N7 -> 82682032 | V7: 0 | W7: =+SETAHUN!V9+O7 -> 2268167.3 | X7: 0 | Y7: 0 | Z7: =SUM(R7:T7) -> 4874100 | AA7: =SUM(U7:Z7) -> 89824299 | AB7: =ROUND(IF((AA7)*5%>6000000,6000000,(AA7)*5%),0) -> 4491215 | AC7: =('ASTEK-DIISI SMPAI DES'!O9+'ASTEK-DIISI SMPAI DES'!O124) -> 1401426 | AD7: =AA7-AB7-AC7 -> 83931658 | AE7: =IFERROR(VLOOKUP(I7,TARIF,3,FALSE),0) -> 54000000 | AF7: =ROUNDDOWN(IF(AD7<=AE7,0,IF(AD7>AE7,AD7-AE7)),-3) -> 29931000 | AG7: =IF(AF7>5000000000,AF7*35%-306000000,IF(AF7>500000000,AF7*30%-56000000,IF(AF7>250000000,AF7*25%-31000000,IF(AF7>60000000,AF7*15%-6000000,AF7*5%)))) -> 1496550 | AH7: =ROUND(IF(E7=0,AG7*120%,AG7),0) -> 1496550 | AI7: =+'PAJAK JAN-NOV'!R4 -> 1294918 | AJ7: =IF(AG7<=AI7,0,IF(AG7>AI7,AG7-AI7)) -> 201632 | AL7: =AI7-AH7 -> -201632
B8: 3 | C8: =+PERBULAN!B10 -> INDRA JAYA | D8: 1902041104810005 | E8: 97.387.492.8-305.000 | F8: JL PEGARUN RT. 014 RW. 006 DESA AIR SELUMAR KEC. SIJUK | G8: OPERATOR | H8: L | I8: K/1 | J8: =IF(ISBLANK(I8),"",IF(OR(I8="TK/0",I8="TK/1",I8="K/0"),"TER A",IF(I8="K/3","TER C","TER B"))) -> TER B | K8: 1 | L8: 12 | M8: =28*129220 -> 3618160 | N8: 180700 | O8: =[3]PPH!L9+[3]PPH!M9 -> 190071.64 | P8: 0 | Q8: =SUM(M8:P8) -> 3988931.6 | R8: =+PERBULAN!S10 -> 4063100 | S8: =+SETAHUN!J10 -> 200000 | T8: 0 | U8: =+SETAHUN!F10+M8+N8 -> 56156458 | V8: 0 | W8: =+SETAHUN!V10+O8 -> 2277614.5 | X8: 0 | Y8: 0 | Z8: =SUM(R8:T8) -> 4263100 | AA8: =SUM(U8:Z8) -> 62697173 | AB8: =ROUND(IF((AA8)*5%>6000000,6000000,(AA8)*5%),0) -> 3134859 | AC8: =('ASTEK-DIISI SMPAI DES'!O10+'ASTEK-DIISI SMPAI DES'!O125) -> 1404666 | AD8: =AA8-AB8-AC8 -> 58157648 | AE8: =IFERROR(VLOOKUP(I8,TARIF,3,FALSE),0) -> 63000000 | AF8: =ROUNDDOWN(IF(AD8<=AE8,0,IF(AD8>AE8,AD8-AE8)),-3) -> 0 | AG8: =IF(AF8>5000000000,AF8*35%-306000000,IF(AF8>500000000,AF8*30%-56000000,IF(AF8>250000000,AF8*25%-31000000,IF(AF8>60000000,AF8*15%-6000000,AF8*5%)))) -> 0 | AH8: =ROUND(IF(E8=0,AG8*120%,AG8),0) -> 0 | AI8: =+'PAJAK JAN-NOV'!R5 -> 142783 | AJ8: =IF(AG8<=AI8,0,IF(AG8>AI8,AG8-AI8)) -> 0 | AL8: =AI8-AH8 -> 142783
B9: 4 | C9: =+PERBULAN!B11 -> USPANDI | D9: 1906042805800003 | E9: 97.228.657.9-305.000 | F9: DSN CENDIL RT. 001 RW. 001 DESA CENDIL KEC. KELAPA KAMPIT | G9: OPERATOR | H9: L | I9: K/2 | J9: =IF(ISBLANK(I9),"",IF(OR(I9="TK/0",I9="TK/1",I9="K/0"),"TER A",IF(I9="K/3","TER C","TER B"))) -> TER B | K9: 1 | L9: 12 | M9: =[3]PPH!K10 -> 4005820 | N9: 2284655.2 | O9: =[3]PPH!L10+[3]PPH!M10 -> 191765.64 | P9: 0 | Q9: =SUM(M9:P9) -> 6482240.8 | R9: =+PERBULAN!S11 -> 4128600 | S9: =+SETAHUN!J11 -> 900000 | T9: 0 | U9: =+SETAHUN!F11+M9+N9 -> 78541224 | V9: 0 | W9: =+SETAHUN!V11+O9 -> 2295898.5 | X9: 0 | Y9: 0 | Z9: =SUM(R9:T9) -> 5028600 | AA9: =SUM(U9:Z9) -> 85865723 | AB9: =ROUND(IF((AA9)*5%>6000000,6000000,(AA9)*5%),0) -> 4293286 | AC9: =('ASTEK-DIISI SMPAI DES'!O11+'ASTEK-DIISI SMPAI DES'!O126) -> 1410966 | AD9: =AA9-AB9-AC9 -> 80161471 | AE9: =IFERROR(VLOOKUP(I9,TARIF,3,FALSE),0) -> 67500000 | AF9: =ROUNDDOWN(IF(AD9<=AE9,0,IF(AD9>AE9,AD9-AE9)),-3) -> 12661000 | AG9: =IF(AF9>5000000000,AF9*35%-306000000,IF(AF9>500000000,AF9*30%-56000000,IF(AF9>250000000,AF9*25%-31000000,IF(AF9>60000000,AF9*15%-6000000,AF9*5%)))) -> 633050 | AH9: =ROUND(IF(E9=0,AG9*120%,AG9),0) -> 633050 | AI9: =+'PAJAK JAN-NOV'!R6 -> 613793 | AJ9: =IF(AG9<=AI9,0,IF(AG9>AI9,AG9-AI9)) -> 19257 | AL9: =AI9-AH9 -> -19257
B10: 5 | C10: =+PERBULAN!B12 -> NOVI SUHAIDI | D10: 1902011511890006 | E10: 97.228.313.9-305.000 | F10: JALAN AIR SERKUK RT 028 RW 011 DESA AIR SAGA KEC.TANJUNG PANDAN | G10: HELPER | H10: L | I10: K/2 | J10: =IF(ISBLANK(I10),"",IF(OR(I10="TK/0",I10="TK/1",I10="K/0"),"TER A",IF(I10="K/3","TER C","TER B"))) -> TER B | K10: 1 | L10: 12 | M10: =[3]PPH!K11 -> 4005820 | N10: 2160315.2 | O10: =[3]PPH!L11+[3]PPH!M11 -> 190071.64 | P10: 0 | Q10: =SUM(M10:P10) -> 6356206.8 | R10: =+PERBULAN!S12 -> 4090100 | S10: =+SETAHUN!J12 -> 600000 | T10: 0 | U10: =+SETAHUN!F12+M10+N10 -> 77376921 | V10: 0 | W10: =+SETAHUN!V12+O10 -> 2276686.3 | X10: 0 | Y10: 0 | Z10: =SUM(R10:T10) -> 4690100 | AA10: =SUM(U10:Z10) -> 84343707 | AB10: =ROUND(IF((AA10)*5%>6000000,6000000,(AA10)*5%),0) -> 4217185 | AC10: =('ASTEK-DIISI SMPAI DES'!O12+'ASTEK-DIISI SMPAI DES'!O127) -> 1404351 | AD10: =AA10-AB10-AC10 -> 78722171 | AE10: =IFERROR(VLOOKUP(I10,TARIF,3,FALSE),0) -> 67500000 | AF10: =ROUNDDOWN(IF(AD10<=AE10,0,IF(AD10>AE10,AD10-AE10)),-3) -> 11222000 | AG10: =IF(AF10>5000000000,AF10*35%-306000000,IF(AF10>500000000,AF10*30%-56000000,IF(AF10>250000000,AF10*25%-31000000,IF(AF10>60000000,AF10*15%-6000000,AF10*5%)))) -> 561100 | AH10: =ROUND(IF(E10=0,AG10*120%,AG10),0) -> 561100 | AI10: =+'PAJAK JAN-NOV'!R7 -> 516366 | AJ10: =IF(AG10<=AI10,0,IF(AG10>AI10,AG10-AI10)) -> 44734 | AL10: =AI10-AH10 -> -44734
B11: 6 | C11: =+PERBULAN!B13 -> ROSLI | D11: 1906042807800005 | E11: 97.228.635.5-305.000 | F11: DSN BUDING RT. 001 RW. 001 DS BUDING KEC KELAPA KAMPIT | G11: KARYAWAN PERAWATAN | H11: L | I11: K/2 | J11: =IF(ISBLANK(I11),"",IF(OR(I11="TK/0",I11="TK/1",I11="K/0"),"TER A",IF(I11="K/3","TER C","TER B"))) -> TER B | K11: 1 | L11: 12 | M11: =('[3]DAFTAR UPAH MAINTENANCE'!F9+'[3]DAFTAR UPAH MAINTENANCE'!J9+'[3]DAFTAR UPAH MAINTENANCE'!L9+'[3]DAFTAR UPAH MAINTENANCE'!N9+'[3]DAFTAR UPAH MAINTENANCE'!P9+'[3]DAFTAR UPAH MAINTENANCE'!R9)*129220 -> 3876600 | N11: ='[3]DAFTAR UPAH MAINTENANCE'!BN9 -> 496009.24 | O11: =[3]PPH!L12+[3]PPH!M12 -> 190241.04 | P11: 0 | Q11: =SUM(M11:P11) -> 4562850.3 | R11: =+PERBULAN!S13 -> 4093600 | S11: =+SETAHUN!J13 -> 600000 | T11: 0 | U11: =+SETAHUN!F13+M11+N11 -> 52045174 | V11: 0 | W11: =+SETAHUN!V13+O11 -> 2279470.9 | X11: 0 | Y11: 0 | Z11: =SUM(R11:T11) -> 4693600 | AA11: =SUM(U11:Z11) -> 59018245 | AB11: =ROUND(IF((AA11)*5%>6000000,6000000,(AA11)*5%),0) -> 2950912 | AC11: =('ASTEK-DIISI SMPAI DES'!O13+'ASTEK-DIISI SMPAI DES'!O128) -> 1405296 | AD11: =AA11-AB11-AC11 -> 54662037 | AE11: =IFERROR(VLOOKUP(I11,TARIF,3,FALSE),0) -> 67500000 | AF11: =ROUNDDOWN(IF(AD11<=AE11,0,IF(AD11>AE11,AD11-AE11)),-3) -> 0 | AG11: =IF(AF11>5000000000,AF11*35%-306000000,IF(AF11>500000000,AF11*30%-56000000,IF(AF11>250000000,AF11*25%-31000000,IF(AF11>60000000,AF11*15%-6000000,AF11*5%)))) -> 0 | AH11: =ROUND(IF(E11=0,AG11*120%,AG11),0) -> 0 | AI11: =+'PAJAK JAN-NOV'!R8 -> 85116 | AJ11: =IF(AG11<=AI11,0,IF(AG11>AI11,AG11-AI11)) -> 0 | AL11: =AI11-AH11 -> 85116
B12: 7 | C12: =+PERBULAN!B14 -> AMRIL | D12: 1902011404860010 | E12: 97.228.612.4-305.000 | F12: JL HASYIM IDRIS RT. 043 RW. 017 DESA PANGKAL LALANG TANJUNGPANDAN | G12: KERANI DIVISI | H12: L | I12: K/1 | J12: =IF(ISBLANK(I12),"",IF(OR(I12="TK/0",I12="TK/1",I12="K/0"),"TER A",IF(I12="K/3","TER C","TER B"))) -> TER B | K12: 1 | L12: 12 | M12: =('[3]DAFTAR UPAH MAINTENANCE'!F10+'[3]DAFTAR UPAH MAINTENANCE'!J10+'[3]DAFTAR UPAH MAINTENANCE'!L10+'[3]DAFTAR UPAH MAINTENANCE'!N10+'[3]DAFTAR UPAH MAINTENANCE'!P10+'[3]DAFTAR UPAH MAINTENANCE'!R10)*129220 -> 4005820 | N12: ='[3]DAFTAR UPAH MAINTENANCE'!BN10 -> 3705496 | O12: =[3]PPH!L13+[3]PPH!M13 -> 190071.64 | P12: 0 | Q12: =SUM(M12:P12) -> 7901387.6 | R12: =+PERBULAN!S14 -> 4063100 | S12: =+SETAHUN!J14 -> 900000 | T12: 0 | U12: =+SETAHUN!F14+M12+N12 -> 91561347 | V12: 0 | W12: =+SETAHUN!V14+O12 -> 2277614.5 | X12: 0 | Y12: 0 | Z12: =SUM(R12:T12) -> 4963100 | AA12: =SUM(U12:Z12) -> 98802062 | AB12: =ROUND(IF((AA12)*5%>6000000,6000000,(AA12)*5%),0) -> 4940103 | AC12: =('ASTEK-DIISI SMPAI DES'!O14+'ASTEK-DIISI SMPAI DES'!O129) -> 1404666 | AD12: =AA12-AB12-AC12 -> 92457293 | AE12: =IFERROR(VLOOKUP(I12,TARIF,3,FALSE),0) -> 63000000 | AF12: =ROUNDDOWN(IF(AD12<=AE12,0,IF(AD12>AE12,AD12-AE12)),-3) -> 29457000 | AG12: =IF(AF12>5000000000,AF12*35%-306000000,IF(AF12>500000000,AF12*30%-56000000,IF(AF12>250000000,AF12*25%-31000000,IF(AF12>60000000,AF12*15%-6000000,AF12*5%)))) -> 1472850 | AH12: =ROUND(IF(E12=0,AG12*120%,AG12),0) -> 1472850 | AI12: =+'PAJAK JAN-NOV'!R9 -> 1089445 | AJ12: =IF(AG12<=AI12,0,IF(AG12>AI12,AG12-AI12)) -> 383405 | AL12: =AI12-AH12 -> -383405
B13: 8 | C13: =+PERBULAN!B15 -> KARMILA | D13: 1906045009880001 | E13: 97.228.610.8-305.000 | F13: DSN CENDIL RT. 004 RW. 002 DESA CENDIL KEC KELAPA KAMPIT | G13: KARYAWAN PERAWATAN | H13: P | I13: TK/0 | J13: =IF(ISBLANK(I13),"",IF(OR(I13="TK/0",I13="TK/1",I13="K/0"),"TER A",IF(I13="K/3","TER C","TER B"))) -> TER A | K13: 1 | L13: 12 | M13: =('[3]DAFTAR UPAH MAINTENANCE'!F11+'[3]DAFTAR UPAH MAINTENANCE'!J11+'[3]DAFTAR UPAH MAINTENANCE'!L11+'[3]DAFTAR UPAH MAINTENANCE'!N11+'[3]DAFTAR UPAH MAINTENANCE'!P11+'[3]DAFTAR UPAH MAINTENANCE'!R11)*129220 -> 4005820 | N13: ='[3]DAFTAR UPAH MAINTENANCE'!BN11 -> 120250 | O13: =[3]PPH!L14+[3]PPH!M14 -> 190071.64 | P13: 0 | Q13: =SUM(M13:P13) -> 4316141.6 | R13: =+PERBULAN!S15 -> 3991100 | S13: =+SETAHUN!J15 -> 900000 | T13: 0 | U13: =+SETAHUN!F15+M13+N13 -> 48578549 | V13: 0 | W13: =+SETAHUN!V15+O13 -> 2277754.5 | X13: 0 | Y13: 0 | Z13: =SUM(R13:T13) -> 4891100 | AA13: =SUM(U13:Z13) -> 55747404 | AB13: =ROUND(IF((AA13)*5%>6000000,6000000,(AA13)*5%),0) -> 2787370 | AC13: =('ASTEK-DIISI SMPAI DES'!O15+'ASTEK-DIISI SMPAI DES'!O130) -> 1404666 | AD13: =AA13-AB13-AC13 -> 51555368 | AE13: =IFERROR(VLOOKUP(I13,TARIF,3,FALSE),0) -> 54000000 | AF13: =ROUNDDOWN(IF(AD13<=AE13,0,IF(AD13>AE13,AD13-AE13)),-3) -> 0 | AG13: =IF(AF13>5000000000,AF13*35%-306000000,IF(AF13>500000000,AF13*30%-56000000,IF(AF13>250000000,AF13*25%-31000000,IF(AF13>60000000,AF13*15%-6000000,AF13*5%)))) -> 0 | AH13: =ROUND(IF(E13=0,AG13*120%,AG13),0) -> 0 | AI13: =+'PAJAK JAN-NOV'!R10 -> 124548 | AJ13: =IF(AG13<=AI13,0,IF(AG13>AI13,AG13-AI13)) -> 0 | AL13: =AI13-AH13 -> 124548
B14: 9 | C14: =+PERBULAN!B16 -> MARTUTI | D14: 1906044911750004 | E14: 97.228.663.7-305.000 | F14: DSN CENDIL RT. 001 RW. 001 DESA CENDIL KEC KELAPA KAMPIT | G14: KARYAWAN PERAWATAN | H14: P | I14: TK/0 | J14: =IF(ISBLANK(I14),"",IF(OR(I14="TK/0",I14="TK/1",I14="K/0"),"TER A",IF(I14="K/3","TER C","TER B"))) -> TER A | K14: 1 | L14: 12 | M14: =('[3]DAFTAR UPAH MAINTENANCE'!F12+'[3]DAFTAR UPAH MAINTENANCE'!J12+'[3]DAFTAR UPAH MAINTENANCE'!L12+'[3]DAFTAR UPAH MAINTENANCE'!N12+'[3]DAFTAR UPAH MAINTENANCE'!P12+'[3]DAFTAR UPAH MAINTENANCE'!R12)*129220 -> 4005820 | N14: ='[3]DAFTAR UPAH MAINTENANCE'!BN12 -> 123750 | O14: =[3]PPH!L15+[3]PPH!M15 -> 190241.04 | P14: 0 | Q14: =SUM(M14:P14) -> 4319811 | R14: =+PERBULAN!S16 -> 3994600 | S14: =+SETAHUN!J16 -> 900000 | T14: 0 | U14: =+SETAHUN!F16+M14+N14 -> 48599549 | V14: 0 | W14: =+SETAHUN!V16+O14 -> 2278653.3 | X14: 0 | Y14: 0 | Z14: =SUM(R14:T14) -> 4894600 | AA14: =SUM(U14:Z14) -> 55772802 | AB14: =ROUND(IF((AA14)*5%>6000000,6000000,(AA14)*5%),0) -> 2788640 | AC14: =('ASTEK-DIISI SMPAI DES'!O16+'ASTEK-DIISI SMPAI DES'!O131) -> 1404876 | AD14: =AA14-AB14-AC14 -> 51579286 | AE14: =IFERROR(VLOOKUP(I14,TARIF,3,FALSE),0) -> 54000000 | AF14: =ROUNDDOWN(IF(AD14<=AE14,0,IF(AD14>AE14,AD14-AE14)),-3) -> 0 | AG14: =IF(AF14>5000000000,AF14*35%-306000000,IF(AF14>500000000,AF14*30%-56000000,IF(AF14>250000000,AF14*25%-31000000,IF(AF14>60000000,AF14*15%-6000000,AF14*5%)))) -> 0 | AH14: =ROUND(IF(E14=0,AG14*120%,AG14),0) -> 0 | AI14: =+'PAJAK JAN-NOV'!R11 -> 124655 | AJ14: =IF(AG14<=AI14,0,IF(AG14>AI14,AG14-AI14)) -> 0 | AL14: =AI14-AH14 -> 124655
B15: 10 | C15: =+PERBULAN!B17 -> HARNIAWATI | D15: 1906045811760002 | E15: 97.228.631.4-305.000 | F15: DSN CENDIL RT. 002 RW. 001 DS CENDIL KEC KELAPA KAMPIT | G15: KARYAWAN PERAWATAN | H15: P | I15: TK/0 | J15: =IF(ISBLANK(I15),"",IF(OR(I15="TK/0",I15="TK/1",I15="K/0"),"TER A",IF(I15="K/3","TER C","TER B"))) -> TER A | K15: 1 | L15: 12 | M15: =('[3]DAFTAR UPAH MAINTENANCE'!F13+'[3]DAFTAR UPAH MAINTENANCE'!J13+'[3]DAFTAR UPAH MAINTENANCE'!L13+'[3]DAFTAR UPAH MAINTENANCE'!N13+'[3]DAFTAR UPAH MAINTENANCE'!P13+'[3]DAFTAR UPAH MAINTENANCE'!R13)*129220 -> 4005820 | N15: ='[3]DAFTAR UPAH MAINTENANCE'!BN13 -> 123750 | O15: =[3]PPH!L16+[3]PPH!M16 -> 190241.04 | P15: 0 | Q15: =SUM(M15:P15) -> 4319811 | R15: =+PERBULAN!S17 -> 3994600 | S15: =+SETAHUN!J17 -> 900000 | T15: 0 | U15: =+SETAHUN!F17+M15+N15 -> 48599549 | V15: 0 | W15: =+SETAHUN!V17+O15 -> 2278653.3 | X15: 0 | Y15: 0 | Z15: =SUM(R15:T15) -> 4894600 | AA15: =SUM(U15:Z15) -> 55772802 | AB15: =ROUND(IF((AA15)*5%>6000000,6000000,(AA15)*5%),0) -> 2788640 | AC15: =('ASTEK-DIISI SMPAI DES'!O17+'ASTEK-DIISI SMPAI DES'!O132) -> 1404876 | AD15: =AA15-AB15-AC15 -> 51579286 | AE15: =IFERROR(VLOOKUP(I15,TARIF,3,FALSE),0) -> 54000000 | AF15: =ROUNDDOWN(IF(AD15<=AE15,0,IF(AD15>AE15,AD15-AE15)),-3) -> 0 | AG15: =IF(AF15>5000000000,AF15*35%-306000000,IF(AF15>500000000,AF15*30%-56000000,IF(AF15>250000000,AF15*25%-31000000,IF(AF15>60000000,AF15*15%-6000000,AF15*5%)))) -> 0 | AH15: =ROUND(IF(E15=0,AG15*120%,AG15),0) -> 0 | AI15: =+'PAJAK JAN-NOV'!R12 -> 124655 | AJ15: =IF(AG15<=AI15,0,IF(AG15>AI15,AG15-AI15)) -> 0 | AL15: =AI15-AH15 -> 124655
B16: 11 | C16: =+PERBULAN!B18 -> MARYATI | D16: 1906046103730002 | E16: 97.228.624.9-305.000 | F16: DSN CENDIL RT. 001 RW. 001 DESA CENDIL KEC. KELAPA KAMPIT | G16: KARYAWAN PERAWATAN | H16: P | I16: TK/0 | J16: =IF(ISBLANK(I16),"",IF(OR(I16="TK/0",I16="TK/1",I16="K/0"),"TER A",IF(I16="K/3","TER C","TER B"))) -> TER A | K16: 1 | L16: 12 | M16: =('[3]DAFTAR UPAH MAINTENANCE'!F14+'[3]DAFTAR UPAH MAINTENANCE'!J14+'[3]DAFTAR UPAH MAINTENANCE'!L14+'[3]DAFTAR UPAH MAINTENANCE'!N14+'[3]DAFTAR UPAH MAINTENANCE'!P14+'[3]DAFTAR UPAH MAINTENANCE'!R14)*129220 -> 4005820 | N16: ='[3]DAFTAR UPAH MAINTENANCE'!BN14 -> 123750 | O16: =[3]PPH!L17+[3]PPH!M17 -> 190241.04 | P16: 0 | Q16: =SUM(M16:P16) -> 4319811 | R16: =+PERBULAN!S18 -> 3994600 | S16: =+SETAHUN!J18 -> 900000 | T16: 0 | U16: =+SETAHUN!F18+M16+N16 -> 48482077 | V16: 0 | W16: =+SETAHUN!V18+O16 -> 2279330.9 | X16: 0 | Y16: 0 | Z16: =SUM(R16:T16) -> 4894600 | AA16: =SUM(U16:Z16) -> 55656008 | AB16: =ROUND(IF((AA16)*5%>6000000,6000000,(AA16)*5%),0) -> 2782800 | AC16: =('ASTEK-DIISI SMPAI DES'!O18+'ASTEK-DIISI SMPAI DES'!O133) -> 1405296 | AD16: =AA16-AB16-AC16 -> 51467912 | AE16: =IFERROR(VLOOKUP(I16,TARIF,3,FALSE),0) -> 54000000 | AF16: =ROUNDDOWN(IF(AD16<=AE16,0,IF(AD16>AE16,AD16-AE16)),-3) -> 0 | AG16: =IF(AF16>5000000000,AF16*35%-306000000,IF(AF16>500000000,AF16*30%-56000000,IF(AF16>250000000,AF16*25%-31000000,IF(AF16>60000000,AF16*15%-6000000,AF16*5%)))) -> 0 | AH16: =ROUND(IF(E16=0,AG16*120%,AG16),0) -> 0 | AI16: =+'PAJAK JAN-NOV'!R13 -> 124655 | AJ16: =IF(AG16<=AI16,0,IF(AG16>AI16,AG16-AI16)) -> 0 | AL16: =AI16-AH16 -> 124655
B17: 12 | C17: =+PERBULAN!B19 -> KOPRIATI | D17: 1906044405820002 | E17: 97.228.601.7-305.000 | F17: DSN CENDIL RT. 001 RW. 001 DESA CENDIL KEC. KELAPA KAMPIT | G17: KARYAWAN PERAWATAN | H17: P | I17: TK/0 | J17: =IF(ISBLANK(I17),"",IF(OR(I17="TK/0",I17="TK/1",I17="K/0"),"TER A",IF(I17="K/3","TER C","TER B"))) -> TER A | K17: 1 | L17: 12 | M17: =('[3]DAFTAR UPAH MAINTENANCE'!F15+'[3]DAFTAR UPAH MAINTENANCE'!J15+'[3]DAFTAR UPAH MAINTENANCE'!L15+'[3]DAFTAR UPAH MAINTENANCE'!N15+'[3]DAFTAR UPAH MAINTENANCE'!P15+'[3]DAFTAR UPAH MAINTENANCE'!R15)*129220 -> 4005820 | N17: ='[3]DAFTAR UPAH MAINTENANCE'!BN15 -> 155250 | O17: =[3]PPH!L18+[3]PPH!M18 -> 191765.64 | P17: 0 | Q17: =SUM(M17:P17) -> 4352835.6 | R17: =+PERBULAN!S19 -> 4029600 | S17: =+SETAHUN!J19 -> 200000 | T17: 0 | U17: =+SETAHUN!F19+M17+N17 -> 48593639 | V17: 0 | W17: =+SETAHUN!V19+O17 -> 2295898.5 | X17: 0 | Y17: 0 | Z17: =SUM(R17:T17) -> 4229600 | AA17: =SUM(U17:Z17) -> 55119138 | AB17: =ROUND(IF((AA17)*5%>6000000,6000000,(AA17)*5%),0) -> 2755957 | AC17: =('ASTEK-DIISI SMPAI DES'!O19+'ASTEK-DIISI SMPAI DES'!O134) -> 1410966 | AD17: =AA17-AB17-AC17 -> 50952215 | AE17: =IFERROR(VLOOKUP(I17,TARIF,3,FALSE),0) -> 54000000 | AF17: =ROUNDDOWN(IF(AD17<=AE17,0,IF(AD17>AE17,AD17-AE17)),-3) -> 0 | AG17: =IF(AF17>5000000000,AF17*35%-306000000,IF(AF17>500000000,AF17*30%-56000000,IF(AF17>250000000,AF17*25%-31000000,IF(AF17>60000000,AF17*15%-6000000,AF17*5%)))) -> 0 | AH17: =ROUND(IF(E17=0,AG17*120%,AG17),0) -> 0 | AI17: =+'PAJAK JAN-NOV'!R14 -> 123754 | AJ17: =IF(AG17<=AI17,0,IF(AG17>AI17,AG17-AI17)) -> 0 | AL17: =AI17-AH17 -> 123754
B18: 13 | C18: =+PERBULAN!B20 -> ASNIATI | D18: 1906014911710001 | E18: 97.228.599.3-305.000 | F18: DSN SUKADAMAI RT. 019 RW. 009 DESA MENGKUBANG KEC. DAMAR | G18: KARYAWAN PERAWATAN | H18: P | I18: TK/0 | J18: =IF(ISBLANK(I18),"",IF(OR(I18="TK/0",I18="TK/1",I18="K/0"),"TER A",IF(I18="K/3","TER C","TER B"))) -> TER A | K18: 1 | L18: 12 | M18: =('[3]DAFTAR UPAH MAINTENANCE'!F16+'[3]DAFTAR UPAH MAINTENANCE'!J16+'[3]DAFTAR UPAH MAINTENANCE'!L16+'[3]DAFTAR UPAH MAINTENANCE'!N16+'[3]DAFTAR UPAH MAINTENANCE'!P16+'[3]DAFTAR UPAH MAINTENANCE'!R16)*129220 -> 3876600 | N18: ='[3]DAFTAR UPAH MAINTENANCE'!BN16 -> 118000 | O18: =[3]PPH!L19+[3]PPH!M19 -> 190071.64 | P18: 0 | Q18: =SUM(M18:P18) -> 4184671.6 | R18: =+PERBULAN!S20 -> 3991100 | S18: =+SETAHUN!J20 -> 600000 | T18: 0 | U18: =+SETAHUN!F20+M18+N18 -> 48443579 | V18: 0 | W18: =+SETAHUN!V20+O18 -> 2277614.5 | X18: 0 | Y18: 0 | Z18: =SUM(R18:T18) -> 4591100 | AA18: =SUM(U18:Z18) -> 55312294 | AB18: =ROUND(IF((AA18)*5%>6000000,6000000,(AA18)*5%),0) -> 2765615 | AC18: =('ASTEK-DIISI SMPAI DES'!O20+'ASTEK-DIISI SMPAI DES'!O135) -> 1404666 | AD18: =AA18-AB18-AC18 -> 51142013 | AE18: =IFERROR(VLOOKUP(I18,TARIF,3,FALSE),0) -> 54000000 | AF18: =ROUNDDOWN(IF(AD18<=AE18,0,IF(AD18>AE18,AD18-AE18)),-3) -> 0 | AG18: =IF(AF18>5000000000,AF18*35%-306000000,IF(AF18>500000000,AF18*30%-56000000,IF(AF18>250000000,AF18*25%-31000000,IF(AF18>60000000,AF18*15%-6000000,AF18*5%)))) -> 0 | AH18: =ROUND(IF(E18=0,AG18*120%,AG18),0) -> 0 | AI18: =+'PAJAK JAN-NOV'!R15 -> 124548 | AJ18: =IF(AG18<=AI18,0,IF(AG18>AI18,AG18-AI18)) -> 0 | AL18: =AI18-AH18 -> 124548
B19: 14 | C19: =+PERBULAN!B21 -> ANDIWATI | D19: 1906045203900001 | E19: 97.228.617.3-305.000 | F19: DSN CENDIL RT. 003 RW. 001 DS CENDIL KEC. KELAPA KAMPIT | G19: KARYAWAN PERAWATAN | H19: P | I19: TK/0 | J19: =IF(ISBLANK(I19),"",IF(OR(I19="TK/0",I19="TK/1",I19="K/0"),"TER A",IF(I19="K/3","TER C","TER B"))) -> TER A | K19: 1 | L19: 12 | M19: =('[3]DAFTAR UPAH MAINTENANCE'!F17+'[3]DAFTAR UPAH MAINTENANCE'!J17+'[3]DAFTAR UPAH MAINTENANCE'!L17+'[3]DAFTAR UPAH MAINTENANCE'!N17+'[3]DAFTAR UPAH MAINTENANCE'!P17+'[3]DAFTAR UPAH MAINTENANCE'!R17)*129220 -> 4005820 | N19: ='[3]DAFTAR UPAH MAINTENANCE'!BN17 -> 120250 | O19: =[3]PPH!L20+[3]PPH!M20 -> 190071.64 | P19: 0 | Q19: =SUM(M19:P19) -> 4316141.6 | R19: =+PERBULAN!S21 -> 3991100 | S19: =+SETAHUN!J21 -> 600000 | T19: 0 | U19: =+SETAHUN!F21+M19+N19 -> 48564548 | V19: 0 | W19: =+SETAHUN!V21+O19 -> 2277135.7 | X19: 0 | Y19: 0 | Z19: =SUM(R19:T19) -> 4591100 | AA19: =SUM(U19:Z19) -> 55432784 | AB19: =ROUND(IF((AA19)*5%>6000000,6000000,(AA19)*5%),0) -> 2771639 | AC19: =('ASTEK-DIISI SMPAI DES'!O21+'ASTEK-DIISI SMPAI DES'!O136) -> 1404456 | AD19: =AA19-AB19-AC19 -> 51256689 | AE19: =IFERROR(VLOOKUP(I19,TARIF,3,FALSE),0) -> 54000000 | AF19: =ROUNDDOWN(IF(AD19<=AE19,0,IF(AD19>AE19,AD19-AE19)),-3) -> 0 | AG19: =IF(AF19>5000000000,AF19*35%-306000000,IF(AF19>500000000,AF19*30%-56000000,IF(AF19>250000000,AF19*25%-31000000,IF(AF19>60000000,AF19*15%-6000000,AF19*5%)))) -> 0 | AH19: =ROUND(IF(E19=0,AG19*120%,AG19),0) -> 0 | AI19: =+'PAJAK JAN-NOV'!R16 -> 124548 | AJ19: =IF(AG19<=AI19,0,IF(AG19>AI19,AG19-AI19)) -> 0 | AL19: =AI19-AH19 -> 124548
B20: 15 | C20: =+PERBULAN!B22 -> MARYANA.So | D20: 1906046309750002 | E20: 97.228.661.1-305.000 | F20: DSN CENDIL RT. 001 RW. 001 DESA CENDIL KEC. KELAPA KAMPIT | G20: KARYAWAN PERAWATAN | H20: P | I20: TK/0 | J20: =IF(ISBLANK(I20),"",IF(OR(I20="TK/0",I20="TK/1",I20="K/0"),"TER A",IF(I20="K/3","TER C","TER B"))) -> TER A | K20: 1 | L20: 12 | M20: =('[3]DAFTAR UPAH MAINTENANCE'!F18+'[3]DAFTAR UPAH MAINTENANCE'!J18+'[3]DAFTAR UPAH MAINTENANCE'!L18+'[3]DAFTAR UPAH MAINTENANCE'!N18+'[3]DAFTAR UPAH MAINTENANCE'!P18+'[3]DAFTAR UPAH MAINTENANCE'!R18)*129220 -> 4005820 | N20: ='[3]DAFTAR UPAH MAINTENANCE'!BN18 -> 120250 | O20: =[3]PPH!L21+[3]PPH!M21 -> 190071.64 | P20: 0 | Q20: =SUM(M20:P20) -> 4316141.6 | R20: =+PERBULAN!S22 -> 3991100 | S20: =+SETAHUN!J22 -> 900000 | T20: 0 | U20: =+SETAHUN!F22+M20+N20 -> 48443579 | V20: 0 | W20: =+SETAHUN!V22+O20 -> 2277614.5 | X20: 0 | Y20: 0 | Z20: =SUM(R20:T20) -> 4891100 | AA20: =SUM(U20:Z20) -> 55612294 | AB20: =ROUND(IF((AA20)*5%>6000000,6000000,(AA20)*5%),0) -> 2780615 | AC20: =('ASTEK-DIISI SMPAI DES'!O22+'ASTEK-DIISI SMPAI DES'!O137) -> 1404666 | AD20: =AA20-AB20-AC20 -> 51427013 | AE20: =IFERROR(VLOOKUP(I20,TARIF,3,FALSE),0) -> 54000000 | AF20: =ROUNDDOWN(IF(AD20<=AE20,0,IF(AD20>AE20,AD20-AE20)),-3) -> 0 | AG20: =IF(AF20>5000000000,AF20*35%-306000000,IF(AF20>500000000,AF20*30%-56000000,IF(AF20>250000000,AF20*25%-31000000,IF(AF20>60000000,AF20*15%-6000000,AF20*5%)))) -> 0 | AH20: =ROUND(IF(E20=0,AG20*120%,AG20),0) -> 0 | AI20: =+'PAJAK JAN-NOV'!R17 -> 124548 | AJ20: =IF(AG20<=AI20,0,IF(AG20>AI20,AG20-AI20)) -> 0 | AL20: =AI20-AH20 -> 124548
B21: 16 | C21: =+PERBULAN!B23 -> TUTI | D21: 1906045008740002 | E21: 97.228.664.5-305.000 | F21: DSN CENDIL RT. 006 RW. 002 DESA CENDIL KEC. KELAPA KAMPIT | G21: KARYAWAN PERAWATAN | H21: P | I21: TK/0 | J21: =IF(ISBLANK(I21),"",IF(OR(I21="TK/0",I21="TK/1",I21="K/0"),"TER A",IF(I21="K/3","TER C","TER B"))) -> TER A | K21: 1 | L21: 12 | M21: =('[3]DAFTAR UPAH MAINTENANCE'!F19+'[3]DAFTAR UPAH MAINTENANCE'!J19+'[3]DAFTAR UPAH MAINTENANCE'!L19+'[3]DAFTAR UPAH MAINTENANCE'!N19+'[3]DAFTAR UPAH MAINTENANCE'!P19+'[3]DAFTAR UPAH MAINTENANCE'!R19)*129220 -> 3876600 | N21: ='[3]DAFTAR UPAH MAINTENANCE'!BN19 -> 121500 | O21: =[3]PPH!L22+[3]PPH!M22 -> 190241.04 | P21: 0 | Q21: =SUM(M21:P21) -> 4188341 | R21: =+PERBULAN!S23 -> 3994600 | S21: =+SETAHUN!J23 -> 600000 | T21: 0 | U21: =+SETAHUN!F23+M21+N21 -> 48492577 | V21: 0 | W21: =+SETAHUN!V23+O21 -> 2279750.9 | X21: 0 | Y21: 0 | Z21: =SUM(R21:T21) -> 4594600 | AA21: =SUM(U21:Z21) -> 55366928 | AB21: =ROUND(IF((AA21)*5%>6000000,6000000,(AA21)*5%),0) -> 2768346 | AC21: =('ASTEK-DIISI SMPAI DES'!O23+'ASTEK-DIISI SMPAI DES'!O138) -> 1405296 | AD21: =AA21-AB21-AC21 -> 51193286 | AE21: =IFERROR(VLOOKUP(I21,TARIF,3,FALSE),0) -> 54000000 | AF21: =ROUNDDOWN(IF(AD21<=AE21,0,IF(AD21>AE21,AD21-AE21)),-3) -> 0 | AG21: =IF(AF21>5000000000,AF21*35%-306000000,IF(AF21>500000000,AF21*30%-56000000,IF(AF21>250000000,AF21*25%-31000000,IF(AF21>60000000,AF21*15%-6000000,AF21*5%)))) -> 0 | AH21: =ROUND(IF(E21=0,AG21*120%,AG21),0) -> 0 | AI21: =+'PAJAK JAN-NOV'!R18 -> 124655 | AJ21: =IF(AG21<=AI21,0,IF(AG21>AI21,AG21-AI21)) -> 0 | AL21: =AI21-AH21 -> 124655
B22: 17 | C22: =+PERBULAN!B24 -> AGUSTIANA | D22: 1906044208840004 | E22: 97.228.616.5-305.000 | F22: DSN CENDIL RT. 003 RW. 001 DESA CENDIL KEC. KELAPA KAMPIT | G22: KARYAWAN PERAWATAN | H22: P | I22: TK/0 | J22: =IF(ISBLANK(I22),"",IF(OR(I22="TK/0",I22="TK/1",I22="K/0"),"TER A",IF(I22="K/3","TER C","TER B"))) -> TER A | K22: 1 | L22: 12 | M22: =('[3]DAFTAR UPAH MAINTENANCE'!F20+'[3]DAFTAR UPAH MAINTENANCE'!J20+'[3]DAFTAR UPAH MAINTENANCE'!L20+'[3]DAFTAR UPAH MAINTENANCE'!N20+'[3]DAFTAR UPAH MAINTENANCE'!P20+'[3]DAFTAR UPAH MAINTENANCE'!R20)*129220 -> 4005820 | N22: ='[3]DAFTAR UPAH MAINTENANCE'!BN20 -> 123750 | O22: =[3]PPH!L23+[3]PPH!M23 -> 190241.04 | P22: 0 | Q22: =SUM(M22:P22) -> 4319811 | R22: =+PERBULAN!S24 -> 3994600 | S22: =+SETAHUN!J24 -> 600000 | T22: 0 | U22: =+SETAHUN!F24+M22+N22 -> 48610048 | V22: 0 | W22: =+SETAHUN!V24+O22 -> 2279161.5 | X22: 0 | Y22: 0 | Z22: =SUM(R22:T22) -> 4594600 | AA22: =SUM(U22:Z22) -> 55483809 | AB22: =ROUND(IF((AA22)*5%>6000000,6000000,(AA22)*5%),0) -> 2774190 | AC22: =('ASTEK-DIISI SMPAI DES'!O24+'ASTEK-DIISI SMPAI DES'!O139) -> 1405191 | AD22: =AA22-AB22-AC22 -> 51304428 | AE22: =IFERROR(VLOOKUP(I22,TARIF,3,FALSE),0) -> 54000000 | AF22: =ROUNDDOWN(IF(AD22<=AE22,0,IF(AD22>AE22,AD22-AE22)),-3) -> 0 | AG22: =IF(AF22>5000000000,AF22*35%-306000000,IF(AF22>500000000,AF22*30%-56000000,IF(AF22>250000000,AF22*25%-31000000,IF(AF22>60000000,AF22*15%-6000000,AF22*5%)))) -> 0 | AH22: =ROUND(IF(E22=0,AG22*120%,AG22),0) -> 0 | AI22: =+'PAJAK JAN-NOV'!R19 -> 124655 | AJ22: =IF(AG22<=AI22,0,IF(AG22>AI22,AG22-AI22)) -> 0 | AL22: =AI22-AH22 -> 124655
... B27: 22 | C27: =+PERBULAN!B29 -> HARYANI | D27: 1906040507710002 | E27: 97.228.648.8-305.000 | F27: DSN PESARAKAN RT. 007 RW. 003 DESA CENDIL KEC. KELAPA KAMPIT | G27: KARYAWAN PERAWATAN | H27: L | I27: K/0 | J27: =IF(ISBLANK(I27),"",IF(OR(I27="TK/0",I27="TK/1",I27="K/0"),"TER A",IF(I27="K/3","TER C","TER B"))) -> TER A | K27: 1 | L27: 12 | M27: =('[3]DAFTAR UPAH MAINTENANCE'!F25+'[3]DAFTAR UPAH MAINTENANCE'!J25+'[3]DAFTAR UPAH MAINTENANCE'!L25+'[3]DAFTAR UPAH MAINTENANCE'!N25+'[3]DAFTAR UPAH MAINTENANCE'!P25+'[3]DAFTAR UPAH MAINTENANCE'!R25)*129220 -> 4005820 | N27: ='[3]DAFTAR UPAH MAINTENANCE'!BN25 -> 172200 | O27: =[3]PPH!L28+[3]PPH!M28 -> 190410.44 | P27: 0 | Q27: =SUM(M27:P27) -> 4368430.4 | R27: =+PERBULAN!S29 -> 4038600 | S27: =+SETAHUN!J29 -> 900000 | T27: 0 | U27: =+SETAHUN!F29+M27+N27 -> 49168396 | V27: 0 | W27: =+SETAHUN!V29+O27 -> 2280679.1 | X27: 0 | Y27: 0 | Z27: =SUM(R27:T27) -> 4938600 | AA27: =SUM(U27:Z27) -> 56387675 | AB27: =ROUND(IF((AA27)*5%>6000000,6000000,(AA27)*5%),0) -> 2819384 | AC27: =('ASTEK-DIISI SMPAI DES'!O29+'ASTEK-DIISI SMPAI DES'!O144) -> 1405611 | AD27: =AA27-AB27-AC27 -> 52162680 | AE27: =IFERROR(VLOOKUP(I27,TARIF,3,FALSE),0) -> 58500000 | AF27: =ROUNDDOWN(IF(AD27<=AE27,0,IF(AD27>AE27,AD27-AE27)),-3) -> 0 | AG27: =IF(AF27>5000000000,AF27*35%-306000000,IF(AF27>500000000,AF27*30%-56000000,IF(AF27>250000000,AF27*25%-31000000,IF(AF27>60000000,AF27*15%-6000000,AF27*5%)))) -> 0 | AH27: =ROUND(IF(E27=0,AG27*120%,AG27),0) -> 0 | AI27: =+'PAJAK JAN-NOV'!R24 -> 126044 | AJ27: =IF(AG27<=AI27,0,IF(AG27>AI27,AG27-AI27)) -> 0 | AL27: =AI27-AH27 -> 126044
B28: 23 | C28: =+PERBULAN!B30 -> SUWANDI | D28: 1906042110820002 | E28: 68.076.4.347-305.000 | F28: DSN CENDIL RT. 005 RW. 001 DESA CENDIL KEC. KELAPA KAMPIT | G28: KARYAWAN PERAWATAN | H28: L | I28: K/1 | J28: =IF(ISBLANK(I28),"",IF(OR(I28="TK/0",I28="TK/1",I28="K/0"),"TER A",IF(I28="K/3","TER C","TER B"))) -> TER B | K28: 1 | L28: 12 | M28: =(4400000/30)*31 -> 4546666.7 | N28: ='[3]DAFTAR UPAH MAINTENANCE'!BN26 -> 273078.32 | O28: =[3]PPH!L29+[3]PPH!M29 -> 215404.2 | P28: 0 | Q28: =SUM(M28:P28) -> 5035149.2 | R28: =+PERBULAN!S30 -> 4590000 | S28: =+SETAHUN!J30 -> 600000 | T28: 0 | U28: =+SETAHUN!F30+M28+N28 -> 56746345 | V28: 0 | W28: =+SETAHUN!V30+O28 -> 2582165.2 | X28: 0 | Y28: 0 | Z28: =SUM(R28:T28) -> 5190000 | AA28: =SUM(U28:Z28) -> 64518510 | AB28: =ROUND(IF((AA28)*5%>6000000,6000000,(AA28)*5%),0) -> 3225926 | AC28: =('ASTEK-DIISI SMPAI DES'!O30+'ASTEK-DIISI SMPAI DES'!O145) -> 1530282 | AD28: =AA28-AB28-AC28 -> 59762302 | AE28: =IFERROR(VLOOKUP(I28,TARIF,3,FALSE),0) -> 63000000 | AF28: =ROUNDDOWN(IF(AD28<=AE28,0,IF(AD28>AE28,AD28-AE28)),-3) -> 0 | AG28: =IF(AF28>5000000000,AF28*35%-306000000,IF(AF28>500000000,AF28*30%-56000000,IF(AF28>250000000,AF28*25%-31000000,IF(AF28>60000000,AF28*15%-6000000,AF28*5%)))) -> 0 | AH28: =ROUND(IF(E28=0,AG28*120%,AG28),0) -> 0 | AI28: =+'PAJAK JAN-NOV'!R25 -> 143194 | AJ28: =IF(AG28<=AI28,0,IF(AG28>AI28,AG28-AI28)) -> 0 | AL28: =AI28-AH28 -> 143194
B29: 24 | C29: =+PERBULAN!B31 -> YUMNA M | D29: 1906046008750003 | E29: 97.228.655.3-305.000 | F29: DSN LIMAU MANIS RT. 013 RW. 005 DESA BUDING KEC. KELAPA KAMPIT | G29: KARYAWAN PERAWATAN | H29: P | I29: TK/0 | J29: =IF(ISBLANK(I29),"",IF(OR(I29="TK/0",I29="TK/1",I29="K/0"),"TER A",IF(I29="K/3","TER C","TER B"))) -> TER A | K29: 1 | L29: 12 | M29: =('[3]DAFTAR UPAH MAINTENANCE'!F27+'[3]DAFTAR UPAH MAINTENANCE'!J27+'[3]DAFTAR UPAH MAINTENANCE'!L27+'[3]DAFTAR UPAH MAINTENANCE'!N27+'[3]DAFTAR UPAH MAINTENANCE'!P27+'[3]DAFTAR UPAH MAINTENANCE'!R27)*129220 -> 3876600 | N29: ='[3]DAFTAR UPAH MAINTENANCE'!BN27 -> 118000 | O29: =[3]PPH!L30+[3]PPH!M30 -> 190071.64 | P29: 0 | Q29: =SUM(M29:P29) -> 4184671.6 | R29: =+PERBULAN!S31 -> 3991100 | S29: =+SETAHUN!J31 -> 200000 | T29: 0 | U29: =+SETAHUN!F31+M29+N29 -> 47914199 | V29: 0 | W29: =+SETAHUN!V31+O29 -> 2277474.5 | X29: 0 | Y29: 0 | Z29: =SUM(R29:T29) -> 4191100 | AA29: =SUM(U29:Z29) -> 54382774 | AB29: =ROUND(IF((AA29)*5%>6000000,6000000,(AA29)*5%),0) -> 2719139 | AC29: =('ASTEK-DIISI SMPAI DES'!O31+'ASTEK-DIISI SMPAI DES'!O146) -> 1404666 | AD29: =AA29-AB29-AC29 -> 50258969 | AE29: =IFERROR(VLOOKUP(I29,TARIF,3,FALSE),0) -> 54000000 | AF29: =ROUNDDOWN(IF(AD29<=AE29,0,IF(AD29>AE29,AD29-AE29)),-3) -> 0 | AG29: =IF(AF29>5000000000,AF29*35%-306000000,IF(AF29>500000000,AF29*30%-56000000,IF(AF29>250000000,AF29*25%-31000000,IF(AF29>60000000,AF29*15%-6000000,AF29*5%)))) -> 0 | AH29: =ROUND(IF(E29=0,AG29*120%,AG29),0) -> 0 | AI29: =+'PAJAK JAN-NOV'!R26 -> 122576 | AJ29: =IF(AG29<=AI29,0,IF(AG29>AI29,AG29-AI29)) -> 0 | AL29: =AI29-AH29 -> 122576
B30: 25 | C30: =+PERBULAN!B32 -> ANDRES | D30: 1902042807970004 | E30: - | F30: PELEPAK PUTIH RT. 005 RW. 003 DESA PELEPAK PUTE KEC. SIJUK | G30: KARYAWAN PERAWATAN | H30: L | I30: K/1 | J30: =IF(ISBLANK(I30),"",IF(OR(I30="TK/0",I30="TK/1",I30="K/0"),"TER A",IF(I30="K/3","TER C","TER B"))) -> TER B | K30: 1 | L30: 12 | M30: =('[3]DAFTAR UPAH MAINTENANCE'!F28+'[3]DAFTAR UPAH MAINTENANCE'!J28+'[3]DAFTAR UPAH MAINTENANCE'!L28+'[3]DAFTAR UPAH MAINTENANCE'!N28+'[3]DAFTAR UPAH MAINTENANCE'!P28+'[3]DAFTAR UPAH MAINTENANCE'!R28)*129220 -> 4005820 | N30: ='[3]DAFTAR UPAH MAINTENANCE'!BN28 -> 165150 | O30: =[3]PPH!L31+[3]PPH!M31 -> 188643.84 | P30: 0 | Q30: =SUM(M30:P30) -> 4359613.8 | R30: =+PERBULAN!S32 -> 4034100 | S30: =+SETAHUN!J32 -> 200000 | T30: 0 | U30: =+SETAHUN!F32+M30+N30 -> 50646127 | V30: 0 | W30: =+SETAHUN!V32+O30 -> 2262067.7 | X30: 0 | Y30: 0 | Z30: =SUM(R30:T30) -> 4234100 | AA30: =SUM(U30:Z30) -> 57142295 | AB30: =ROUND(IF((AA30)*5%>6000000,6000000,(AA30)*5%),0) -> 2857115 | AC30: =('ASTEK-DIISI SMPAI DES'!O32+'ASTEK-DIISI SMPAI DES'!O147) -> 1399356 | AD30: =AA30-AB30-AC30 -> 52885824 | AE30: =IFERROR(VLOOKUP(I30,TARIF,3,FALSE),0) -> 63000000 | AF30: =ROUNDDOWN(IF(AD30<=AE30,0,IF(AD30>AE30,AD30-AE30)),-3) -> 0 | AG30: =IF(AF30>5000000000,AF30*35%-306000000,IF(AF30>500000000,AF30*30%-56000000,IF(AF30>250000000,AF30*25%-31000000,IF(AF30>60000000,AF30*15%-6000000,AF30*5%)))) -> 0 | AH30: =ROUND(IF(E30=0,AG30*120%,AG30),0) -> 0 | AI30: =+'PAJAK JAN-NOV'!R27 -> 83904 | AJ30: =IF(AG30<=AI30,0,IF(AG30>AI30,AG30-AI30)) -> 0 | AL30: =AI30-AH30 -> 83904
B31: 26 | C31: =+PERBULAN!B33 -> SUDIAN | D31: 1902041101990004 | E31: - | F31: DESA SUNGAI PADANG,RT 05, RW 03 KEC,SIJUK | G31: MANDOR PERAWATAN | H31: L | I31: K/0 | J31: =IF(ISBLANK(I31),"",IF(OR(I31="TK/0",I31="TK/1",I31="K/0"),"TER A",IF(I31="K/3","TER C","TER B"))) -> TER A | K31: 1 | L31: 12 | M31: =('[3]DAFTAR UPAH MAINTENANCE'!F29+'[3]DAFTAR UPAH MAINTENANCE'!J29+'[3]DAFTAR UPAH MAINTENANCE'!L29+'[3]DAFTAR UPAH MAINTENANCE'!N29+'[3]DAFTAR UPAH MAINTENANCE'!P29+'[3]DAFTAR UPAH MAINTENANCE'!R29)*129220 -> 4005820 | N31: ='[3]DAFTAR UPAH MAINTENANCE'!BN29 -> 741832.08 | O31: =[3]PPH!L32+[3]PPH!M32 -> 187748.44 | P31: 0 | Q31: =SUM(M31:P31) -> 4935400.5 | R31: =+PERBULAN!S33 -> 2990700 | S31: =+SETAHUN!J33 -> 450000 | T31: 0 | U31: =+SETAHUN!F33+M31+N31 -> 52624488 | V31: 0 | W31: =+SETAHUN!V33+O31 -> 2252355.3 | X31: 0 | Y31: 0 | Z31: =SUM(R31:T31) -> 3440700 | AA31: =SUM(U31:Z31) -> 58317544 | AB31: =ROUND(IF((AA31)*5%>6000000,6000000,(AA31)*5%),0) -> 2915877 | AC31: =('ASTEK-DIISI SMPAI DES'!O33+'ASTEK-DIISI SMPAI DES'!O148) -> 1396026 | AD31: =AA31-AB31-AC31 -> 54005641 | AE31: =IFERROR(VLOOKUP(I31,TARIF,3,FALSE),0) -> 58500000 | AF31: =ROUNDDOWN(IF(AD31<=AE31,0,IF(AD31>AE31,AD31-AE31)),-3) -> 0 | AG31: =IF(AF31>5000000000,AF31*35%-306000000,IF(AF31>500000000,AF31*30%-56000000,IF(AF31>250000000,AF31*25%-31000000,IF(AF31>60000000,AF31*15%-6000000,AF31*5%)))) -> 0 | AH31: =ROUND(IF(E31=0,AG31*120%,AG31),0) -> 0 | AI31: =+'PAJAK JAN-NOV'!R28 -> 112718 | AJ31: =IF(AG31<=AI31,0,IF(AG31>AI31,AG31-AI31)) -> 0 | AL31: =AI31-AH31 -> 112718
B32: 27 | C32: =+PERBULAN!B34 -> YUDA HERMAWAN | D32: 1902011008970003 | E32: 20.512.132.0-305.000 | F32: JL. SIJUK RT.019/RW. 007 DS. AIR MERBAU KEC. TANJUNG PANDAN KAB. BELITUNG | G32: KERANI PANEN | H32: L | I32: TK/0 | J32: =IF(ISBLANK(I32),"",IF(OR(I32="TK/0",I32="TK/1",I32="K/0"),"TER A",IF(I32="K/3","TER C","TER B"))) -> TER A | K32: 1 | L32: 12 | M32: ='[3]DAFTAR UPAH HARVESTING'!X10*129220 -> 3747380 | N32: ='[3]DAFTAR UPAH HARVESTING'!CR10 -> 836922.84 | O32: =[3]PPH!L33+[3]PPH!M33 -> 187869.44 | P32: 0 | Q32: =SUM(M32:P32) -> 4772172.3 | R32: =+PERBULAN!S34 -> 3946600 | S32: =+SETAHUN!J34 -> 200000 | T32: 0 | U32: =+SETAHUN!F34+M32+N32 -> 61625018 | V32: 0 | W32: =+SETAHUN!V34+O32 -> 2253681.3 | X32: 0 | Y32: 0 | Z32: =SUM(R32:T32) -> 4146600 | AA32: =SUM(U32:Z32) -> 68025299 | AB32: =ROUND(IF((AA32)*5%>6000000,6000000,(AA32)*5%),0) -> 3401265 | AC32: =('ASTEK-DIISI SMPAI DES'!O34+'ASTEK-DIISI SMPAI DES'!O149) -> 1396476 | AD32: =AA32-AB32-AC32 -> 63227558 | AE32: =IFERROR(VLOOKUP(I32,TARIF,3,FALSE),0) -> 54000000 | AF32: =ROUNDDOWN(IF(AD32<=AE32,0,IF(AD32>AE32,AD32-AE32)),-3) -> 9227000 | AG32: =IF(AF32>5000000000,AF32*35%-306000000,IF(AF32>500000000,AF32*30%-56000000,IF(AF32>250000000,AF32*25%-31000000,IF(AF32>60000000,AF32*15%-6000000,AF32*5%)))) -> 461350 | AH32: =ROUND(IF(E32=0,AG32*120%,AG32),0) -> 461350 | AI32: =+'PAJAK JAN-NOV'!R29 -> 246913 | AJ32: =IF(AG32<=AI32,0,IF(AG32>AI32,AG32-AI32)) -> 214437 | AL32: =AI32-AH32 -> -214437
B33: 28 | C33: =+PERBULAN!B35 -> SABIBI | D33: 1906042208840001 | E33: - | F33: DSN BUKIT JAYA RT. 011 RW. 004 DESA BUDING KEC. KELAPA KAMPIT | G33: MANDOR PANEN | H33: L | I33: K/2 | J33: =IF(ISBLANK(I33),"",IF(OR(I33="TK/0",I33="TK/1",I33="K/0"),"TER A",IF(I33="K/3","TER C","TER B"))) -> TER B | K33: 1 | L33: 12 | M33: ='[3]DAFTAR UPAH HARVESTING'!X11*129220 -> 4005820 | N33: ='[3]DAFTAR UPAH HARVESTING'!CR11 -> 1700050 | O33: =[3]PPH!L34+[3]PPH!M34 -> 188934.24 | P33: 0 | Q33: =SUM(M33:P33) -> 5894804.2 | R33: =+PERBULAN!S35 -> 4067100 | S33: =+SETAHUN!J35 -> 200000 | T33: 0 | U33: =+SETAHUN!F35+M33+N33 -> 69837892 | V33: 0 | W33: =+SETAHUN!V35+O33 -> 2264599.7 | X33: 0 | Y33: 0 | Z33: =SUM(R33:T33) -> 4267100 | AA33: =SUM(U33:Z33) -> 76369591 | AB33: =ROUND(IF((AA33)*5%>6000000,6000000,(AA33)*5%),0) -> 3818480 | AC33: =('ASTEK-DIISI SMPAI DES'!O35+'ASTEK-DIISI SMPAI DES'!O150) -> 1400256 | AD33: =AA33-AB33-AC33 -> 71150855 | AE33: =IFERROR(VLOOKUP(I33,TARIF,3,FALSE),0) -> 67500000 | AF33: =ROUNDDOWN(IF(AD33<=AE33,0,IF(AD33>AE33,AD33-AE33)),-3) -> 3650000 | AG33: =IF(AF33>5000000000,AF33*35%-306000000,IF(AF33>500000000,AF33*30%-56000000,IF(AF33>250000000,AF33*25%-31000000,IF(AF33>60000000,AF33*15%-6000000,AF33*5%)))) -> 182500 | AH33: =ROUND(IF(E33=0,AG33*120%,AG33),0) -> 182500 | AI33: =+'PAJAK JAN-NOV'!R30 -> 248042 | AJ33: =IF(AG33<=AI33,0,IF(AG33>AI33,AG33-AI33)) -> 0 | AL33: =AI33-AH33 -> 65542
B34: 29 | C34: =+PERBULAN!B36 -> ADI SANJAYA | D34: 1906042909920002 | E34: - | F34: DSN CENDIL RT 002 RW. 001 DESA CENDIL KEC. KELAPA KAMPIT | G34: KARYAWAN PANEN | H34: L | I34: K/2 | J34: =IF(ISBLANK(I34),"",IF(OR(I34="TK/0",I34="TK/1",I34="K/0"),"TER A",IF(I34="K/3","TER C","TER B"))) -> TER B | K34: 1 | L34: 12 | M34: ='[3]DAFTAR UPAH HARVESTING'!X13*129220 -> 4005820 | N34: ='[3]DAFTAR UPAH HARVESTING'!CR13 -> 2443385 | O34: =[3]PPH!L35+[3]PPH!M35 -> 188934.24 | P34: 0 | Q34: =SUM(M34:P34) -> 6638139.2 | R34: =+PERBULAN!S36 -> 4067100 | S34: =+SETAHUN!J36 -> 900000 | T34: 0 | U34: =+SETAHUN!F36+M34+N34 -> 61648715 | V34: 0 | W34: =+SETAHUN!V36+O34 -> 2264549.3 | X34: 0 | Y34: 0 | Z34: =SUM(R34:T34) -> 4967100 | AA34: =SUM(U34:Z34) -> 68880364 | AB34: =ROUND(IF((AA34)*5%>6000000,6000000,(AA34)*5%),0) -> 3444018 | AC34: =('ASTEK-DIISI SMPAI DES'!O36+'ASTEK-DIISI SMPAI DES'!O151) -> 1400076 | AD34: =AA34-AB34-AC34 -> 64036270 | AE34: =IFERROR(VLOOKUP(I34,TARIF,3,FALSE),0) -> 67500000 | AF34: =ROUNDDOWN(IF(AD34<=AE34,0,IF(AD34>AE34,AD34-AE34)),-3) -> 0 | AG34: =IF(AF34>5000000000,AF34*35%-306000000,IF(AF34>500000000,AF34*30%-56000000,IF(AF34>250000000,AF34*25%-31000000,IF(AF34>60000000,AF34*15%-6000000,AF34*5%)))) -> 0 | AH34: =ROUND(IF(E34=0,AG34*120%,AG34),0) -> 0 | AI34: =+'PAJAK JAN-NOV'!R31 -> 151047 | AJ34: =IF(AG34<=AI34,0,IF(AG34>AI34,AG34-AI34)) -> 0 | AL34: =AI34-AH34 -> 151047
B35: 30 | C35: =+PERBULAN!B37 -> ANDI ( ASNA ) | D35: 1902041409850001 | E35: - | F35: AIK KALAK RT. 008 RW. 004 DESA PELEPAK PUTE KEC. SIJUK | G35: KARYAWAN PANEN | H35: L | I35: K/2 | J35: =IF(ISBLANK(I35),"",IF(OR(I35="TK/0",I35="TK/1",I35="K/0"),"TER A",IF(I35="K/3","TER C","TER B"))) -> TER B | K35: 1 | L35: 12 | M35: ='[3]DAFTAR UPAH HARVESTING'!X14*129220 -> 4005820 | N35: ='[3]DAFTAR UPAH HARVESTING'!CR14 -> 2513007 | O35: =[3]PPH!L36+[3]PPH!M36 -> 188934.24 | P35: 0 | Q35: =SUM(M35:P35) -> 6707761.2 | R35: =+PERBULAN!S37 -> 4067100 | S35: =+SETAHUN!J37 -> 600000 | T35: 0 | U35: =+SETAHUN!F37+M35+N35 -> 63357096 | V35: 0 | W35: =+SETAHUN!V37+O35 -> 2264404.1 | X35: 0 | Y35: 0 | Z35: =SUM(R35:T35) -> 4667100 | AA35: =SUM(U35:Z35) -> 70288600 | AB35: =ROUND(IF((AA35)*5%>6000000,6000000,(AA35)*5%),0) -> 3514430 | AC35: =('ASTEK-DIISI SMPAI DES'!O37+'ASTEK-DIISI SMPAI DES'!O152) -> 1399986 | AD35: =AA35-AB35-AC35 -> 65374184 | AE35: =IFERROR(VLOOKUP(I35,TARIF,3,FALSE),0) -> 67500000 | AF35: =ROUNDDOWN(IF(AD35<=AE35,0,IF(AD35>AE35,AD35-AE35)),-3) -> 0 | AG35: =IF(AF35>5000000000,AF35*35%-306000000,IF(AF35>500000000,AF35*30%-56000000,IF(AF35>250000000,AF35*25%-31000000,IF(AF35>60000000,AF35*15%-6000000,AF35*5%)))) -> 0 | AH35: =ROUND(IF(E35=0,AG35*120%,AG35),0) -> 0 | AI35: =+'PAJAK JAN-NOV'!R32 -> 168427 | AJ35: =IF(AG35<=AI35,0,IF(AG35>AI35,AG35-AI35)) -> 0 | AL35: =AI35-AH35 -> 168427
B36: 31 | C36: =+PERBULAN!B38 -> EFRIYONO | D36: 1906041907900002 | E36: - | F36: DSN CENDIL RT. 001 RW. 001 DESA CENDIL KEC. KELAPA KAMPIT | G36: KARYAWAN PANEN | H36: L | I36: K/2 | J36: =IF(ISBLANK(I36),"",IF(OR(I36="TK/0",I36="TK/1",I36="K/0"),"TER A",IF(I36="K/3","TER C","TER B"))) -> TER B | K36: 1 | L36: 12 | M36: ='[3]DAFTAR UPAH HARVESTING'!X15*129220 -> 4005820 | N36: ='[3]DAFTAR UPAH HARVESTING'!CR15 -> 2109894 | O36: =[3]PPH!L37+[3]PPH!M37 -> 188934.24 | P36: 0 | Q36: =SUM(M36:P36) -> 6304648.2 | R36: =+PERBULAN!S38 -> 4067100 | S36: =+SETAHUN!J38 -> 200000 | T36: 0 | U36: =+SETAHUN!F38+M36+N36 -> 60411279 | V36: 0 | W36: =+SETAHUN!V38+O36 -> 2265490.1 | X36: 0 | Y36: 0 | Z36: =SUM(R36:T36) -> 4267100 | AA36: =SUM(U36:Z36) -> 66943869 | AB36: =ROUND(IF((AA36)*5%>6000000,6000000,(AA36)*5%),0) -> 3347193 | AC36: =('ASTEK-DIISI SMPAI DES'!O38+'ASTEK-DIISI SMPAI DES'!O153) -> 1400436 | AD36: =AA36-AB36-AC36 -> 62196240 | AE36: =IFERROR(VLOOKUP(I36,TARIF,3,FALSE),0) -> 67500000 | AF36: =ROUNDDOWN(IF(AD36<=AE36,0,IF(AD36>AE36,AD36-AE36)),-3) -> 0 | AG36: =IF(AF36>5000000000,AF36*35%-306000000,IF(AF36>500000000,AF36*30%-56000000,IF(AF36>250000000,AF36*25%-31000000,IF(AF36>60000000,AF36*15%-6000000,AF36*5%)))) -> 0 | AH36: =ROUND(IF(E36=0,AG36*120%,AG36),0) -> 0 | AI36: =+'PAJAK JAN-NOV'!R33 -> 150068 | AJ36: =IF(AG36<=AI36,0,IF(AG36>AI36,AG36-AI36)) -> 0 | AL36: =AI36-AH36 -> 150068
B37: 32 | C37: =+PERBULAN!B39 -> ERI HANDRAYANI | D37: 1906040611820002 | E37: - | F37: DSN CENDIL RT. 006 RW. 002 DESA CENDIL KEC. KELAPA KAMPIT | G37: KARYAWAN PANEN | H37: L | I37: K/2 | J37: =IF(ISBLANK(I37),"",IF(OR(I37="TK/0",I37="TK/1",I37="K/0"),"TER A",IF(I37="K/3","TER C","TER B"))) -> TER B | K37: 1 | L37: 12 | M37: ='[3]DAFTAR UPAH HARVESTING'!X16*129220 -> 4005820 | N37: ='[3]DAFTAR UPAH HARVESTING'!CR16 -> 2371480 | O37: =[3]PPH!L38+[3]PPH!M38 -> 188934.24 | P37: 0 | Q37: =SUM(M37:P37) -> 6566234.2 | R37: =+PERBULAN!S39 -> 4067100 | S37: =+SETAHUN!J39 -> 900000 | T37: 0 | U37: =+SETAHUN!F39+M37+N37 -> 61971193 | V37: 0 | W37: =+SETAHUN!V39+O37 -> 2265490.1 | X37: 0 | Y37: 0 | Z37: =SUM(R37:T37) -> 4967100 | AA37: =SUM(U37:Z37) -> 69203783 | AB37: =ROUND(IF((AA37)*5%>6000000,6000000,(AA37)*5%),0) -> 3460189 | AC37: =('ASTEK-DIISI SMPAI DES'!O39+'ASTEK-DIISI SMPAI DES'!O154) -> 1400436 | AD37: =AA37-AB37-AC37 -> 64343158 | AE37: =IFERROR(VLOOKUP(I37,TARIF,3,FALSE),0) -> 67500000 | AF37: =ROUNDDOWN(IF(AD37<=AE37,0,IF(AD37>AE37,AD37-AE37)),-3) -> 0 | AG37: =IF(AF37>5000000000,AF37*35%-306000000,IF(AF37>500000000,AF37*30%-56000000,IF(AF37>250000000,AF37*25%-31000000,IF(AF37>60000000,AF37*15%-6000000,AF37*5%)))) -> 0 | AH37: =ROUND(IF(E37=0,AG37*120%,AG37),0) -> 0 | AI37: =+'PAJAK JAN-NOV'!R34 -> 151051 | AJ37: =IF(AG37<=AI37,0,IF(AG37>AI37,AG37-AI37)) -> 0 | AL37: =AI37-AH37 -> 151051
B38: 33 | C38: =+PERBULAN!B40 -> FERBI H | D38: 1906040509950002 | E38: - | F38: DSN CENDIL RT. 006 RW. 002 DESA CENDIL KEC. KELAPA KAMPIT | G38: KARYAWAN PANEN | H38: L | I38: K/0 | J38: =IF(ISBLANK(I38),"",IF(OR(I38="TK/0",I38="TK/1",I38="K/0"),"TER A",IF(I38="K/3","TER C","TER B"))) -> TER A | K38: 1 | L38: 12 | M38: ='[3]DAFTAR UPAH HARVESTING'!X17*129220 -> 3747380 | N38: ='[3]DAFTAR UPAH HARVESTING'!CR17 -> 2150006.2 | O38: =[3]PPH!L39+[3]PPH!M39 -> 188934.24 | P38: 0 | Q38: =SUM(M38:P38) -> 6086320.5 | R38: =+PERBULAN!S40 -> 4011600 | S38: =+SETAHUN!J40 -> 200000 | T38: 0 | U38: =+SETAHUN!F40+M38+N38 -> 56148058 | V38: 0 | W38: =+SETAHUN!V40+O38 -> 2264839.7 | X38: 0 | Y38: 0 | Z38: =SUM(R38:T38) -> 4211600 | AA38: =SUM(U38:Z38) -> 62624497 | AB38: =ROUND(IF((AA38)*5%>6000000,6000000,(AA38)*5%),0) -> 3131225 | AC38: =('ASTEK-DIISI SMPAI DES'!O40+'ASTEK-DIISI SMPAI DES'!O155) -> 1400256 | AD38: =AA38-AB38-AC38 -> 58093016 | AE38: =IFERROR(VLOOKUP(I38,TARIF,3,FALSE),0) -> 58500000 | AF38: =ROUNDDOWN(IF(AD38<=AE38,0,IF(AD38>AE38,AD38-AE38)),-3) -> 0 | AG38: =IF(AF38>5000000000,AF38*35%-306000000,IF(AF38>500000000,AF38*30%-56000000,IF(AF38>250000000,AF38*25%-31000000,IF(AF38>60000000,AF38*15%-6000000,AF38*5%)))) -> 0 | AH38: =ROUND(IF(E38=0,AG38*120%,AG38),0) -> 0 | AI38: =+'PAJAK JAN-NOV'!R35 -> 182504 | AJ38: =IF(AG38<=AI38,0,IF(AG38>AI38,AG38-AI38)) -> 0 | AL38: =AI38-AH38 -> 182504
B39: 34 | C39: =+PERBULAN!B41 -> HAIDI | D39: 1902042507880002 | E39: - | F39: JL RAYA PELEPAK PUTE RT. 006 RW. 003 DESA PELEPAK PUTE KEC. SIJUK | G39: KARYAWAN PANEN | H39: L | I39: K/2 | J39: =IF(ISBLANK(I39),"",IF(OR(I39="TK/0",I39="TK/1",I39="K/0"),"TER A",IF(I39="K/3","TER C","TER B"))) -> TER B | K39: 1 | L39: 12 | M39: ='[3]DAFTAR UPAH HARVESTING'!X18*129220 -> 3876600 | N39: ='[3]DAFTAR UPAH HARVESTING'!CR18 -> 2276091 | O39: =[3]PPH!L40+[3]PPH!M40 -> 188789.04 | P39: 0 | Q39: =SUM(M39:P39) -> 6341480 | R39: =+PERBULAN!S41 -> 4064100 | S39: =+SETAHUN!J41 -> 200000 | T39: 0 | U39: =+SETAHUN!F41+M39+N39 -> 59292133 | V39: 0 | W39: =+SETAHUN!V41+O39 -> 2263103.3 | X39: 0 | Y39: 0 | Z39: =SUM(R39:T39) -> 4264100 | AA39: =SUM(U39:Z39) -> 65819336 | AB39: =ROUND(IF((AA39)*5%>6000000,6000000,(AA39)*5%),0) -> 3290967 | AC39: =('ASTEK-DIISI SMPAI DES'!O41+'ASTEK-DIISI SMPAI DES'!O156) -> 1399626 | AD39: =AA39-AB39-AC39 -> 61128743 | AE39: =IFERROR(VLOOKUP(I39,TARIF,3,FALSE),0) -> 67500000 | AF39: =ROUNDDOWN(IF(AD39<=AE39,0,IF(AD39>AE39,AD39-AE39)),-3) -> 0 | AG39: =IF(AF39>5000000000,AF39*35%-306000000,IF(AF39>500000000,AF39*30%-56000000,IF(AF39>250000000,AF39*25%-31000000,IF(AF39>60000000,AF39*15%-6000000,AF39*5%)))) -> 0 | AH39: =ROUND(IF(E39=0,AG39*120%,AG39),0) -> 0 | AI39: =+'PAJAK JAN-NOV'!R36 -> 150114 | AJ39: =IF(AG39<=AI39,0,IF(AG39>AI39,AG39-AI39)) -> 0 | AL39: =AI39-AH39 -> 150114
B40: 35 | C40: =+PERBULAN!B42 -> IRHAS | D40: 1906011110890002 | E40: - | F40: SUNGAI PADANG RT. 008 RW. 004 DESA SUNGAI PADANG KEC. SIJUK | G40: KARYAWAN PANEN | H40: L | I40: K/2 | J40: =IF(ISBLANK(I40),"",IF(OR(I40="TK/0",I40="TK/1",I40="K/0"),"TER A",IF(I40="K/3","TER C","TER B"))) -> TER B | K40: 1 | L40: 12 | M40: ='[3]DAFTAR UPAH HARVESTING'!X19*129220 -> 3488940 | N40: ='[3]DAFTAR UPAH HARVESTING'!CR19 -> 2000839.2 | O40: =[3]PPH!L41+[3]PPH!M41 -> 188643.84 | P40: 0 | Q40: =SUM(M40:P40) -> 5678423.1 | R40: =+PERBULAN!S42 -> 4061100 | S40: =+SETAHUN!J42 -> 200000 | T40: 0 | U40: =+SETAHUN!F42+M40+N40 -> 55340874 | V40: 0 | W40: =+SETAHUN!V42+O40 -> 2262187.7 | X40: 0 | Y40: 0 | Z40: =SUM(R40:T40) -> 4261100 | AA40: =SUM(U40:Z40) -> 61864162 | AB40: =ROUND(IF((AA40)*5%>6000000,6000000,(AA40)*5%),0) -> 3093208 | AC40: =('ASTEK-DIISI SMPAI DES'!O42+'ASTEK-DIISI SMPAI DES'!O157) -> 1399356 | AD40: =AA40-AB40-AC40 -> 57371598 | AE40: =IFERROR(VLOOKUP(I40,TARIF,3,FALSE),0) -> 67500000 | AF40: =ROUNDDOWN(IF(AD40<=AE40,0,IF(AD40>AE40,AD40-AE40)),-3) -> 0 | AG40: =IF(AF40>5000000000,AF40*35%-306000000,IF(AF40>500000000,AF40*30%-56000000,IF(AF40>250000000,AF40*25%-31000000,IF(AF40>60000000,AF40*15%-6000000,AF40*5%)))) -> 0 | AH40: =ROUND(IF(E40=0,AG40*120%,AG40),0) -> 0 | AI40: =+'PAJAK JAN-NOV'!R37 -> 144615 | AJ40: =IF(AG40<=AI40,0,IF(AG40>AI40,AG40-AI40)) -> 0 | AL40: =AI40-AH40 -> 144615
B41: 36 | C41: =+PERBULAN!B43 -> YANUAR | D41: 1906042402900002 | E41: - | F41: DSN CENDIL RT. 006 RW. 002 DESA CENDIL KEC. KELAPA KAMPIT | G41: KARYAWAN PANEN | H41: L | I41: K/2 | J41: =IF(ISBLANK(I41),"",IF(OR(I41="TK/0",I41="TK/1",I41="K/0"),"TER A",IF(I41="K/3","TER C","TER B"))) -> TER B | K41: 1 | L41: 12 | M41: ='[3]DAFTAR UPAH HARVESTING'!X20*129220 -> 3876600 | N41: ='[3]DAFTAR UPAH HARVESTING'!CR20 -> 2090701.4 | O41: =[3]PPH!L42+[3]PPH!M42 -> 189224.64 | P41: 0 | Q41: =SUM(M41:P41) -> 6156526.1 | R41: =+PERBULAN!S43 -> 4032600 | S41: =+SETAHUN!J43 -> 600000 | T41: 0 | U41: =+SETAHUN!F43+M41+N41 -> 58595932 | V41: 0 | W41: =+SETAHUN!V43+O41 -> 2268022.1 | X41: 0 | Y41: 0 | Z41: =SUM(R41:T41) -> 4632600 | AA41: =SUM(U41:Z41) -> 65496554 | AB41: =ROUND(IF((AA41)*5%>6000000,6000000,(AA41)*5%),0) -> 3274828 | AC41: =('ASTEK-DIISI SMPAI DES'!O43+'ASTEK-DIISI SMPAI DES'!O158) -> 1401336 | AD41: =AA41-AB41-AC41 -> 60820390 | AE41: =IFERROR(VLOOKUP(I41,TARIF,3,FALSE),0) -> 67500000 | AF41: =ROUNDDOWN(IF(AD41<=AE41,0,IF(AD41>AE41,AD41-AE41)),-3) -> 0 | AG41: =IF(AF41>5000000000,AF41*35%-306000000,IF(AF41>500000000,AF41*30%-56000000,IF(AF41>250000000,AF41*25%-31000000,IF(AF41>60000000,AF41*15%-6000000,AF41*5%)))) -> 0 | AH41: =ROUND(IF(E41=0,AG41*120%,AG41),0) -> 0 | AI41: =+'PAJAK JAN-NOV'!R38 -> 149121 | AJ41: =IF(AG41<=AI41,0,IF(AG41>AI41,AG41-AI41)) -> 0 | AL41: =AI41-AH41 -> 149121
B42: 37 | C42: =+PERBULAN!B44 -> SEVENDRI | D42: 1906040709870001 | E42: - | F42: DSN BUDING RT. 002 RW. 001 DESA BUDING KEC. KELAPA KAMPIT | G42: KARYAWAN PANEN | H42: L | I42: K/2 | J42: =IF(ISBLANK(I42),"",IF(OR(I42="TK/0",I42="TK/1",I42="K/0"),"TER A",IF(I42="K/3","TER C","TER B"))) -> TER B | K42: 1 | L42: 12 | M42: ='[3]DAFTAR UPAH HARVESTING'!X21*129220 -> 4005820 | N42: ='[3]DAFTAR UPAH HARVESTING'!CR21 -> 2113695 | O42: =[3]PPH!L43+[3]PPH!M43 -> 188934.24 | P42: 0 | Q42: =SUM(M42:P42) -> 6308449.2 | R42: =+PERBULAN!S44 -> 4067100 | S42: =+SETAHUN!J44 -> 200000 | T42: 0 | U42: =+SETAHUN!F44+M42+N42 -> 60077364 | V42: 0 | W42: =+SETAHUN!V44+O42 -> 2264890.1 | X42: 0 | Y42: 0 | Z42: =SUM(R42:T42) -> 4267100 | AA42: =SUM(U42:Z42) -> 66609354 | AB42: =ROUND(IF((AA42)*5%>6000000,6000000,(AA42)*5%),0) -> 3330468 | AC42: =('ASTEK-DIISI SMPAI DES'!O44+'ASTEK-DIISI SMPAI DES'!O159) -> 1400436 | AD42: =AA42-AB42-AC42 -> 61878450 | AE42: =IFERROR(VLOOKUP(I42,TARIF,3,FALSE),0) -> 67500000 | AF42: =ROUNDDOWN(IF(AD42<=AE42,0,IF(AD42>AE42,AD42-AE42)),-3) -> 0 | AG42: =IF(AF42>5000000000,AF42*35%-306000000,IF(AF42>500000000,AF42*30%-56000000,IF(AF42>250000000,AF42*25%-31000000,IF(AF42>60000000,AF42*15%-6000000,AF42*5%)))) -> 0 | AH42: =ROUND(IF(E42=0,AG42*120%,AG42),0) -> 0 | AI42: =+'PAJAK JAN-NOV'!R39 -> 152686 | AJ42: =IF(AG42<=AI42,0,IF(AG42>AI42,AG42-AI42)) -> 0 | AL42: =AI42-AH42 -> 152686
B43: 38 | C43: =+PERBULAN!B45 -> PURGANDI | D43: 1906041107870002 | E43: - | F43: DSN CENDIL RT. 005 RW. 002 DESA CENDIL KEC. KELAPA KAMPIT | G43: KARYAWAN PANEN | H43: L | I43: K/0 | J43: =IF(ISBLANK(I43),"",IF(OR(I43="TK/0",I43="TK/1",I43="K/0"),"TER A",IF(I43="K/3","TER C","TER B"))) -> TER A | K43: 1 | L43: 12 | M43: ='[3]DAFTAR UPAH HARVESTING'!X22*129220 -> 3747380 | N43: ='[3]DAFTAR UPAH HARVESTING'!CR22 -> 2124076.4 | O43: =[3]PPH!L44+[3]PPH!M44 -> 188934.24 | P43: 0 | Q43: =SUM(M43:P43) -> 6060390.7 | R43: =+PERBULAN!S45 -> 3998100 | S43: =+SETAHUN!J45 -> 600000 | T43: 0 | U43: =+SETAHUN!F45+M43+N43 -> 59134642 | V43: 0 | W43: =+SETAHUN!V45+O43 -> 2265490.1 | X43: 0 | Y43: 0 | Z43: =SUM(R43:T43) -> 4598100 | AA43: =SUM(U43:Z43) -> 65998232 | AB43: =ROUND(IF((AA43)*5%>6000000,6000000,(AA43)*5%),0) -> 3299912 | AC43: =('ASTEK-DIISI SMPAI DES'!O45+'ASTEK-DIISI SMPAI DES'!O160) -> 1400436 | AD43: =AA43-AB43-AC43 -> 61297884 | AE43: =IFERROR(VLOOKUP(I43,TARIF,3,FALSE),0) -> 58500000 | AF43: =ROUNDDOWN(IF(AD43<=AE43,0,IF(AD43>AE43,AD43-AE43)),-3) -> 2797000 | AG43: =IF(AF43>5000000000,AF43*35%-306000000,IF(AF43>500000000,AF43*30%-56000000,IF(AF43>250000000,AF43*25%-31000000,IF(AF43>60000000,AF43*15%-6000000,AF43*5%)))) -> 139850 | AH43: =ROUND(IF(E43=0,AG43*120%,AG43),0) -> 139850 | AI43: =+'PAJAK JAN-NOV'!R40 -> 241112 | AJ43: =IF(AG43<=AI43,0,IF(AG43>AI43,AG43-AI43)) -> 0 | AL43: =AI43-AH43 -> 101262
B44: 39 | C44: =+PERBULAN!B46 -> RICKI PUTRA | D44: 1902040707890001 | E44: - | F44: JL AIK KALAK RT. 008 RW. 004 DESA PELEPAK PUTE KEC. SIJUK | G44: KARYAWAN PANEN | H44: L | I44: K/0 | J44: =IF(ISBLANK(I44),"",IF(OR(I44="TK/0",I44="TK/1",I44="K/0"),"TER A",IF(I44="K/3","TER C","TER B"))) -> TER A | K44: 1 | L44: 12 | M44: ='[3]DAFTAR UPAH HARVESTING'!X23*129220 -> 3876600 | N44: ='[3]DAFTAR UPAH HARVESTING'!CR23 -> 2408483 | O44: =[3]PPH!L45+[3]PPH!M45 -> 188934.24 | P44: 0 | Q44: =SUM(M44:P44) -> 6474017.2 | R44: =+PERBULAN!S46 -> 4011600 | S44: =+SETAHUN!J46 -> 600000 | T44: 0 | U44: =+SETAHUN!F46+M44+N44 -> 61216555 | V44: 0 | W44: =+SETAHUN!V46+O44 -> 2264404.1 | X44: 0 | Y44: 0 | Z44: =SUM(R44:T44) -> 4611600 | AA44: =SUM(U44:Z44) -> 68092559 | AB44: =ROUND(IF((AA44)*5%>6000000,6000000,(AA44)*5%),0) -> 3404628 | AC44: =('ASTEK-DIISI SMPAI DES'!O46+'ASTEK-DIISI SMPAI DES'!O161) -> 1399986 | AD44: =AA44-AB44-AC44 -> 63287945 | AE44: =IFERROR(VLOOKUP(I44,TARIF,3,FALSE),0) -> 58500000 | AF44: =ROUNDDOWN(IF(AD44<=AE44,0,IF(AD44>AE44,AD44-AE44)),-3) -> 4787000 | AG44: =IF(AF44>5000000000,AF44*35%-306000000,IF(AF44>500000000,AF44*30%-56000000,IF(AF44>250000000,AF44*25%-31000000,IF(AF44>60000000,AF44*15%-6000000,AF44*5%)))) -> 239350 | AH44: =ROUND(IF(E44=0,AG44*120%,AG44),0) -> 239350 | AI44: =+'PAJAK JAN-NOV'!R41 -> 314415 | AJ44: =IF(AG44<=AI44,0,IF(AG44>AI44,AG44-AI44)) -> 0 | AL44: =AI44-AH44 -> 75065
B45: 40 | C45: =+PERBULAN!B47 -> ROLAND AGUSTA | D45: 1902040808980002 | E45: - | F45: DUSUN AIR KALA RT. 007 RW. 004 DESA PELEPAK PUTE KEC. SIJUK | G45: KARYAWAN PANEN | H45: L | I45: K/1 | J45: =IF(ISBLANK(I45),"",IF(OR(I45="TK/0",I45="TK/1",I45="K/0"),"TER A",IF(I45="K/3","TER C","TER B"))) -> TER B | K45: 1 | L45: 12 | M45: ='[3]DAFTAR UPAH HARVESTING'!X24*129220 -> 4005820 | N45: ='[3]DAFTAR UPAH HARVESTING'!CR24 -> 2286512 | O45: =[3]PPH!L46+[3]PPH!M46 -> 188643.84 | P45: 0 | Q45: =SUM(M45:P45) -> 6480975.8 | R45: =+PERBULAN!S47 -> 4034100 | S45: =+SETAHUN!J47 -> 200000 | T45: 0 | U45: =+SETAHUN!F47+M45+N45 -> 62329818 | V45: 0 | W45: =+SETAHUN!V47+O45 -> 2262067.7 | X45: 0 | Y45: 0 | Z45: =SUM(R45:T45) -> 4234100 | AA45: =SUM(U45:Z45) -> 68825986 | AB45: =ROUND(IF((AA45)*5%>6000000,6000000,(AA45)*5%),0) -> 3441299 | AC45: =('ASTEK-DIISI SMPAI DES'!O47+'ASTEK-DIISI SMPAI DES'!O162) -> 1399356 | AD45: =AA45-AB45-AC45 -> 63985331 | AE45: =IFERROR(VLOOKUP(I45,TARIF,3,FALSE),0) -> 63000000 | AF45: =ROUNDDOWN(IF(AD45<=AE45,0,IF(AD45>AE45,AD45-AE45)),-3) -> 985000 | AG45: =IF(AF45>5000000000,AF45*35%-306000000,IF(AF45>500000000,AF45*30%-56000000,IF(AF45>250000000,AF45*25%-31000000,IF(AF45>60000000,AF45*15%-6000000,AF45*5%)))) -> 49250 | AH45: =ROUND(IF(E45=0,AG45*120%,AG45),0) -> 49250 | AI45: =+'PAJAK JAN-NOV'!R42 -> 188553 | AJ45: =IF(AG45<=AI45,0,IF(AG45>AI45,AG45-AI45)) -> 0 | AL45: =AI45-AH45 -> 139303
... B57: 52 | C57: =+PERBULAN!B59 -> ANHAR | D57: 5203090401780002 | E57: - | F57: MONTONG LEKONG AIR LOMAK RT 01 DESA TOYA KECAMATAN AIK MEL LOMBOK TIMUR | G57: KARYAWAN PANEN | H57: L | I57: K/2 | J57: =IF(ISBLANK(I57),"",IF(OR(I57="TK/0",I57="TK/1",I57="K/0"),"TER A",IF(I57="K/3","TER C","TER B"))) -> TER B | K57: 1 | L57: 12 | M57: ='[3]DAFTAR UPAH HARVESTING'!X36*129220 -> 4005820 | N57: ='[3]DAFTAR UPAH HARVESTING'!CR36 -> 2232285.1 | O57: =[3]PPH!L58+[3]PPH!M58 -> 187748.44 | P57: 0 | Q57: =SUM(M57:P57) -> 6425853.6 | R57: =+PERBULAN!S59 -> 1010775 | S57: =+SETAHUN!J59 -> 0 | T57: 0 | U57: =+SETAHUN!F59+M57+N57 -> 62153273 | V57: 0 | W57: =+SETAHUN!V59+O57 -> 2251650.3 | X57: 0 | Y57: 0 | Z57: =SUM(R57:T57) -> 1010775 | AA57: =SUM(U57:Z57) -> 65415699 | AB57: =ROUND(IF((AA57)*5%>6000000,6000000,(AA57)*5%),0) -> 3270785 | AC57: =('ASTEK-DIISI SMPAI DES'!O59+'ASTEK-DIISI SMPAI DES'!O174) -> 1395651 | AD57: =AA57-AB57-AC57 -> 60749263 | AE57: =IFERROR(VLOOKUP(I57,TARIF,3,FALSE),0) -> 67500000 | AF57: =ROUNDDOWN(IF(AD57<=AE57,0,IF(AD57>AE57,AD57-AE57)),-3) -> 0 | AG57: =IF(AF57>5000000000,AF57*35%-306000000,IF(AF57>500000000,AF57*30%-56000000,IF(AF57>250000000,AF57*25%-31000000,IF(AF57>60000000,AF57*15%-6000000,AF57*5%)))) -> 0 | AH57: =ROUND(IF(E57=0,AG57*120%,AG57),0) -> 0 | AI57: =+'PAJAK JAN-NOV'!R54 -> 68517 | AJ57: =IF(AG57<=AI57,0,IF(AG57>AI57,AG57-AI57)) -> 0 | AL57: =AI57-AH57 -> 68517
B58: 53 | C58: =+PERBULAN!B60 -> IRPAN SAMSUDIN | D58: 5203090404960004 | E58: - | F58: DUSUN MONTOR LEKONG,RT 01 DESA TOYA AIK MEL KECAMATAN AIK MEL LOMBOK TIMUR | G58: KARYAWAN PANEN | H58: L | I58: TK/0 | J58: =IF(ISBLANK(I58),"",IF(OR(I58="TK/0",I58="TK/1",I58="K/0"),"TER A",IF(I58="K/3","TER C","TER B"))) -> TER A | K58: 1 | L58: 7 | O58: =[3]PPH!L59+[3]PPH!M59 -> 0 | P58: 0 | Q58: =SUM(M58:P58) -> 0 | R58: =+PERBULAN!S60 -> 996900 | S58: =+SETAHUN!J60 -> 0 | T58: 0 | U58: =+SETAHUN!F60+M58+N58 -> 29229930 | V58: 0 | W58: =+SETAHUN!V60+O58 -> 1313392.1 | X58: 0 | Y58: 0 | Z58: =SUM(R58:T58) -> 996900 | AA58: =SUM(U58:Z58) -> 31540222 | AB58: =ROUND(IF((AA58)*5%>6000000,6000000,(AA58)*5%),0) -> 1577011 | AC58: =('ASTEK-DIISI SMPAI DES'!O60+'ASTEK-DIISI SMPAI DES'!O175) -> 814086 | AD58: =AA58-AB58-AC58 -> 29149125 | AE58: =IFERROR(VLOOKUP(I58,TARIF,3,FALSE),0) -> 54000000 | AF58: =ROUNDDOWN(IF(AD58<=AE58,0,IF(AD58>AE58,AD58-AE58)),-3) -> 0 | AG58: =IF(AF58>5000000000,AF58*35%-306000000,IF(AF58>500000000,AF58*30%-56000000,IF(AF58>250000000,AF58*25%-31000000,IF(AF58>60000000,AF58*15%-6000000,AF58*5%)))) -> 0 | AH58: =ROUND(IF(E58=0,AG58*120%,AG58),0) -> 0 | AI58: =+'PAJAK JAN-NOV'!R55 -> 66108 | AJ58: =IF(AG58<=AI58,0,IF(AG58>AI58,AG58-AI58)) -> 0 | AL58: =AI58-AH58 -> 66108
B59: 54 | C59: =+PERBULAN!B61 -> ADI . JP | D59: 1906042210870002 | E59: 88.660.158.2-305.000 | F59: DSN CENDIL RT. 006 RW. 002 DS CENDIL KEC KELAPA KAMPIT | G59: MANDOR PANEN PLASMA | H59: L | I59: K/2 | J59: =IF(ISBLANK(I59),"",IF(OR(I59="TK/0",I59="TK/1",I59="K/0"),"TER A",IF(I59="K/3","TER C","TER B"))) -> TER B | K59: 1 | L59: 12 | M59: ='[3]DAFTAR UPAH PLASMA'!X9*129220 -> 4005820 | N59: 300050 | O59: =[3]PPH!L60+[3]PPH!M60 -> 190265.24 | P59: 0 | Q59: =SUM(M59:P59) -> 4496135.2 | R59: =+PERBULAN!S61 -> 4090100 | S59: =+SETAHUN!J61 -> 600000 | T59: 0 | U59: =+SETAHUN!F61+M59+N59 -> 50794896 | V59: 0 | W59: =+SETAHUN!V61+O59 -> 2278916.1 | X59: 0 | Y59: 0 | Z59: =SUM(R59:T59) -> 4690100 | AA59: =SUM(U59:Z59) -> 57763912 | AB59: =ROUND(IF((AA59)*5%>6000000,6000000,(AA59)*5%),0) -> 2888196 | AC59: =('ASTEK-DIISI SMPAI DES'!O61+'ASTEK-DIISI SMPAI DES'!O176) -> 1405386 | AD59: =AA59-AB59-AC59 -> 53470330 | AE59: =IFERROR(VLOOKUP(I59,TARIF,3,FALSE),0) -> 67500000 | AF59: =ROUNDDOWN(IF(AD59<=AE59,0,IF(AD59>AE59,AD59-AE59)),-3) -> 0 | AG59: =IF(AF59>5000000000,AF59*35%-306000000,IF(AF59>500000000,AF59*30%-56000000,IF(AF59>250000000,AF59*25%-31000000,IF(AF59>60000000,AF59*15%-6000000,AF59*5%)))) -> 0 | AH59: =ROUND(IF(E59=0,AG59*120%,AG59),0) -> 0 | AI59: =+'PAJAK JAN-NOV'!R56 -> 85885 | AJ59: =IF(AG59<=AI59,0,IF(AG59>AI59,AG59-AI59)) -> 0 | AL59: =AI59-AH59 -> 85885
B60: 55 | C60: =+PERBULAN!B62 -> RUDI | D60: 1906041211910002 | E60: - | F60: DSN CENDIL RT. 002 RW. 001 DESA CENDIL KEC. KELAPA KAMPIT | G60: KARYAWAN PANEN PLASMA | H60: L | I60: K/2 | J60: =IF(ISBLANK(I60),"",IF(OR(I60="TK/0",I60="TK/1",I60="K/0"),"TER A",IF(I60="K/3","TER C","TER B"))) -> TER B | K60: 1 | L60: 12 | M60: ='[3]DAFTAR UPAH PLASMA'!X10*129220 -> 4005820 | N60: 1470500 | O60: =[3]PPH!L61+[3]PPH!M61 -> 188934.24 | P60: 0 | Q60: =SUM(M60:P60) -> 5665254.2 | R60: =+PERBULAN!S62 -> 4067100 | S60: =+SETAHUN!J62 -> 200000 | T60: 0 | U60: =+SETAHUN!F62+M60+N60 -> 56318046 | V60: 0 | W60: =+SETAHUN!V62+O60 -> 2265490.1 | X60: 0 | Y60: 0 | Z60: =SUM(R60:T60) -> 4267100 | AA60: =SUM(U60:Z60) -> 62850636 | AB60: =ROUND(IF((AA60)*5%>6000000,6000000,(AA60)*5%),0) -> 3142532 | AC60: =('ASTEK-DIISI SMPAI DES'!O62+'ASTEK-DIISI SMPAI DES'!O177) -> 1400436 | AD60: =AA60-AB60-AC60 -> 58307668 | AE60: =IFERROR(VLOOKUP(I60,TARIF,3,FALSE),0) -> 67500000 | AF60: =ROUNDDOWN(IF(AD60<=AE60,0,IF(AD60>AE60,AD60-AE60)),-3) -> 0 | AG60: =IF(AF60>5000000000,AF60*35%-306000000,IF(AF60>500000000,AF60*30%-56000000,IF(AF60>250000000,AF60*25%-31000000,IF(AF60>60000000,AF60*15%-6000000,AF60*5%)))) -> 0 | AH60: =ROUND(IF(E60=0,AG60*120%,AG60),0) -> 0 | AI60: =+'PAJAK JAN-NOV'!R57 -> 145757 | AJ60: =IF(AG60<=AI60,0,IF(AG60>AI60,AG60-AI60)) -> 0 | AL60: =AI60-AH60 -> 145757
B61: 56 | C61: =+PERBULAN!B63 -> SUDIANTO | D61: 1906041111820002 | E61: - | F61: DSN CENDIL RT. 003 RW. 001 DESA CENDIL KEC. KELAPA KAMPIT | G61: KARYAWAN PANEN PLASMA | H61: L | I61: TK/0 | J61: =IF(ISBLANK(I61),"",IF(OR(I61="TK/0",I61="TK/1",I61="K/0"),"TER A",IF(I61="K/3","TER C","TER B"))) -> TER A | K61: 1 | L61: 12 | M61: ='[3]DAFTAR UPAH PLASMA'!X11*129220 -> 3876600 | N61: 1405550 | O61: =[3]PPH!L62+[3]PPH!M62 -> 188934.24 | P61: 0 | Q61: =SUM(M61:P61) -> 5471084.2 | R61: =+PERBULAN!S63 -> 3968100 | S61: =+SETAHUN!J63 -> 600000 | T61: 0 | U61: =+SETAHUN!F63+M61+N61 -> 54470586 | V61: 0 | W61: =+SETAHUN!V63+O61 -> 2265490.1 | X61: 0 | Y61: 0 | Z61: =SUM(R61:T61) -> 4568100 | AA61: =SUM(U61:Z61) -> 61304176 | AB61: =ROUND(IF((AA61)*5%>6000000,6000000,(AA61)*5%),0) -> 3065209 | AC61: =('ASTEK-DIISI SMPAI DES'!O63+'ASTEK-DIISI SMPAI DES'!O178) -> 1400436 | AD61: =AA61-AB61-AC61 -> 56838531 | AE61: =IFERROR(VLOOKUP(I61,TARIF,3,FALSE),0) -> 54000000 | AF61: =ROUNDDOWN(IF(AD61<=AE61,0,IF(AD61>AE61,AD61-AE61)),-3) -> 2838000 | AG61: =IF(AF61>5000000000,AF61*35%-306000000,IF(AF61>500000000,AF61*30%-56000000,IF(AF61>250000000,AF61*25%-31000000,IF(AF61>60000000,AF61*15%-6000000,AF61*5%)))) -> 141900 | AH61: =ROUND(IF(E61=0,AG61*120%,AG61),0) -> 141900 | AI61: =+'PAJAK JAN-NOV'!R58 -> 194436 | AJ61: =IF(AG61<=AI61,0,IF(AG61>AI61,AG61-AI61)) -> 0 | AL61: =AI61-AH61 -> 52536
B62: 57 | C62: =+PERBULAN!B64 -> SALEH | D62: 1902031912810001 | E62: - | F62: DSN CENDIL RT. 006 RW. 002 DESA CENDIL KEC. KELAPA KAMPIT | G62: KARYAWAN PANEN PLASMA | H62: L | I62: K/0 | J62: =IF(ISBLANK(I62),"",IF(OR(I62="TK/0",I62="TK/1",I62="K/0"),"TER A",IF(I62="K/3","TER C","TER B"))) -> TER A | K62: 1 | L62: 12 | M62: ='[3]DAFTAR UPAH PLASMA'!X12*129220 -> 4005820 | N62: 1421300 | O62: =[3]PPH!L63+[3]PPH!M63 -> 188934.24 | P62: 0 | Q62: =SUM(M62:P62) -> 5616054.2 | R62: =+PERBULAN!S64 -> 4011600 | S62: =+SETAHUN!J64 -> 600000 | T62: 0 | U62: =+SETAHUN!F64+M62+N62 -> 55289746 | V62: 0 | W62: =+SETAHUN!V64+O62 -> 2265490.1 | X62: 0 | Y62: 0 | Z62: =SUM(R62:T62) -> 4611600 | AA62: =SUM(U62:Z62) -> 62166836 | AB62: =ROUND(IF((AA62)*5%>6000000,6000000,(AA62)*5%),0) -> 3108342 | AC62: =('ASTEK-DIISI SMPAI DES'!O64+'ASTEK-DIISI SMPAI DES'!O179) -> 1400436 | AD62: =AA62-AB62-AC62 -> 57658058 | AE62: =IFERROR(VLOOKUP(I62,TARIF,3,FALSE),0) -> 58500000 | AF62: =ROUNDDOWN(IF(AD62<=AE62,0,IF(AD62>AE62,AD62-AE62)),-3) -> 0 | AG62: =IF(AF62>5000000000,AF62*35%-306000000,IF(AF62>500000000,AF62*30%-56000000,IF(AF62>250000000,AF62*25%-31000000,IF(AF62>60000000,AF62*15%-6000000,AF62*5%)))) -> 0 | AH62: =ROUND(IF(E62=0,AG62*120%,AG62),0) -> 0 | AI62: =+'PAJAK JAN-NOV'!R59 -> 221798 | AJ62: =IF(AG62<=AI62,0,IF(AG62>AI62,AG62-AI62)) -> 0 | AL62: =AI62-AH62 -> 221798
B63: 58 | C63: =+PERBULAN!B65 -> ANDRIANSYAH | D63: 1902041906870001 | E63: - | F63: DSN CENDIL RT. 006 RW. 002 DESA CENDIL KEC. KELAPA KAMPIT | G63: KARYAWAN PANEN PLASMA | H63: L | I63: K/2 | J63: =IF(ISBLANK(I63),"",IF(OR(I63="TK/0",I63="TK/1",I63="K/0"),"TER A",IF(I63="K/3","TER C","TER B"))) -> TER B | K63: 1 | L63: 12 | M63: ='[3]DAFTAR UPAH PLASMA'!X13*129220 -> 4005820 | N63: 1544750 | O63: =[3]PPH!L64+[3]PPH!M64 -> 188934.24 | P63: 0 | Q63: =SUM(M63:P63) -> 5739504.2 | R63: =+PERBULAN!S65 -> 4067100 | S63: =+SETAHUN!J65 -> 200000 | T63: 0 | U63: =+SETAHUN!F65+M63+N63 -> 56445946 | V63: 0 | W63: =+SETAHUN!V65+O63 -> 2265490.1 | X63: 0 | Y63: 0 | Z63: =SUM(R63:T63) -> 4267100 | AA63: =SUM(U63:Z63) -> 62978536 | AB63: =ROUND(IF((AA63)*5%>6000000,6000000,(AA63)*5%),0) -> 3148927 | AC63: =('ASTEK-DIISI SMPAI DES'!O65+'ASTEK-DIISI SMPAI DES'!O180) -> 1400436 | AD63: =AA63-AB63-AC63 -> 58429173 | AE63: =IFERROR(VLOOKUP(I63,TARIF,3,FALSE),0) -> 67500000 | AF63: =ROUNDDOWN(IF(AD63<=AE63,0,IF(AD63>AE63,AD63-AE63)),-3) -> 0 | AG63: =IF(AF63>5000000000,AF63*35%-306000000,IF(AF63>500000000,AF63*30%-56000000,IF(AF63>250000000,AF63*25%-31000000,IF(AF63>60000000,AF63*15%-6000000,AF63*5%)))) -> 0 | AH63: =ROUND(IF(E63=0,AG63*120%,AG63),0) -> 0 | AI63: =+'PAJAK JAN-NOV'!R60 -> 146880 | AJ63: =IF(AG63<=AI63,0,IF(AG63>AI63,AG63-AI63)) -> 0 | AL63: =AI63-AH63 -> 146880
B64: 59 | C64: =+PERBULAN!B66 -> HENDRI | D64: 1906041806780001 | E64: - | F64: DSN CENDIL RT. 004 RW. 002 DESA CENDIL KEC. KELAPA KAMPIT | G64: KARYAWAN PANEN PLASMA | H64: L | I64: K/2 | J64: =IF(ISBLANK(I64),"",IF(OR(I64="TK/0",I64="TK/1",I64="K/0"),"TER A",IF(I64="K/3","TER C","TER B"))) -> TER B | K64: 1 | L64: 12 | M64: ='[3]DAFTAR UPAH PLASMA'!X14*129220 -> 4005820 | N64: 1467300 | O64: =[3]PPH!L65+[3]PPH!M65 -> 188934.24 | P64: 0 | Q64: =SUM(M64:P64) -> 5662054.2 | R64: =+PERBULAN!S66 -> 4067100 | S64: =+SETAHUN!J66 -> 600000 | T64: 0 | U64: =+SETAHUN!F66+M64+N64 -> 55810426 | V64: 0 | W64: =+SETAHUN!V66+O64 -> 2265490.1 | X64: 0 | Y64: 0 | Z64: =SUM(R64:T64) -> 4667100 | AA64: =SUM(U64:Z64) -> 62743016 | AB64: =ROUND(IF((AA64)*5%>6000000,6000000,(AA64)*5%),0) -> 3137151 | AC64: =('ASTEK-DIISI SMPAI DES'!O66+'ASTEK-DIISI SMPAI DES'!O181) -> 1400436 | AD64: =AA64-AB64-AC64 -> 58205429 | AE64: =IFERROR(VLOOKUP(I64,TARIF,3,FALSE),0) -> 67500000 | AF64: =ROUNDDOWN(IF(AD64<=AE64,0,IF(AD64>AE64,AD64-AE64)),-3) -> 0 | AG64: =IF(AF64>5000000000,AF64*35%-306000000,IF(AF64>500000000,AF64*30%-56000000,IF(AF64>250000000,AF64*25%-31000000,IF(AF64>60000000,AF64*15%-6000000,AF64*5%)))) -> 0 | AH64: =ROUND(IF(E64=0,AG64*120%,AG64),0) -> 0 | AI64: =+'PAJAK JAN-NOV'!R61 -> 144838 | AJ64: =IF(AG64<=AI64,0,IF(AG64>AI64,AG64-AI64)) -> 0 | AL64: =AI64-AH64 -> 144838
B65: 60 | C65: =+PERBULAN!B67 -> POPPY ADEYANTI | D65: 1906044805820001 | E65: 85.974.517.6-305.000 | F65: DSN BUDING RT. 001 RW. 001 DESA BUDING KEC. KELAPA KAMPIT | G65: KARYAWAN PERAWATAN | H65: P | I65: TK/0 | J65: =IF(ISBLANK(I65),"",IF(OR(I65="TK/0",I65="TK/1",I65="K/0"),"TER A",IF(I65="K/3","TER C","TER B"))) -> TER A | K65: 1 | L65: 12 | M65: =31*129220 -> 4005820 | N65: ='[3]DAFTAR UPAH HARVESTING'!$CR$12 -> 1481250 | O65: =[3]PPH!L66+[3]PPH!M66 -> 189224.64 | P65: 0 | Q65: =SUM(M65:P65) -> 5676294.6 | R65: =+PERBULAN!S67 -> 3974100 | S65: =+SETAHUN!J67 -> 200000 | T65: 0 | U65: =+SETAHUN!F67+M65+N65 -> 61674586 | V65: 0 | W65: =+SETAHUN!V67+O65 -> 2268312.5 | X65: 0 | Y65: 0 | Z65: =SUM(R65:T65) -> 4174100 | AA65: =SUM(U65:Z65) -> 68116999 | AB65: =ROUND(IF((AA65)*5%>6000000,6000000,(AA65)*5%),0) -> 3405850 | AC65: =('ASTEK-DIISI SMPAI DES'!O67+'ASTEK-DIISI SMPAI DES'!O182) -> 1401516 | AD65: =AA65-AB65-AC65 -> 63309633 | AE65: =IFERROR(VLOOKUP(I65,TARIF,3,FALSE),0) -> 54000000 | AF65: =ROUNDDOWN(IF(AD65<=AE65,0,IF(AD65>AE65,AD65-AE65)),-3) -> 9309000 | AG65: =IF(AF65>5000000000,AF65*35%-306000000,IF(AF65>500000000,AF65*30%-56000000,IF(AF65>250000000,AF65*25%-31000000,IF(AF65>60000000,AF65*15%-6000000,AF65*5%)))) -> 465450 | AH65: =ROUND(IF(E65=0,AG65*120%,AG65),0) -> 465450 | AI65: =+'PAJAK JAN-NOV'!R62 -> 282537 | AJ65: =IF(AG65<=AI65,0,IF(AG65>AI65,AG65-AI65)) -> 182913 | AL65: =AI65-AH65 -> -182913
B66: 61 | C66: =+PERBULAN!B68 -> HARYADI | D66: 1906041802720002 | E66: - | F66: DSN CENDIL RT. 002 RW. 001 DESA CENDIL KEC. KELAPA KAMPIT | G66: KARYAWAN PANEN | H66: L | I66: K/1 | J66: =IF(ISBLANK(I66),"",IF(OR(I66="TK/0",I66="TK/1",I66="K/0"),"TER A",IF(I66="K/3","TER C","TER B"))) -> TER B | K66: 1 | L66: 12 | M66: =31*129220 -> 4005820 | N66: 171150 | O66: =[3]PPH!L67+[3]PPH!M67 -> 188934.24 | P66: 0 | Q66: =SUM(M66:P66) -> 4365904.2 | R66: =+PERBULAN!S68 -> 4040100 | S66: =+SETAHUN!J68 -> 900000 | T66: 0 | U66: =+SETAHUN!F68+M66+N66 -> 49491606 | V66: 0 | W66: =+SETAHUN!V68+O66 -> 2265130.1 | X66: 0 | Y66: 0 | Z66: =SUM(R66:T66) -> 4940100 | AA66: =SUM(U66:Z66) -> 56696836 | AB66: =ROUND(IF((AA66)*5%>6000000,6000000,(AA66)*5%),0) -> 2834842 | AC66: =('ASTEK-DIISI SMPAI DES'!O68+'ASTEK-DIISI SMPAI DES'!O183) -> 1400436 | AD66: =AA66-AB66-AC66 -> 52461558 | AE66: =IFERROR(VLOOKUP(I66,TARIF,3,FALSE),0) -> 63000000 | AF66: =ROUNDDOWN(IF(AD66<=AE66,0,IF(AD66>AE66,AD66-AE66)),-3) -> 0 | AG66: =IF(AF66>5000000000,AF66*35%-306000000,IF(AF66>500000000,AF66*30%-56000000,IF(AF66>250000000,AF66*25%-31000000,IF(AF66>60000000,AF66*15%-6000000,AF66*5%)))) -> 0 | AH66: =ROUND(IF(E66=0,AG66*120%,AG66),0) -> 0 | AI66: =+'PAJAK JAN-NOV'!R63 -> 84027 | AJ66: =IF(AG66<=AI66,0,IF(AG66>AI66,AG66-AI66)) -> 0 | AL66: =AI66-AH66 -> 84027
B67: 62 | C67: =+PERBULAN!B69 -> 0 | J67: =IF(ISBLANK(I67),"",IF(OR(I67="TK/0",I67="TK/1",I67="K/0"),"TER A",IF(I67="K/3","TER C","TER B"))) | P67: 0 | Q67: =SUM(M67:P67) -> 0 | R67: =+PERBULAN!S69 -> 0 | S67: =+SETAHUN!J69 -> 0 | T67: 0 | U67: =+SETAHUN!F69+M67+N67 -> 0 | V67: 0 | W67: =+SETAHUN!V69+O67 -> 0 | X67: 0 | Y67: 0 | Z67: =SUM(R67:T67) -> 0 | AA67: =SUM(U67:Z67) -> 0 | AB67: =ROUND(IF((AA67)*5%>6000000,6000000,(AA67)*5%),0) -> 0 | AC67: =('ASTEK-DIISI SMPAI DES'!O69+'ASTEK-DIISI SMPAI DES'!O184) -> 0 | AD67: =AA67-AB67-AC67 -> 0 | AE67: =IFERROR(VLOOKUP(I67,TARIF,3,FALSE),0) -> 0 | AF67: =ROUNDDOWN(IF(AD67<=AE67,0,IF(AD67>AE67,AD67-AE67)),-3) -> 0 | AG67: =IF(AF67>5000000000,AF67*35%-306000000,IF(AF67>500000000,AF67*30%-56000000,IF(AF67>250000000,AF67*25%-31000000,IF(AF67>60000000,AF67*15%-6000000,AF67*5%)))) -> 0 | AH67: =ROUND(IF(E67=0,AG67*120%,AG67),0) -> 0 | AI67: =+'PAJAK JAN-NOV'!R64 -> 0 | AJ67: =IF(AG67<=AI67,0,IF(AG67>AI67,AG67-AI67)) -> 0 | AL67: =AI67-AH67 -> 0
B68: 63 | C68: =+PERBULAN!B70 -> 0 | J68: =IF(ISBLANK(I68),"",IF(OR(I68="TK/0",I68="TK/1",I68="K/0"),"TER A",IF(I68="K/3","TER C","TER B"))) | P68: 0 | Q68: =SUM(M68:P68) -> 0 | R68: =+PERBULAN!S70 -> 0 | S68: =+SETAHUN!J70 -> 0 | T68: 0 | U68: =+SETAHUN!F70+M68+N68 -> 0 | V68: 0 | W68: =+SETAHUN!V70+O68 -> 0 | X68: 0 | Y68: 0 | Z68: =SUM(R68:T68) -> 0 | AA68: =SUM(U68:Z68) -> 0 | AB68: =ROUND(IF((AA68)*5%>6000000,6000000,(AA68)*5%),0) -> 0 | AC68: =('ASTEK-DIISI SMPAI DES'!O70+'ASTEK-DIISI SMPAI DES'!O185) -> 0 | AD68: =AA68-AB68-AC68 -> 0 | AE68: =IFERROR(VLOOKUP(I68,TARIF,3,FALSE),0) -> 0 | AF68: =ROUNDDOWN(IF(AD68<=AE68,0,IF(AD68>AE68,AD68-AE68)),-3) -> 0 | AG68: =IF(AF68>5000000000,AF68*35%-306000000,IF(AF68>500000000,AF68*30%-56000000,IF(AF68>250000000,AF68*25%-31000000,IF(AF68>60000000,AF68*15%-6000000,AF68*5%)))) -> 0 | AH68: =ROUND(IF(E68=0,AG68*120%,AG68),0) -> 0 | AI68: =+'PAJAK JAN-NOV'!R65 -> 0 | AJ68: =IF(AG68<=AI68,0,IF(AG68>AI68,AG68-AI68)) -> 0 | AL68: =AI68-AH68 -> 0
B69: 64 | C69: =+PERBULAN!B71 -> 0 | J69: =IF(ISBLANK(I69),"",IF(OR(I69="TK/0",I69="TK/1",I69="K/0"),"TER A",IF(I69="K/3","TER C","TER B"))) | P69: 0 | Q69: =SUM(M69:P69) -> 0 | R69: =+PERBULAN!S71 -> 0 | S69: =+SETAHUN!J71 -> 0 | T69: 0 | U69: =+SETAHUN!F71+M69+N69 -> 0 | V69: 0 | W69: =+SETAHUN!V71+O69 -> 0 | X69: 0 | Y69: 0 | Z69: =SUM(R69:T69) -> 0 | AA69: =SUM(U69:Z69) -> 0 | AB69: =ROUND(IF((AA69)*5%>6000000,6000000,(AA69)*5%),0) -> 0 | AC69: =('ASTEK-DIISI SMPAI DES'!O71+'ASTEK-DIISI SMPAI DES'!O186) -> 0 | AD69: =AA69-AB69-AC69 -> 0 | AE69: =IFERROR(VLOOKUP(I69,TARIF,3,FALSE),0) -> 0 | AF69: =ROUNDDOWN(IF(AD69<=AE69,0,IF(AD69>AE69,AD69-AE69)),-3) -> 0 | AG69: =IF(AF69>5000000000,AF69*35%-306000000,IF(AF69>500000000,AF69*30%-56000000,IF(AF69>250000000,AF69*25%-31000000,IF(AF69>60000000,AF69*15%-6000000,AF69*5%)))) -> 0 | AH69: =ROUND(IF(E69=0,AG69*120%,AG69),0) -> 0 | AI69: =+'PAJAK JAN-NOV'!R66 -> 0 | AJ69: =IF(AG69<=AI69,0,IF(AG69>AI69,AG69-AI69)) -> 0 | AL69: =AI69-AH69 -> 0
B70: 65 | C70: =+PERBULAN!B72 -> 0 | J70: =IF(ISBLANK(I70),"",IF(OR(I70="TK/0",I70="TK/1",I70="K/0"),"TER A",IF(I70="K/3","TER C","TER B"))) | P70: 0 | Q70: =SUM(M70:P70) -> 0 | R70: =+PERBULAN!S72 -> 0 | S70: =+SETAHUN!J72 -> 0 | T70: 0 | U70: =+SETAHUN!F72+M70+N70 -> 0 | V70: 0 | W70: =+SETAHUN!V72+O70 -> 0 | X70: 0 | Y70: 0 | Z70: =SUM(R70:T70) -> 0 | AA70: =SUM(U70:Z70) -> 0 | AB70: =ROUND(IF((AA70)*5%>6000000,6000000,(AA70)*5%),0) -> 0 | AC70: =('ASTEK-DIISI SMPAI DES'!O72+'ASTEK-DIISI SMPAI DES'!O187) -> 0 | AD70: =AA70-AB70-AC70 -> 0 | AE70: =IFERROR(VLOOKUP(I70,TARIF,3,FALSE),0) -> 0 | AF70: =ROUNDDOWN(IF(AD70<=AE70,0,IF(AD70>AE70,AD70-AE70)),-3) -> 0 | AG70: =IF(AF70>5000000000,AF70*35%-306000000,IF(AF70>500000000,AF70*30%-56000000,IF(AF70>250000000,AF70*25%-31000000,IF(AF70>60000000,AF70*15%-6000000,AF70*5%)))) -> 0 | AH70: =ROUND(IF(E70=0,AG70*120%,AG70),0) -> 0 | AI70: =+'PAJAK JAN-NOV'!R67 -> 0 | AJ70: =IF(AG70<=AI70,0,IF(AG70>AI70,AG70-AI70)) -> 0 | AL70: =AI70-AH70 -> 0
B71: 66 | C71: =+PERBULAN!B73 -> 0 | J71: =IF(ISBLANK(I71),"",IF(OR(I71="TK/0",I71="TK/1",I71="K/0"),"TER A",IF(I71="K/3","TER C","TER B"))) | P71: 0 | Q71: =SUM(M71:P71) -> 0 | R71: =+PERBULAN!S73 -> 0 | S71: =+SETAHUN!J73 -> 0 | T71: 0 | U71: =+SETAHUN!F73+M71+N71 -> 0 | V71: 0 | W71: =+SETAHUN!V73+O71 -> 0 | X71: 0 | Y71: 0 | Z71: =SUM(R71:T71) -> 0 | AA71: =SUM(U71:Z71) -> 0 | AB71: =ROUND(IF((AA71)*5%>6000000,6000000,(AA71)*5%),0) -> 0 | AC71: =('ASTEK-DIISI SMPAI DES'!O73+'ASTEK-DIISI SMPAI DES'!O188) -> 0 | AD71: =AA71-AB71-AC71 -> 0 | AE71: =IFERROR(VLOOKUP(I71,TARIF,3,FALSE),0) -> 0 | AF71: =ROUNDDOWN(IF(AD71<=AE71,0,IF(AD71>AE71,AD71-AE71)),-3) -> 0 | AG71: =IF(AF71>5000000000,AF71*35%-306000000,IF(AF71>500000000,AF71*30%-56000000,IF(AF71>250000000,AF71*25%-31000000,IF(AF71>60000000,AF71*15%-6000000,AF71*5%)))) -> 0 | AH71: =ROUND(IF(E71=0,AG71*120%,AG71),0) -> 0 | AI71: =+'PAJAK JAN-NOV'!R68 -> 0 | AJ71: =IF(AG71<=AI71,0,IF(AG71>AI71,AG71-AI71)) -> 0 | AL71: =AI71-AH71 -> 0
B72: 67 | C72: =+PERBULAN!B74 -> 0 | J72: =IF(ISBLANK(I72),"",IF(OR(I72="TK/0",I72="TK/1",I72="K/0"),"TER A",IF(I72="K/3","TER C","TER B"))) | P72: 0 | Q72: =SUM(M72:P72) -> 0 | R72: =+PERBULAN!S74 -> 0 | S72: =+SETAHUN!J74 -> 0 | T72: 0 | U72: =+SETAHUN!F74+M72+N72 -> 0 | V72: 0 | W72: =+SETAHUN!V74+O72 -> 0 | X72: 0 | Y72: 0 | Z72: =SUM(R72:T72) -> 0 | AA72: =SUM(U72:Z72) -> 0 | AB72: =ROUND(IF((AA72)*5%>6000000,6000000,(AA72)*5%),0) -> 0 | AC72: =('ASTEK-DIISI SMPAI DES'!O74+'ASTEK-DIISI SMPAI DES'!O189) -> 0 | AD72: =AA72-AB72-AC72 -> 0 | AE72: =IFERROR(VLOOKUP(I72,TARIF,3,FALSE),0) -> 0 | AF72: =ROUNDDOWN(IF(AD72<=AE72,0,IF(AD72>AE72,AD72-AE72)),-3) -> 0 | AG72: =IF(AF72>5000000000,AF72*35%-306000000,IF(AF72>500000000,AF72*30%-56000000,IF(AF72>250000000,AF72*25%-31000000,IF(AF72>60000000,AF72*15%-6000000,AF72*5%)))) -> 0 | AH72: =ROUND(IF(E72=0,AG72*120%,AG72),0) -> 0 | AI72: =+'PAJAK JAN-NOV'!R69 -> 0 | AJ72: =IF(AG72<=AI72,0,IF(AG72>AI72,AG72-AI72)) -> 0 | AL72: =AI72-AH72 -> 0
B73: 68 | C73: =+PERBULAN!B75 -> 0 | J73: =IF(ISBLANK(I73),"",IF(OR(I73="TK/0",I73="TK/1",I73="K/0"),"TER A",IF(I73="K/3","TER C","TER B"))) | P73: 0 | Q73: =SUM(M73:P73) -> 0 | R73: =+PERBULAN!S75 -> 0 | S73: =+SETAHUN!J75 -> 0 | T73: 0 | U73: =+SETAHUN!F75+M73+N73 -> 0 | V73: 0 | W73: =+SETAHUN!V75+O73 -> 0 | X73: 0 | Y73: 0 | Z73: =SUM(R73:T73) -> 0 | AA73: =SUM(U73:Z73) -> 0 | AB73: =ROUND(IF((AA73)*5%>6000000,6000000,(AA73)*5%),0) -> 0 | AC73: =('ASTEK-DIISI SMPAI DES'!O75+'ASTEK-DIISI SMPAI DES'!O190) -> 0 | AD73: =AA73-AB73-AC73 -> 0 | AE73: =IFERROR(VLOOKUP(I73,TARIF,3,FALSE),0) -> 0 | AF73: =ROUNDDOWN(IF(AD73<=AE73,0,IF(AD73>AE73,AD73-AE73)),-3) -> 0 | AG73: =IF(AF73>5000000000,AF73*35%-306000000,IF(AF73>500000000,AF73*30%-56000000,IF(AF73>250000000,AF73*25%-31000000,IF(AF73>60000000,AF73*15%-6000000,AF73*5%)))) -> 0 | AH73: =ROUND(IF(E73=0,AG73*120%,AG73),0) -> 0 | AI73: =+'PAJAK JAN-NOV'!R70 -> 0 | AJ73: =IF(AG73<=AI73,0,IF(AG73>AI73,AG73-AI73)) -> 0 | AL73: =AI73-AH73 -> 0
B74: 69 | C74: =+PERBULAN!B76 -> 0 | J74: =IF(ISBLANK(I74),"",IF(OR(I74="TK/0",I74="TK/1",I74="K/0"),"TER A",IF(I74="K/3","TER C","TER B"))) | P74: 0 | Q74: =SUM(M74:P74) -> 0 | R74: =+PERBULAN!S76 -> 0 | S74: =+SETAHUN!J76 -> 0 | T74: 0 | U74: =+SETAHUN!F76+M74+N74 -> 0 | V74: 0 | W74: =+SETAHUN!V76+O74 -> 0 | X74: 0 | Y74: 0 | Z74: =SUM(R74:T74) -> 0 | AA74: =SUM(U74:Z74) -> 0 | AB74: =ROUND(IF((AA74)*5%>6000000,6000000,(AA74)*5%),0) -> 0 | AC74: =('ASTEK-DIISI SMPAI DES'!O76+'ASTEK-DIISI SMPAI DES'!O191) -> 0 | AD74: =AA74-AB74-AC74 -> 0 | AE74: =IFERROR(VLOOKUP(I74,TARIF,3,FALSE),0) -> 0 | AF74: =ROUNDDOWN(IF(AD74<=AE74,0,IF(AD74>AE74,AD74-AE74)),-3) -> 0 | AG74: =IF(AF74>5000000000,AF74*35%-306000000,IF(AF74>500000000,AF74*30%-56000000,IF(AF74>250000000,AF74*25%-31000000,IF(AF74>60000000,AF74*15%-6000000,AF74*5%)))) -> 0 | AH74: =ROUND(IF(E74=0,AG74*120%,AG74),0) -> 0 | AI74: =+'PAJAK JAN-NOV'!R71 -> 0 | AJ74: =IF(AG74<=AI74,0,IF(AG74>AI74,AG74-AI74)) -> 0 | AL74: =AI74-AH74 -> 0
B75: 70 | C75: =+PERBULAN!B77 -> 0 | J75: =IF(ISBLANK(I75),"",IF(OR(I75="TK/0",I75="TK/1",I75="K/0"),"TER A",IF(I75="K/3","TER C","TER B"))) | P75: 0 | Q75: =SUM(M75:P75) -> 0 | R75: =+PERBULAN!S77 -> 0 | S75: =+SETAHUN!J77 -> 0 | T75: 0 | U75: =+SETAHUN!F77+M75+N75 -> 0 | V75: 0 | W75: =+SETAHUN!V77+O75 -> 0 | X75: 0 | Y75: 0 | Z75: =SUM(R75:T75) -> 0 | AA75: =SUM(U75:Z75) -> 0 | AB75: =ROUND(IF((AA75)*5%>6000000,6000000,(AA75)*5%),0) -> 0 | AC75: =('ASTEK-DIISI SMPAI DES'!O77+'ASTEK-DIISI SMPAI DES'!O192) -> 0 | AD75: =AA75-AB75-AC75 -> 0 | AE75: =IFERROR(VLOOKUP(I75,TARIF,3,FALSE),0) -> 0 | AF75: =ROUNDDOWN(IF(AD75<=AE75,0,IF(AD75>AE75,AD75-AE75)),-3) -> 0 | AG75: =IF(AF75>5000000000,AF75*35%-306000000,IF(AF75>500000000,AF75*30%-56000000,IF(AF75>250000000,AF75*25%-31000000,IF(AF75>60000000,AF75*15%-6000000,AF75*5%)))) -> 0 | AH75: =ROUND(IF(E75=0,AG75*120%,AG75),0) -> 0 | AI75: =+'PAJAK JAN-NOV'!R72 -> 0 | AJ75: =IF(AG75<=AI75,0,IF(AG75>AI75,AG75-AI75)) -> 0 | AL75: =AI75-AH75 -> 0
B76: 71 | C76: =+PERBULAN!B78 -> 0 | J76: =IF(ISBLANK(I76),"",IF(OR(I76="TK/0",I76="TK/1",I76="K/0"),"TER A",IF(I76="K/3","TER C","TER B"))) | P76: 0 | Q76: =SUM(M76:P76) -> 0 | R76: =+PERBULAN!S78 -> 0 | S76: =+SETAHUN!J78 -> 0 | T76: 0 | U76: =+SETAHUN!F78+M76+N76 -> 0 | V76: 0 | W76: =+SETAHUN!V78+O76 -> 0 | X76: 0 | Y76: 0 | Z76: =SUM(R76:T76) -> 0 | AA76: =SUM(U76:Z76) -> 0 | AB76: =ROUND(IF((AA76)*5%>6000000,6000000,(AA76)*5%),0) -> 0 | AC76: =('ASTEK-DIISI SMPAI DES'!O78+'ASTEK-DIISI SMPAI DES'!O193) -> 0 | AD76: =AA76-AB76-AC76 -> 0 | AE76: =IFERROR(VLOOKUP(I76,TARIF,3,FALSE),0) -> 0 | AF76: =ROUNDDOWN(IF(AD76<=AE76,0,IF(AD76>AE76,AD76-AE76)),-3) -> 0 | AG76: =IF(AF76>5000000000,AF76*35%-306000000,IF(AF76>500000000,AF76*30%-56000000,IF(AF76>250000000,AF76*25%-31000000,IF(AF76>60000000,AF76*15%-6000000,AF76*5%)))) -> 0 | AH76: =ROUND(IF(E76=0,AG76*120%,AG76),0) -> 0 | AI76: =+'PAJAK JAN-NOV'!R73 -> 0 | AJ76: =IF(AG76<=AI76,0,IF(AG76>AI76,AG76-AI76)) -> 0 | AL76: =AI76-AH76 -> 0
B77: 72 | C77: =+PERBULAN!B79 -> 0 | J77: =IF(ISBLANK(I77),"",IF(OR(I77="TK/0",I77="TK/1",I77="K/0"),"TER A",IF(I77="K/3","TER C","TER B"))) | P77: 0 | Q77: =SUM(M77:P77) -> 0 | R77: =+PERBULAN!S79 -> 0 | S77: =+SETAHUN!J79 -> 0 | T77: 0 | U77: =+SETAHUN!F79+M77+N77 -> 0 | V77: 0 | W77: =+SETAHUN!V79+O77 -> 0 | X77: 0 | Y77: 0 | Z77: =SUM(R77:T77) -> 0 | AA77: =SUM(U77:Z77) -> 0 | AB77: =ROUND(IF((AA77)*5%>6000000,6000000,(AA77)*5%),0) -> 0 | AC77: =('ASTEK-DIISI SMPAI DES'!O79+'ASTEK-DIISI SMPAI DES'!O194) -> 0 | AD77: =AA77-AB77-AC77 -> 0 | AE77: =IFERROR(VLOOKUP(I77,TARIF,3,FALSE),0) -> 0 | AF77: =ROUNDDOWN(IF(AD77<=AE77,0,IF(AD77>AE77,AD77-AE77)),-3) -> 0 | AG77: =IF(AF77>5000000000,AF77*35%-306000000,IF(AF77>500000000,AF77*30%-56000000,IF(AF77>250000000,AF77*25%-31000000,IF(AF77>60000000,AF77*15%-6000000,AF77*5%)))) -> 0 | AH77: =ROUND(IF(E77=0,AG77*120%,AG77),0) -> 0 | AI77: =+'PAJAK JAN-NOV'!R74 -> 0 | AJ77: =IF(AG77<=AI77,0,IF(AG77>AI77,AG77-AI77)) -> 0 | AL77: =AI77-AH77 -> 0
B78: 73 | C78: =+PERBULAN!B80 -> 0 | J78: =IF(ISBLANK(I78),"",IF(OR(I78="TK/0",I78="TK/1",I78="K/0"),"TER A",IF(I78="K/3","TER C","TER B"))) | P78: 0 | Q78: =SUM(M78:P78) -> 0 | R78: =+PERBULAN!S80 -> 0 | S78: =+SETAHUN!J80 -> 0 | T78: 0 | U78: =+SETAHUN!F80+M78+N78 -> 0 | V78: 0 | W78: =+SETAHUN!V80+O78 -> 0 | X78: 0 | Y78: 0 | Z78: =SUM(R78:T78) -> 0 | AA78: =SUM(U78:Z78) -> 0 | AB78: =ROUND(IF((AA78)*5%>6000000,6000000,(AA78)*5%),0) -> 0 | AC78: =('ASTEK-DIISI SMPAI DES'!O80+'ASTEK-DIISI SMPAI DES'!O195) -> 0 | AD78: =AA78-AB78-AC78 -> 0 | AE78: =IFERROR(VLOOKUP(I78,TARIF,3,FALSE),0) -> 0 | AF78: =ROUNDDOWN(IF(AD78<=AE78,0,IF(AD78>AE78,AD78-AE78)),-3) -> 0 | AG78: =IF(AF78>5000000000,AF78*35%-306000000,IF(AF78>500000000,AF78*30%-56000000,IF(AF78>250000000,AF78*25%-31000000,IF(AF78>60000000,AF78*15%-6000000,AF78*5%)))) -> 0 | AH78: =ROUND(IF(E78=0,AG78*120%,AG78),0) -> 0 | AI78: =+'PAJAK JAN-NOV'!R75 -> 0 | AJ78: =IF(AG78<=AI78,0,IF(AG78>AI78,AG78-AI78)) -> 0 | AL78: =AI78-AH78 -> 0
... B82: 77 | C82: =+PERBULAN!B84 -> 0 | J82: =IF(ISBLANK(I82),"",IF(OR(I82="TK/0",I82="TK/1",I82="K/0"),"TER A",IF(I82="K/3","TER C","TER B"))) | P82: 0 | Q82: =SUM(M82:P82) -> 0 | R82: =+PERBULAN!S84 -> 0 | S82: =+SETAHUN!J84 -> 0 | T82: 0 | U82: =+SETAHUN!F84+M82+N82 -> 0 | V82: 0 | W82: =+SETAHUN!V84+O82 -> 0 | X82: 0 | Y82: 0 | Z82: =SUM(R82:T82) -> 0 | AA82: =SUM(U82:Z82) -> 0 | AB82: =ROUND(IF((AA82)*5%>6000000,6000000,(AA82)*5%),0) -> 0 | AC82: =('ASTEK-DIISI SMPAI DES'!O84+'ASTEK-DIISI SMPAI DES'!O199) -> 0 | AD82: =AA82-AB82-AC82 -> 0 | AE82: =IFERROR(VLOOKUP(I82,TARIF,3,FALSE),0) -> 0 | AF82: =ROUNDDOWN(IF(AD82<=AE82,0,IF(AD82>AE82,AD82-AE82)),-3) -> 0 | AG82: =IF(AF82>5000000000,AF82*35%-306000000,IF(AF82>500000000,AF82*30%-56000000,IF(AF82>250000000,AF82*25%-31000000,IF(AF82>60000000,AF82*15%-6000000,AF82*5%)))) -> 0 | AH82: =ROUND(IF(E82=0,AG82*120%,AG82),0) -> 0 | AI82: =+'PAJAK JAN-NOV'!R79 -> 0 | AJ82: =IF(AG82<=AI82,0,IF(AG82>AI82,AG82-AI82)) -> 0 | AL82: =AI82-AH82 -> 0
B83: 78 | C83: =+PERBULAN!B85 -> 0 | J83: =IF(ISBLANK(I83),"",IF(OR(I83="TK/0",I83="TK/1",I83="K/0"),"TER A",IF(I83="K/3","TER C","TER B"))) | P83: 0 | Q83: =SUM(M83:P83) -> 0 | R83: =+PERBULAN!S85 -> 0 | S83: =+SETAHUN!J85 -> 0 | T83: 0 | U83: =+SETAHUN!F85+M83+N83 -> 0 | V83: 0 | W83: =+SETAHUN!V85+O83 -> 0 | X83: 0 | Y83: 0 | Z83: =SUM(R83:T83) -> 0 | AA83: =SUM(U83:Z83) -> 0 | AB83: =ROUND(IF((AA83)*5%>6000000,6000000,(AA83)*5%),0) -> 0 | AC83: =('ASTEK-DIISI SMPAI DES'!O85+'ASTEK-DIISI SMPAI DES'!O200) -> 0 | AD83: =AA83-AB83-AC83 -> 0 | AE83: =IFERROR(VLOOKUP(I83,TARIF,3,FALSE),0) -> 0 | AF83: =ROUNDDOWN(IF(AD83<=AE83,0,IF(AD83>AE83,AD83-AE83)),-3) -> 0 | AG83: =IF(AF83>5000000000,AF83*35%-306000000,IF(AF83>500000000,AF83*30%-56000000,IF(AF83>250000000,AF83*25%-31000000,IF(AF83>60000000,AF83*15%-6000000,AF83*5%)))) -> 0 | AH83: =ROUND(IF(E83=0,AG83*120%,AG83),0) -> 0 | AJ83: =IF(AG83<=AI83,0,IF(AG83>AI83,AG83-AI83)) -> 0 | AL83: =AI83-AH83 -> 0
B84: 79 | C84: =+PERBULAN!B86 -> 0 | J84: =IF(ISBLANK(I84),"",IF(OR(I84="TK/0",I84="TK/1",I84="K/0"),"TER A",IF(I84="K/3","TER C","TER B"))) | P84: 0 | Q84: =SUM(M84:P84) -> 0 | R84: =+PERBULAN!S86 -> 0 | S84: =+SETAHUN!J86 -> 0 | T84: 0 | U84: =+SETAHUN!F86+M84+N84 -> 0 | V84: 0 | W84: =+SETAHUN!V86+O84 -> 0 | X84: 0 | Y84: 0 | Z84: =SUM(R84:T84) -> 0 | AA84: =SUM(U84:Z84) -> 0 | AB84: =ROUND(IF((AA84)*5%>6000000,6000000,(AA84)*5%),0) -> 0 | AC84: =('ASTEK-DIISI SMPAI DES'!O86+'ASTEK-DIISI SMPAI DES'!O201) -> 0 | AD84: =AA84-AB84-AC84 -> 0 | AE84: =IFERROR(VLOOKUP(I84,TARIF,3,FALSE),0) -> 0 | AF84: =ROUNDDOWN(IF(AD84<=AE84,0,IF(AD84>AE84,AD84-AE84)),-3) -> 0 | AG84: =IF(AF84>5000000000,AF84*35%-306000000,IF(AF84>500000000,AF84*30%-56000000,IF(AF84>250000000,AF84*25%-31000000,IF(AF84>60000000,AF84*15%-6000000,AF84*5%)))) -> 0 | AH84: =ROUND(IF(E84=0,AG84*120%,AG84),0) -> 0 | AI84: =+'PAJAK JAN-NOV'!R81 -> 0 | AJ84: =IF(AG84<=AI84,0,IF(AG84>AI84,AG84-AI84)) -> 0 | AL84: =AI84-AH84 -> 0
B85: 80 | C85: =+PERBULAN!B87 -> 0 | J85: =IF(ISBLANK(I85),"",IF(OR(I85="TK/0",I85="TK/1",I85="K/0"),"TER A",IF(I85="K/3","TER C","TER B"))) | P85: 0 | Q85: =SUM(M85:P85) -> 0 | R85: =+PERBULAN!S87 -> 0 | S85: =+SETAHUN!J87 -> 0 | T85: 0 | U85: =+SETAHUN!F87+M85+N85 -> 0 | V85: 0 | W85: =+SETAHUN!V87+O85 -> 0 | X85: 0 | Y85: 0 | Z85: =SUM(R85:T85) -> 0 | AA85: =SUM(U85:Z85) -> 0 | AB85: =ROUND(IF((AA85)*5%>6000000,6000000,(AA85)*5%),0) -> 0 | AC85: =('ASTEK-DIISI SMPAI DES'!O87+'ASTEK-DIISI SMPAI DES'!O202) -> 0 | AD85: =AA85-AB85-AC85 -> 0 | AE85: =IFERROR(VLOOKUP(I85,TARIF,3,FALSE),0) -> 0 | AF85: =ROUNDDOWN(IF(AD85<=AE85,0,IF(AD85>AE85,AD85-AE85)),-3) -> 0 | AG85: =IF(AF85>5000000000,AF85*35%-306000000,IF(AF85>500000000,AF85*30%-56000000,IF(AF85>250000000,AF85*25%-31000000,IF(AF85>60000000,AF85*15%-6000000,AF85*5%)))) -> 0 | AH85: =ROUND(IF(E85=0,AG85*120%,AG85),0) -> 0 | AI85: =+'PAJAK JAN-NOV'!R82 -> 0 | AJ85: =IF(AG85<=AI85,0,IF(AG85>AI85,AG85-AI85)) -> 0 | AL85: =AI85-AH85 -> 0
B86: 81 | C86: =+PERBULAN!B88 -> 0 | J86: =IF(ISBLANK(I86),"",IF(OR(I86="TK/0",I86="TK/1",I86="K/0"),"TER A",IF(I86="K/3","TER C","TER B"))) | P86: 0 | Q86: =SUM(M86:P86) -> 0 | R86: =+PERBULAN!S88 -> 0 | S86: =+SETAHUN!J88 -> 0 | T86: 0 | U86: =+SETAHUN!F88+M86+N86 -> 0 | V86: 0 | W86: =+SETAHUN!V88+O86 -> 0 | X86: 0 | Y86: 0 | Z86: =SUM(R86:T86) -> 0 | AA86: =SUM(U86:Z86) -> 0 | AB86: =ROUND(IF((AA86)*5%>6000000,6000000,(AA86)*5%),0) -> 0 | AC86: =('ASTEK-DIISI SMPAI DES'!O88+'ASTEK-DIISI SMPAI DES'!O203) -> 0 | AD86: =AA86-AB86-AC86 -> 0 | AE86: =IFERROR(VLOOKUP(I86,TARIF,3,FALSE),0) -> 0 | AF86: =ROUNDDOWN(IF(AD86<=AE86,0,IF(AD86>AE86,AD86-AE86)),-3) -> 0 | AG86: =IF(AF86>5000000000,AF86*35%-306000000,IF(AF86>500000000,AF86*30%-56000000,IF(AF86>250000000,AF86*25%-31000000,IF(AF86>60000000,AF86*15%-6000000,AF86*5%)))) -> 0 | AH86: =ROUND(IF(E86=0,AG86*120%,AG86),0) -> 0 | AI86: =+'PAJAK JAN-NOV'!R83 -> 0 | AJ86: =IF(AG86<=AI86,0,IF(AG86>AI86,AG86-AI86)) -> 0 | AL86: =AI86-AH86 -> 0
B87: 82 | C87: =+PERBULAN!B89 -> 0 | J87: =IF(ISBLANK(I87),"",IF(OR(I87="TK/0",I87="TK/1",I87="K/0"),"TER A",IF(I87="K/3","TER C","TER B"))) | P87: 0 | Q87: =SUM(M87:P87) -> 0 | R87: =+PERBULAN!S89 -> 0 | S87: =+SETAHUN!J89 -> 0 | T87: 0 | U87: =+SETAHUN!F89+M87+N87 -> 0 | V87: 0 | W87: =+SETAHUN!V89+O87 -> 0 | X87: 0 | Y87: 0 | Z87: =SUM(R87:T87) -> 0 | AA87: =SUM(U87:Z87) -> 0 | AB87: =ROUND(IF((AA87)*5%>6000000,6000000,(AA87)*5%),0) -> 0 | AC87: =('ASTEK-DIISI SMPAI DES'!O89+'ASTEK-DIISI SMPAI DES'!O204) -> 0 | AD87: =AA87-AB87-AC87 -> 0 | AE87: =IFERROR(VLOOKUP(I87,TARIF,3,FALSE),0) -> 0 | AF87: =ROUNDDOWN(IF(AD87<=AE87,0,IF(AD87>AE87,AD87-AE87)),-3) -> 0 | AG87: =IF(AF87>5000000000,AF87*35%-306000000,IF(AF87>500000000,AF87*30%-56000000,IF(AF87>250000000,AF87*25%-31000000,IF(AF87>60000000,AF87*15%-6000000,AF87*5%)))) -> 0 | AH87: =ROUND(IF(E87=0,AG87*120%,AG87),0) -> 0 | AI87: =+'PAJAK JAN-NOV'!R84 -> 0 | AJ87: =IF(AG87<=AI87,0,IF(AG87>AI87,AG87-AI87)) -> 0 | AL87: =AI87-AH87 -> 0
B88: 83 | C88: =+PERBULAN!B90 -> 0 | J88: =IF(ISBLANK(I88),"",IF(OR(I88="TK/0",I88="TK/1",I88="K/0"),"TER A",IF(I88="K/3","TER C","TER B"))) | P88: 0 | Q88: =SUM(M88:P88) -> 0 | R88: =+PERBULAN!S90 -> 0 | S88: =+SETAHUN!J90 -> 0 | T88: 0 | U88: =+SETAHUN!F90+M88+N88 -> 0 | V88: 0 | W88: =+SETAHUN!V90+O88 -> 0 | X88: 0 | Y88: 0 | Z88: =SUM(R88:T88) -> 0 | AA88: =SUM(U88:Z88) -> 0 | AB88: =ROUND(IF((AA88)*5%>6000000,6000000,(AA88)*5%),0) -> 0 | AC88: =('ASTEK-DIISI SMPAI DES'!O90+'ASTEK-DIISI SMPAI DES'!O205) -> 0 | AD88: =AA88-AB88-AC88 -> 0 | AE88: =IFERROR(VLOOKUP(I88,TARIF,3,FALSE),0) -> 0 | AF88: =ROUNDDOWN(IF(AD88<=AE88,0,IF(AD88>AE88,AD88-AE88)),-3) -> 0 | AG88: =IF(AF88>5000000000,AF88*35%-306000000,IF(AF88>500000000,AF88*30%-56000000,IF(AF88>250000000,AF88*25%-31000000,IF(AF88>60000000,AF88*15%-6000000,AF88*5%)))) -> 0 | AH88: =ROUND(IF(E88=0,AG88*120%,AG88),0) -> 0 | AI88: =+'PAJAK JAN-NOV'!R85 -> 0 | AJ88: =IF(AG88<=AI88,0,IF(AG88>AI88,AG88-AI88)) -> 0 | AL88: =AI88-AH88 -> 0
B89: 84 | C89: =+PERBULAN!B91 -> 0 | J89: =IF(ISBLANK(I89),"",IF(OR(I89="TK/0",I89="TK/1",I89="K/0"),"TER A",IF(I89="K/3","TER C","TER B"))) | P89: 0 | Q89: =SUM(M89:P89) -> 0 | R89: =+PERBULAN!S91 -> 0 | S89: =+SETAHUN!J91 -> 0 | T89: 0 | U89: =+SETAHUN!F91+M89+N89 -> 0 | V89: 0 | W89: =+SETAHUN!V91+O89 -> 0 | X89: 0 | Y89: 0 | Z89: =SUM(R89:T89) -> 0 | AA89: =SUM(U89:Z89) -> 0 | AB89: =ROUND(IF((AA89)*5%>6000000,6000000,(AA89)*5%),0) -> 0 | AC89: =('ASTEK-DIISI SMPAI DES'!O91+'ASTEK-DIISI SMPAI DES'!O206) -> 0 | AD89: =AA89-AB89-AC89 -> 0 | AE89: =IFERROR(VLOOKUP(I89,TARIF,3,FALSE),0) -> 0 | AF89: =ROUNDDOWN(IF(AD89<=AE89,0,IF(AD89>AE89,AD89-AE89)),-3) -> 0 | AG89: =IF(AF89>5000000000,AF89*35%-306000000,IF(AF89>500000000,AF89*30%-56000000,IF(AF89>250000000,AF89*25%-31000000,IF(AF89>60000000,AF89*15%-6000000,AF89*5%)))) -> 0 | AH89: =ROUND(IF(E89=0,AG89*120%,AG89),0) -> 0 | AI89: =+'PAJAK JAN-NOV'!R86 -> 0 | AJ89: =IF(AG89<=AI89,0,IF(AG89>AI89,AG89-AI89)) -> 0 | AL89: =AI89-AH89 -> 0
B90: 85 | C90: =+PERBULAN!B92 -> 0 | J90: =IF(ISBLANK(I90),"",IF(OR(I90="TK/0",I90="TK/1",I90="K/0"),"TER A",IF(I90="K/3","TER C","TER B"))) | P90: 0 | Q90: =SUM(M90:P90) -> 0 | R90: =+PERBULAN!S92 -> 0 | S90: =+SETAHUN!J92 -> 0 | T90: 0 | U90: =+SETAHUN!F92+M90+N90 -> 0 | V90: 0 | W90: =+SETAHUN!V92+O90 -> 0 | X90: 0 | Y90: 0 | Z90: =SUM(R90:T90) -> 0 | AA90: =SUM(U90:Z90) -> 0 | AB90: =ROUND(IF((AA90)*5%>6000000,6000000,(AA90)*5%),0) -> 0 | AC90: =('ASTEK-DIISI SMPAI DES'!O92+'ASTEK-DIISI SMPAI DES'!O207) -> 0 | AD90: =AA90-AB90-AC90 -> 0 | AE90: =IFERROR(VLOOKUP(I90,TARIF,3,FALSE),0) -> 0 | AF90: =ROUNDDOWN(IF(AD90<=AE90,0,IF(AD90>AE90,AD90-AE90)),-3) -> 0 | AG90: =IF(AF90>5000000000,AF90*35%-306000000,IF(AF90>500000000,AF90*30%-56000000,IF(AF90>250000000,AF90*25%-31000000,IF(AF90>60000000,AF90*15%-6000000,AF90*5%)))) -> 0 | AH90: =ROUND(IF(E90=0,AG90*120%,AG90),0) -> 0 | AJ90: =IF(AG90<=AI90,0,IF(AG90>AI90,AG90-AI90)) -> 0 | AL90: =AI90-AH90 -> 0
B91: 86 | C91: =+PERBULAN!B93 -> 0 | J91: =IF(ISBLANK(I91),"",IF(OR(I91="TK/0",I91="TK/1",I91="K/0"),"TER A",IF(I91="K/3","TER C","TER B"))) | P91: 0 | Q91: =SUM(M91:P91) -> 0 | R91: =+PERBULAN!S93 -> 0 | S91: =+SETAHUN!J93 -> 0 | T91: 0 | U91: =+SETAHUN!F93+M91+N91 -> 0 | V91: 0 | W91: =+SETAHUN!V93+O91 -> 0 | X91: 0 | Y91: 0 | Z91: =SUM(R91:T91) -> 0 | AA91: =SUM(U91:Z91) -> 0 | AB91: =ROUND(IF((AA91)*5%>6000000,6000000,(AA91)*5%),0) -> 0 | AC91: =('ASTEK-DIISI SMPAI DES'!O93+'ASTEK-DIISI SMPAI DES'!O208) -> 0 | AD91: =AA91-AB91-AC91 -> 0 | AE91: =IFERROR(VLOOKUP(I91,TARIF,3,FALSE),0) -> 0 | AF91: =ROUNDDOWN(IF(AD91<=AE91,0,IF(AD91>AE91,AD91-AE91)),-3) -> 0 | AG91: =IF(AF91>5000000000,AF91*35%-306000000,IF(AF91>500000000,AF91*30%-56000000,IF(AF91>250000000,AF91*25%-31000000,IF(AF91>60000000,AF91*15%-6000000,AF91*5%)))) -> 0 | AH91: =ROUND(IF(E91=0,AG91*120%,AG91),0) -> 0 | AI91: 0 | AJ91: =IF(AG91<=AI91,0,IF(AG91>AI91,AG91-AI91)) -> 0 | AL91: =AI91-AH91 -> 0
B92: 87 | C92: =+PERBULAN!B94 -> 0 | J92: =IF(ISBLANK(I92),"",IF(OR(I92="TK/0",I92="TK/1",I92="K/0"),"TER A",IF(I92="K/3","TER C","TER B"))) | P92: 0 | Q92: =SUM(M92:P92) -> 0 | R92: =+PERBULAN!S94 -> 0 | S92: =+SETAHUN!J94 -> 0 | T92: 0 | U92: =+SETAHUN!F94+M92+N92 -> 0 | V92: 0 | W92: =+SETAHUN!V94+O92 -> 0 | X92: 0 | Y92: 0 | Z92: =SUM(R92:T92) -> 0 | AA92: =SUM(U92:Z92) -> 0 | AB92: =ROUND(IF((AA92)*5%>6000000,6000000,(AA92)*5%),0) -> 0 | AC92: =('ASTEK-DIISI SMPAI DES'!O94+'ASTEK-DIISI SMPAI DES'!O209) -> 0 | AD92: =AA92-AB92-AC92 -> 0 | AE92: =IFERROR(VLOOKUP(I92,TARIF,3,FALSE),0) -> 0 | AF92: =ROUNDDOWN(IF(AD92<=AE92,0,IF(AD92>AE92,AD92-AE92)),-3) -> 0 | AG92: =IF(AF92>5000000000,AF92*35%-306000000,IF(AF92>500000000,AF92*30%-56000000,IF(AF92>250000000,AF92*25%-31000000,IF(AF92>60000000,AF92*15%-6000000,AF92*5%)))) -> 0 | AH92: =ROUND(IF(E92=0,AG92*120%,AG92),0) -> 0 | AI92: 0 | AJ92: =IF(AG92<=AI92,0,IF(AG92>AI92,AG92-AI92)) -> 0 | AL92: =AI92-AH92 -> 0
B93: 88 | C93: =+PERBULAN!B95 -> 0 | J93: =IF(ISBLANK(I93),"",IF(OR(I93="TK/0",I93="TK/1",I93="K/0"),"TER A",IF(I93="K/3","TER C","TER B"))) | P93: 0 | Q93: =SUM(M93:P93) -> 0 | R93: =+PERBULAN!S95 -> 0 | S93: =+SETAHUN!J95 -> 0 | T93: 0 | U93: =+SETAHUN!F95+M93+N93 -> 0 | V93: 0 | W93: =+SETAHUN!V95+O93 -> 0 | X93: 0 | Y93: 0 | Z93: =SUM(R93:T93) -> 0 | AA93: =SUM(U93:Z93) -> 0 | AB93: =ROUND(IF((AA93)*5%>6000000,6000000,(AA93)*5%),0) -> 0 | AD93: =AA93-AB93-AC93 -> 0 | AE93: =IFERROR(VLOOKUP(I93,TARIF,3,FALSE),0) -> 0 | AF93: =ROUNDDOWN(IF(AD93<=AE93,0,IF(AD93>AE93,AD93-AE93)),-3) -> 0 | AG93: =IF(AF93>5000000000,AF93*35%-306000000,IF(AF93>500000000,AF93*30%-56000000,IF(AF93>250000000,AF93*25%-31000000,IF(AF93>60000000,AF93*15%-6000000,AF93*5%)))) -> 0 | AH93: =ROUND(IF(E93=0,AG93*120%,AG93),0) -> 0 | AI93: 0 | AJ93: =IF(AG93<=AI93,0,IF(AG93>AI93,AG93-AI93)) -> 0 | AL93: =AI93-AH93 -> 0
M94: =SUM(M6:M93) -> 2.3740111e+08 | N94: =SUM(N6:N93) -> 83339736 | O94: =SUM(O6:O93) -> 11385055 | P94: =SUM(P6:P93) -> 0 | Q94: =SUM(Q6:Q93) -> 3.321259e+08 | R94: =SUM(R6:R93) -> 235897075 | S94: =SUM(S6:S93) -> 27150000 | T94: =SUM(T6:T93) -> 0 | ... AJ94: =SUM(AJ6:AJ93) -> 1400383 | AL94: =SUM(AL6:AL93) -> 5003838
B96: Catatan :
B97: 1. yang berwarna adalah rumus
B98: 2. dalam hal terdapat tunjangan PPh, maka ceklis "enable iterative calculation" pada menu (option => formula => pada bagian kanan atas)
B99: 3. kolom pengurang JHT/JP tetap wajib diisi, sebagai pengurang pada masa pajak desember
B100: 4. komponen penghasilan bruto dapat disesuaikan/ditambahkan kolom, sesuai dengan kebutuhan masing2 perusahaan
B101: 5. perubahan status PTKP ditentukan keadaan awal tahun, misal nikah/punya anak ditanggal 2 januari 2024, maka berubah status PTKP nya tahun 2025 | AH101: =SUM(AH96:AH100) -> 0
B102: 6. PPh 21 terutang tersebut sudah memperhitungkan bagi yang tidak memiliki NPWP dengan jumlah PPh Terutang 20% lebih besar.
B103: 7. untuk yang tidak mempunyai NPWP dapat diisi dengan angka Nol
B104: 8. khusus untuk perhitungan pph 21 masa pajak desember, dapat di cek kembali total per komponen penghasilan brutonya
C106: Dibuat Oleh, | L106: Diperiksa Oleh | U106: Disetujui oleh, | AF106: Disahkan oleh,
C111: Amril | M111: Muji Widodo | U111: Gohi Maruli L Toruan,SP | AF111: Candra Dinata Pribadi
C112: Kerani Divisi | M112: Asst.Kepala | U112: Estate Manager | AF112: Senior Manager
B113: 48 | C113: MAUKAR | D113: 1906041210810003 | E113: 757426648305000 | F113: JL KOPERASI RT. 001 RW. 001 DESA PEMBAHARUAN KEC. KELAPA KAMPIT | G113: KARY.PANEN | H113: L | I113: K/2 | J113: =IF(ISBLANK(I113),"",IF(OR(I113="TK/0",I113="TK/1",I113="K/0"),"TER A",IF(I113="K/3","TER C","TER B"))) -> TER B | K113: 1 | L113: 12 | P113: 0 | Q113: =SUM(M113:P113) -> 0 | R113: 3823000 | S113: 300000 | T113: 0 | U113: =+SETAHUN!#REF!+M113+N113 -> #REF! | V113: 0 | W113: =+SETAHUN!#REF!+O113 -> #REF! | X113: 0 | Y113: 0 | Z113: =SUM(R113:T113) -> 4123000 | AA113: =SUM(U113:Z113) -> #REF! | AB113: =ROUND(IF((AA113)*5%>6000000,6000000,(AA113)*5%),0) -> #REF! | AC113: =((3640000*3%)*(L113-K113+1)) -> 1310400 | AD113: =AA113-AB113-AC113 -> #REF! | AE113: =IFERROR(VLOOKUP(I113,TARIF,3,FALSE),0) -> 67500000 | AF113: =ROUNDDOWN(IF(AD113<=AE113,0,IF(AD113>AE113,AD113-AE113)),-3) -> #REF! | AG113: =IF(AF113>5000000000,AF113*35%-306000000,IF(AF113>500000000,AF113*30%-56000000,IF(AF113>250000000,AF113*25%-31000000,IF(AF113>60000000,AF113*15%-6000000,AF113*5%)))) -> #REF! | AH113: =ROUND(IF(E113=0,AG113*120%,AG113),0) -> #REF! | AI113: =+'PAJAK JAN-NOV'!R87 -> 141008 | AJ113: =IF(AG113<=AI113,0,IF(AG113>AI113,AG113-AI113)) -> #REF! | AL113: =AI113-AH113 -> #REF!
B114: 4 | C114: =+PERBULAN!B116 -> BENNY SAPUTRA | D114: 1906040406910002 | E114: 97.228.411.1-305.000 | F114: DSN PESARAKAN RT. 007 RW. 003 DESA CENDIL KEC. KELAPA KAMPIT | G114: HELPER | H114: L | I114: K/1 | J114: =IF(ISBLANK(I114),"",IF(OR(I114="TK/0",I114="TK/1",I114="K/0"),"TER A",IF(I114="K/3","TER C","TER B"))) -> TER B | K114: 1 | P114: 0 | Q114: =SUM(M114:P114) -> 0 | R114: =+PERBULAN!S116 -> 4063100 | S114: =+SETAHUN!J248 -> 200000 | T114: 0 | U114: =+SETAHUN!F248+M114+N114 -> 32353734 | V114: 0 | W114: =+SETAHUN!V248+O114 -> 1137464.6 | X114: 0 | Y114: 0 | Z114: =SUM(R114:T114) -> 4263100 | AA114: =SUM(U114:Z114) -> 37754299 | AB114: =ROUND(IF((AA114)*5%>6000000,6000000,(AA114)*5%),0) -> 1887715 | AC114: =((3876600*3%)*(L114-K114+1)) -> 0 | AD114: =AA114-AB114-AC114 -> 35866584 | AE114: =IFERROR(VLOOKUP(I114,TARIF,3,FALSE),0) -> 63000000 | AF114: =ROUNDDOWN(IF(AD114<=AE114,0,IF(AD114>AE114,AD114-AE114)),-3) -> 0 | AG114: =IF(AF114>5000000000,AF114*35%-306000000,IF(AF114>500000000,AF114*30%-56000000,IF(AF114>250000000,AF114*25%-31000000,IF(AF114>60000000,AF114*15%-6000000,AF114*5%)))) -> 0 | AH114: =ROUND(IF(E114=0,AG114*120%,AG114),0) -> 0 | AI114: =+'PAJAK JAN-NOV'!R88 -> 154221 | AJ114: =IF(AG114<=AI114,0,IF(AG114>AI114,AG114-AI114)) -> 0 | AL114: =AI114-AH114 -> 154221
B115: 49 | C115: =+PERBULAN!B117 -> RINDI PRIANTO | D115: 1902042512880001 | E115: - | F115: Sungai Padang Rt. 004 Rw. 002 Desa Sungai Padang Kec. Sijuk | G115: KARYAWAN PANEN | H115: L | I115: K/1 | J115: =IF(ISBLANK(I115),"",IF(OR(I115="TK/0",I115="TK/1",I115="K/0"),"TER A",IF(I115="K/3","TER C","TER B"))) -> TER B | K115: 1 | P115: 0 | Q115: =SUM(M115:P115) -> 0 | R115: =+PERBULAN!S117 -> 4040100 | S115: =+SETAHUN!J249 -> 200000 | T115: 0 | U115: =+SETAHUN!F249+M115+N115 -> 38430351 | V115: 0 | W115: =+SETAHUN!V249+O115 -> 1509393.1 | X115: 0 | Y115: 0 | Z115: =SUM(R115:T115) -> 4240100 | AA115: =SUM(U115:Z115) -> 44179844 | AB115: =ROUND(IF((AA115)*5%>6000000,6000000,(AA115)*5%),0) -> 2208992 | AC115: =('ASTEK-DIISI SMPAI DES'!O113+'ASTEK-DIISI SMPAI DES'!O229) -> 932004 | AD115: =AA115-AB115-AC115 -> 41038848 | AE115: =IFERROR(VLOOKUP(I115,TARIF,3,FALSE),0) -> 63000000 | AF115: =ROUNDDOWN(IF(AD115<=AE115,0,IF(AD115>AE115,AD115-AE115)),-3) -> 0 | AG115: =IF(AF115>5000000000,AF115*35%-306000000,IF(AF115>500000000,AF115*30%-56000000,IF(AF115>250000000,AF115*25%-31000000,IF(AF115>60000000,AF115*15%-6000000,AF115*5%)))) -> 0 | AH115: =ROUND(IF(E115=0,AG115*120%,AG115),0) -> 0 | AI115: =+'PAJAK JAN-NOV'!R89 -> 147181 | AJ115: =IF(AG115<=AI115,0,IF(AG115>AI115,AG115-AI115)) -> 0 | AL115: =AI115-AH115 -> 147181
B116: 51 | C116: =+PERBULAN!B118 -> PUTRA ROMADHAN | D116: 1906013001960004 | E116: - | F116: DSN DAMAI BARU RT 022 RW 011 DESA MENGKUBANG,KEC DAMAR | G116: KARYAWAN PERCOBAAN | H116: L | I116: K/2 | J116: =IF(ISBLANK(I116),"",IF(OR(I116="TK/0",I116="TK/1",I116="K/0"),"TER A",IF(I116="K/3","TER C","TER B"))) -> TER B | K116: 1 | P116: 0 | Q116: =SUM(M116:P116) -> 0 | R116: =+PERBULAN!S118 -> 3369250 | S116: =+SETAHUN!J250 -> 116667 | T116: 0 | U116: =+SETAHUN!F250+M116+N116 -> 37125680 | V116: 0 | W116: =+SETAHUN!V250+O116 -> 1501361.5 | X116: 0 | Y116: 0 | Z116: =SUM(R116:T116) -> 3485917 | AA116: =SUM(U116:Z116) -> 42112959 | AB116: =ROUND(IF((AA116)*5%>6000000,6000000,(AA116)*5%),0) -> 2105648 | AC116: =('ASTEK-DIISI SMPAI DES'!O114+'ASTEK-DIISI SMPAI DES'!O230) -> 930534 | AD116: =AA116-AB116-AC116 -> 39076777 | AE116: =IFERROR(VLOOKUP(I116,TARIF,3,FALSE),0) -> 67500000 | AF116: =ROUNDDOWN(IF(AD116<=AE116,0,IF(AD116>AE116,AD116-AE116)),-3) -> 0 | AG116: =IF(AF116>5000000000,AF116*35%-306000000,IF(AF116>500000000,AF116*30%-56000000,IF(AF116>250000000,AF116*25%-31000000,IF(AF116>60000000,AF116*15%-6000000,AF116*5%)))) -> 0 | AH116: =ROUND(IF(E116=0,AG116*120%,AG116),0) -> 0 | AI116: =+'PAJAK JAN-NOV'!R90 -> 86312 | AJ116: =IF(AG116<=AI116,0,IF(AG116>AI116,AG116-AI116)) -> 0 | AL116: =AI116-AH116 -> 86312

Sheet PPH EXGRATIA
B1: PT. REBINMAS JAYA
B2: INCOME TAX ARTICLE 21 FOR APRIL 2024
B3: PG 1A (INFRASTRUKTUR)
C4: yang berwarna ini rumus | N4: beras | O4: jabatan | P4: lembur
B5: NO. | C5: NAMA KARYAWAN | D5: N I K / PASPOR | E5: N P W P | F5: A L A M A T | G5: JABATAN | H5: L/P | I5: PTKP | J5: TER | K5: Gaji Pokok | L5: Astek Ins (0,84%) | M5: BPJS KESEHATAN (4%) | N5: Rice Allow | O5: Structural Allow | P5: Service Time Allow | Q5: Premi cuci mobil | R5: Premi alat | S5: Masa Kerja | T5: Potongan Kelebihan Perhitungan Lembur | U5: Lembur Bayar HK Penjagaan HGU | V5: Bensin Patroli | W5: POT. CUTI SAKIT & POT. CTH ( CUTI TANPA HK ) | X5: THR | Y5: Bonus | Z5: Penghasilan Bruto | AA5: Tarif TER | AB5: PPh 21 gaji + bonus | AC5: pph april '24 | AD5: pph Exgratia | AE5: upah kotor | AF5: astek + bpjs | AG5: total
B6: 1 | C6: YOYO | D6: 1902010509730003 | E6: 972282958305000 | F6: JL MURAI RT. 029 RW. 010 DS PERAWAS TANJUNGPANDAN | G6: KARYAWAN PERAWATAN | H6: L | I6: K/0 | J6: =IF(ISBLANK(I6),"",IF(OR(I6="TK/0",I6="TK/1",I6="K/0"),"TER A",IF(I6="K/3","TER C","TER B"))) -> TER A | K6: =30*121333.33 -> 3639999.9 | L6: =3640000*0.84% -> 30576 | M6: =(3640000+61000)*4% -> 148040 | N6: 108000 | S6: 61000 | W6: 0 | Y6: 280000 | Z6: =ROUNDDOWN(SUM(K6:Y6),0) -> 4267615 | AA6: =IF(J6="TER A",VLOOKUP(Z6,Ter_A,4,TRUE),IF(J6="TER B",VLOOKUP(Z6,Ter_B,4,TRUE),VLOOKUP(Z6,Ter_C,4,TRUE))) -> 0 | AB6: =ROUNDDOWN(IF(E6=0,Z6*AA6*120%,Z6*AA6),0) -> 0 | AC6: 0 | AD6: =AB6-AC6 -> 0 | AE6: 3809000 | AF6: =L6+M6 -> 178616 | AG6: =AE6+AF6 -> 3987616 | AH6: =Z6-AG6 -> 279999
B7: 2 | C7: JAMILA | D7: 1902056811690001 | E7: 972282982305000 | F7: JL MANGGAR RT. 005 RW. 003 DS AIR BATU BUDING KEC. BADAU | G7: KARYAWAN PERAWATAN | H7: P | I7: TK/0 | J7: =IF(ISBLANK(I7),"",IF(OR(I7="TK/0",I7="TK/1",I7="K/0"),"TER A",IF(I7="K/3","TER C","TER B"))) -> TER A | K7: =30*121333.33 -> 3639999.9 | L7: =3640000*0.84% -> 30576 | M7: =(3640000+61000)*4% -> 148040 | N7: 67500 | P7: 1693757 | S7: 61000 | W7: 0 | Y7: 600000 | Z7: =ROUNDDOWN(SUM(K7:Y7),0) -> 6240872 | AA7: =IF(J7="TER A",VLOOKUP(Z7,Ter_A,4,TRUE),IF(J7="TER B",VLOOKUP(Z7,Ter_B,4,TRUE),VLOOKUP(Z7,Ter_C,4,TRUE))) -> 0.0075 | AB7: =ROUNDDOWN(IF(E7=0,Z7*AA7*120%,Z7*AA7),0) -> 46806 | AC7: 14102 | AD7: =AB7-AC7 -> 32704 | AE7: 5462257 | AF7: =L7+M7 -> 178616 | AG7: =AE7+AF7 -> 5640873 | AH7: =Z7-AG7 -> 599998.97
B8: 3 | C8: JUNI MI'UN | D8: 1902050107700052 | E8: 972283055305000 | F8: JL MANGGAR DSN KEPAYANG RT. 004 RW. 002 DS KACANG BUTOR BADAU | G8: KARYAWAN PERAWATAN | H8: L | I8: K/1 | J8: =IF(ISBLANK(I8),"",IF(OR(I8="TK/0",I8="TK/1",I8="K/0"),"TER A",IF(I8="K/3","TER C","TER B"))) -> TER B | K8: =30*121333.33 -> 3639999.9 | L8: =3640000*0.84% -> 30576 | M8: =(3640000+43500)*4% -> 147340 | N8: 135000 | P8: 883699.32 | S8: 43500 | W8: 0 | Y8: 490000 | Z8: =ROUNDDOWN(SUM(K8:Y8),0) -> 5370115 | AA8: =IF(J8="TER A",VLOOKUP(Z8,Ter_A,4,TRUE),IF(J8="TER B",VLOOKUP(Z8,Ter_B,4,TRUE),VLOOKUP(Z8,Ter_C,4,TRUE))) -> 0 | AB8: =ROUNDDOWN(IF(E8=0,Z8*AA8*120%,Z8*AA8),0) -> 0 | AC8: 0 | AD8: =AB8-AC8 -> 0 | AE8: 4702199.3 | AF8: =L8+M8 -> 177916 | AG8: =AE8+AF8 -> 4880115.3 | AH8: =Z8-AG8 -> 489999.68
B9: 4 | C9: SUHANDI | D9: 1906042606860003 | E9: 972282974305000 | F9: JL KOPERASI RT. 004 RW. 002 DESA PEMBAHARUAN KEC. KELAPA KAMPIT | G9: KARYAWAN PERAWATAN | H9: L | I9: K/1 | J9: =IF(ISBLANK(I9),"",IF(OR(I9="TK/0",I9="TK/1",I9="K/0"),"TER A",IF(I9="K/3","TER C","TER B"))) -> TER B | K9: =30*121333.33 -> 3639999.9 | L9: =3640000*0.84% -> 30576 | M9: =(3640000+43500)*4% -> 147340 | N9: 135000 | P9: 147283.22 | Q9: 480000 | S9: 43500 | W9: 0 | Y9: 600000 | Z9: =ROUNDDOWN(SUM(K9:Y9),0) -> 5223699 | AA9: =IF(J9="TER A",VLOOKUP(Z9,Ter_A,4,TRUE),IF(J9="TER B",VLOOKUP(Z9,Ter_B,4,TRUE),VLOOKUP(Z9,Ter_C,4,TRUE))) -> 0 | AB9: =ROUNDDOWN(IF(E9=0,Z9*AA9*120%,Z9*AA9),0) -> 0 | AC9: 0 | AD9: =AB9-AC9 -> 0 | AE9: 4445783.2 | AF9: =L9+M9 -> 177916 | AG9: =AE9+AF9 -> 4623699.2 | AH9: =Z9-AG9 -> 599999.78
B10: 5 | C10: MINARNI | D10: 1902056103760002 | E10: 972280226305000 | F10: AIR BATU BUDING RT. 004 RW. 002 DS AIR BATU BUDING KEC. BADAU | G10: KRANI DIVISI | H10: P | I10: TK/0 | J10: =IF(ISBLANK(I10),"",IF(OR(I10="TK/0",I10="TK/1",I10="K/0"),"TER A",IF(I10="K/3","TER C","TER B"))) -> TER A | K10: =30*121333.33 -> 3639999.9 | L10: =3640000*0.84% -> 30576 | M10: =(3640000+43500)*4% -> 147340 | N10: 67500 | O10: 36000 | P10: 1125664.6 | S10: 43500 | W10: 0 | Y10: 540000 | Z10: =ROUNDDOWN(SUM(K10:Y10),0) -> 5630580 | AA10: =IF(J10="TER A",VLOOKUP(Z10,Ter_A,4,TRUE),IF(J10="TER B",VLOOKUP(Z10,Ter_B,4,TRUE),VLOOKUP(Z10,Ter_C,4,TRUE))) -> 0.0025 | AB10: =ROUNDDOWN(IF(E10=0,Z10*AA10*120%,Z10*AA10),0) -> 14076 | AC10: 0 | AD10: =AB10-AC10 -> 14076 | AE10: 4912664.6 | AF10: =L10+M10 -> 177916 | AG10: =AE10+AF10 -> 5090580.6 | AH10: =Z10-AG10 -> 539999.39
B11: 6 | C11: SUPRIADI | D11: 1902052812870001 | E11: 972283014305000 | F11: JL AIR BEGANTUNG RT. 009 RW. 003 DS KACANG BUTOR KEC.BADAU | G11: KARYAWAN PERAWATAN | H11: L | I11: K/2 | J11: =IF(ISBLANK(I11),"",IF(OR(I11="TK/0",I11="TK/1",I11="K/0"),"TER A",IF(I11="K/3","TER C","TER B"))) -> TER B | K11: =30*121333.33 -> 3639999.9 | L11: =3640000*0.84% -> 30576 | M11: =(3640000+47000)*4% -> 147480 | N11: 156600 | S11: 47000 | W11: -121333.33 | Y11: 490000 | Z11: =ROUNDDOWN(SUM(K11:Y11),0) -> 4390322 | AA11: =IF(J11="TER A",VLOOKUP(Z11,Ter_A,4,TRUE),IF(J11="TER B",VLOOKUP(Z11,Ter_B,4,TRUE),VLOOKUP(Z11,Ter_C,4,TRUE))) -> 0 | AB11: =ROUNDDOWN(IF(E11=0,Z11*AA11*120%,Z11*AA11),0) -> 0 | AC11: 0 | AD11: =AB11-AC11 -> 0 | AE11: 3722266.7 | AF11: =L11+M11 -> 178056 | AG11: =AE11+AF11 -> 3900322.7 | AH11: =Z11-AG11 -> 489999.33
B12: 7 | C12: HARIAH | D12: 1902014909730007 | E12: 972283048305000 | F12: PELATARAN AIR KETEKOK RT. 001 RW. 001 DS AIR KETEKOK TANJUNGPANDAN | G12: KARYAWAN PERAWATAN | H12: P | I12: TK/0 | J12: =IF(ISBLANK(I12),"",IF(OR(I12="TK/0",I12="TK/1",I12="K/0"),"TER A",IF(I12="K/3","TER C","TER B"))) -> TER A | K12: =30*121333.33 -> 3639999.9 | L12: =3640000*0.84% -> 30576 | M12: =(3640000+36500)*4% -> 147060 | N12: 67500 | P12: 2693178.9 | S12: 36500 | W12: 0 | Y12: 600000 | Z12: =ROUNDDOWN(SUM(K12:Y12),0) -> 7214814 | AA12: =IF(J12="TER A",VLOOKUP(Z12,Ter_A,4,TRUE),IF(J12="TER B",VLOOKUP(Z12,Ter_B,4,TRUE),VLOOKUP(Z12,Ter_C,4,TRUE))) -> 0.0125 | AB12: =ROUNDDOWN(IF(E12=0,Z12*AA12*120%,Z12*AA12),0) -> 90185 | AC12: 66148 | AD12: =AB12-AC12 -> 24037 | AE12: 6437178.9 | AF12: =L12+M12 -> 177636 | AG12: =AE12+AF12 -> 6614814.9 | AH12: =Z12-AG12 -> 599999.08
B13: 8 | C13: YUSMARDIAN | D13: 1906042403820005 | E13: 972280150305000 | F13: DSN SENYUBUK RT. 001 RW. 001 DESA MENTAWAK KEC. KELAPA KAMPIT | G13: KARYAWAN PERAWATAN | H13: L | I13: K/2 | J13: =IF(ISBLANK(I13),"",IF(OR(I13="TK/0",I13="TK/1",I13="K/0"),"TER A",IF(I13="K/3","TER C","TER B"))) -> TER B | K13: =30*121333.33 -> 3639999.9 | L13: =3640000*0.84% -> 30576 | M13: =(3640000+43500)*4% -> 147340 | N13: 162000 | P13: 631213.8 | S13: 43500 | W13: 0 | Y13: 600000 | Z13: =ROUNDDOWN(SUM(K13:Y13),0) -> 5254629 | AA13: =IF(J13="TER A",VLOOKUP(Z13,Ter_A,4,TRUE),IF(J13="TER B",VLOOKUP(Z13,Ter_B,4,TRUE),VLOOKUP(Z13,Ter_C,4,TRUE))) -> 0 | AB13: =ROUNDDOWN(IF(E13=0,Z13*AA13*120%,Z13*AA13),0) -> 0 | AC13: 0 | AD13: =AB13-AC13 -> 0 | AE13: 4476713.8 | AF13: =L13+M13 -> 177916 | AG13: =AE13+AF13 -> 4654629.8 | AH13: =Z13-AG13 -> 599999.2
B14: 9 | C14: YULHANI | D14: 1902051010760007 | E14: 972285720305000 | F14: JL MANGGAR AIR BEGANTUNG RT. 008 RW. 003 DESA KACANG BUTOR BADAU | G14: KARYAWAN PERAWATAN | H14: L | I14: K/0 | J14: =IF(ISBLANK(I14),"",IF(OR(I14="TK/0",I14="TK/1",I14="K/0"),"TER A",IF(I14="K/3","TER C","TER B"))) -> TER A | K14: =30*121333.33 -> 3639999.9 | L14: =3640000*0.84% -> 30576 | M14: =(3640000+61000)*4% -> 148040 | N14: 108000 | S14: 61000 | W14: 0 | Y14: 490000 | Z14: =ROUNDDOWN(SUM(K14:Y14),0) -> 4477615 | AA14: =IF(J14="TER A",VLOOKUP(Z14,Ter_A,4,TRUE),IF(J14="TER B",VLOOKUP(Z14,Ter_B,4,TRUE),VLOOKUP(Z14,Ter_C,4,TRUE))) -> 0 | AB14: =ROUNDDOWN(IF(E14=0,Z14*AA14*120%,Z14*AA14),0) -> 0 | AC14: 0 | AD14: =AB14-AC14 -> 0 | AE14: 3809000 | AF14: =L14+M14 -> 178616 | AG14: =AE14+AF14 -> 3987616 | AH14: =Z14-AG14 -> 489999
B15: 10 | C15: HENDRIX | D15: 1906041308920003 | E15: 743653768305000 | F15: DSN MERDEKA RT. 006 RW. 002 DS SENYUBUK KEC. KELAPA KAMPIT | G15: KARYAWAN PERAWATAN | H15: L | I15: K/1 | J15: =IF(ISBLANK(I15),"",IF(OR(I15="TK/0",I15="TK/1",I15="K/0"),"TER A",IF(I15="K/3","TER C","TER B"))) -> TER B | K15: =30*121333.33 -> 3639999.9 | L15: =3640000*0.84% -> 30576 | M15: =(3640000+30000)*4% -> 146800 | N15: 130500 | S15: 30000 | W15: -121333.33 | Y15: 490000 | Z15: =ROUNDDOWN(SUM(K15:Y15),0) -> 4346542 | AA15: =IF(J15="TER A",VLOOKUP(Z15,Ter_A,4,TRUE),IF(J15="TER B",VLOOKUP(Z15,Ter_B,4,TRUE),VLOOKUP(Z15,Ter_C,4,TRUE))) -> 0 | AB15: =ROUNDDOWN(IF(E15=0,Z15*AA15*120%,Z15*AA15),0) -> 0 | AC15: 0 | AD15: =AB15-AC15 -> 0 | AE15: 3679166.7 | AF15: =L15+M15 -> 177376 | AG15: =AE15+AF15 -> 3856542.7 | AH15: =Z15-AG15 -> 489999.33
C16: ARIANTO.B | D16: 1902052202690002 | E16: 972283287305000 | F16: DSN KACANG BUTOR RT. 001 RW. 001 DESA KACANG BUTOR KEC. BADAU | G16: KARYAWAN PERAWATAN | H16: L | I16: K/1 | J16: =IF(ISBLANK(I16),"",IF(OR(I16="TK/0",I16="TK/1",I16="K/0"),"TER A",IF(I16="K/3","TER C","TER B"))) -> TER B | M16: 0 | Z16: =ROUNDDOWN(SUM(K16:Y16),0) -> 0 | AA16: =IF(J16="TER A",VLOOKUP(Z16,Ter_A,4,TRUE),IF(J16="TER B",VLOOKUP(Z16,Ter_B,4,TRUE),VLOOKUP(Z16,Ter_C,4,TRUE))) -> 0 | AB16: =ROUNDDOWN(IF(E16=0,Z16*AA16*120%,Z16*AA16),0) -> 0 | AC16: 0 | AD16: =AB16-AC16 -> 0 | AF16: =L16+M16 -> 0 | AG16: =AE16+AF16 -> 0
B17: 11 | C17: NANDI | D17: 1902053006780001 | E17: 972282966305000 | F17: JL. MANGGAR DSN. KACANG BUTOR RT.001 RW.001 DS. KACANG BUTOR KEC. BADAU | G17: KARYAWAN PERAWATAN | H17: L | I17: K/1 | J17: =IF(ISBLANK(I17),"",IF(OR(I17="TK/0",I17="TK/1",I17="K/0"),"TER A",IF(I17="K/3","TER C","TER B"))) -> TER B | K17: =30*121333.33 -> 3639999.9 | L17: =3640000*0.84% -> 30576 | M17: =(3640000+61000)*4% -> 148040 | N17: 135000 | Q17: 140000 | S17: 61000 | W17: 0 | Y17: 490000 | Z17: =ROUNDDOWN(SUM(K17:Y17),0) -> 4644615 | AA17: =IF(J17="TER A",VLOOKUP(Z17,Ter_A,4,TRUE),IF(J17="TER B",VLOOKUP(Z17,Ter_B,4,TRUE),VLOOKUP(Z17,Ter_C,4,TRUE))) -> 0 | AB17: =ROUNDDOWN(IF(E17=0,Z17*AA17*120%,Z17*AA17),0) -> 0 | AC17: 0 | AD17: =AB17-AC17 -> 0 | AE17: 3976000 | AF17: =L17+M17 -> 178616 | AG17: =AE17+AF17 -> 4154616 | AH17: =Z17-AG17 -> 489999
B18: 12 | C18: KAMELIA | D18: 1902051606760003 | E18: 972280218305000 | F18: JL MANGGAR DSN PARIT GUNUNG RT. 006 RW. 003 DS AIR BATU BUDING BADAU | G18: KARYAWAN PERAWATAN | H18: L | I18: K/0 | J18: =IF(ISBLANK(I18),"",IF(OR(I18="TK/0",I18="TK/1",I18="K/0"),"TER A",IF(I18="K/3","TER C","TER B"))) -> TER A | K18: =30*121333.33 -> 3639999.9 | L18: =3640000*0.84% -> 30576 | M18: =(3640000+47000)*4% -> 147480 | N18: 108000 | P18: 31560.69 | S18: 47000 | W18: 0 | Y18: 490000 | Z18: =ROUNDDOWN(SUM(K18:Y18),0) -> 4494616 | AA18: =IF(J18="TER A",VLOOKUP(Z18,Ter_A,4,TRUE),IF(J18="TER B",VLOOKUP(Z18,Ter_B,4,TRUE),VLOOKUP(Z18,Ter_C,4,TRUE))) -> 0 | AB18: =ROUNDDOWN(IF(E18=0,Z18*AA18*120%,Z18*AA18),0) -> 0 | AC18: 0 | AD18: =AB18-AC18 -> 0 | AE18: 3826560.7 | AF18: =L18+M18 -> 178056 | AG18: =AE18+AF18 -> 4004616.7 | AH18: =Z18-AG18 -> 489999.31
B19: 13 | C19: SISWANTO | D19: 1902051902910001 | E19: 972285506305000 | F19: JL. MANGGAR DSN. PARIT GUNUNG RT.006 RW.003 DS. AIR BATU BUDING KEC. BADAU | G19: KARYAWAN PERAWATAN | H19: L | I19: K/1 | J19: =IF(ISBLANK(I19),"",IF(OR(I19="TK/0",I19="TK/1",I19="K/0"),"TER A",IF(I19="K/3","TER C","TER B"))) -> TER B | K19: =30*121333.33 -> 3639999.9 | L19: =3640000*0.84% -> 30576 | M19: =(3640000+43500)*4% -> 147340 | N19: 130500 | P19: 31560.69 | S19: 43500 | W19: -121333.33 | Y19: 280000 | Z19: =ROUNDDOWN(SUM(K19:Y19),0) -> 4182143 | AA19: =IF(J19="TER A",VLOOKUP(Z19,Ter_A,4,TRUE),IF(J19="TER B",VLOOKUP(Z19,Ter_B,4,TRUE),VLOOKUP(Z19,Ter_C,4,TRUE))) -> 0 | AB19: =ROUNDDOWN(IF(E19=0,Z19*AA19*120%,Z19*AA19),0) -> 0 | AC19: 0 | AD19: =AB19-AC19 -> 0 | AE19: 3724227.4 | AF19: =L19+M19 -> 177916 | AG19: =AE19+AF19 -> 3902143.4 | AH19: =Z19-AG19 -> 279999.64
B20: 14 | C20: DARMA JAYA | D20: 1902051907880002 | E20: 972374425305000 | F20: DSN AIR BATU BUDING RT.001 RW.001 DESA AIR BATU BUDING KEC. BADAU | G20: KRANI GUDANG | H20: L | I20: K/2 | J20: =IF(ISBLANK(I20),"",IF(OR(I20="TK/0",I20="TK/1",I20="K/0"),"TER A",IF(I20="K/3","TER C","TER B"))) -> TER B | K20: =30*121333.33 -> 3639999.9 | L20: =3640000*0.84% -> 30576 | M20: =(3640000+50500)*4% -> 147620 | N20: 162000 | P20: 2430173.1 | S20: 50500 | W20: 0 | Y20: 600000 | Z20: =ROUNDDOWN(SUM(K20:Y20),0) -> 7060869 | AA20: =IF(J20="TER A",VLOOKUP(Z20,Ter_A,4,TRUE),IF(J20="TER B",VLOOKUP(Z20,Ter_B,4,TRUE),VLOOKUP(Z20,Ter_C,4,TRUE))) -> 0.0075 | AB20: =ROUNDDOWN(IF(E20=0,Z20*AA20*120%,Z20*AA20),0) -> 52956 | AC20: 16152 | AD20: =AB20-AC20 -> 36804 | AE20: 6282673.1 | AF20: =L20+M20 -> 178196 | AG20: =AE20+AF20 -> 6460869.1 | AH20: =Z20-AG20 -> 599999.87
B21: 15 | C21: YUSMARNO | D21: 1902012406780003 | E21: 972285704305000 | F21: JL PASIR PUTIH RT. 012 RW. 005 DS AIR RAYAK KEC. TANJUNGPANDAN | G21: KARYAWAN PERAWATAN | H21: L | I21: K/1 | J21: =IF(ISBLANK(I21),"",IF(OR(I21="TK/0",I21="TK/1",I21="K/0"),"TER A",IF(I21="K/3","TER C","TER B"))) -> TER B | K21: =30*121333.33 -> 3639999.9 | L21: =3640000*0.84% -> 30576 | M21: =(3640000+61000)*4% -> 148040 | N21: 130500 | P21: 189364.14 | S21: 61000 | W21: -121333.33 | Y21: 280000 | Z21: =ROUNDDOWN(SUM(K21:Y21),0) -> 4358146 | AA21: =IF(J21="TER A",VLOOKUP(Z21,Ter_A,4,TRUE),IF(J21="TER B",VLOOKUP(Z21,Ter_B,4,TRUE),VLOOKUP(Z21,Ter_C,4,TRUE))) -> 0 | AB21: =ROUNDDOWN(IF(E21=0,Z21*AA21*120%,Z21*AA21),0) -> 0 | AC21: 0 | AD21: =AB21-AC21 -> 0 | AE21: 3899530.8 | AF21: =L21+M21 -> 178616 | AG21: =AE21+AF21 -> 4078146.8 | AH21: =Z21-AG21 -> 279999.19
B22: 16 | C22: MEGI EFRISA | D22: 1604220103030001 | E22: - | F22: DS. TANJUNG AGUNG KEL. TANJUNG AGUNG KEC. PAGAR GUNUNG KAB. LAHAT | G22: MANDOR | H22: L | I22: TK/0 | J22: =IF(ISBLANK(I22),"",IF(OR(I22="TK/0",I22="TK/1",I22="K/0"),"TER A",IF(I22="K/3","TER C","TER B"))) -> TER A | K22: =29*123833.33 -> 3591166.6 | L22: =3715000*0.84% -> 31206 | M22: =(3715000+5000)*4% -> 148800 | N22: 47250 | P22: 955593.36 | S22: 5000 | W22: -990666.64 | Y22: 600000 | Z22: =ROUNDDOWN(SUM(K22:Y22),0) -> 4388349 | AA22: =IF(J22="TER A",VLOOKUP(Z22,Ter_A,4,TRUE),IF(J22="TER B",VLOOKUP(Z22,Ter_B,4,TRUE),VLOOKUP(Z22,Ter_C,4,TRUE))) -> 0 | AB22: =ROUNDDOWN(IF(E22=0,Z22*AA22*120%,Z22*AA22),0) -> 0 | AC22: 0 | AD22: =AB22-AC22 -> 0 | AE22: 3608343.4 | AF22: =L22+M22 -> 180006 | AG22: =AE22+AF22 -> 3788349.4 | AH22: =Z22-AG22 -> 599999.64
B23: 17 | C23: SURATMAN | D23: 1902052707850001 | E23: 972285225305000 | F23: DUSUN KEPAYANG RT. 004 RW. 002 DESA KACANG BUTOR KEC. BADAU | G23: KARYAWAN PERAWATAN | H23: L | I23: K/0 | J23: =IF(ISBLANK(I23),"",IF(OR(I23="TK/0",I23="TK/1",I23="K/0"),"TER A",IF(I23="K/3","TER C","TER B"))) -> TER A | K23: =30*121333.33 -> 3639999.9 | L23: =3640000*0.84% -> 30576 | M23: =(3640000+43500)*4% -> 147340 | N23: 108000 | P23: 336647.36 | Q23: 100000 | S23: 43500 | W23: 0 | Y23: 600000 | Z23: =ROUNDDOWN(SUM(K23:Y23),0) -> 5006063 | AA23: =IF(J23="TER A",VLOOKUP(Z23,Ter_A,4,TRUE),IF(J23="TER B",VLOOKUP(Z23,Ter_B,4,TRUE),VLOOKUP(Z23,Ter_C,4,TRUE))) -> 0 | AB23: =ROUNDDOWN(IF(E23=0,Z23*AA23*120%,Z23*AA23),0) -> 0 | AC23: 0 | AD23: =AB23-AC23 -> 0 | AE23: 4228147.4 | AF23: =L23+M23 -> 177916 | AG23: =AE23+AF23 -> 4406063.4 | AH23: =Z23-AG23 -> 599999.64
B24: 18 | C24: ARDI | D24: 1902050512820004 | E24: 972280259305000 | F24: JL.MANGGAR RT.009 RW.003 DESA KACANG BUTOR KEC. BADAU | G24: OPERATOR | H24: L | I24: K/2 | J24: =IF(ISBLANK(I24),"",IF(OR(I24="TK/0",I24="TK/1",I24="K/0"),"TER A",IF(I24="K/3","TER C","TER B"))) -> TER B | K24: =30*121333.33 -> 3639999.9 | L24: =3640000*0.84% -> 30576 | M24: =(3640000+47000)*4% -> 147480 | N24: 162000 | O24: 60000 | P24: 3282311.8 | S24: 47000 | W24: 0 | Y24: 650000 | Z24: =ROUNDDOWN(SUM(K24:Y24),0) -> 8019367 | AA24: =IF(J24="TER A",VLOOKUP(Z24,Ter_A,4,TRUE),IF(J24="TER B",VLOOKUP(Z24,Ter_B,4,TRUE),VLOOKUP(Z24,Ter_C,4,TRUE))) -> 0.01 | AB24: =ROUNDDOWN(IF(E24=0,Z24*AA24*120%,Z24*AA24),0) -> 80193 | AC24: 73693 | AD24: =AB24-AC24 -> 6500 | AE24: 7191311.8 | AF24: =L24+M24 -> 178056 | AG24: =AE24+AF24 -> 7369367.8 | AH24: =Z24-AG24 -> 649999.24
B25: 19 | C25: EDI ISHAK | D25: 1902051212790002 | E25: 972286066305000 | F25: DSN AIR BEGANTUNG RT. 010 RW. 003 DS KACANG BUTOR KEC. BADAU | G25: OPERATOR | H25: L | I25: K/2 | J25: =IF(ISBLANK(I25),"",IF(OR(I25="TK/0",I25="TK/1",I25="K/0"),"TER A",IF(I25="K/3","TER C","TER B"))) -> TER B | K25: =30*121333.33 -> 3639999.9 | L25: =3640000*0.84% -> 30576 | M25: =(3640000+61000)*4% -> 148040 | N25: 162000 | O25: 40000 | P25: 3282311.8 | S25: 61000 | W25: 0 | Y25: 540000 | Z25: =ROUNDDOWN(SUM(K25:Y25),0) -> 7903927 | AA25: =IF(J25="TER A",VLOOKUP(Z25,Ter_A,4,TRUE),IF(J25="TER B",VLOOKUP(Z25,Ter_B,4,TRUE),VLOOKUP(Z25,Ter_C,4,TRUE))) -> 0.01 | AB25: =ROUNDDOWN(IF(E25=0,Z25*AA25*120%,Z25*AA25),0) -> 79039 | AC25: 73639 | AD25: =AB25-AC25 -> 5400 | AE25: 7185311.8 | AF25: =L25+M25 -> 178616 | AG25: =AE25+AF25 -> 7363927.8 | AH25: =Z25-AG25 -> 539999.24
B26: 20 | C26: SUDIRMAN | D26: 1902051205770002 | E26: 743653420305000 | F26: JL. MANGGAR RT. 004 RW. 002 DESA AIR BATU BUDING BADAU | G26: OPERATOR | H26: L | I26: K/0 | J26: =IF(ISBLANK(I26),"",IF(OR(I26="TK/0",I26="TK/1",I26="K/0"),"TER A",IF(I26="K/3","TER C","TER B"))) -> TER A | K26: =30*121333.33 -> 3639999.9 | L26: =3640000*0.84% -> 30576 | M26: =(3640000+24000)*4% -> 146560 | N26: 108000 | O26: 57000 | P26: 2030404.4 | R26: 461066.73 | S26: 24000 | W26: 0 | Y26: 540000 | Z26: =ROUNDDOWN(SUM(K26:Y26),0) -> 7037607 | AA26: =IF(J26="TER A",VLOOKUP(Z26,Ter_A,4,TRUE),IF(J26="TER B",VLOOKUP(Z26,Ter_B,4,TRUE),VLOOKUP(Z26,Ter_C,4,TRUE))) -> 0.0125 | AB26: =ROUNDDOWN(IF(E26=0,Z26*AA26*120%,Z26*AA26),0) -> 87970 | AC26: 64976 | AD26: =AB26-AC26 -> 22994 | AE26: 6320471.1 | AF26: =L26+M26 -> 177136 | AG26: =AE26+AF26 -> 6497607.1 | AH26: =Z26-AG26 -> 539999.88
B27: 21 | C27: APRIYADI | D27: 1902051707890001 | E27: 972285597305000 | F27: JL MANGGAR AIR BEGANTUNG RT. 008 RW. 003 DESA KACANG BUTOR BADAU | G27: OPERATOR | H27: L | I27: K/1 | J27: =IF(ISBLANK(I27),"",IF(OR(I27="TK/0",I27="TK/1",I27="K/0"),"TER A",IF(I27="K/3","TER C","TER B"))) -> TER B | K27: =30*121333.33 -> 3639999.9 | L27: =3640000*0.84% -> 30576 | M27: =(3640000+43500)*4% -> 147340 | N27: 135000 | O27: 60000 | P27: 73641.61 | S27: 43500 | W27: 0 | Y27: 540000 | Z27: =ROUNDDOWN(SUM(K27:Y27),0) -> 4670057 | AA27: =IF(J27="TER A",VLOOKUP(Z27,Ter_A,4,TRUE),IF(J27="TER B",VLOOKUP(Z27,Ter_B,4,TRUE),VLOOKUP(Z27,Ter_C,4,TRUE))) -> 0 | AB27: =ROUNDDOWN(IF(E27=0,Z27*AA27*120%,Z27*AA27),0) -> 0 | AC27: 0 | AD27: =AB27-AC27 -> 0 | AE27: 3952141.6 | AF27: =L27+M27 -> 177916 | AG27: =AE27+AF27 -> 4130057.6 | AH27: =Z27-AG27 -> 539999.39
B28: 22 | C28: MAHADI | D28: 1902012503820003 | E28: 972280192305000 | F28: PULAU BAYAN RT. 005 RW. 002 DESA SUNGAI SAMAK KEC. BADAU | G28: OPERATOR | H28: L | I28: K/1 | J28: =IF(ISBLANK(I28),"",IF(OR(I28="TK/0",I28="TK/1",I28="K/0"),"TER A",IF(I28="K/3","TER C","TER B"))) -> TER B | K28: =30*121333.33 -> 3639999.9 | L28: =3640000*0.84% -> 30576 | M28: =(3640000+43500)*4% -> 147340 | N28: 130500 | O28: 57000 | P28: 3082427.4 | R28: 461066.73 | S28: 43500 | W28: -121333.33 | Y28: 540000 | Z28: =ROUNDDOWN(SUM(K28:Y28),0) -> 8011076 | AA28: =IF(J28="TER A",VLOOKUP(Z28,Ter_A,4,TRUE),IF(J28="TER B",VLOOKUP(Z28,Ter_B,4,TRUE),VLOOKUP(Z28,Ter_C,4,TRUE))) -> 0.01 | AB28: =ROUNDDOWN(IF(E28=0,Z28*AA28*120%,Z28*AA28),0) -> 80110 | AC28: 74710 | AD28: =AB28-AC28 -> 5400 | AE28: 7293160.8 | AF28: =L28+M28 -> 177916 | AG28: =AE28+AF28 -> 7471076.8 | AH28: =Z28-AG28 -> 539999.21
B29: 23 | C29: SISWANTO | D29: 1902051405840001 | E29: 972283733305000 | F29: DSN AIR BATU BUDING RT. 002 RW. 001 DESA AIR BATU BUDING KEC. BADAU | G29: OPERATOR | H29: L | I29: K/1 | J29: =IF(ISBLANK(I29),"",IF(OR(I29="TK/0",I29="TK/1",I29="K/0"),"TER A",IF(I29="K/3","TER C","TER B"))) -> TER B | K29: =30*121333.33 -> 3639999.9 | L29: =3640000*0.84% -> 30576 | M29: =(3640000+47000)*4% -> 147480 | N29: 130500 | O29: 60000 | P29: 2745780 | R29: 461066.73 | S29: 47000 | W29: -121333.33 | Y29: 540000 | Z29: =ROUNDDOWN(SUM(K29:Y29),0) -> 7681069 | AA29: =IF(J29="TER A",VLOOKUP(Z29,Ter_A,4,TRUE),IF(J29="TER B",VLOOKUP(Z29,Ter_B,4,TRUE),VLOOKUP(Z29,Ter_C,4,TRUE))) -> 0.01 | AB29: =ROUNDDOWN(IF(E29=0,Z29*AA29*120%,Z29*AA29),0) -> 76810 | AC29: 53558 | AD29: =AB29-AC29 -> 23252 | AE29: 6963013.4 | AF29: =L29+M29 -> 178056 | AG29: =AE29+AF29 -> 7141069.4 | AH29: =Z29-AG29 -> 539999.57
K30: =SUM(K6:K29) -> 83671164 | L30: =SUM(L6:L29) -> 703878 | M30: =SUM(M6:M29) -> 3393720 | N30: =SUM(N6:N29) -> 2786850 | O30: =SUM(O6:O29) -> 370000 | P30: =SUM(P6:P29) -> 25646573 | Q30: =SUM(Q6:Q29) -> 720000 | R30: =SUM(R6:R29) -> 1383200.2 | S30: =SUM(S6:S29) -> 1048000 | W30: =SUM(W6:W29) -> -1718666.6 | Y30: =SUM(Y6:Y29) -> 11870000 | Z30: =SUM(Z6:Z29) -> 129874707 | AA30: =SUM(AA6:AA29) -> 0.0825 | AB30: =SUM(AB6:AB29) -> 608145 | AC30: =SUM(AC6:AC29) -> 436978 | AD30: =SUM(AD6:AD29) -> 171167 | AE30: =SUM(AE6:AE29) -> 1.1390712e+08 | AF30: =SUM(AF6:AF29) -> 4097598 | ... AH30: =SUM(AH6:AH29) -> 11869986
B32: Catatan :
B33: 1. yang berwarna adalah rumus
B34: 2. dalam hal terdapat tunjangan PPh, maka ceklis "enable iterative calculation" pada menu (option => formula => pada bagian kanan atas)
B35: 3. kolom pengurang JHT/JP tetap wajib diisi, sebagai pengurang pada masa pajak desember
B36: 4. komponen penghasilan bruto dapat disesuaikan/ditambahkan kolom, sesuai dengan kebutuhan masing2 perusahaan
B37: 5. perubahan status PTKP ditentukan keadaan awal tahun, misal nikah/punya anak ditanggal 2 januari 2024, maka berubah status PTKP nya tahun 2025
B38: 6. PPh 21 terutang tersebut sudah memperhitungkan bagi yang tidak memiliki NPWP dengan jumlah PPh Terutang 20% lebih besar.
B39: 7. untuk yang tidak mempunyai NPWP dapat diisi dengan angka Nol
B40: 8. untuk perhitungan pph 21 (THR, Bonus, Tantiem) rumus penghasilan brutonya dapat disesuaikan dengan masa pajak THR tersebut diberikan
B41: 9. khusus untuk perhitungan pph 21 masa pajak desember, dapat di cek kembali rumus total per komponen penghasilan brutonya (jika ada penambahan/pengurangan kolom)
B42: 10. untuk jan s.d nop dapat diduplicate sheetnya
D46: DIBUAT OLEH | K46: DIKETAHUI OLEH
D49: MINARNI | K49: HUSHAR, S.Pt
D50: KRANI INFRA | K50: MANAGER INFRASTRUKTUR

Sheet PERBULAN
A1: PT.REBINMAS JAYA
A2: PERHITUNGAN PPH 21 TAHUN 2025
A4: No | B4: Name | C4: L/P | D4: Stat | E4: BL | F4: PENGHASILAN PER BULAN
F5: Jan | G5: Feb | H5: Mar | I5: April | J5: Mei | K5: Jun | L5: Jul | M5: Agst | N5: Sept | O5: Okto | P5: Nov | Q5: Des | R5: Gaji Kotor Setahun | S5: T H R | T5: Ex-gratia | U5: MEDICAL CLAIM | V5: Penghasilan lain-lain | W5: Penghasilan | X5: PTKP | Y5: Kena
W6: Disetahunkan | Y6: Pajak
A7: PG.IIB ( AIK KUNYAL)
A8: 1 | B8: SUDARMONO | C8: L | D8: K/2 | E8: =COUNT(F8:Q8)-COUNT(#REF!) -> 11 | F8: 7370924.6 | G8: 7484451.6 | H8: 6870258.6 | I8: 7165673.6 | J8: 6905119.6 | K8: 6480398.6 | L8: 7196482 | M8: 7157092 | N8: 6429944 | O8: 6216734 | P8: 6570743 | R8: =SUM(F8:P8) -> 75847821 | S8: 4093600 | T8: 200000 | W8: =SUM(R8:V8) -> 80141421 | X8: =IF(D8="TK",54000000,IF(D8="K0",58500000,IF(D8="K1",63000000,IF(D8="K2",67500000,IF(D8="K3",72000000))))) -> FALSE | Y8: =IF(W8<=X8,0,IF(W8>X8,W8-X8)) -> 0
A9: 2 | B9: ARDIYANSA | C9: L | D9: TK/0 | E9: =COUNT(F9:Q9)-COUNT(#REF!) -> 11 | F9: 7521733.6 | G9: 6392894.6 | H9: 6953516.6 | I9: 7024563.6 | J9: 6809751.6 | K9: 6337898.6 | L9: 7179649.6 | M9: 7007791.4 | N9: 6556400.4 | O9: 7313422.4 | P9: 6881640.4 | R9: =SUM(F9:P9) -> 75979262 | S9: 3974100 | T9: 900000 | W9: =SUM(R9:V9) -> 80853362 | X9: =IF(D9="TK",54000000,IF(D9="K0",58500000,IF(D9="K1",63000000,IF(D9="K2",67500000,IF(D9="K3",72000000))))) -> FALSE | Y9: =IF(W9<=X9,0,IF(W9>X9,W9-X9)) -> 0
A10: 3 | B10: INDRA JAYA | C10: L | D10: K/1 | E10: =COUNT(F10:Q10)-COUNT(#REF!) -> 11 | F10: 7078070.6 | G10: 4246649.6 | H10: 4575078.6 | I10: 4306900.6 | J10: 4350129.6 | K10: 5215159.6 | L10: 4822342.4 | M10: 5055589.4 | N10: 4793489.4 | O10: 4182698.4 | P10: 3731490.4 | R10: =SUM(F10:P10) -> 52357598 | S10: 4063100 | T10: 200000 | W10: =SUM(R10:V10) -> 56620698 | X10: =IF(D10="TK",54000000,IF(D10="K0",58500000,IF(D10="K1",63000000,IF(D10="K2",67500000,IF(D10="K3",72000000))))) -> FALSE | Y10: =IF(W10<=X10,0,IF(W10>X10,W10-X10)) -> 0
A11: 4 | B11: USPANDI | C11: L | D11: K/2 | E11: =COUNT(F11:Q11)-COUNT(#REF!) -> 11 | F11: 7482811.6 | G11: 6272494.6 | H11: 6465841.6 | I11: 7108309.6 | J11: 6080998.6 | K11: 5945994.6 | L11: 6775589.4 | M11: 5697729.4 | N11: 6125863.4 | O11: 7078208.4 | P11: 7216908.4 | R11: =SUM(F11:P11) -> 72250749 | S11: 4128600 | T11: 900000 | W11: =SUM(R11:V11) -> 77279349 | X11: =IF(D11="TK",54000000,IF(D11="K0",58500000,IF(D11="K1",63000000,IF(D11="K2",67500000,IF(D11="K3",72000000))))) -> FALSE | Y11: =IF(W11<=X11,0,IF(W11>X11,W11-X11)) -> 0
A12: 5 | B12: NOVI SUHAIDI | C12: L | D12: K/2 | E12: =COUNT(F12:Q12)-COUNT(#REF!) -> 11 | F12: 7430091.6 | G12: 6193033.6 | H12: 6293453.6 | I12: 6889328.6 | J12: 6011385.6 | K12: 5784806.6 | L12: 6596000.8 | M12: 5544688.8 | N12: 6165791.8 | O12: 7245113.4 | P12: 7057091.4 | R12: =SUM(F12:P12) -> 71210785 | S12: 4090100 | T12: 600000 | W12: =SUM(R12:V12) -> 75900885 | X12: =IF(D12="TK",54000000,IF(D12="K0",58500000,IF(D12="K1",63000000,IF(D12="K2",67500000,IF(D12="K3",72000000))))) -> FALSE | Y12: =IF(W12<=X12,0,IF(W12>X12,W12-X12)) -> 0
A13: 6 | B13: ROSLI | C13: L | D13: K/2 | E13: =COUNT(F13:Q13)-COUNT(#REF!) -> 11 | F13: 4512284.6 | G13: 3998561.6 | H13: 4228369.6 | I13: 4172028.6 | J13: 4228369.6 | K13: 4399609.6 | L13: 4668828 | M13: 4310298 | N13: 4097100 | O13: 4595463 | P13: 4461653 | R13: =SUM(F13:P13) -> 47672565 | S13: 4093600 | T13: 600000 | W13: =SUM(R13:V13) -> 52366165 | X13: =IF(D13="TK",54000000,IF(D13="K0",58500000,IF(D13="K1",63000000,IF(D13="K2",67500000,IF(D13="K3",72000000))))) -> FALSE | Y13: =IF(W13<=X13,0,IF(W13>X13,W13-X13)) -> 0
A14: 7 | B14: AMRIL | C14: L | D14: K/1 | E14: =COUNT(F14:Q14)-COUNT(#REF!) -> 11 | F14: 7330635.6 | G14: 7082125.6 | H14: 7492439.6 | I14: 7031151.6 | J14: 7730224.6 | K14: 7586149.6 | L14: 8335038.4 | M14: 8520507.4 | N14: 8240984.4 | O14: 7102593.4 | P14: 7398181.4 | R14: =SUM(F14:Q14) -> 83850031 | S14: 4063100 | T14: 900000 | W14: =SUM(R14:V14) -> 88813131 | X14: =IF(D14="TK",54000000,IF(D14="K0",58500000,IF(D14="K1",63000000,IF(D14="K2",67500000,IF(D14="K3",72000000))))) -> FALSE | Y14: =IF(W14<=X14,0,IF(W14>X14,W14-X14)) -> 0
A15: 8 | B15: KARMILA | C15: P | D15: TK/0 | E15: =COUNT(F15:Q15)-COUNT(#REF!) -> 11 | F15: 4122569.6 | G15: 3728159.6 | H15: 4122569.6 | I15: 3991099.6 | J15: 4126069.6 | K15: 3994599.6 | L15: 4126070.4 | M15: 4126070.4 | N15: 3994600.4 | O15: 4126070.4 | P15: 3994600.4 | R15: =SUM(F15:P15) -> 44452479 | S15: 3991100 | T15: 900000 | W15: =SUM(R15:V15) -> 49343579 | X15: =IF(D15="TK",54000000,IF(D15="K0",58500000,IF(D15="K1",63000000,IF(D15="K2",67500000,IF(D15="K3",72000000))))) -> FALSE | Y15: =IF(W15<=X15,0,IF(W15>X15,W15-X15)) -> 0
A16: 9 | B16: MARTUTI | C16: P | D16: TK/0 | E16: =COUNT(F16:Q16)-COUNT(#REF!) -> 11 | F16: 4126069.6 | G16: 3731659.6 | H16: 4126069.6 | I16: 3994599.6 | J16: 4126069.6 | K16: 3994599.6 | L16: 4126070.4 | M16: 4126070.4 | N16: 3994600.4 | O16: 4126070.4 | P16: 3998100 | R16: =SUM(F16:P16) -> 44469979 | S16: 3994600 | T16: 900000 | W16: =SUM(R16:V16) -> 49364579 | X16: =IF(D16="TK",54000000,IF(D16="K0",58500000,IF(D16="K1",63000000,IF(D16="K2",67500000,IF(D16="K3",72000000))))) -> FALSE | Y16: =IF(W16<=X16,0,IF(W16>X16,W16-X16)) -> 0
A17: 10 | B17: HARNIAWATI | C17: P | D17: TK/0 | E17: =COUNT(F17:Q17)-COUNT(#REF!) -> 11 | F17: 4126069.6 | G17: 3731659.6 | H17: 4126069.6 | I17: 3994599.6 | J17: 4126069.6 | K17: 3994599.6 | L17: 4126070.4 | M17: 4126070.4 | N17: 3994600.4 | O17: 4126070.4 | P17: 3998100 | R17: =SUM(F17:P17) -> 44469979 | S17: 3994600 | T17: 900000 | W17: =SUM(R17:V17) -> 49364579 | X17: =IF(D17="TK",54000000,IF(D17="K0",58500000,IF(D17="K1",63000000,IF(D17="K2",67500000,IF(D17="K3",72000000))))) -> FALSE | Y17: =IF(W17<=X17,0,IF(W17>X17,W17-X17)) -> 0
A18: 11 | B18: MARYATI | C18: P | D18: TK/0 | E18: =COUNT(F18:Q18)-COUNT(#REF!) -> 11 | F18: 4126069.6 | G18: 3731659.6 | H18: 4126069.6 | I18: 3994599.6 | J18: 3994599.6 | K18: 3994599.6 | L18: 4129570 | M18: 4129570 | N18: 3998100 | O18: 4129570 | P18: 3998100 | R18: =SUM(F18:P18) -> 44352507 | S18: 3994600 | T18: 900000 | W18: =SUM(R18:V18) -> 49247107 | X18: =IF(D18="TK",54000000,IF(D18="K0",58500000,IF(D18="K1",63000000,IF(D18="K2",67500000,IF(D18="K3",72000000))))) -> FALSE | Y18: =IF(W18<=X18,0,IF(W18>X18,W18-X18)) -> 0
A19: 12 | B19: KOPRIATI | C19: P | D19: TK/0 | E19: =COUNT(F19:Q19)-COUNT(#REF!) -> 11 | F19: 4136569.6 | G19: 3766659.6 | H19: 4029599.6 | I19: 4029599.6 | J19: 4029599.6 | K19: 4029599.6 | L19: 4161070.4 | M19: 4161070.4 | N19: 4029600.4 | O19: 4029600.4 | P19: 4029600.4 | R19: =SUM(F19:P19) -> 44432569 | S19: 4029600 | T19: 200000 | W19: =SUM(R19:V19) -> 48662169 | X19: =IF(D19="TK",54000000,IF(D19="K0",58500000,IF(D19="K1",63000000,IF(D19="K2",67500000,IF(D19="K3",72000000))))) -> FALSE | Y19: =IF(W19<=X19,0,IF(W19>X19,W19-X19)) -> 0
A20: 13 | B20: ASNIATI | C20: P | D20: TK/0 | E20: =COUNT(F20:Q20)-COUNT(#REF!) -> 11 | F20: 4122569.6 | G20: 3728159.6 | H20: 4122569.6 | I20: 3991099.6 | J20: 4122569.6 | K20: 3994599.6 | L20: 4126070.4 | M20: 4126070.4 | N20: 3994600.4 | O20: 4126070.4 | P20: 3994600.4 | R20: =SUM(F20:P20) -> 44448979 | S20: 3991100 | T20: 600000 | W20: =SUM(R20:V20) -> 49040079 | X20: =IF(D20="TK",54000000,IF(D20="K0",58500000,IF(D20="K1",63000000,IF(D20="K2",67500000,IF(D20="K3",72000000))))) -> FALSE | Y20: =IF(W20<=X20,0,IF(W20>X20,W20-X20)) -> 0
A21: 14 | B21: ANDIWATI | C21: P | D21: TK/0 | E21: =COUNT(F21:Q21)-COUNT(#REF!) -> 11 | F21: 4122569.6 | G21: 3728159.6 | H21: 4122569.6 | I21: 3991099.6 | J21: 4122569.6 | K21: 3991099.6 | L21: 4122569.8 | M21: 4122569.8 | N21: 3994600.4 | O21: 4126070.4 | P21: 3994600.4 | R21: =SUM(F21:P21) -> 44438478 | S21: 3991100 | T21: 600000 | W21: =SUM(R21:V21) -> 49029578 | X21: =IF(D21="TK",54000000,IF(D21="K0",58500000,IF(D21="K1",63000000,IF(D21="K2",67500000,IF(D21="K3",72000000))))) -> FALSE | Y21: =IF(W21<=X21,0,IF(W21>X21,W21-X21)) -> 0
A22: 15 | B22: MARYANA.So | C22: P | D22: TK/0 | E22: =COUNT(F22:Q22)-COUNT(#REF!) -> 11 | F22: 4122569.6 | G22: 3728159.6 | H22: 4122569.6 | I22: 3991099.6 | J22: 3991099.6 | K22: 3994599.6 | L22: 4126070.4 | M22: 4126070.4 | N22: 3994600.4 | O22: 4126070.4 | P22: 3994600.4 | R22: =SUM(F22:P22) -> 44317509 | S22: 3991100 | T22: 900000 | W22: =SUM(R22:V22) -> 49208609 | X22: =IF(D22="TK",54000000,IF(D22="K0",58500000,IF(D22="K1",63000000,IF(D22="K2",67500000,IF(D22="K3",72000000))))) -> FALSE | Y22: =IF(W22<=X22,0,IF(W22>X22,W22-X22)) -> 0
A23: 16 | B23: TUTI | C23: P | D23: TK/0 | E23: =COUNT(F23:Q23)-COUNT(#REF!) -> 11 | F23: 4126069.6 | G23: 3731659.6 | H23: 4126069.6 | I23: 3998099.6 | J23: 4129569.6 | K23: 3998099.6 | L23: 4129570 | M23: 4129570 | N23: 3998100 | O23: 4129570 | P23: 3998100 | R23: =SUM(F23:P23) -> 44494477 | S23: 3994600 | T23: 600000 | W23: =SUM(R23:V23) -> 49089077 | X23: =IF(D23="TK",54000000,IF(D23="K0",58500000,IF(D23="K1",63000000,IF(D23="K2",67500000,IF(D23="K3",72000000))))) -> FALSE | Y23: =IF(W23<=X23,0,IF(W23>X23,W23-X23)) -> 0
A24: 17 | B24: AGUSTIANA | C24: P | D24: TK/0 | E24: =COUNT(F24:Q24)-COUNT(#REF!) -> 11 | F24: 4126069.6 | G24: 3731659.6 | H24: 4126069.6 | I24: 3994599.6 | J24: 4126069.6 | K24: 3994599.6 | L24: 4126070.4 | M24: 4129570 | N24: 3998100 | O24: 4129570 | P24: 3998100 | R24: =SUM(F24:P24) -> 44480478 | S24: 3994600 | T24: 600000 | W24: =SUM(R24:V24) -> 49075078 | X24: =IF(D24="TK",54000000,IF(D24="K0",58500000,IF(D24="K1",63000000,IF(D24="K2",67500000,IF(D24="K3",72000000))))) -> FALSE | Y24: =IF(W24<=X24,0,IF(W24>X24,W24-X24)) -> 0
A25: 18 | B25: SISWANTO | C25: L | D25: K/0 | E25: =COUNT(F25:Q25)-COUNT(#REF!) -> 11 | F25: 4171419.6 | G25: 3775759.6 | H25: 4174519.6 | I25: 4041599.6 | J25: 4174519.6 | K25: 4041599.6 | L25: 4174520 | M25: 4041600 | N25: 4045099.6 | O25: 4045099.6 | P25: 3912179.6 | R25: =SUM(F25:P25) -> 44597916 | S25: 4041600 | T25: 200000 | W25: =SUM(R25:V25) -> 48839516 | X25: =IF(D25="TK",54000000,IF(D25="K0",58500000,IF(D25="K1",63000000,IF(D25="K2",67500000,IF(D25="K3",72000000))))) -> FALSE | Y25: =IF(W25<=X25,0,IF(W25>X25,W25-X25)) -> 0
A26: 19 | B26: SUNDARI | C26: P | D26: TK/0 | E26: =COUNT(F26:Q26)-COUNT(#REF!) -> 11 | F26: 4105569.6 | G26: 3711159.6 | H26: 4105569.6 | I26: 3974099.6 | J26: 4105569.6 | K26: 3974099.6 | L26: 4108570.4 | M26: 4108570.4 | N26: 3977100.4 | O26: 4108570.4 | P26: 3977100.4 | R26: =SUM(F26:P26) -> 44255979 | S26: 3974100 | T26: 200000 | W26: =SUM(R26:V26) -> 48430079 | X26: =IF(D26="TK",54000000,IF(D26="K0",58500000,IF(D26="K1",63000000,IF(D26="K2",67500000,IF(D26="K3",72000000))))) -> FALSE | Y26: =IF(W26<=X26,0,IF(W26>X26,W26-X26)) -> 0
... A36: 29 | B36: ADI SANJAYA | C36: L | D36: K/2 | E36: =COUNT(F36:Q36)-COUNT(#REF!) -> 11 | F36: 4927936.6 | G36: 4151059.6 | H36: 5814124.6 | I36: 4729203.6 | J36: 4603867.6 | K36: 5828204.6 | L36: 4593870 | M36: 4791550 | N36: 5856180 | O36: 5128654 | P36: 4774859.8 | R36: =SUM(F36:P36) -> 55199510 | S36: 4067100 | T36: 900000 | W36: =SUM(R36:V36) -> 60166610 | X36: =IF(D36="TK",54000000,IF(D36="K0",58500000,IF(D36="K1",63000000,IF(D36="K2",67500000,IF(D36="K3",72000000))))) -> FALSE | Y36: =IF(W36<=X36,0,IF(W36>X36,W36-X36)) -> 0
A37: 30 | B37: ANDI ( ASNA ) | C37: L | D37: K/2 | E37: =COUNT(F37:Q37)-COUNT(#REF!) -> 11 | F37: 5000536.6 | G37: 4219309.6 | H37: 5935620.6 | I37: 5108165.6 | J37: 4767138.6 | K37: 5880292.6 | L37: 4637620 | M37: 4938563 | N37: 6034021 | O37: 5196999 | P37: 5120003 | R37: =SUM(F37:Q37) -> 56838269 | S37: 4067100 | T37: 600000 | W37: =SUM(R37:V37) -> 61505369 | X37: =IF(D37="TK",54000000,IF(D37="K0",58500000,IF(D37="K1",63000000,IF(D37="K2",67500000,IF(D37="K3",72000000))))) -> FALSE | Y37: =IF(W37<=X37,0,IF(W37>X37,W37-X37)) -> 0
A38: 31 | B38: EFRIYONO | C38: L | D38: K/2 | E38: =COUNT(F38:Q38)-COUNT(#REF!) -> 11 | F38: 4764888.6 | G38: 4166809.6 | H38: 5748870.6 | I38: 4647432.6 | J38: 4560981.6 | K38: 6001680.6 | L38: 4444179.8 | M38: 4751056.8 | N38: 5606408.8 | O38: 4988920.8 | P38: 4614335.8 | R38: =SUM(F38:Q38) -> 54295565 | S38: 4067100 | T38: 200000 | W38: =SUM(R38:V38) -> 58562665 | X38: =IF(D38="TK",54000000,IF(D38="K0",58500000,IF(D38="K1",63000000,IF(D38="K2",67500000,IF(D38="K3",72000000))))) -> FALSE | Y38: =IF(W38<=X38,0,IF(W38>X38,W38-X38)) -> 0
A39: 32 | B39: ERI HANDRAYANI | C39: L | D39: K/2 | E39: =COUNT(F39:Q39)-COUNT(#REF!) -> 11 | F39: 4955730.6 | G39: 4177309.6 | H39: 5814353.6 | I39: 4744942.6 | J39: 4747092.6 | K39: 5856180.6 | L39: 4645869.8 | M39: 4884801.8 | N39: 5703098.8 | O39: 5088210.8 | P39: 4976302.8 | R39: =SUM(F39:Q39) -> 55593893 | S39: 4067100 | T39: 900000 | W39: =SUM(R39:V39) -> 60560993 | X39: =IF(D39="TK",54000000,IF(D39="K0",58500000,IF(D39="K1",63000000,IF(D39="K2",67500000,IF(D39="K3",72000000))))) -> FALSE | Y39: =IF(W39<=X39,0,IF(W39>X39,W39-X39)) -> 0
A40: 33 | B40: FERBI H | C40: L | D40: K/0 | E40: =COUNT(F40:Q40)-COUNT(#REF!) -> 11 | F40: 4197918.6 | G40: 3873589.6 | H40: 5429201.6 | I40: 4282977.6 | J40: 4207409.6 | K40: 5407267.6 | L40: 4205480 | M40: 4574070 | N40: 5193572.8 | O40: 4612943.8 | P40: 4266240.8 | R40: =SUM(F40:Q40) -> 50250672 | S40: 4011600 | T40: 200000 | W40: =SUM(R40:V40) -> 54462272 | X40: =IF(D40="TK",54000000,IF(D40="K0",58500000,IF(D40="K1",63000000,IF(D40="K2",67500000,IF(D40="K3",72000000))))) -> FALSE | Y40: =IF(W40<=X40,0,IF(W40>X40,W40-X40)) -> 0
A41: 34 | B41: HAIDI | C41: L | D41: K/2 | E41: =COUNT(F41:Q41)-COUNT(#REF!) -> 11 | F41: 4427735.6 | G41: 4107809.6 | H41: 5755042.6 | I41: 4450186.6 | J41: 4583708.6 | K41: 5762734.6 | L41: 4421100.2 | M41: 4600617.2 | N41: 5522798.2 | O41: 5064386 | P41: 4443323 | R41: =SUM(F41:Q41) -> 53139442 | S41: 4064100 | T41: 200000 | W41: =SUM(R41:V41) -> 57403542 | X41: =IF(D41="TK",54000000,IF(D41="K0",58500000,IF(D41="K1",63000000,IF(D41="K2",67500000,IF(D41="K3",72000000))))) -> FALSE | Y41: =IF(W41<=X41,0,IF(W41>X41,W41-X41)) -> 0
A42: 35 | B42: IRHAS | C42: L | D42: K/2 | E42: =COUNT(F42:Q42)-COUNT(#REF!) -> 11 | F42: 4485415.6 | G42: 4113559.6 | H42: 5391534.6 | I42: 4507197.6 | J42: 4417438.6 | K42: 5680046.6 | L42: 3798020.2 | M42: 4462128.2 | N42: 4719223.2 | O42: 4193879.2 | P42: 4082652.2 | R42: =SUM(F42:Q42) -> 49851095 | S42: 4061100 | T42: 200000 | W42: =SUM(R42:V42) -> 54112195 | X42: =IF(D42="TK",54000000,IF(D42="K0",58500000,IF(D42="K1",63000000,IF(D42="K2",67500000,IF(D42="K3",72000000))))) -> FALSE | Y42: =IF(W42<=X42,0,IF(W42>X42,W42-X42)) -> 0
A43: 36 | B43: YANUAR | C43: L | D43: K/2 | E43: =COUNT(F43:Q43)-COUNT(#REF!) -> 11 | F43: 4345631.6 | G43: 4075509.6 | H43: 5720003.6 | I43: 4548082.6 | J43: 4531608.6 | K43: 5680677.6 | L43: 4400099.6 | M43: 4684181.6 | N43: 5599335.4 | O43: 4481856.4 | P43: 4561644.4 | R43: =SUM(F43:Q43) -> 52628631 | S43: 4032600 | T43: 600000 | W43: =SUM(R43:V43) -> 57261231 | X43: =IF(D43="TK",54000000,IF(D43="K0",58500000,IF(D43="K1",63000000,IF(D43="K2",67500000,IF(D43="K3",72000000))))) -> FALSE | Y43: =IF(W43<=X43,0,IF(W43>X43,W43-X43)) -> 0
A44: 37 | B44: SEVENDRI | C44: L | D44: K/2 | E44: =COUNT(F44:Q44)-COUNT(#REF!) -> 11 | F44: 4719613.6 | G44: 4141059.6 | H44: 5923365.6 | I44: 4655139.6 | J44: 4646549.6 | K44: 5726494.6 | L44: 4547869.8 | M44: 4820231.8 | N44: 5537891.8 | O44: 4752539.8 | P44: 4487093.8 | R44: =SUM(F44:Q44) -> 53957849 | S44: 4067100 | T44: 200000 | W44: =SUM(R44:V44) -> 58224949 | X44: =IF(D44="TK",54000000,IF(D44="K0",58500000,IF(D44="K1",63000000,IF(D44="K2",67500000,IF(D44="K3",72000000))))) -> FALSE | Y44: =IF(W44<=X44,0,IF(W44>X44,W44-X44)) -> 0
A45: 38 | B45: PURGANDI | C45: L | D45: K/0 | E45: =COUNT(F45:Q45)-COUNT(#REF!) -> 11 | F45: 4408020.6 | G45: 4056481.6 | H45: 5715901.6 | I45: 5038712.6 | J45: 4545726.6 | K45: 5654897.6 | L45: 4522069.8 | M45: 4607857.8 | N45: 5347799.8 | O45: 4977685.8 | P45: 4388031.8 | R45: =SUM(F45:Q45) -> 53263185 | S45: 3998100 | T45: 600000 | W45: =SUM(R45:V45) -> 57861285 | X45: =IF(D45="TK",54000000,IF(D45="K0",58500000,IF(D45="K1",63000000,IF(D45="K2",67500000,IF(D45="K3",72000000))))) -> FALSE | Y45: =IF(W45<=X45,0,IF(W45>X45,W45-X45)) -> 0
A46: 39 | B46: RICKI PUTRA | C46: L | D46: K/0 | E46: =COUNT(F46:Q46)-COUNT(#REF!) -> 11 | F46: 4902105.6 | G46: 4174168.6 | H46: 5860625.6 | I46: 4809415.6 | J46: 4639698.6 | K46: 5822521.6 | L46: 4576770 | M46: 4776061 | N46: 5689885 | O46: 5097418 | P46: 4582803 | R46: =SUM(F46:Q46) -> 54931472 | S46: 4011600 | T46: 600000 | W46: =SUM(R46:V46) -> 59543072 | X46: =IF(D46="TK",54000000,IF(D46="K0",58500000,IF(D46="K1",63000000,IF(D46="K2",67500000,IF(D46="K3",72000000))))) -> FALSE | Y46: =IF(W46<=X46,0,IF(W46>X46,W46-X46)) -> 0
A47: 40 | B47: ROLAND AGUSTA | C47: L | D47: K/1 | E47: =COUNT(F47:Q47)-COUNT(#REF!) -> 11 | F47: 4675737.6 | G47: 4161859.6 | H47: 6072647.6 | I47: 4896220.6 | J47: 4594808.6 | K47: 6636876.6 | L47: 4631220.2 | M47: 4754580.2 | N47: 5920228.2 | O47: 4999720.2 | P47: 4693587.2 | R47: =SUM(F47:Q47) -> 56037486 | S47: 4034100 | T47: 200000 | W47: =SUM(R47:V47) -> 60271586 | X47: =IF(D47="TK",54000000,IF(D47="K0",58500000,IF(D47="K1",63000000,IF(D47="K2",67500000,IF(D47="K3",72000000))))) -> FALSE | Y47: =IF(W47<=X47,0,IF(W47>X47,W47-X47)) -> 0
A48: 41 | B48: SAHDAN | C48: L | D48: K/0 | E48: =COUNT(F48:Q48)-COUNT(#REF!) -> 11 | F48: 4687758.6 | G48: 3993397.6 | H48: 5443211.6 | I48: 4757723.6 | J48: 4561675.6 | K48: 5956807.6 | L48: 4370280.8 | M48: 4576473.8 | N48: 5201446.8 | O48: 4712090.8 | P48: 4537767.8 | R48: =SUM(F48:Q48) -> 52798634 | S48: 4011600 | T48: 200000 | W48: =SUM(R48:V48) -> 57010234 | X48: =IF(D48="TK",54000000,IF(D48="K0",58500000,IF(D48="K1",63000000,IF(D48="K2",67500000,IF(D48="K3",72000000))))) -> FALSE | Y48: =IF(W48<=X48,0,IF(W48>X48,W48-X48)) -> 0
... A58: 51 | B58: LALU MANAR HADI | C58: L | D58: K/0 | E58: =COUNT(F58:Q58)-COUNT(#REF!) -> 11 | F58: 5634423.6 | G58: 4704488.6 | H58: 6353519.6 | I58: 6178037.6 | J58: 5788733.6 | K58: 6509910.6 | L58: 5005726.6 | M58: 5919414.6 | N58: 6771452.6 | O58: 7152896.6 | P58: 6581078.6 | R58: =SUM(F58:Q58) -> 66599682 | S58: 1993800 | T58: 50000 | W58: =SUM(R58:V58) -> 68643482 | X58: =IF(D58="TK",54000000,IF(D58="K0",58500000,IF(D58="K1",63000000,IF(D58="K2",67500000,IF(D58="K3",72000000))))) -> FALSE | Y58: =IF(W58<=X58,0,IF(W58>X58,W58-X58)) -> 0
A59: 52 | B59: ANHAR | C59: L | D59: K/2 | E59: =COUNT(F59:Q59)-COUNT(#REF!) -> 11 | F59: 4511852.6 | G59: 4239340.6 | H59: 5838267.6 | I59: 5719423.6 | J59: 4757479.6 | K59: 6109176.6 | L59: 4709869.6 | M59: 4835778.6 | N59: 5735658.6 | O59: 4783002.6 | P59: 4675318.6 | R59: =SUM(F59:Q59) -> 55915168 | S59: 1010775 | W59: =SUM(R59:V59) -> 56925943 | X59: =IF(D59="TK",54000000,IF(D59="K0",58500000,IF(D59="K1",63000000,IF(D59="K2",67500000,IF(D59="K3",72000000))))) -> FALSE | Y59: =IF(W59<=X59,0,IF(W59>X59,W59-X59)) -> 0
A60: 53 | B60: IRPAN SAMSUDIN | C60: L | D60: TK/0 | E60: =COUNT(F60:Q60)-COUNT(#REF!) -> 7 | F60: 4584064.6 | G60: 4039909.6 | H60: 5426262.6 | I60: 4586996.6 | J60: 4379386.6 | K60: 4615368.6 | L60: 1597941.6 | R60: =SUM(F60:Q60) -> 29229930 | S60: 996900 | W60: =SUM(R60:V60) -> 30226830 | X60: =IF(D60="TK",54000000,IF(D60="K0",58500000,IF(D60="K1",63000000,IF(D60="K2",67500000,IF(D60="K3",72000000))))) -> FALSE | Y60: =IF(W60<=X60,0,IF(W60>X60,W60-X60)) -> 0
A61: 54 | B61: ADI . JP | C61: L | D61: K/2 | E61: =COUNT(F61:Q61)-COUNT(#REF!) -> 11 | F61: 4295719.6 | G61: 3908059.6 | H61: 4308869.6 | I61: 4167099.6 | J61: 4301869.6 | K61: 4170599.6 | L61: 4326869.8 | M61: 4319869.8 | N61: 4185099.8 | O61: 4326869.8 | P61: 4178099.8 | R61: =SUM(F61:Q61) -> 46489026 | S61: 4090100 | T61: 600000 | W61: =SUM(R61:V61) -> 51179126 | X61: =IF(D61="TK",54000000,IF(D61="K0",58500000,IF(D61="K1",63000000,IF(D61="K2",67500000,IF(D61="K3",72000000))))) -> FALSE | Y61: =IF(W61<=X61,0,IF(W61>X61,W61-X61)) -> 0
A62: 55 | B62: RUDI | C62: L | D62: K/2 | E62: =COUNT(F62:Q62)-COUNT(#REF!) -> 11 | F62: 4351569.6 | G62: 4093309.6 | H62: 5461419.6 | I62: 4260849.6 | J62: 4406119.6 | K62: 5539999.6 | L62: 4360619.8 | M62: 4332619.8 | N62: 5453999.8 | O62: 4365869.8 | P62: 4215349.8 | R62: =SUM(F62:Q62) -> 50841726 | S62: 4067100 | T62: 200000 | W62: =SUM(R62:V62) -> 55108826 | X62: =IF(D62="TK",54000000,IF(D62="K0",58500000,IF(D62="K1",63000000,IF(D62="K2",67500000,IF(D62="K3",72000000))))) -> FALSE | Y62: =IF(W62<=X62,0,IF(W62>X62,W62-X62)) -> 0
A63: 56 | B63: SUDIANTO | C63: L | D63: TK/0 | E63: =COUNT(F63:Q63)-COUNT(#REF!) -> 11 | F63: 4231869.6 | G63: 3955409.6 | H63: 5380169.6 | I63: 4149599.6 | J63: 4288069.6 | K63: 5380099.6 | L63: 4221569.8 | M63: 4232069.8 | N63: 5258849.8 | O63: 4256569.8 | P63: 3834159.8 | R63: =SUM(F63:Q63) -> 49188436 | S63: 3968100 | T63: 600000 | W63: =SUM(R63:V63) -> 53756536 | X63: =IF(D63="TK",54000000,IF(D63="K0",58500000,IF(D63="K1",63000000,IF(D63="K2",67500000,IF(D63="K3",72000000))))) -> FALSE | Y63: =IF(W63<=X63,0,IF(W63>X63,W63-X63)) -> 0
A64: 57 | B64: SALEH | C64: L | D64: K/0 | E64: =COUNT(F64:Q64)-COUNT(#REF!) -> 11 | F64: 4281069.6 | G64: 4038009.6 | H64: 5494619.6 | I64: 4149599.6 | J64: 4274069.6 | K64: 5438849.6 | L64: 4239069.8 | M64: 4237319.8 | N64: 5344099.8 | O64: 4258319.8 | P64: 4107599.8 | R64: =SUM(F64:Q64) -> 49862626 | S64: 4011600 | T64: 600000 | W64: =SUM(R64:V64) -> 54474226 | X64: =IF(D64="TK",54000000,IF(D64="K0",58500000,IF(D64="K1",63000000,IF(D64="K2",67500000,IF(D64="K3",72000000))))) -> FALSE | Y64: =IF(W64<=X64,0,IF(W64>X64,W64-X64)) -> 0
A65: 58 | B65: ANDRIANSYAH | C65: L | D65: K/2 | E65: =COUNT(F65:Q65)-COUNT(#REF!) -> 11 | F65: 4349469.6 | G65: 4079309.6 | H65: 5536319.6 | I65: 4262599.6 | J65: 4392119.6 | K65: 5574049.6 | L65: 4355369.8 | M65: 4332619.8 | N65: 5469049.8 | O65: 4343119.8 | P65: 4201349.8 | R65: =SUM(F65:Q65) -> 50895376 | S65: 4067100 | T65: 200000 | W65: =SUM(R65:V65) -> 55162476 | X65: =IF(D65="TK",54000000,IF(D65="K0",58500000,IF(D65="K1",63000000,IF(D65="K2",67500000,IF(D65="K3",72000000))))) -> FALSE | Y65: =IF(W65<=X65,0,IF(W65>X65,W65-X65)) -> 0
A66: 59 | B66: HENDRI | C66: L | D66: K/2 | E66: =COUNT(F66:Q66)-COUNT(#REF!) -> 11 | F66: 4344219.6 | G66: 4086309.6 | H66: 5400169.6 | I66: 4274849.6 | J66: 4399119.6 | K66: 5409599.6 | L66: 4367619.8 | M66: 4337869.8 | N66: 5145079.8 | O66: 4357119.8 | P66: 4215349.8 | R66: =SUM(F66:Q66) -> 50337306 | S66: 4067100 | T66: 600000 | W66: =SUM(R66:V66) -> 55004406 | X66: =IF(D66="TK",54000000,IF(D66="K0",58500000,IF(D66="K1",63000000,IF(D66="K2",67500000,IF(D66="K3",72000000))))) -> FALSE | Y66: =IF(W66<=X66,0,IF(W66>X66,W66-X66)) -> 0
A67: 60 | B67: POPPY ADEYANTI | C67: P | D67: TK/0 | E67: =COUNT(F67:Q67)-COUNT(#REF!) -> 11 | F67: 4486507.6 | G67: 4511086.6 | H67: 4911241.6 | I67: 4920423.6 | J67: 5312086.6 | K67: 6374099.6 | L67: 4991543.4 | M67: 5731874.4 | N67: 4846741.4 | O67: 4949232.4 | P67: 5152679.4 | R67: =SUM(F67:Q67) -> 56187516 | S67: 3974100 | T67: 200000 | W67: =SUM(R67:V67) -> 60361616 | X67: =IF(D67="TK",54000000,IF(D67="K0",58500000,IF(D67="K1",63000000,IF(D67="K2",67500000,IF(D67="K3",72000000))))) -> FALSE | Y67: =IF(W67<=X67,0,IF(W67>X67,W67-X67)) -> 0
A68: 61 | B68: HARYADI | C68: L | D68: K/1 | E68: =COUNT(F68:Q68)-COUNT(#REF!) -> 11 | F68: 4194519.6 | G68: 3772359.6 | H68: 4173969.6 | I68: 4040099.6 | J68: 4173969.6 | K68: 4342609.6 | L68: 4176969.8 | M68: 4176969.8 | N68: 4043099.8 | O68: 4176969.8 | P68: 4043099.8 | R68: =SUM(F68:Q68) -> 45314636 | S68: 4040100 | T68: 900000 | W68: =SUM(R68:V68) -> 50254736 | X68: =IF(D68="TK",54000000,IF(D68="K0",58500000,IF(D68="K1",63000000,IF(D68="K2",67500000,IF(D68="K3",72000000))))) -> FALSE | Y68: =IF(W68<=X68,0,IF(W68>X68,W68-X68)) -> 0
A69: 62 | E69: =COUNT(F69:Q69)-COUNT(#REF!) -> 0 | R69: =SUM(F69:Q69) -> 0 | W69: =SUM(R69:V69) -> 0 | X69: =IF(D69="TK",54000000,IF(D69="K0",58500000,IF(D69="K1",63000000,IF(D69="K2",67500000,IF(D69="K3",72000000))))) -> FALSE | Y69: =IF(W69<=X69,0,IF(W69>X69,W69-X69)) -> 0
A70: 63 | E70: =COUNT(F70:Q70)-COUNT(#REF!) -> 0 | R70: =SUM(F70:Q70) -> 0 | W70: =SUM(R70:V70) -> 0 | X70: =IF(D70="TK",54000000,IF(D70="K0",58500000,IF(D70="K1",63000000,IF(D70="K2",67500000,IF(D70="K3",72000000))))) -> FALSE | Y70: =IF(W70<=X70,0,IF(W70>X70,W70-X70)) -> 0
A71: 64 | E71: =COUNT(F71:Q71)-COUNT(#REF!) -> 0 | R71: =SUM(F71:Q71) -> 0 | W71: =SUM(R71:V71) -> 0 | X71: =IF(D71="TK",54000000,IF(D71="K0",58500000,IF(D71="K1",63000000,IF(D71="K2",67500000,IF(D71="K3",72000000))))) -> FALSE | Y71: =IF(W71<=X71,0,IF(W71>X71,W71-X71)) -> 0
A72: 65 | E72: =COUNT(F72:Q72)-COUNT(#REF!) -> 0 | R72: =SUM(F72:Q72) -> 0 | W72: =SUM(R72:V72) -> 0 | X72: =IF(D72="TK",54000000,IF(D72="K0",58500000,IF(D72="K1",63000000,IF(D72="K2",67500000,IF(D72="K3",72000000))))) -> FALSE | Y72: =IF(W72<=X72,0,IF(W72>X72,W72-X72)) -> 0
A73: 66 | E73: =COUNT(F73:Q73)-COUNT(#REF!) -> 0 | R73: =SUM(F73:Q73) -> 0 | W73: =SUM(R73:V73) -> 0 | X73: =IF(D73="TK",54000000,IF(D73="K0",58500000,IF(D73="K1",63000000,IF(D73="K2",67500000,IF(D73="K3",72000000))))) -> FALSE | Y73: =IF(W73<=X73,0,IF(W73>X73,W73-X73)) -> 0
A74: 67 | E74: =COUNT(F74:Q74)-COUNT(#REF!) -> 0 | R74: =SUM(F74:Q74) -> 0 | W74: =SUM(R74:V74) -> 0 | X74: =IF(D74="TK",54000000,IF(D74="K0",58500000,IF(D74="K1",63000000,IF(D74="K2",67500000,IF(D74="K3",72000000))))) -> FALSE | Y74: =IF(W74<=X74,0,IF(W74>X74,W74-X74)) -> 0
A75: 68 | E75: =COUNT(F75:Q75)-COUNT(#REF!) -> 0 | R75: =SUM(F75:Q75) -> 0 | W75: =SUM(R75:V75) -> 0 | X75: =IF(D75="TK",54000000,IF(D75="K0",58500000,IF(D75="K1",63000000,IF(D75="K2",67500000,IF(D75="K3",72000000))))) -> FALSE | Y75: =IF(W75<=X75,0,IF(W75>X75,W75-X75)) -> 0
A76: 69 | E76: =COUNT(F76:Q76)-COUNT(#REF!) -> 0 | R76: =SUM(F76:Q76) -> 0 | W76: =SUM(R76:V76) -> 0 | X76: =IF(D76="TK",54000000,IF(D76="K0",58500000,IF(D76="K1",63000000,IF(D76="K2",67500000,IF(D76="K3",72000000))))) -> FALSE | Y76: =IF(W76<=X76,0,IF(W76>X76,W76-X76)) -> 0
A77: 70 | E77: =COUNT(F77:Q77)-COUNT(#REF!) -> 0 | R77: =SUM(F77:Q77) -> 0 | W77: =SUM(R77:V77) -> 0 | X77: =IF(D77="TK",54000000,IF(D77="K0",58500000,IF(D77="K1",63000000,IF(D77="K2",67500000,IF(D77="K3",72000000))))) -> FALSE | Y77: =IF(W77<=X77,0,IF(W77>X77,W77-X77)) -> 0
A78: 71 | E78: =COUNT(F78:Q78)-COUNT(#REF!) -> 0 | R78: =SUM(F78:Q78) -> 0 | W78: =SUM(R78:V78) -> 0 | X78: =IF(D78="TK",54000000,IF(D78="K0",58500000,IF(D78="K1",63000000,IF(D78="K2",67500000,IF(D78="K3",72000000))))) -> FALSE | Y78: =IF(W78<=X78,0,IF(W78>X78,W78-X78)) -> 0
A79: 72 | E79: =COUNT(F79:Q79)-COUNT(#REF!) -> 0 | R79: =SUM(F79:Q79) -> 0 | W79: =SUM(R79:V79) -> 0 | X79: =IF(D79="TK",54000000,IF(D79="K0",58500000,IF(D79="K1",63000000,IF(D79="K2",67500000,IF(D79="K3",72000000))))) -> FALSE | Y79: =IF(W79<=X79,0,IF(W79>X79,W79-X79)) -> 0
A80: 73 | E80: =COUNT(F80:Q80)-COUNT(#REF!) -> 0 | R80: =SUM(F80:Q80) -> 0 | W80: =SUM(R80:V80) -> 0 | X80: =IF(D80="TK",54000000,IF(D80="K0",58500000,IF(D80="K1",63000000,IF(D80="K2",67500000,IF(D80="K3",72000000))))) -> FALSE | Y80: =IF(W80<=X80,0,IF(W80>X80,W80-X80)) -> 0
... A109: 102 | E109: =COUNT(F109:Q109)-COUNT(#REF!) -> 0 | R109: =SUM(F109:Q109) -> 0 | W109: =SUM(R109:V109) -> 0 | X109: =IF(D109="TK",54000000,IF(D109="K0",58500000,IF(D109="K1",63000000,IF(D109="K2",67500000,IF(D109="K3",72000000))))) -> FALSE | Y109: =IF(W109<=X109,0,IF(W109>X109,W109-X109)) -> 0
A110: GRAND TOTAL | E110: =SUM(E8:E109) -> 667 | F110: =SUM(F8:F109) -> 2.9259299e+08 | G110: =SUM(G8:G109) -> 2.5968719e+08 | H110: =SUM(H8:H109) -> 3.1695753e+08 | I110: =SUM(I8:I109) -> 2.8543058e+08 | J110: =SUM(J8:J109) -> 2.8389616e+08 | K110: =SUM(K8:K109) -> 3.1921057e+08 | L110: =SUM(L8:L109) -> 2.7993968e+08 | ... Y110: =SUM(Y8:Y109) -> 0
A116: 4 | B116: BENNY SAPUTRA | C116: L | D116: K/1 | E116: =COUNT(F116:Q116)-COUNT(#REF!) -> 6 | F116: 6328025.6 | G116: 4793363.6 | H116: 4655582.6 | I116: 5304488.6 | J116: 4951518.6 | K116: 6320755.6 | R116: =SUM(F116:P116) -> 32353734 | S116: 4063100 | T116: 200000 | W116: =SUM(R116:V116) -> 36616834 | X116: =IF(D116="TK",54000000,IF(D116="K0",58500000,IF(D116="K1",63000000,IF(D116="K2",67500000,IF(D116="K3",72000000))))) -> FALSE | Y116: =IF(W116<=X116,0,IF(W116>X116,W116-X116)) -> 0
A117: 49 | B117: RINDI PRIANTO | C117: L | D117: K/1 | E117: =COUNT(F117:Q117)-COUNT(#REF!) -> 8 | F117: 4598926.6 | G117: 4092609.6 | H117: 5583411.6 | I117: 4594279.6 | J117: 4544808.6 | K117: 5740171.6 | L117: 4519969.8 | M117: 4756173.8 | R117: =SUM(F117:Q117) -> 38430351 | S117: 4040100 | T117: 200000 | W117: =SUM(R117:V117) -> 42670451 | X117: =IF(D117="TK",54000000,IF(D117="K0",58500000,IF(D117="K1",63000000,IF(D117="K2",67500000,IF(D117="K3",72000000))))) -> FALSE | Y117: =IF(W117<=X117,0,IF(W117>X117,W117-X117)) -> 0
A118: 51 | B118: PUTRA ROMADHAN | C118: L | D118: K/2 | E118: =COUNT(F118:Q118)-COUNT(#REF!) -> 8 | F118: 4699414.6 | G118: 4152152.6 | H118: 5074339.6 | I118: 4655139.6 | J118: 4630456.6 | K118: 5534796.6 | L118: 4273061.6 | M118: 4106319.6 | R118: =SUM(F118:Q118) -> 37125680 | S118: 3369250 | T118: 116667 | W118: =SUM(R118:V118) -> 40611597 | X118: =IF(D118="TK",54000000,IF(D118="K0",58500000,IF(D118="K1",63000000,IF(D118="K2",67500000,IF(D118="K3",72000000))))) -> FALSE | Y118: =IF(W118<=X118,0,IF(W118>X118,W118-X118)) -> 0

Sheet SETAHUN
A1: PT.REBINMAS JAYA
A2: PERHITUNGAN PPH 21 TAHUN 2025
A4: No | B4: Name | C4: L/P | D4: Stat | E4: BL | F4: PENGHASILAN SETAHUN | N4: Total | O4: POTONGAN
F5: Gaji Kotor Setahun | G5: T H R | H5: Astek Ins | I5: BPJS KESEHATAN | J5: EX-GRATIA | K5: MEDICAL CLAIM | L5: PENGHASILAN LAIN-LAIN | M5: Penghasilan | N5: Astek Ins | O5: Iuran Pensiun | P5: Bi.Jabatan | Q5: Total | R5: Penghasilan | S5: PTKP | T5: Kena
H6: 0.0084 | M6: Setahun | N6: 2% from Inc | O6: 0.01 | P6: 5%per year | Q6: Astek & B. Jabatan | R6: Disetahunkan | T6: Pajak
A7: PG.IIB
A8: 1 | B8: =+PERBULAN!B8 -> SUDARMONO | C8: =+PERBULAN!C8 -> L | D8: =+PERBULAN!D8 -> K/2 | E8: =+PERBULAN!E8 -> 11 | F8: =+PERBULAN!R8 -> 75847821 | G8: =+PERBULAN!S8 -> 4093600 | H8: =+BPJS!O129 -> 360465.84 | I8: =+BPJS!O8 -> 1728624 | J8: =+PERBULAN!T8 -> 200000 | L8: ='[4]BULANAN PTKP BARU'!V8 -> #REF! | M8: =F8+G8+I8+J8+K8+H8 -> 82230511 | N8: =+'ASTEK-DIISI SMPAI DES'!O8 -> 936864 | O8: =+'ASTEK-DIISI SMPAI DES'!O123 -> 468432 | P8: =M8*5% -> 4111525.6 | Q8: =N8+P8+O8 -> 5516821.6 | R8: =M8-Q8 -> 76713689 | S8: =IF(D8="TK/0",54000000,IF(D8="K/0",58500000,IF(D8="K/1",63000000,IF(D8="K/2",67500000,IF(D8="K/3",72000000))))) -> 67500000 | T8: =IF(R8<=S8,0,IF(R8>S8,R8-S8)) -> 9213689.5 | U8: =F8-H8-I8 -> 73758731 | V8: =H8+I8 -> 2089089.8
A9: 2 | B9: =+PERBULAN!B9 -> ARDIYANSA | C9: =+PERBULAN!C9 -> L | D9: =+PERBULAN!D9 -> TK/0 | E9: =+PERBULAN!E9 -> 11 | F9: =+PERBULAN!R9 -> 75979262 | G9: =+PERBULAN!S9 -> 3974100 | H9: =+BPJS!O130 -> 359558.64 | I9: =+BPJS!O9 -> 1719384 | J9: =+PERBULAN!T9 -> 900000 | L9: ='[4]BULANAN PTKP BARU'!V9 -> #REF! | M9: =F9+G9+I9+J9+K9+H9 -> 82932305 | N9: =+'ASTEK-DIISI SMPAI DES'!O9 -> 934284 | O9: =+'ASTEK-DIISI SMPAI DES'!O124 -> 467142 | P9: =M9*5% -> 4146615.2 | Q9: =N9+P9+O9 -> 5548041.2 | R9: =M9-Q9 -> 77384264 | S9: =IF(D9="TK/0",54000000,IF(D9="K/0",58500000,IF(D9="K/1",63000000,IF(D9="K/2",67500000,IF(D9="K/3",72000000))))) -> 54000000 | T9: =IF(R9<=S9,0,IF(R9>S9,R9-S9)) -> 23384264 | U9: =F9-H9-I9 -> 73900320 | V9: =H9+I9 -> 2078942.6
A10: 3 | B10: =+PERBULAN!B10 -> INDRA JAYA | C10: =+PERBULAN!C10 -> L | D10: =+PERBULAN!D10 -> K/1 | E10: =+PERBULAN!E10 -> 11 | F10: =+PERBULAN!R10 -> 52357598 | G10: =+PERBULAN!S10 -> 4063100 | H10: =+BPJS!O131 -> 360318.84 | I10: =+BPJS!O10 -> 1727224 | J10: =+PERBULAN!T10 -> 200000 | L10: ='[4]BULANAN PTKP BARU'!V10 -> #REF! | M10: =F10+G10+I10+J10+K10+H10 -> 58708241 | N10: =+'ASTEK-DIISI SMPAI DES'!O10 -> 936444 | O10: =+'ASTEK-DIISI SMPAI DES'!O125 -> 468222 | P10: =M10*5% -> 2935412.1 | Q10: =N10+P10+O10 -> 4340078.1 | R10: =M10-Q10 -> 54368163 | S10: =IF(D10="TK/0",54000000,IF(D10="K/0",58500000,IF(D10="K/1",63000000,IF(D10="K/2",67500000,IF(D10="K/3",72000000))))) -> 63000000 | T10: =IF(R10<=S10,0,IF(R10>S10,R10-S10)) -> 0 | U10: =F10-H10-I10 -> 50270055 | V10: =H10+I10 -> 2087542.8
A11: 4 | B11: =+PERBULAN!B11 -> USPANDI | C11: =+PERBULAN!C11 -> L | D11: =+PERBULAN!D11 -> K/2 | E11: =+PERBULAN!E11 -> 11 | F11: =+PERBULAN!R11 -> 72250749 | G11: =+PERBULAN!S11 -> 4128600 | H11: =+BPJS!O132 -> 361788.84 | I11: =+BPJS!O11 -> 1742344 | J11: =+PERBULAN!T11 -> 900000 | L11: ='[4]BULANAN PTKP BARU'!V12 -> #REF! | M11: =F11+G11+I11+J11+K11+H11 -> 79383482 | N11: =+'ASTEK-DIISI SMPAI DES'!O11 -> 940644 | O11: =+'ASTEK-DIISI SMPAI DES'!O126 -> 470322 | P11: =M11*5% -> 3969174.1 | Q11: =N11+P11+O11 -> 5380140.1 | R11: =M11-Q11 -> 74003342 | S11: =IF(D11="TK/0",54000000,IF(D11="K/0",58500000,IF(D11="K/1",63000000,IF(D11="K/2",67500000,IF(D11="K/3",72000000))))) -> 67500000 | T11: =IF(R11<=S11,0,IF(R11>S11,R11-S11)) -> 6503341.9 | U11: =F11-H11-I11 -> 70146616 | V11: =H11+I11 -> 2104132.8
A12: 5 | B12: =+PERBULAN!B12 -> NOVI SUHAIDI | C12: =+PERBULAN!C12 -> L | D12: =+PERBULAN!D12 -> K/2 | E12: =+PERBULAN!E12 -> 11 | F12: =+PERBULAN!R12 -> 71210785 | G12: =+PERBULAN!S12 -> 4090100 | H12: =+BPJS!O133 -> 360230.64 | I12: =+BPJS!O12 -> 1726384 | J12: =+PERBULAN!T12 -> 600000 | L12: ='[4]BULANAN PTKP BARU'!V13 -> #REF! | M12: =F12+G12+I12+J12+K12+H12 -> 77987500 | N12: =+'ASTEK-DIISI SMPAI DES'!O12 -> 936234 | O12: =+'ASTEK-DIISI SMPAI DES'!O127 -> 468117 | P12: =M12*5% -> 3899375 | Q12: =N12+P12+O12 -> 5303726 | R12: =M12-Q12 -> 72683774 | S12: =IF(D12="TK/0",54000000,IF(D12="K/0",58500000,IF(D12="K/1",63000000,IF(D12="K/2",67500000,IF(D12="K/3",72000000))))) -> 67500000 | T12: =IF(R12<=S12,0,IF(R12>S12,R12-S12)) -> 5183774 | U12: =F12-H12-I12 -> 69124171 | V12: =H12+I12 -> 2086614.6
A13: 6 | B13: =+PERBULAN!B13 -> ROSLI | C13: =+PERBULAN!C13 -> L | D13: =+PERBULAN!D13 -> K/2 | E13: =+PERBULAN!E13 -> 11 | F13: =+PERBULAN!R13 -> 47672565 | G13: =+PERBULAN!S13 -> 4093600 | H13: =+BPJS!O134 -> 360465.84 | I13: =+BPJS!O13 -> 1728764 | J13: =+PERBULAN!T13 -> 600000 | L13: ='[4]BULANAN PTKP BARU'!V14 -> #REF! | M13: =F13+G13+I13+J13+K13+H13 -> 54455395 | N13: =+'ASTEK-DIISI SMPAI DES'!O13 -> 936864 | O13: =+'ASTEK-DIISI SMPAI DES'!O128 -> 468432 | P13: =M13*5% -> 2722769.8 | Q13: =N13+P13+O13 -> 4128065.8 | R13: =M13-Q13 -> 50327329 | S13: =IF(D13="TK/0",54000000,IF(D13="K/0",58500000,IF(D13="K/1",63000000,IF(D13="K/2",67500000,IF(D13="K/3",72000000))))) -> 67500000 | T13: =IF(R13<=S13,0,IF(R13>S13,R13-S13)) -> 0 | U13: =F13-H13-I13 -> 45583335 | V13: =H13+I13 -> 2089229.8
A14: 7 | B14: =+PERBULAN!B14 -> AMRIL | C14: =+PERBULAN!C14 -> L | D14: =+PERBULAN!D14 -> K/1 | E14: =+PERBULAN!E14 -> 11 | F14: =+PERBULAN!R14 -> 83850031 | G14: =+PERBULAN!S14 -> 4063100 | H14: =+BPJS!O135 -> 360318.84 | I14: =+BPJS!O14 -> 1727224 | J14: =+PERBULAN!T14 -> 900000 | L14: ='[4]BULANAN PTKP BARU'!V15 -> #REF! | M14: =F14+G14+I14+J14+K14+H14 -> 90900674 | N14: =+'ASTEK-DIISI SMPAI DES'!O14 -> 936444 | O14: =+'ASTEK-DIISI SMPAI DES'!O129 -> 468222 | P14: =M14*5% -> 4545033.7 | Q14: =N14+P14+O14 -> 5949699.7 | R14: =M14-Q14 -> 84950974 | S14: =IF(D14="TK/0",54000000,IF(D14="K/0",58500000,IF(D14="K/1",63000000,IF(D14="K/2",67500000,IF(D14="K/3",72000000))))) -> 63000000 | T14: =IF(R14<=S14,0,IF(R14>S14,R14-S14)) -> 21950974 | U14: =F14-H14-I14 -> 81762488 | V14: =H14+I14 -> 2087542.8
A15: 8 | B15: =+PERBULAN!B15 -> KARMILA | C15: =+PERBULAN!C15 -> P | D15: =+PERBULAN!D15 -> TK/0 | E15: =+PERBULAN!E15 -> 11 | F15: =+PERBULAN!R15 -> 44452479 | G15: =+PERBULAN!S15 -> 3991100 | H15: =+BPJS!O136 -> 360318.84 | I15: =+BPJS!O15 -> 1727364 | J15: =+PERBULAN!T15 -> 900000 | L15: ='[4]BULANAN PTKP BARU'!V16 -> #REF! | M15: =F15+G15+I15+J15+K15+H15 -> 51431262 | N15: =+'ASTEK-DIISI SMPAI DES'!O15 -> 936444 | O15: =+'ASTEK-DIISI SMPAI DES'!O130 -> 468222 | P15: =M15*5% -> 2571563.1 | Q15: =N15+P15+O15 -> 3976229.1 | R15: =M15-Q15 -> 47455033 | S15: =IF(D15="TK/0",54000000,IF(D15="K/0",58500000,IF(D15="K/1",63000000,IF(D15="K/2",67500000,IF(D15="K/3",72000000))))) -> 54000000 | T15: =IF(R15<=S15,0,IF(R15>S15,R15-S15)) -> 0 | U15: =F15-H15-I15 -> 42364796 | V15: =H15+I15 -> 2087682.8
A16: 9 | B16: =+PERBULAN!B16 -> MARTUTI | C16: =+PERBULAN!C16 -> P | D16: =+PERBULAN!D16 -> TK/0 | E16: =+PERBULAN!E16 -> 11 | F16: =+PERBULAN!R16 -> 44469979 | G16: =+PERBULAN!S16 -> 3994600 | H16: =+BPJS!O137 -> 360348.24 | I16: =+BPJS!O16 -> 1728064 | J16: =+PERBULAN!T16 -> 900000 | L16: ='[4]BULANAN PTKP BARU'!V17 -> #REF! | M16: =F16+G16+I16+J16+K16+H16 -> 51452991 | N16: =+'ASTEK-DIISI SMPAI DES'!O16 -> 936584 | O16: =+'ASTEK-DIISI SMPAI DES'!O131 -> 468292 | P16: =M16*5% -> 2572649.6 | Q16: =N16+P16+O16 -> 3977525.6 | R16: =M16-Q16 -> 47475465 | S16: =IF(D16="TK/0",54000000,IF(D16="K/0",58500000,IF(D16="K/1",63000000,IF(D16="K/2",67500000,IF(D16="K/3",72000000))))) -> 54000000 | T16: =IF(R16<=S16,0,IF(R16>S16,R16-S16)) -> 0 | U16: =F16-H16-I16 -> 42381567 | V16: =H16+I16 -> 2088412.2
A17: 10 | B17: =+PERBULAN!B17 -> HARNIAWATI | C17: =+PERBULAN!C17 -> P | D17: =+PERBULAN!D17 -> TK/0 | E17: =+PERBULAN!E17 -> 11 | F17: =+PERBULAN!R17 -> 44469979 | G17: =+PERBULAN!S17 -> 3994600 | H17: =+BPJS!O138 -> 360348.24 | I17: =+BPJS!O17 -> 1728064 | J17: =+PERBULAN!T17 -> 900000 | L17: ='[4]BULANAN PTKP BARU'!V18 -> #REF! | M17: =F17+G17+I17+J17+K17+H17 -> 51452991 | N17: =+'ASTEK-DIISI SMPAI DES'!O17 -> 936584 | O17: =+'ASTEK-DIISI SMPAI DES'!O132 -> 468292 | P17: =M17*5% -> 2572649.6 | Q17: =N17+P17+O17 -> 3977525.6 | R17: =M17-Q17 -> 47475465 | S17: =IF(D17="TK/0",54000000,IF(D17="K/0",58500000,IF(D17="K/1",63000000,IF(D17="K/2",67500000,IF(D17="K/3",72000000))))) -> 54000000 | T17: =IF(R17<=S17,0,IF(R17>S17,R17-S17)) -> 0 | U17: =F17-H17-I17 -> 42381567 | V17: =H17+I17 -> 2088412.2
A18: 11 | B18: =+PERBULAN!B18 -> MARYATI | C18: =+PERBULAN!C18 -> P | D18: =+PERBULAN!D18 -> TK/0 | E18: =+PERBULAN!E18 -> 11 | F18: =+PERBULAN!R18 -> 44352507 | G18: =+PERBULAN!S18 -> 3994600 | H18: =+BPJS!O139 -> 360465.84 | I18: =+BPJS!O18 -> 1728624 | J18: =+PERBULAN!T18 -> 900000 | L18: ='[4]BULANAN PTKP BARU'!V19 -> #REF! | M18: =F18+G18+I18+J18+K18+H18 -> 51336197 | N18: =+'ASTEK-DIISI SMPAI DES'!O18 -> 936864 | O18: =+'ASTEK-DIISI SMPAI DES'!O133 -> 468432 | P18: =M18*5% -> 2566809.9 | Q18: =N18+P18+O18 -> 3972105.9 | R18: =M18-Q18 -> 47364091 | S18: =IF(D18="TK/0",54000000,IF(D18="K/0",58500000,IF(D18="K/1",63000000,IF(D18="K/2",67500000,IF(D18="K/3",72000000))))) -> 54000000 | T18: =IF(R18<=S18,0,IF(R18>S18,R18-S18)) -> 0 | U18: =F18-H18-I18 -> 42263417 | V18: =H18+I18 -> 2089089.8
A19: 12 | B19: =+PERBULAN!B19 -> KOPRIATI | C19: =+PERBULAN!C19 -> P | D19: =+PERBULAN!D19 -> TK/0 | E19: =+PERBULAN!E19 -> 11 | F19: =+PERBULAN!R19 -> 44432569 | G19: =+PERBULAN!S19 -> 4029600 | H19: =+BPJS!O140 -> 361788.84 | I19: =+BPJS!O19 -> 1742344 | J19: =+PERBULAN!T19 -> 200000 | L19: ='[4]BULANAN PTKP BARU'!V20 -> #REF! | M19: =F19+G19+I19+J19+K19+H19 -> 50766302 | N19: =+'ASTEK-DIISI SMPAI DES'!O19 -> 940644 | O19: =+'ASTEK-DIISI SMPAI DES'!O134 -> 470322 | P19: =M19*5% -> 2538315.1 | Q19: =N19+P19+O19 -> 3949281.1 | R19: =M19-Q19 -> 46817021 | S19: =IF(D19="TK/0",54000000,IF(D19="K/0",58500000,IF(D19="K/1",63000000,IF(D19="K/2",67500000,IF(D19="K/3",72000000))))) -> 54000000 | T19: =IF(R19<=S19,0,IF(R19>S19,R19-S19)) -> 0 | U19: =F19-H19-I19 -> 42328436 | V19: =H19+I19 -> 2104132.8
A20: 13 | B20: =+PERBULAN!B20 -> ASNIATI | C20: =+PERBULAN!C20 -> P | D20: =+PERBULAN!D20 -> TK/0 | E20: =+PERBULAN!E20 -> 11 | F20: =+PERBULAN!R20 -> 44448979 | G20: =+PERBULAN!S20 -> 3991100 | H20: =+BPJS!O141 -> 360318.84 | I20: =+BPJS!O20 -> 1727224 | J20: =+PERBULAN!T20 -> 600000 | L20: ='[4]BULANAN PTKP BARU'!V21 -> #REF! | M20: =F20+G20+I20+J20+K20+H20 -> 51127622 | N20: =+'ASTEK-DIISI SMPAI DES'!O20 -> 936444 | O20: =+'ASTEK-DIISI SMPAI DES'!O135 -> 468222 | P20: =M20*5% -> 2556381.1 | Q20: =N20+P20+O20 -> 3961047.1 | R20: =M20-Q20 -> 47166575 | S20: =IF(D20="TK/0",54000000,IF(D20="K/0",58500000,IF(D20="K/1",63000000,IF(D20="K/2",67500000,IF(D20="K/3",72000000))))) -> 54000000 | T20: =IF(R20<=S20,0,IF(R20>S20,R20-S20)) -> 0 | U20: =F20-H20-I20 -> 42361436 | V20: =H20+I20 -> 2087542.8
A21: 14 | B21: =+PERBULAN!B21 -> ANDIWATI | C21: =+PERBULAN!C21 -> P | D21: =+PERBULAN!D21 -> TK/0 | E21: =+PERBULAN!E21 -> 11 | F21: =+PERBULAN!R21 -> 44438478 | G21: =+PERBULAN!S21 -> 3991100 | H21: =+BPJS!O142 -> 360260.04 | I21: =+BPJS!O21 -> 1726804 | J21: =+PERBULAN!T21 -> 600000 | L21: ='[4]BULANAN PTKP BARU'!V22 -> #REF! | M21: =F21+G21+I21+J21+K21+H21 -> 51116642 | N21: =+'ASTEK-DIISI SMPAI DES'!O21 -> 936304 | O21: =+'ASTEK-DIISI SMPAI DES'!O136 -> 468152 | P21: =M21*5% -> 2555832.1 | Q21: =N21+P21+O21 -> 3960288.1 | R21: =M21-Q21 -> 47156354 | S21: =IF(D21="TK/0",54000000,IF(D21="K/0",58500000,IF(D21="K/1",63000000,IF(D21="K/2",67500000,IF(D21="K/3",72000000))))) -> 54000000 | T21: =IF(R21<=S21,0,IF(R21>S21,R21-S21)) -> 0 | U21: =F21-H21-I21 -> 42351414 | V21: =H21+I21 -> 2087064
A22: 15 | B22: =+PERBULAN!B22 -> MARYANA.So | C22: =+PERBULAN!C22 -> P | D22: =+PERBULAN!D22 -> TK/0 | E22: =+PERBULAN!E22 -> 11 | F22: =+PERBULAN!R22 -> 44317509 | G22: =+PERBULAN!S22 -> 3991100 | H22: =+BPJS!O143 -> 360318.84 | I22: =+BPJS!O22 -> 1727224 | J22: =+PERBULAN!T22 -> 900000 | L22: ='[4]BULANAN PTKP BARU'!V23 -> #REF! | M22: =F22+G22+I22+J22+K22+H22 -> 51296152 | N22: =+'ASTEK-DIISI SMPAI DES'!O22 -> 936444 | O22: =+'ASTEK-DIISI SMPAI DES'!O137 -> 468222 | P22: =M22*5% -> 2564807.6 | Q22: =N22+P22+O22 -> 3969473.6 | R22: =M22-Q22 -> 47326678 | S22: =IF(D22="TK/0",54000000,IF(D22="K/0",58500000,IF(D22="K/1",63000000,IF(D22="K/2",67500000,IF(D22="K/3",72000000))))) -> 54000000 | T22: =IF(R22<=S22,0,IF(R22>S22,R22-S22)) -> 0 | U22: =F22-H22-I22 -> 42229966 | V22: =H22+I22 -> 2087542.8
... A53: 46 | B53: =+PERBULAN!B53 -> ROSMANSYAH | C53: =+PERBULAN!C53 -> L | D53: =+PERBULAN!D53 -> TK/0 | E53: =+PERBULAN!E53 -> 11 | F53: =+PERBULAN!R53 -> 54218944 | G53: =+PERBULAN!S53 -> 3965100 | H53: =+BPJS!O174 -> 359079.84 | I53: =+BPJS!O53 -> 1714944 | J53: =+PERBULAN!T53 -> 600000 | L53: ='[4]BULANAN PTKP BARU'!V54 -> #REF! | M53: =F53+G53+I53+J53+K53+H53 -> 60858068 | N53: =+'ASTEK-DIISI SMPAI DES'!O53 -> 932904 | O53: =+'ASTEK-DIISI SMPAI DES'!O168 -> 466452 | P53: =M53*5% -> 3042903.4 | Q53: =N53+P53+O53 -> 4442259.4 | R53: =M53-Q53 -> 56415809 | S53: =IF(D53="TK/0",54000000,IF(D53="K/0",58500000,IF(D53="K/1",63000000,IF(D53="K/2",67500000,IF(D53="K/3",72000000))))) -> 54000000 | T53: =IF(R53<=S53,0,IF(R53>S53,R53-S53)) -> 2415808.6 | U53: =F53-H53-I53 -> 52144920 | V53: =H53+I53 -> 2074023.8
A54: 47 | B54: =+PERBULAN!B54 -> KAMALUDIN | C54: =+PERBULAN!C54 -> L | D54: =+PERBULAN!D54 -> K/1 | E54: =+PERBULAN!E54 -> 11 | F54: =+PERBULAN!R54 -> 50975040 | G54: =+PERBULAN!S54 -> 4037100 | H54: =+BPJS!O175 -> 359079.84 | I54: =+BPJS!O54 -> 1714704 | J54: =+PERBULAN!T54 -> 200000 | L54: ='[4]BULANAN PTKP BARU'!V56 -> #REF! | M54: =F54+G54+I54+J54+K54+H54 -> 57285924 | N54: =+'ASTEK-DIISI SMPAI DES'!O54 -> 932904 | O54: =+'ASTEK-DIISI SMPAI DES'!O169 -> 466452 | P54: =M54*5% -> 2864296.2 | Q54: =N54+P54+O54 -> 4263652.2 | R54: =M54-Q54 -> 53022272 | S54: =IF(D54="TK/0",54000000,IF(D54="K/0",58500000,IF(D54="K/1",63000000,IF(D54="K/2",67500000,IF(D54="K/3",72000000))))) -> 63000000 | T54: =IF(R54<=S54,0,IF(R54>S54,R54-S54)) -> 0 | U54: =F54-H54-I54 -> 48901256 | V54: =H54+I54 -> 2073783.8
A55: 48 | B55: =+PERBULAN!B55 -> AZRI DONA | C55: =+PERBULAN!C55 -> L | D55: =+PERBULAN!D55 -> K/2 | E55: =+PERBULAN!E55 -> 11 | F55: =+PERBULAN!R55 -> 53722961 | G55: =+PERBULAN!S55 -> 4067100 | H55: =+BPJS!O176 -> 359306.64 | I55: =+BPJS!O55 -> 1716744 | J55: =+PERBULAN!T55 -> 200000 | L55: ='[4]BULANAN PTKP BARU'!V57 -> #REF! | M55: =F55+G55+I55+J55+K55+H55 -> 60066112 | N55: =+'ASTEK-DIISI SMPAI DES'!O55 -> 933564 | O55: =+'ASTEK-DIISI SMPAI DES'!O170 -> 466782 | P55: =M55*5% -> 3003305.6 | Q55: =N55+P55+O55 -> 4403651.6 | R55: =M55-Q55 -> 55662460 | S55: =IF(D55="TK/0",54000000,IF(D55="K/0",58500000,IF(D55="K/1",63000000,IF(D55="K/2",67500000,IF(D55="K/3",72000000))))) -> 67500000 | T55: =IF(R55<=S55,0,IF(R55>S55,R55-S55)) -> 0 | U55: =F55-H55-I55 -> 51646911 | V55: =H55+I55 -> 2076050.6
A56: 49 | B56: =+PERBULAN!B56 -> HALIK | C56: =+PERBULAN!C56 -> L | D56: =+PERBULAN!D56 -> K/2 | E56: =+PERBULAN!E56 -> 11 | F56: =+PERBULAN!R56 -> 56463777 | G56: =+PERBULAN!S56 -> 4045600 | H56: =+BPJS!O177 -> 358407.84 | I56: =+BPJS!O56 -> 1707404 | J56: =+PERBULAN!T56 -> 200000 | L56: ='[4]BULANAN PTKP BARU'!V59 -> #REF! | M56: =F56+G56+I56+J56+K56+H56 -> 62775189 | N56: =+'ASTEK-DIISI SMPAI DES'!O56 -> 930984 | O56: =+'ASTEK-DIISI SMPAI DES'!O171 -> 465492 | P56: =M56*5% -> 3138759.5 | Q56: =N56+P56+O56 -> 4535235.5 | R56: =M56-Q56 -> 58239954 | S56: =IF(D56="TK/0",54000000,IF(D56="K/0",58500000,IF(D56="K/1",63000000,IF(D56="K/2",67500000,IF(D56="K/3",72000000))))) -> 67500000 | T56: =IF(R56<=S56,0,IF(R56>S56,R56-S56)) -> 0 | U56: =F56-H56-I56 -> 54397965 | V56: =H56+I56 -> 2065811.8
A57: 50 | B57: =+PERBULAN!B57 -> KARTONO | C57: =+PERBULAN!C57 -> L | D57: =+PERBULAN!D57 -> K/1 | E57: =+PERBULAN!E57 -> 11 | F57: =+PERBULAN!R57 -> 52790008 | G57: =+PERBULAN!S57 -> 2668400 | H57: =+BPJS!O178 -> 358302.84 | I57: =+BPJS!O57 -> 1706204 | J57: =+PERBULAN!T57 -> 250000 | L57: ='[4]BULANAN PTKP BARU'!V61 -> #REF! | M57: =F57+G57+I57+J57+K57+H57 -> 57772915 | N57: =+'ASTEK-DIISI SMPAI DES'!O57 -> 930684 | O57: =+'ASTEK-DIISI SMPAI DES'!O172 -> 465342 | P57: =M57*5% -> 2888645.8 | Q57: =N57+P57+O57 -> 4284671.8 | R57: =M57-Q57 -> 53488243 | S57: =IF(D57="TK/0",54000000,IF(D57="K/0",58500000,IF(D57="K/1",63000000,IF(D57="K/2",67500000,IF(D57="K/3",72000000))))) -> 63000000 | T57: =IF(R57<=S57,0,IF(R57>S57,R57-S57)) -> 0 | U57: =F57-H57-I57 -> 50725501 | V57: =H57+I57 -> 2064506.8
A58: 51 | B58: =+PERBULAN!B58 -> LALU MANAR HADI | C58: =+PERBULAN!C58 -> L | D58: =+PERBULAN!D58 -> K/0 | E58: =+PERBULAN!E58 -> 11 | F58: =+PERBULAN!R58 -> 66599682 | G58: =+PERBULAN!S58 -> 1993800 | H58: =+BPJS!O179 -> 358260.84 | I58: =+BPJS!O58 -> 1706004 | J58: =+PERBULAN!T58 -> 50000 | L58: ='[4]BULANAN PTKP BARU'!V62 -> #REF! | M58: =F58+G58+I58+J58+K58+H58 -> 70707747 | N58: =+'ASTEK-DIISI SMPAI DES'!O58 -> 930584 | O58: =+'ASTEK-DIISI SMPAI DES'!O173 -> 465292 | P58: =M58*5% -> 3535387.4 | Q58: =N58+P58+O58 -> 4931263.4 | R58: =M58-Q58 -> 65776484 | S58: =IF(D58="TK/0",54000000,IF(D58="K/0",58500000,IF(D58="K/1",63000000,IF(D58="K/2",67500000,IF(D58="K/3",72000000))))) -> 58500000 | T58: =IF(R58<=S58,0,IF(R58>S58,R58-S58)) -> 7276483.7 | U58: =F58-H58-I58 -> 64535417 | V58: =H58+I58 -> 2064264.8
A59: 52 | B59: =+PERBULAN!B59 -> ANHAR | C59: =+PERBULAN!C59 -> L | D59: =+PERBULAN!D59 -> K/2 | E59: =+PERBULAN!E59 -> 11 | F59: =+PERBULAN!R59 -> 55915168 | G59: =+PERBULAN!S59 -> 1010775 | H59: =+BPJS!O180 -> 358197.84 | I59: =+BPJS!O59 -> 1705704 | J59: =+PERBULAN!T59 -> 0 | L59: ='[4]BULANAN PTKP BARU'!V63 -> #REF! | M59: =F59+G59+I59+J59+K59+H59 -> 58989845 | N59: =+'ASTEK-DIISI SMPAI DES'!O59 -> 930434 | O59: =+'ASTEK-DIISI SMPAI DES'!O174 -> 465217 | P59: =M59*5% -> 2949492.3 | Q59: =N59+P59+O59 -> 4345143.2 | R59: =M59-Q59 -> 54644702 | S59: =IF(D59="TK/0",54000000,IF(D59="K/0",58500000,IF(D59="K/1",63000000,IF(D59="K/2",67500000,IF(D59="K/3",72000000))))) -> 67500000 | T59: =IF(R59<=S59,0,IF(R59>S59,R59-S59)) -> 0 | U59: =F59-H59-I59 -> 53851266 | V59: =H59+I59 -> 2063901.8
A60: 53 | B60: =+PERBULAN!B60 -> IRPAN SAMSUDIN | C60: =+PERBULAN!C60 -> L | D60: =+PERBULAN!D60 -> TK/0 | E60: =+PERBULAN!E60 -> 7 | F60: =+PERBULAN!R60 -> 29229930 | G60: =+PERBULAN!S60 -> 996900 | H60: =+BPJS!O181 -> 227944.08 | I60: =+BPJS!O60 -> 1085448 | J60: =+PERBULAN!T60 -> 0 | L60: ='[4]BULANAN PTKP BARU'!V64 -> #REF! | M60: =F60+G60+I60+J60+K60+H60 -> 31540222 | N60: =+'ASTEK-DIISI SMPAI DES'!O60 -> 542724 | O60: =+'ASTEK-DIISI SMPAI DES'!O175 -> 271362 | P60: =M60*5% -> 1577011.1 | Q60: =N60+P60+O60 -> 2391097.1 | R60: =M60-Q60 -> 29149125 | S60: =IF(D60="TK/0",54000000,IF(D60="K/0",58500000,IF(D60="K/1",63000000,IF(D60="K/2",67500000,IF(D60="K/3",72000000))))) -> 54000000 | T60: =IF(R60<=S60,0,IF(R60>S60,R60-S60)) -> 0 | U60: =F60-H60-I60 -> 27916538 | V60: =H60+I60 -> 1313392.1
A61: 54 | B61: =+PERBULAN!B61 -> ADI . JP | C61: =+PERBULAN!C61 -> L | D61: =+PERBULAN!D61 -> K/2 | E61: =+PERBULAN!E61 -> 11 | F61: =+PERBULAN!R61 -> 46489026 | G61: =+PERBULAN!S61 -> 4090100 | H61: =+BPJS!O182 -> 360486.84 | I61: =+BPJS!O61 -> 1728164 | J61: =+PERBULAN!T61 -> 600000 | L61: ='[4]BULANAN PTKP BARU'!V65 -> #REF! | M61: =F61+G61+I61+J61+K61+H61 -> 53267777 | N61: =+'ASTEK-DIISI SMPAI DES'!O61 -> 936924 | O61: =+'ASTEK-DIISI SMPAI DES'!O176 -> 468462 | P61: =M61*5% -> 2663388.8 | Q61: =N61+P61+O61 -> 4068774.8 | R61: =M61-Q61 -> 49199002 | S61: =IF(D61="TK/0",54000000,IF(D61="K/0",58500000,IF(D61="K/1",63000000,IF(D61="K/2",67500000,IF(D61="K/3",72000000))))) -> 67500000 | T61: =IF(R61<=S61,0,IF(R61>S61,R61-S61)) -> 0 | U61: =F61-H61-I61 -> 44400375 | V61: =H61+I61 -> 2088650.8
A62: 55 | B62: =+PERBULAN!B62 -> RUDI | C62: =+PERBULAN!C62 -> L | D62: =+PERBULAN!D62 -> K/2 | E62: =+PERBULAN!E62 -> 11 | F62: =+PERBULAN!R62 -> 50841726 | G62: =+PERBULAN!S62 -> 4067100 | H62: =+BPJS!O183 -> 359331.84 | I62: =+BPJS!O62 -> 1717224 | J62: =+PERBULAN!T62 -> 200000 | L62: ='[4]BULANAN PTKP BARU'!V66 -> #REF! | M62: =F62+G62+I62+J62+K62+H62 -> 57185382 | N62: =+'ASTEK-DIISI SMPAI DES'!O62 -> 933624 | O62: =+'ASTEK-DIISI SMPAI DES'!O177 -> 466812 | P62: =M62*5% -> 2859269.1 | Q62: =N62+P62+O62 -> 4259705.1 | R62: =M62-Q62 -> 52925677 | S62: =IF(D62="TK/0",54000000,IF(D62="K/0",58500000,IF(D62="K/1",63000000,IF(D62="K/2",67500000,IF(D62="K/3",72000000))))) -> 67500000 | T62: =IF(R62<=S62,0,IF(R62>S62,R62-S62)) -> 0 | U62: =F62-H62-I62 -> 48765170 | V62: =H62+I62 -> 2076555.8
A63: 56 | B63: =+PERBULAN!B63 -> SUDIANTO | C63: =+PERBULAN!C63 -> L | D63: =+PERBULAN!D63 -> TK/0 | E63: =+PERBULAN!E63 -> 11 | F63: =+PERBULAN!R63 -> 49188436 | G63: =+PERBULAN!S63 -> 3968100 | H63: =+BPJS!O184 -> 359331.84 | I63: =+BPJS!O63 -> 1717224 | J63: =+PERBULAN!T63 -> 600000 | L63: ='[4]BULANAN PTKP BARU'!V67 -> #REF! | M63: =F63+G63+I63+J63+K63+H63 -> 55833092 | N63: =+'ASTEK-DIISI SMPAI DES'!O63 -> 933624 | O63: =+'ASTEK-DIISI SMPAI DES'!O178 -> 466812 | P63: =M63*5% -> 2791654.6 | Q63: =N63+P63+O63 -> 4192090.6 | R63: =M63-Q63 -> 51641001 | S63: =IF(D63="TK/0",54000000,IF(D63="K/0",58500000,IF(D63="K/1",63000000,IF(D63="K/2",67500000,IF(D63="K/3",72000000))))) -> 54000000 | T63: =IF(R63<=S63,0,IF(R63>S63,R63-S63)) -> 0 | U63: =F63-H63-I63 -> 47111880 | V63: =H63+I63 -> 2076555.8
A64: 57 | B64: =+PERBULAN!B64 -> SALEH | C64: =+PERBULAN!C64 -> L | D64: =+PERBULAN!D64 -> K/0 | E64: =+PERBULAN!E64 -> 11 | F64: =+PERBULAN!R64 -> 49862626 | G64: =+PERBULAN!S64 -> 4011600 | H64: =+BPJS!O185 -> 359331.84 | I64: =+BPJS!O64 -> 1717224 | J64: =+PERBULAN!T64 -> 600000 | L64: ='[4]BULANAN PTKP BARU'!V68 -> #REF! | M64: =F64+G64+I64+J64+K64+H64 -> 56550782 | N64: =+'ASTEK-DIISI SMPAI DES'!O64 -> 933624 | O64: =+'ASTEK-DIISI SMPAI DES'!O179 -> 466812 | P64: =M64*5% -> 2827539.1 | Q64: =N64+P64+O64 -> 4227975.1 | R64: =M64-Q64 -> 52322807 | S64: =IF(D64="TK/0",54000000,IF(D64="K/0",58500000,IF(D64="K/1",63000000,IF(D64="K/2",67500000,IF(D64="K/3",72000000))))) -> 58500000 | T64: =IF(R64<=S64,0,IF(R64>S64,R64-S64)) -> 0 | U64: =F64-H64-I64 -> 47786070 | V64: =H64+I64 -> 2076555.8
A65: 58 | B65: =+PERBULAN!B65 -> ANDRIANSYAH | C65: =+PERBULAN!C65 -> L | D65: =+PERBULAN!D65 -> K/2 | E65: =+PERBULAN!E65 -> 11 | F65: =+PERBULAN!R65 -> 50895376 | G65: =+PERBULAN!S65 -> 4067100 | H65: =+BPJS!O186 -> 359331.84 | I65: =+BPJS!O65 -> 1717224 | J65: =+PERBULAN!T65 -> 200000 | L65: ='[4]BULANAN PTKP BARU'!V69 -> #REF! | M65: =F65+G65+I65+J65+K65+H65 -> 57239032 | N65: =+'ASTEK-DIISI SMPAI DES'!O65 -> 933624 | O65: =+'ASTEK-DIISI SMPAI DES'!O180 -> 466812 | P65: =M65*5% -> 2861951.6 | Q65: =N65+P65+O65 -> 4262387.6 | R65: =M65-Q65 -> 52976644 | S65: =IF(D65="TK/0",54000000,IF(D65="K/0",58500000,IF(D65="K/1",63000000,IF(D65="K/2",67500000,IF(D65="K/3",72000000))))) -> 67500000 | T65: =IF(R65<=S65,0,IF(R65>S65,R65-S65)) -> 0 | U65: =F65-H65-I65 -> 48818820 | V65: =H65+I65 -> 2076555.8
A66: 59 | B66: =+PERBULAN!B66 -> HENDRI | C66: =+PERBULAN!C66 -> L | D66: =+PERBULAN!D66 -> K/2 | E66: =+PERBULAN!E66 -> 11 | F66: =+PERBULAN!R66 -> 50337306 | G66: =+PERBULAN!S66 -> 4067100 | H66: =+BPJS!O187 -> 359331.84 | I66: =+BPJS!O66 -> 1717224 | J66: =+PERBULAN!T66 -> 600000 | L66: ='[4]BULANAN PTKP BARU'!V70 -> #REF! | M66: =F66+G66+I66+J66+K66+H66 -> 57080962 | N66: =+'ASTEK-DIISI SMPAI DES'!O66 -> 933624 | O66: =+'ASTEK-DIISI SMPAI DES'!O181 -> 466812 | P66: =M66*5% -> 2854048.1 | Q66: =N66+P66+O66 -> 4254484.1 | R66: =M66-Q66 -> 52826478 | S66: =IF(D66="TK/0",54000000,IF(D66="K/0",58500000,IF(D66="K/1",63000000,IF(D66="K/2",67500000,IF(D66="K/3",72000000))))) -> 67500000 | T66: =IF(R66<=S66,0,IF(R66>S66,R66-S66)) -> 0 | U66: =F66-H66-I66 -> 48260750 | V66: =H66+I66 -> 2076555.8
A67: 60 | B67: =+PERBULAN!B67 -> POPPY ADEYANTI | C67: =+PERBULAN!C67 -> P | D67: =+PERBULAN!D67 -> TK/0 | E67: =+PERBULAN!E67 -> 11 | F67: =+PERBULAN!R67 -> 56187516 | G67: =+PERBULAN!S67 -> 3974100 | H67: =+BPJS!O188 -> 359583.84 | I67: =+BPJS!O67 -> 1719504 | J67: =+PERBULAN!T67 -> 200000 | L67: ='[4]BULANAN PTKP BARU'!V71 -> #REF! | M67: =F67+G67+I67+J67+K67+H67 -> 62440704 | N67: =+'ASTEK-DIISI SMPAI DES'!O67 -> 934344 | O67: =+'ASTEK-DIISI SMPAI DES'!O182 -> 467172 | P67: =M67*5% -> 3122035.2 | Q67: =N67+P67+O67 -> 4523551.2 | R67: =M67-Q67 -> 57917153 | S67: =IF(D67="TK/0",54000000,IF(D67="K/0",58500000,IF(D67="K/1",63000000,IF(D67="K/2",67500000,IF(D67="K/3",72000000))))) -> 54000000 | T67: =IF(R67<=S67,0,IF(R67>S67,R67-S67)) -> 3917152.8 | U67: =F67-H67-I67 -> 54108428 | V67: =H67+I67 -> 2079087.8
A68: 61 | B68: =+PERBULAN!B68 -> HARYADI | C68: =+PERBULAN!C68 -> L | D68: =+PERBULAN!D68 -> K/1 | E68: =+PERBULAN!E68 -> 11 | F68: =+PERBULAN!R68 -> 45314636 | G68: =+PERBULAN!S68 -> 4040100 | H68: =+BPJS!O189 -> 359331.84 | I68: =+BPJS!O68 -> 1716864 | J68: =+PERBULAN!T68 -> 900000 | L68: ='[4]BULANAN PTKP BARU'!V72 -> #REF! | M68: =F68+G68+I68+J68+K68+H68 -> 52330932 | N68: =+'ASTEK-DIISI SMPAI DES'!O68 -> 933624 | O68: =+'ASTEK-DIISI SMPAI DES'!O183 -> 466812 | P68: =M68*5% -> 2616546.6 | Q68: =N68+P68+O68 -> 4016982.6 | R68: =M68-Q68 -> 48313949 | S68: =IF(D68="TK/0",54000000,IF(D68="K/0",58500000,IF(D68="K/1",63000000,IF(D68="K/2",67500000,IF(D68="K/3",72000000))))) -> 63000000 | T68: =IF(R68<=S68,0,IF(R68>S68,R68-S68)) -> 0 | U68: =F68-H68-I68 -> 43238440 | V68: =H68+I68 -> 2076195.8
... A109: 102 | B109: =+PERBULAN!B109 -> 0 | C109: =+PERBULAN!C109 -> 0 | D109: =+PERBULAN!D109 -> 0 | E109: =+PERBULAN!E109 -> 0 | F109: =+PERBULAN!R109 -> 0 | G109: =+PERBULAN!S109 -> 0 | H109: =+BPJS!O230 -> 0 | I109: =+BPJS!O109 -> 0 | J109: =+PERBULAN!T109 -> 0 | L109: ='[4]BULANAN PTKP BARU'!V113 -> #REF! | M109: =F109+G109+I109+J109+K109+H109 -> 0 | N109: =+'ASTEK-DIISI SMPAI DES'!O109 -> 0 | O109: =+'ASTEK-DIISI SMPAI DES'!O224 -> 0 | P109: =M109*5% -> 0 | Q109: =N109+P109+O109 -> 0 | R109: =M109-Q109 -> 0 | S109: =IF(D109="TK/0",54000000,IF(D109="K/0",58500000,IF(D109="K/1",63000000,IF(D109="K/2",67500000,IF(D109="K/3",72000000))))) -> FALSE | T109: =IF(R109<=S109,0,IF(R109>S109,R109-S109)) -> 0 | U109: =F109-H109-I109 -> 0 | V109: =H109+I109 -> 0
A110: GRAND TOTAL | E110: =SUM(E8:E109) -> 667 | F110: =SUM(F8:F109) -> 3.1910709e+09 | G110: =SUM(G8:G109) -> 235897075 | H110: =SUM(H8:H109) -> 21855348 | I110: =SUM(I8:I109) -> 104539664 | J110: =SUM(J8:J109) -> 27150000 | K110: =SUM(K8:K109) -> 0 | L110: =SUM(L8:L109) -> #REF! | ... V110: =SUM(V8:V109) -> 1.2639501e+08
A113: No | B113: Name | C113: L/P | D113: Stat | E113: BL | F113: Penghasilan | G113: Pembulatan | H113: PAJAK SETAHUN | I113: PAJAK TERHUTANG | J113: PAJAK JAN-NOV | K113: PAJAK DESEMBER | L113: NPWP | M113: NO.NIK | N113: ALAMAT
F114: Kena
F115: Pajak | H115: 5% dan 6%
A116: =A8 -> 1 | B116: =B8 -> SUDARMONO | C116: =C8 -> L | D116: =D8 -> K/2 | E116: =E8 -> 11 | F116: =T8 -> 9213689.5 | G116: =ROUNDDOWN(F116,-3) -> 9213000 | H116: =IF(L116="",G116*6%,G116*5%) -> 460650 | I116: =H116 -> 460650 | J116: ='[4]BULANAN PTKP BARU'!W123 -> 328681 | K116: =IF(I116<=J116,0,IF(I116>J116,I116-J116)) -> 131969 | L116: - | M116: 1902050811890001 | N116: JL MANGGAR DSN PARIT GUNUNG RT. 006 RW. 003 DESA AIR BATU BUDING BADAU
A117: =A9 -> 2 | B117: =B9 -> ARDIYANSA | C117: =C9 -> L | D117: =D9 -> TK/0 | E117: =E9 -> 11 | F117: =T9 -> 23384264 | G117: =ROUNDDOWN(F117,-3) -> 23384000 | H117: =IF(L117="",G117*6%,G117*5%) -> 1169200 | I117: =H117 -> 1169200 | J117: ='[4]BULANAN PTKP BARU'!W124 -> 290437 | K117: =IF(I117<=J117,0,IF(I117>J117,I117-J117)) -> 878763 | L117: 97.387.482.9-305.000 | M117: 1906042803690002 | N117: DSN BUDING RT. 006 RW. 003 DESA BUDING KEC. KELAPA KAMPIT
A118: =A10 -> 3 | B118: =B10 -> INDRA JAYA | C118: =C10 -> L | D118: =D10 -> K/1 | E118: =E10 -> 11 | F118: =T10 -> 0 | G118: =ROUNDDOWN(F118,-3) -> 0 | H118: =IF(L118="",G118*6%,G118*5%) -> 0 | I118: =H118 -> 0 | J118: ='[4]BULANAN PTKP BARU'!W125 -> 400569 | K118: =IF(I118<=J118,0,IF(I118>J118,I118-J118)) -> 0 | L118: 97.387.492.8-305.000 | M118: 1902041104810005 | N118: JL PEGARUN RT. 014 RW. 006 DESA AIR SELUMAR KEC. SIJUK
A119: =A248 -> 4 | B119: =B248 -> BENNY SAPUTRA | C119: =C248 -> L | D119: =D248 -> K/1 | E119: =E248 -> 6 | F119: =T248 -> 0 | G119: =ROUNDDOWN(F119,-3) -> 0 | H119: =IF(L119="",G119*6%,G119*5%) -> 0 | I119: =H119 -> 0 | J119: ='[4]BULANAN PTKP BARU'!W126 -> 308597 | K119: =IF(I119<=J119,0,IF(I119>J119,I119-J119)) -> 0 | L119: 97.228.411.1-305.000 | M119: 1906040406910002 | N119: DSN PESARAKAN RT. 007 RW. 003 DESA CENDIL KEC. KELAPA KAMPIT
A120: =A11 -> 4 | B120: =B11 -> USPANDI | C120: =C11 -> L | D120: =D11 -> K/2 | E120: =E11 -> 11 | F120: =T11 -> 6503341.9 | G120: =ROUNDDOWN(F120,-3) -> 6503000 | H120: =IF(L120="",G120*6%,G120*5%) -> 325150 | I120: =H120 -> 325150 | J120: ='[4]BULANAN PTKP BARU'!W127 -> 316301 | K120: =IF(I120<=J120,0,IF(I120>J120,I120-J120)) -> 8849 | L120: 97.228.657.9-305.000 | M120: 1906042805800003 | N120: DSN CENDIL RT. 001 RW. 001 DESA CENDIL KEC. KELAPA KAMPIT
A121: =A12 -> 5 | B121: =B12 -> NOVI SUHAIDI | C121: =C12 -> L | D121: =D12 -> K/2 | E121: =E12 -> 11 | F121: =T12 -> 5183774 | G121: =ROUNDDOWN(F121,-3) -> 5183000 | H121: =IF(L121="",G121*6%,G121*5%) -> 259150 | I121: =H121 -> 259150 | J121: ='[4]BULANAN PTKP BARU'!W128 -> 316860 | K121: =IF(I121<=J121,0,IF(I121>J121,I121-J121)) -> 0 | L121: - | M121: 5203090606030015 | N121: DS. MONTOR LEKONG DS. TOYA KEC. AIK MEL KAB. LOMBOK TIMUR
A122: =A13 -> 6 | B122: =B13 -> ROSLI | C122: =C13 -> L | D122: =D13 -> K/2 | E122: =E13 -> 11 | F122: =T13 -> 0 | G122: =ROUNDDOWN(F122,-3) -> 0 | H122: =IF(L122="",G122*6%,G122*5%) -> 0 | I122: =H122 -> 0 | J122: ='[4]BULANAN PTKP BARU'!W129 -> 81185 | K122: =IF(I122<=J122,0,IF(I122>J122,I122-J122)) -> 0 | L122: 97.228.635.5-305.000 | M122: 1906042807800005 | N122: DSN BUDING RT. 001 RW. 001 DS BUDING KEC KELAPA KAMPIT
A123: =A14 -> 7 | B123: =B14 -> AMRIL | C123: =C14 -> L | D123: =D14 -> K/1 | E123: =E14 -> 11 | F123: =T14 -> 21950974 | G123: =ROUNDDOWN(F123,-3) -> 21950000 | H123: =IF(L123="",G123*6%,G123*5%) -> 1097500 | I123: =H123 -> 1097500 | J123: =+'PAJAK JAN-NOV'!R9 -> 1089445 | K123: =IF(I123<=J123,0,IF(I123>J123,I123-J123)) -> 8055 | L123: 97.228.612.4-305.000 | M123: 1902011404860010 | N123: JL HASYIM IDRIS RT. 043 RW. 017 DESA PANGKAL LALANG TANJUNGPANDAN
A124: =A15 -> 8 | B124: =B15 -> KARMILA | C124: =C15 -> P | D124: =D15 -> TK/0 | E124: =E15 -> 11 | F124: =T15 -> 0 | G124: =ROUNDDOWN(F124,-3) -> 0 | H124: =IF(L124="",G124*6%,G124*5%) -> 0 | I124: =H124 -> 0 | J124: ='[4]BULANAN PTKP BARU'!W131 -> 117052 | K124: =IF(I124<=J124,0,IF(I124>J124,I124-J124)) -> 0 | L124: 97.228.610.8-305.000 | M124: 1906045009880001 | N124: DSN CENDIL RT. 004 RW. 002 DESA CENDIL KEC KELAPA KAMPIT
A125: =A16 -> 9 | B125: =B16 -> MARTUTI | C125: =C16 -> P | D125: =D16 -> TK/0 | E125: =E16 -> 11 | F125: =T16 -> 0 | G125: =ROUNDDOWN(F125,-3) -> 0 | H125: =IF(L125="",G125*6%,G125*5%) -> 0 | I125: =H125 -> 0 | J125: ='[4]BULANAN PTKP BARU'!W132 -> 117159 | K125: =IF(I125<=J125,0,IF(I125>J125,I125-J125)) -> 0 | L125: 97.228.663.7-305.000 | M125: 1906044911750004 | N125: DSN CENDIL RT. 001 RW. 001 DESA CENDIL KEC KELAPA KAMPIT
A126: =A17 -> 10 | B126: =B17 -> HARNIAWATI | C126: =C17 -> P | D126: =D17 -> TK/0 | E126: =E17 -> 11 | F126: =T17 -> 0 | G126: =ROUNDDOWN(F126,-3) -> 0 | H126: =IF(L126="",G126*6%,G126*5%) -> 0 | I126: =H126 -> 0 | J126: ='[4]BULANAN PTKP BARU'!W133 -> 117159 | K126: =IF(I126<=J126,0,IF(I126>J126,I126-J126)) -> 0 | L126: 97.228.631.4-305.000 | M126: 1906045811760002 | N126: DSN CENDIL RT. 002 RW. 001 DS CENDIL KEC KELAPA KAMPIT
A127: =A18 -> 11 | B127: =B18 -> MARYATI | C127: =C18 -> P | D127: =D18 -> TK/0 | E127: =E18 -> 11 | F127: =T18 -> 0 | G127: =ROUNDDOWN(F127,-3) -> 0 | H127: =IF(L127="",G127*6%,G127*5%) -> 0 | I127: =H127 -> 0 | J127: ='[4]BULANAN PTKP BARU'!W134 -> 117159 | K127: =IF(I127<=J127,0,IF(I127>J127,I127-J127)) -> 0 | L127: 97.228.624.9-305.000 | M127: 1906046103730002 | N127: DSN CENDIL RT. 001 RW. 001 DESA CENDIL KEC. KELAPA KAMPIT
A128: =A19 -> 12 | B128: =B19 -> KOPRIATI | C128: =C19 -> P | D128: =D19 -> TK/0 | E128: =E19 -> 11 | F128: =T19 -> 0 | G128: =ROUNDDOWN(F128,-3) -> 0 | H128: =IF(L128="",G128*6%,G128*5%) -> 0 | I128: =H128 -> 0 | J128: ='[4]BULANAN PTKP BARU'!W135 -> 115734 | K128: =IF(I128<=J128,0,IF(I128>J128,I128-J128)) -> 0 | L128: 97.228.601.7-305.000 | M128: 1906044405820002 | N128: DSN CENDIL RT. 001 RW. 001 DESA CENDIL KEC. KELAPA KAMPIT
A129: =A20 -> 13 | B129: =B20 -> ASNIATI | C129: =C20 -> P | D129: =D20 -> TK/0 | E129: =E20 -> 11 | F129: =T20 -> 0 | G129: =ROUNDDOWN(F129,-3) -> 0 | H129: =IF(L129="",G129*6%,G129*5%) -> 0 | I129: =H129 -> 0 | J129: ='[4]BULANAN PTKP BARU'!W136 -> 115198 | K129: =IF(I129<=J129,0,IF(I129>J129,I129-J129)) -> 0 | L129: 97.228.599.3-305.000 | M129: 1906014911710001 | N129: DSN SUKADAMAI RT. 019 RW. 009 DESA MENGKUBANG KEC. DAMAR
A130: =A21 -> 14 | B130: =B21 -> ANDIWATI | C130: =C21 -> P | D130: =D21 -> TK/0 | E130: =E21 -> 11 | F130: =T21 -> 0 | G130: =ROUNDDOWN(F130,-3) -> 0 | H130: =IF(L130="",G130*6%,G130*5%) -> 0 | I130: =H130 -> 0 | J130: ='[4]BULANAN PTKP BARU'!W137 -> 117052 | K130: =IF(I130<=J130,0,IF(I130>J130,I130-J130)) -> 0 | L130: 97.228.617.3-305.000 | M130: 1906045203900001 | N130: DSN CENDIL RT. 003 RW. 001 DS CENDIL KEC. KELAPA KAMPIT
A131: =A22 -> 15 | B131: =B22 -> MARYANA.So | C131: =C22 -> P | D131: =D22 -> TK/0 | E131: =E22 -> 11 | F131: =T22 -> 0 | G131: =ROUNDDOWN(F131,-3) -> 0 | H131: =IF(L131="",G131*6%,G131*5%) -> 0 | I131: =H131 -> 0 | J131: ='[4]BULANAN PTKP BARU'!W138 -> 117052 | K131: =IF(I131<=J131,0,IF(I131>J131,I131-J131)) -> 0 | L131: 97.228.661.1-305.000 | M131: 1906046309750002 | N131: DSN CENDIL RT. 001 RW. 001 DESA CENDIL KEC. KELAPA KAMPIT
A132: =A23 -> 16 | B132: =B23 -> TUTI | C132: =C23 -> P | D132: =D23 -> TK/0 | E132: =E23 -> 11 | F132: =T23 -> 0 | G132: =ROUNDDOWN(F132,-3) -> 0 | H132: =IF(L132="",G132*6%,G132*5%) -> 0 | I132: =H132 -> 0 | J132: ='[4]BULANAN PTKP BARU'!W139 -> 117212 | K132: =IF(I132<=J132,0,IF(I132>J132,I132-J132)) -> 0 | L132: 97.228.664.5-305.000 | M132: 1906045008740002 | N132: DSN CENDIL RT. 006 RW. 002 DESA CENDIL KEC. KELAPA KAMPIT
A133: =A24 -> 17 | B133: =B24 -> AGUSTIANA | C133: =C24 -> P | D133: =D24 -> TK/0 | E133: =E24 -> 11 | F133: =T24 -> 0 | G133: =ROUNDDOWN(F133,-3) -> 0 | H133: =IF(L133="",G133*6%,G133*5%) -> 0 | I133: =H133 -> 0 | J133: ='[4]BULANAN PTKP BARU'!W140 -> 117159 | K133: =IF(I133<=J133,0,IF(I133>J133,I133-J133)) -> 0 | L133: 97.228.616.5-305.000 | M133: 1906044208840004 | N133: DSN CENDIL RT. 003 RW. 001 DESA CENDIL KEC. KELAPA KAMPIT
A134: =A25 -> 18 | B134: =B25 -> SISWANTO | C134: =C25 -> L | D134: =D25 -> K/0 | E134: =E25 -> 11 | F134: =T25 -> 0 | G134: =ROUNDDOWN(F134,-3) -> 0 | H134: =IF(L134="",G134*6%,G134*5%) -> 0 | I134: =H134 -> 0 | J134: ='[4]BULANAN PTKP BARU'!W141 -> 118501 | K134: =IF(I134<=J134,0,IF(I134>J134,I134-J134)) -> 0 | L134: 97.228.645.4-305.000 | M134: 1906041007770004 | N134: DSN CENDIL RT. 006 RW. 002 DESA CENDIL KEC. KELAPA KAMPIT
A135: =A26 -> 19 | B135: =B26 -> SUNDARI | C135: =C26 -> P | D135: =D26 -> TK/0 | E135: =E26 -> 11 | F135: =T26 -> 0 | G135: =ROUNDDOWN(F135,-3) -> 0 | H135: =IF(L135="",G135*6%,G135*5%) -> 0 | I135: =H135 -> 0 | J135: ='[4]BULANAN PTKP BARU'!W142 -> 116547 | K135: =IF(I135<=J135,0,IF(I135>J135,I135-J135)) -> 0 | L135: - | M135: 1902025108900001 | N135: DSN BUKIT DURIAN RT. 02 RW. 01 DESA MENTAWAK KEC. KELAPA KAMPIT
... A162: =A53 -> 46 | B162: =B53 -> ROSMANSYAH | C162: =C53 -> L | D162: =D53 -> TK/0 | E162: =E53 -> 11 | F162: =T53 -> 2415808.6 | G162: =ROUNDDOWN(F162,-3) -> 2415000 | H162: =IF(L162="",G162*6%,G162*5%) -> 120750 | I162: =H162 -> 120750 | J162: ='[4]BULANAN PTKP BARU'!W169 -> 172504 | K162: =IF(I162<=J162,0,IF(I162>J162,I162-J162)) -> 0 | L162: - | M162: 1906040908000003 | N162: DESA CENDIL,RT 001/RW 001,KECAMATAN KELAPA KAMPIT
A163: =#REF! -> #REF! | B163: =#REF! -> #REF! | C163: =#REF! -> #REF! | D163: =#REF! -> #REF! | E163: =#REF! -> #REF! | F163: =#REF! -> #REF! | G163: =ROUNDDOWN(F163,-3) -> #REF! | H163: =IF(L163="",G163*6%,G163*5%) -> #REF! | I163: =H163 -> #REF! | J163: ='[4]BULANAN PTKP BARU'!W170 -> 141008 | K163: =IF(I163<=J163,0,IF(I163>J163,I163-J163)) -> #REF! | L163: 75.742.664.8-305.000 | M163: 1906041210810003 | N163: JL KOPERASI RT. 001 RW. 001 DESA PEMBAHARUAN KEC. KELAPA KAMPIT
A164: =A54 -> 47 | B164: =B54 -> KAMALUDIN | C164: =C54 -> L | D164: =D54 -> K/1 | E164: =E54 -> 11 | F164: =T54 -> 0 | G164: =ROUNDDOWN(F164,-3) -> 0 | H164: =IF(L164="",G164*6%,G164*5%) -> 0 | I164: =H164 -> 0 | J164: ='[4]BULANAN PTKP BARU'!W171 -> 144598 | K164: =IF(I164<=J164,0,IF(I164>J164,I164-J164)) -> 0 | L164: - | M164: 5203092907970006 | N164: PAOK PONDONG RT.001/RW.- DESA LENEK KEC. LENEK KAB. LOMBOK TIMUR
A165: =A55 -> 48 | B165: =B55 -> AZRI DONA | C165: =C55 -> L | D165: =D55 -> K/2 | E165: =E55 -> 11 | F165: =T55 -> 0 | G165: =ROUNDDOWN(F165,-3) -> 0 | H165: =IF(L165="",G165*6%,G165*5%) -> 0 | I165: =H165 -> 0 | J165: ='[4]BULANAN PTKP BARU'!W172 -> 292243 | K165: =IF(I165<=J165,0,IF(I165>J165,I165-J165)) -> 0 | L165: - | M165: 5203092012920001 | N165: MUJAHIDIN TIMUK DS. LENEK DAYA KEC. LENEK KAB. LOMBOK TIMUR
A166: =A249 -> 49 | B166: =B249 -> RINDI PRIANTO | C166: =C249 -> L | D166: =D249 -> K/1 | E166: =E249 -> 8 | F166: =T249 -> 0 | G166: =ROUNDDOWN(F166,-3) -> 0 | H166: =IF(L166="",G166*6%,G166*5%) -> 0 | I166: =H166 -> 0 | J166: ='[4]BULANAN PTKP BARU'!W173 -> 175761 | K166: =IF(I166<=J166,0,IF(I166>J166,I166-J166)) -> 0 | L166: 75.741.219.2-305.000 | M166: 1902040306780003 | N166: JL SIJUK RT. 005 RW. 003 DESA AIR SELUMAR KEC. SIJUK
A167: =A56 -> 49 | B167: =B56 -> HALIK | C167: =C56 -> L | D167: =D56 -> K/2 | E167: =E56 -> 11 | F167: =T56 -> 0 | G167: =ROUNDDOWN(F167,-3) -> 0 | H167: =IF(L167="",G167*6%,G167*5%) -> 0 | I167: =H167 -> 0 | J167: ='[4]BULANAN PTKP BARU'!W174 -> 218355 | K167: =IF(I167<=J167,0,IF(I167>J167,I167-J167)) -> 0 | L167: - | M167: 1902042211940003 | N167: JL BUDING RT. 023 RW. 012 DESA SIJUK KEC. SIJUK
