Workbook
Name februari: TARIF!#REF!
Name februari: TARIF!#REF!
Name februari: TARIF!#REF!
Name februari: TARIF!#REF!
Name februari: TARIF!#REF!
Name februari: TARIF!#REF!
Name februari: TARIF!#REF!
Name februari: TARIF!#REF!
Name februari: TARIF!#REF!
Name februari: TARIF!#REF!
Name PH: [1]TARIF!#REF!
Name PH: [1]TARIF!#REF!
Name PH: [1]TARIF!#REF!
Name PH: [1]TARIF!#REF!
Name PH: [1]TARIF!#REF!
Name PH: [1]TARIF!#REF!
Name PH: [1]TARIF!#REF!
Name PH: [1]TARIF!#REF!
Name PH: [1]TARIF!#REF!
Name PH: [1]TARIF!#REF!
Name PH: [1]TARIF!#REF!
Name PH: [1]TARIF!#REF!
Name PH: TARIF!#REF!
Name PTKP: [1]TARIF!#REF!
Name PTKP: [1]TARIF!#REF!
Name PTKP: [1]TARIF!#REF!
Name PTKP: [1]TARIF!#REF!
Name PTKP: [1]TARIF!#REF!
Name PTKP: [1]TARIF!#REF!
Name PTKP: [1]TARIF!#REF!
Name PTKP: [1]TARIF!#REF!
Name PTKP: [1]TARIF!#REF!
Name PTKP: [1]TARIF!#REF!
Name PTKP: [1]TARIF!#REF!
Name PTKP: [1]TARIF!#REF!
Name PTKP: TARIF!#REF!
Name TARIF: [2]TARIF!$S$18:$U$25
Name Ter_A: [1]TARIF!$B$3:$E$46
Name Ter_A: [1]TARIF!$B$3:$E$46
Name Ter_A: [1]TARIF!$B$3:$E$46
Name Ter_A: [1]TARIF!$B$3:$E$46
Name Ter_A: [1]TARIF!$B$3:$E$46
Name Ter_A: [1]TARIF!$B$3:$E$46
Name Ter_A: [1]TARIF!$B$3:$E$46
Name Ter_A: [1]TARIF!$B$3:$E$46
Name Ter_A: [1]TARIF!$B$3:$E$46
Name Ter_A: [1]TARIF!$B$3:$E$46
Name Ter_A: [1]TARIF!$B$3:$E$46
Name Ter_A: [1]TARIF!$B$3:$E$46
Name Ter_A: TARIF!$B$3:$E$46
Name Ter_B: [1]TARIF!$H$3:$K$42
Name Ter_B: [1]TARIF!$H$3:$K$42
Name Ter_B: [1]TARIF!$H$3:$K$42
Name Ter_B: [1]TARIF!$H$3:$K$42
Name Ter_B: [1]TARIF!$H$3:$K$42
Name Ter_B: [1]TARIF!$H$3:$K$42
Name Ter_B: [1]TARIF!$H$3:$K$42
Name Ter_B: [1]TARIF!$H$3:$K$42
Name Ter_B: [1]TARIF!$H$3:$K$42
Name Ter_B: [1]TARIF!$H$3:$K$42

Sheet TARIF
A1: PTKP (TK/0, TK/1, K/0) | G1: PTKP (TK/2, TK/3, K/1, K/2) | M1: PTKP (K/3) | S1: HARIAN
A2: No | B2: Lapisan Penghasilan bruto (Rp.) | E2: TER A | G2: No | H2: Lapisan Penghasilan bruto (Rp.) | K2: TER B | M2: No | N2: Lapisan Penghasilan bruto (Rp.) | Q2: TER C | S2: Penghasilan Bruto | V2: Tarif
A3: 1 | B3: 0 | C3: s.d | D3: 5400000 | E3: 0 | G3: 1 | H3: 0 | I3: s.d | J3: 6200000 | K3: 0 | M3: 1 | N3: 0 | O3: s.d | P3: 6600000 | Q3: 0 | S3: 0 | T3: s.d | U3: 450000 | V3: 0
A4: =A3+1 -> 2 | B4: =D3+1 -> 5400001 | C4: s.d | D4: 5650000 | E4: 0.0025 | G4: =G3+1 -> 2 | H4: =J3+1 -> 6200001 | I4: s.d | J4: 6500000 | K4: 0.0025 | M4: =M3+1 -> 2 | N4: =P3+1 -> 6600001 | O4: s.d | P4: 6950000 | Q4: 0.0025 | S4: 450001 | T4: s.d | U4: 2500000 | V4: 0.005
A5: =A4+1 -> 3 | B5: =D4+1 -> 5650001 | C5: s.d | D5: 5950000 | E5: 0.005 | G5: =G4+1 -> 3 | H5: =J4+1 -> 6500001 | I5: s.d | J5: 6850000 | K5: 0.005 | M5: =M4+1 -> 3 | N5: =P4+1 -> 6950001 | O5: s.d | P5: 7350000 | Q5: 0.005
A6: =A5+1 -> 4 | B6: =D5+1 -> 5950001 | C6: s.d | D6: 6300000 | E6: 0.0075 | G6: =G5+1 -> 4 | H6: =J5+1 -> 6850001 | I6: s.d | J6: 7300000 | K6: 0.0075 | M6: =M5+1 -> 4 | N6: =P5+1 -> 7350001 | O6: s.d | P6: 7800000 | Q6: 0.0075
A7: =A6+1 -> 5 | B7: =D6+1 -> 6300001 | C7: s.d | D7: 6750000 | E7: 0.01 | G7: =G6+1 -> 5 | H7: =J6+1 -> 7300001 | I7: s.d | J7: 9200000 | K7: 0.01 | M7: =M6+1 -> 5 | N7: =P6+1 -> 7800001 | O7: s.d | P7: 8850000 | Q7: 0.01 | S7: TARIF PASAL 17 WPOP
A8: =A7+1 -> 6 | B8: =D7+1 -> 6750001 | C8: s.d | D8: 7500000 | E8: 0.0125 | G8: =G7+1 -> 6 | H8: =J7+1 -> 9200001 | I8: s.d | J8: 10750000 | K8: 0.015 | M8: =M7+1 -> 6 | N8: =P7+1 -> 8850001 | O8: s.d | P8: 9800000 | Q8: 0.0125 | S8: Lapisan PKP | V8: Tarif
A9: =A8+1 -> 7 | B9: =D8+1 -> 7500001 | C9: s.d | D9: 8550000 | E9: 0.015 | G9: =G8+1 -> 7 | H9: =J8+1 -> 10750001 | I9: s.d | J9: 11250000 | K9: 0.02 | M9: =M8+1 -> 7 | N9: =P8+1 -> 9800001 | O9: s.d | P9: 10950000 | Q9: 0.015 | S9: 0 | T9: s.d | U9: 60000000 | V9: 0.05
A10: =A9+1 -> 8 | B10: =D9+1 -> 8550001 | C10: s.d | D10: 9650000 | E10: 0.0175 | G10: =G9+1 -> 8 | H10: =J9+1 -> 11250001 | I10: s.d | J10: 11600000 | K10: 0.025 | M10: =M9+1 -> 8 | N10: =P9+1 -> 10950001 | O10: s.d | P10: 11200000 | Q10: 0.0175 | S10: =U9+1 -> 60000001 | T10: s.d | U10: 250000000 | V10: 0.15
A11: =A10+1 -> 9 | B11: =D10+1 -> 9650001 | C11: s.d | D11: 10050000 | E11: 0.02 | G11: =G10+1 -> 9 | H11: =J10+1 -> 11600001 | I11: s.d | J11: 12600000 | K11: 0.03 | M11: =M10+1 -> 9 | N11: =P10+1 -> 11200001 | O11: s.d | P11: 12050000 | Q11: 0.02 | S11: =U10+1 -> 250000001 | T11: s.d | U11: 500000000 | V11: 0.25
A12: =A11+1 -> 10 | B12: =D11+1 -> 10050001 | C12: s.d | D12: 10350000 | E12: 0.0225 | G12: =G11+1 -> 10 | H12: =J11+1 -> 12600001 | I12: s.d | J12: 13600000 | K12: 0.04 | M12: =M11+1 -> 10 | N12: =P11+1 -> 12050001 | O12: s.d | P12: 12950000 | Q12: 0.03 | S12: =U11+1 -> 500000001 | T12: s.d | U12: 5000000000 | V12: 0.3
A13: =A12+1 -> 11 | B13: =D12+1 -> 10350001 | C13: s.d | D13: 10700000 | E13: 0.025 | G13: =G12+1 -> 11 | H13: =J12+1 -> 13600001 | I13: s.d | J13: 14950000 | K13: 0.05 | M13: =M12+1 -> 11 | N13: =P12+1 -> 12950001 | O13: s.d | P13: 14150000 | Q13: 0.04 | S13: =U12+1 -> 5000000001 | T13: s.d | U13: ~~ | V13: 0.35
A14: =A13+1 -> 12 | B14: =D13+1 -> 10700001 | C14: s.d | D14: 11050000 | E14: 0.03 | G14: =G13+1 -> 12 | H14: =J13+1 -> 14950001 | I14: s.d | J14: 16400000 | K14: 0.06 | M14: =M13+1 -> 12 | N14: =P13+1 -> 14150001 | O14: s.d | P14: 1550000 | Q14: 0.05
A15: =A14+1 -> 13 | B15: =D14+1 -> 11050001 | C15: s.d | D15: 11600000 | E15: 0.035 | G15: =G14+1 -> 13 | H15: =J14+1 -> 16400001 | I15: s.d | J15: 18450000 | K15: 0.07 | M15: =M14+1 -> 13 | N15: =P14+1 -> 1550001 | O15: s.d | P15: 17050000 | Q15: 0.06
A16: =A15+1 -> 14 | B16: =D15+1 -> 11600001 | C16: s.d | D16: 12500000 | E16: 0.04 | G16: =G15+1 -> 14 | H16: =J15+1 -> 18450001 | I16: s.d | J16: 21850000 | K16: 0.08 | M16: =M15+1 -> 14 | N16: =P15+1 -> 17050001 | O16: s.d | P16: 19500000 | Q16: 0.07 | S16: PTKP
A17: =A16+1 -> 15 | B17: =D16+1 -> 12500001 | C17: s.d | D17: 13750000 | E17: 0.05 | G17: =G16+1 -> 15 | H17: =J16+1 -> 21850001 | I17: s.d | J17: 26000000 | K17: 0.09 | M17: =M16+1 -> 15 | N17: =P16+1 -> 19500001 | O17: s.d | P17: 22700000 | Q17: 0.08 | S17: Status | U17: Jumlah
A18: =A17+1 -> 16 | B18: =D17+1 -> 13750001 | C18: s.d | D18: 15100000 | E18: 0.06 | G18: =G17+1 -> 16 | H18: =J17+1 -> 26000001 | I18: s.d | J18: 27700000 | K18: 0.1 | M18: =M17+1 -> 16 | N18: =P17+1 -> 22700001 | O18: s.d | P18: 26600000 | Q18: 0.09 | S18: TK/0 | U18: 54000000
A19: =A18+1 -> 17 | B19: =D18+1 -> 15100001 | C19: s.d | D19: 16950000 | E19: 0.07 | G19: =G18+1 -> 17 | H19: =J18+1 -> 27700001 | I19: s.d | J19: 29350000 | K19: 0.11 | M19: =M18+1 -> 17 | N19: =P18+1 -> 26600001 | O19: s.d | P19: 28100000 | Q19: 0.1 | S19: TK/1 | U19: 58500000
A20: =A19+1 -> 18 | B20: =D19+1 -> 16950001 | C20: s.d | D20: 19750000 | E20: 0.08 | G20: =G19+1 -> 18 | H20: =J19+1 -> 29350001 | I20: s.d | J20: 31450000 | K20: 0.12 | M20: =M19+1 -> 18 | N20: =P19+1 -> 28100001 | O20: s.d | P20: 30100000 | Q20: 0.11 | S20: TK/2 | U20: 63000000
A21: =A20+1 -> 19 | B21: =D20+1 -> 19750001 | C21: s.d | D21: 24150000 | E21: 0.09 | G21: =G20+1 -> 19 | H21: =J20+1 -> 31450001 | I21: s.d | J21: 33950000 | K21: 0.13 | M21: =M20+1 -> 19 | N21: =P20+1 -> 30100001 | O21: s.d | P21: 32600000 | Q21: 0.12 | S21: TK/3 | U21: 67500000
A22: =A21+1 -> 20 | B22: =D21+1 -> 24150001 | C22: s.d | D22: 26450000 | E22: 0.1 | G22: =G21+1 -> 20 | H22: =J21+1 -> 33950001 | I22: s.d | J22: 37100000 | K22: 0.14 | M22: =M21+1 -> 20 | N22: =P21+1 -> 32600001 | O22: s.d | P22: 35400000 | Q22: 0.13 | S22: K/0 | U22: 58500000
A23: =A22+1 -> 21 | B23: =D22+1 -> 26450001 | C23: s.d | D23: 28000000 | E23: 0.11 | G23: =G22+1 -> 21 | H23: =J22+1 -> 37100001 | I23: s.d | J23: 41100000 | K23: 0.15 | M23: =M22+1 -> 21 | N23: =P22+1 -> 35400001 | O23: s.d | P23: 38900000 | Q23: 0.14 | S23: K/1 | U23: 63000000
A24: =A23+1 -> 22 | B24: =D23+1 -> 28000001 | C24: s.d | D24: 30050000 | E24: 0.12 | G24: =G23+1 -> 22 | H24: =J23+1 -> 41100001 | I24: s.d | J24: 45800000 | K24: 0.16 | M24: =M23+1 -> 22 | N24: =P23+1 -> 38900001 | O24: s.d | P24: 43000000 | Q24: 0.15 | S24: K/2 | U24: 67500000
A25: =A24+1 -> 23 | B25: =D24+1 -> 30050001 | C25: s.d | D25: 32400000 | E25: 0.13 | G25: =G24+1 -> 23 | H25: =J24+1 -> 45800001 | I25: s.d | J25: 49500000 | K25: 0.17 | M25: =M24+1 -> 23 | N25: =P24+1 -> 43000001 | O25: s.d | P25: 47400000 | Q25: 0.16 | S25: K/3 | U25: 72000000
A26: =A25+1 -> 24 | B26: =D25+1 -> 32400001 | C26: s.d | D26: 35400000 | E26: 0.14 | G26: =G25+1 -> 24 | H26: =J25+1 -> 49500001 | I26: s.d | J26: 53800000 | K26: 0.18 | M26: =M25+1 -> 24 | N26: =P25+1 -> 47400001 | O26: s.d | P26: 51200000 | Q26: 0.17
A27: =A26+1 -> 25 | B27: =D26+1 -> 35400001 | C27: s.d | D27: 39100000 | E27: 0.15 | G27: =G26+1 -> 25 | H27: =J26+1 -> 53800001 | I27: s.d | J27: 58500000 | K27: 0.19 | M27: =M26+1 -> 25 | N27: =P26+1 -> 51200001 | O27: s.d | P27: 55800000 | Q27: 0.18
A28: =A27+1 -> 26 | B28: =D27+1 -> 39100001 | C28: s.d | D28: 43850000 | E28: 0.16 | G28: =G27+1 -> 26 | H28: =J27+1 -> 58500001 | I28: s.d | J28: 64000000 | K28: 0.2 | M28: =M27+1 -> 26 | N28: =P27+1 -> 55800001 | O28: s.d | P28: 60400000 | Q28: 0.19
A29: =A28+1 -> 27 | B29: =D28+1 -> 43850001 | C29: s.d | D29: 47800000 | E29: 0.17 | G29: =G28+1 -> 27 | H29: =J28+1 -> 64000001 | I29: s.d | J29: 71000000 | K29: 0.21 | M29: =M28+1 -> 27 | N29: =P28+1 -> 60400001 | O29: s.d | P29: 66700000 | Q29: 0.2
A30: =A29+1 -> 28 | B30: =D29+1 -> 47800001 | C30: s.d | D30: 51400000 | E30: 0.18 | G30: =G29+1 -> 28 | H30: =J29+1 -> 71000001 | I30: s.d | J30: 80000000 | K30: 0.22 | M30: =M29+1 -> 28 | N30: =P29+1 -> 66700001 | O30: s.d | P30: 74500000 | Q30: 0.21
A31: =A30+1 -> 29 | B31: =D30+1 -> 51400001 | C31: s.d | D31: 56300000 | E31: 0.19 | G31: =G30+1 -> 29 | H31: =J30+1 -> 80000001 | I31: s.d | J31: 93000000 | K31: 0.23 | M31: =M30+1 -> 29 | N31: =P30+1 -> 74500001 | O31: s.d | P31: 83200000 | Q31: 0.22
A32: =A31+1 -> 30 | B32: =D31+1 -> 56300001 | C32: s.d | D32: 62200000 | E32: 0.2 | G32: =G31+1 -> 30 | H32: =J31+1 -> 93000001 | I32: s.d | J32: 109000000 | K32: 0.24 | M32: =M31+1 -> 30 | N32: =P31+1 -> 83200001 | O32: s.d | P32: 95600000 | Q32: 0.23
A33: =A32+1 -> 31 | B33: =D32+1 -> 62200001 | C33: s.d | D33: 68600000 | E33: 0.21 | G33: =G32+1 -> 31 | H33: =J32+1 -> 109000001 | I33: s.d | J33: 129000000 | K33: 0.25 | M33: =M32+1 -> 31 | N33: =P32+1 -> 95600001 | O33: s.d | P33: 110000000 | Q33: 0.24
A34: =A33+1 -> 32 | B34: =D33+1 -> 68600001 | C34: s.d | D34: 77500000 | E34: 0.22 | G34: =G33+1 -> 32 | H34: =J33+1 -> 129000001 | I34: s.d | J34: 163000000 | K34: 0.26 | M34: =M33+1 -> 32 | N34: =P33+1 -> 110000001 | O34: s.d | P34: 134000000 | Q34: 0.25
A35: =A34+1 -> 33 | B35: =D34+1 -> 77500001 | C35: s.d | D35: 89000000 | E35: 0.23 | G35: =G34+1 -> 33 | H35: =J34+1 -> 163000001 | I35: s.d | J35: 211000000 | K35: 0.27 | M35: =M34+1 -> 33 | N35: =P34+1 -> 134000001 | O35: s.d | P35: 169000000 | Q35: 0.26
A36: =A35+1 -> 34 | B36: =D35+1 -> 89000001 | C36: s.d | D36: 103000000 | E36: 0.24 | G36: =G35+1 -> 34 | H36: =J35+1 -> 211000001 | I36: s.d | J36: 374000000 | K36: 0.28 | M36: =M35+1 -> 34 | N36: =P35+1 -> 169000001 | O36: s.d | P36: 221000000 | Q36: 0.27
A37: =A36+1 -> 35 | B37: =D36+1 -> 103000001 | C37: s.d | D37: 125000000 | E37: 0.25 | G37: =G36+1 -> 35 | H37: =J36+1 -> 374000001 | I37: s.d | J37: 459000000 | K37: 0.29 | M37: =M36+1 -> 35 | N37: =P36+1 -> 221000001 | O37: s.d | P37: 390000000 | Q37: 0.28
... A41: =A40+1 -> 39 | B41: =D40+1 -> 337000001 | C41: s.d | D41: 454000000 | E41: 0.29 | G41: =G40+1 -> 39 | H41: =J40+1 -> 957000001 | I41: s.d | J41: 1405000000 | K41: 0.33 | M41: =M40+1 -> 39 | N41: =P40+1 -> 709000001 | O41: s.d | P41: 965000000 | Q41: 0.32
A42: =A41+1 -> 40 | B42: =D41+1 -> 454000001 | C42: s.d | D42: 550000000 | E42: 0.3 | G42: =G41+1 -> 40 | H42: =J41+1 -> 1405000001 | I42: s.d | J42: ~~ | K42: 0.34 | M42: =M41+1 -> 40 | N42: =P41+1 -> 965000001 | O42: s.d | P42: 1419000000 | Q42: 0.33
A43: =A42+1 -> 41 | B43: =D42+1 -> 550000001 | C43: s.d | D43: 695000000 | E43: 0.31 | M43: =M42+1 -> 41 | N43: =P42+1 -> 1419000001 | O43: s.d | P43: ~~ | Q43: 0.34
A44: =A43+1 -> 42 | B44: =D43+1 -> 695000001 | C44: s.d | D44: 910000000 | E44: 0.32
A45: =A44+1 -> 43 | B45: =D44+1 -> 910000001 | C45: s.d | D45: 1400000000 | E45: 0.33
A46: =A45+1 -> 44 | B46: =D45+1 -> 1400000001 | C46: s.d | D46: ~~ | E46: 0.34
J55: 20000000
J56: =J61 -> 1739130.4
J57: =SUM(J55:J56) -> 21739130
J61: =J57*8% -> 1739130.4

Sheet Des
C1: yang berwarna ini rumus
B2: Nomor Urut | C2: NAMA KARYAWAN | D2: N I K / PASPOR | E2: N P W P | F2: A L A M A T | G2: JABATAN | H2: STATUS KARYAWAN | M2: DESEMBER | R2: PENGHASILAN TIDAK TERATUR | U2: TOTAL GAJI POKOK | V2: TOTAL TUNJANGAN LAINNYA | W2: TOTAL PREMI ASURANSI | X2: TOTAL TUNJANGAN PPH | Y2: TOTAL NATURA / KENIKMATAN | Z2: TOTAL THR, BONUS, TANTIEM | AA2: PENGHASILAN BRUTO SETAHUN | AB2: PENGURANG | AD2: PENGHASILAN NETTO SETAHUN | AE2: P T K P | AF2: P K P | AG2: PPH PASAL 21 | AI2: PPH PASAL 21 JAN S.D NOP | AJ2: PPH PASAL 21 DESEMBER
M3: Gaji Pokok | N3: Total Tunjangan | O3: Premi JKK, JKM, Kes | P3: Tunjangan PPh | Q3: Penghasilan Bruto | R3: T H R | S3: B O N U S | T3: TANTIEM
H4: L/P | I4: PTKP | J4: TER | K4: MASA KERJA | AB4: BIAYA JABATAN | AC4: TOTAL IURAN JHT/THT/JP | AG4: SETAHUN | AH4: INCLUDE NON NPWP
B5: 1 | C5: 2 | D5: 3 | E5: 4 | F5: 5 | G5: 6 | H5: 7 | I5: 8 | J5: 9 | K5: 10 | L5: 11 | M5: 12 | N5: 13 | O5: 14 | P5: 15 | Q5: 16 | R5: 17 | S5: 18 | T5: 19 | U5: 20 | V5: 21 | W5: 22 | X5: 23 | Y5: 24 | Z5: 25 | AA5: 26 | AB5: 27 | AC5: 27 | AD5: 29 | AE5: 30 | AF5: 31 | AG5: 32 | AH5: 33 | AI5: 34 | AJ5: 35
B6: 1 | C6: =+PERBULAN!B6 -> SARWANDI | D6: 1902050708780007 | E6: 97.228.383.2-305.000 | F6: DSN AIR BEGANTUNG RT. 009 RW. 003 DESA KACANG BUTOR KEC. BADAU | G6: KARYAWAN PERAWATAN | H6: L | I6: K/1 | J6: =IF(ISBLANK(I6),"",IF(OR(I6="TK/0",I6="TK/1",I6="K/0"),"TER A",IF(I6="K/3","TER C","TER B"))) -> TER B | K6: 1 | M6: =[3]NURSERY!$AJ10-[3]NURSERY!$BK10 -> 9256268.9 | O6: =[3]NURSERY!$BK10 -> 54000 | P6: 0 | Q6: =SUM(M6:P6) -> 9310268.9 | R6: =+PERBULAN!S6 -> 4053100 | S6: =+SETAHUN!K7 -> 600000 | T6: 0 | U6: =+SETAHUN!F7+M6+N6 -> 1.0115867e+08 | W6: =+SETAHUN!U7+O6 -> 2142242.8 | X6: 0 | Y6: 0 | Z6: =SUM(R6:T6) -> 4653100 | AA6: =SUM(U6:Z6) -> 1.0795401e+08 | AB6: =ROUND(IF((AA6)*5%>6000000,6000000,(AA6)*5%),0) -> 5397701 | AC6: =('ASTEK+PENSIUN'!O8+'ASTEK+PENSIUN'!O51)+[3]NURSERY!$BM10 -> 1449245.8 | AD6: =AA6-AB6-AC6 -> 1.0110707e+08 | AE6: =IFERROR(VLOOKUP(I6,TARIF,3,FALSE),0) -> 63000000 | AF6: =ROUNDDOWN(IF(AD6<=AE6,0,IF(AD6>AE6,AD6-AE6)),-3) -> 38107000 | AG6: =IF(AF6>5000000000,AF6*35%-306000000,IF(AF6>500000000,AF6*30%-56000000,IF(AF6>250000000,AF6*25%-31000000,IF(AF6>60000000,AF6*15%-6000000,AF6*5%)))) -> 1905350 | AH6: =ROUND(IF(E6=0,AG6*120%,AG6),0) -> 1905350 | AI6: ='PAJAK JAN-NOV'!R3-'PAJAK JAN-NOV'!Q3 -> 1582520 | AJ6: =IF(AG6<=AI6,0,IF(AG6>AI6,AG6-AI6)) -> 322830 | AL6: =AI6-AH6 -> -322830
B7: 2 | C7: =+PERBULAN!B7 -> SUHARMAN | D7: 1902051909730001 | E7: 97.228.314.7-305.000 | F7: DSN. AIR BEGANTUNG RT.009 RW.003 DESA KACANG BUTOR KEC. BADAU | G7: KARYAWAN PERAWATAN | H7: L | I7: K/0 | J7: =IF(ISBLANK(I7),"",IF(OR(I7="TK/0",I7="TK/1",I7="K/0"),"TER A",IF(I7="K/3","TER C","TER B"))) -> TER A | K7: 1 | M7: =[3]NURSERY!$AJ11-[3]NURSERY!$BK11 -> 5888013.2 | O7: =[3]NURSERY!$BK11 -> 89000 | P7: 0 | Q7: =SUM(M7:P7) -> 5977013.2 | R7: =+PERBULAN!S7 -> 4059600 | S7: =+SETAHUN!K8 -> 200000 | T7: 0 | U7: =+SETAHUN!F8+M7+N7 -> 67471593 | W7: =+SETAHUN!U8+O7 -> 2194119.8 | X7: 0 | Y7: 0 | Z7: =SUM(R7:T7) -> 4259600 | AA7: =SUM(U7:Z7) -> 73925313 | AB7: =ROUND(IF((AA7)*5%>6000000,6000000,(AA7)*5%),0) -> 3696266 | AC7: =('ASTEK+PENSIUN'!O9+'ASTEK+PENSIUN'!O52)+[3]NURSERY!$BM11 -> 1456420.8 | AD7: =AA7-AB7-AC7 -> 68772626 | AE7: =IFERROR(VLOOKUP(I7,TARIF,3,FALSE),0) -> 58500000 | AF7: =ROUNDDOWN(IF(AD7<=AE7,0,IF(AD7>AE7,AD7-AE7)),-3) -> 10272000 | AG7: =IF(AF7>5000000000,AF7*35%-306000000,IF(AF7>500000000,AF7*30%-56000000,IF(AF7>250000000,AF7*25%-31000000,IF(AF7>60000000,AF7*15%-6000000,AF7*5%)))) -> 513600 | AH7: =ROUND(IF(E7=0,AG7*120%,AG7),0) -> 513600 | AI7: ='PAJAK JAN-NOV'!R4-'PAJAK JAN-NOV'!Q4 -> 563003 | AJ7: =IF(AG7<=AI7,0,IF(AG7>AI7,AG7-AI7)) -> 0 | AL7: =AI7-AH7 -> 49403
B8: 3 | C8: =+PERBULAN!B8 -> DARMAWAN | D8: 1902050708720001 | E8: 97.237.829.3-305.000 | F8: DSN AIR BATU BUDING RT. 004 RW. 002 DESA AIR BATU BUDING KEC. BADAU | G8: KARYAWAN PERAWATAN | H8: L | I8: K/1 | J8: =IF(ISBLANK(I8),"",IF(OR(I8="TK/0",I8="TK/1",I8="K/0"),"TER A",IF(I8="K/3","TER C","TER B"))) -> TER B | K8: 1 | M8: =[3]NURSERY!$AJ12-[3]NURSERY!$BK12 -> 6077065.8 | O8: =[3]NURSERY!$BK12 -> 92500 | P8: 0 | Q8: =SUM(M8:P8) -> 6169565.8 | R8: =+PERBULAN!S8 -> 4105100 | S8: =+SETAHUN!K9 -> 600000 | T8: 0 | U8: =+SETAHUN!F9+M8+N8 -> 69191070 | W8: =+SETAHUN!U9+O8 -> 2199166.8 | X8: 0 | Y8: 0 | Z8: =SUM(R8:T8) -> 4705100 | AA8: =SUM(U8:Z8) -> 76095337 | AB8: =ROUND(IF((AA8)*5%>6000000,6000000,(AA8)*5%),0) -> 3804767 | AC8: =('ASTEK+PENSIUN'!O10+'ASTEK+PENSIUN'!O53)+[3]NURSERY!$BM12 -> 1457085.8 | AD8: =AA8-AB8-AC8 -> 70833484 | AE8: =IFERROR(VLOOKUP(I8,TARIF,3,FALSE),0) -> 63000000 | AF8: =ROUNDDOWN(IF(AD8<=AE8,0,IF(AD8>AE8,AD8-AE8)),-3) -> 7833000 | AG8: =IF(AF8>5000000000,AF8*35%-306000000,IF(AF8>500000000,AF8*30%-56000000,IF(AF8>250000000,AF8*25%-31000000,IF(AF8>60000000,AF8*15%-6000000,AF8*5%)))) -> 391650 | AH8: =ROUND(IF(E8=0,AG8*120%,AG8),0) -> 391650 | AI8: ='PAJAK JAN-NOV'!R5-'PAJAK JAN-NOV'!Q5 -> 318239 | AJ8: =IF(AG8<=AI8,0,IF(AG8>AI8,AG8-AI8)) -> 73411 | AL8: =AI8-AH8 -> -73411
B9: 4 | C9: =+PERBULAN!B9 -> SUMARDI | D9: 1902050109770001 | E9: 97.228.327.9-305.000 | F9: DSN AIR BATU BUDING RT. 004 RW. 002 DESA AIR BATU BUDING KEC. BADAU | G9: KARYAWAN PERAWATAN | H9: L | I9: K/1 | J9: =IF(ISBLANK(I9),"",IF(OR(I9="TK/0",I9="TK/1",I9="K/0"),"TER A",IF(I9="K/3","TER C","TER B"))) -> TER B | K9: 1 | M9: =[3]NURSERY!$AJ13-[3]NURSERY!$BK13 -> 6626064.1 | O9: =[3]NURSERY!$BK13 -> 92500 | P9: 0 | Q9: =SUM(M9:P9) -> 6718564.1 | R9: =+PERBULAN!S9 -> 4105100 | S9: =+SETAHUN!K10 -> 600000 | T9: 0 | U9: =+SETAHUN!F10+M9+N9 -> 68055256 | W9: =+SETAHUN!U10+O9 -> 2199446.8 | X9: 0 | Y9: 0 | Z9: =SUM(R9:T9) -> 4705100 | AA9: =SUM(U9:Z9) -> 74959803 | AB9: =ROUND(IF((AA9)*5%>6000000,6000000,(AA9)*5%),0) -> 3747990 | AC9: =('ASTEK+PENSIUN'!O11+'ASTEK+PENSIUN'!O54)+[3]NURSERY!$BM13 -> 1457085.8 | AD9: =AA9-AB9-AC9 -> 69754727 | AE9: =IFERROR(VLOOKUP(I9,TARIF,3,FALSE),0) -> 63000000 | AF9: =ROUNDDOWN(IF(AD9<=AE9,0,IF(AD9>AE9,AD9-AE9)),-3) -> 6754000 | AG9: =IF(AF9>5000000000,AF9*35%-306000000,IF(AF9>500000000,AF9*30%-56000000,IF(AF9>250000000,AF9*25%-31000000,IF(AF9>60000000,AF9*15%-6000000,AF9*5%)))) -> 337700 | AH9: =ROUND(IF(E9=0,AG9*120%,AG9),0) -> 337700 | AI9: ='PAJAK JAN-NOV'!R6-'PAJAK JAN-NOV'!Q6 -> 292553 | AJ9: =IF(AG9<=AI9,0,IF(AG9>AI9,AG9-AI9)) -> 45147 | AL9: =AI9-AH9 -> -45147
B10: 5 | C10: =+PERBULAN!B10 -> EKI SUMANTRI | D10: 1607051709920004 | E10: - | F10: DESA TAJA RAYA I RT 008 RW 003 KEC. BETUNG KAB. BANYUASIN | G10: KARYAWAN PERAWATAN | H10: L | I10: K/1 | J10: =IF(ISBLANK(I10),"",IF(OR(I10="TK/0",I10="TK/1",I10="K/0"),"TER A",IF(I10="K/3","TER C","TER B"))) -> TER B | K10: 1 | M10: =[3]NURSERY!$AJ14-[3]NURSERY!$BK14 -> 8093794.1 | O10: =[3]NURSERY!$BK14 -> 18000 | P10: 0 | Q10: =SUM(M10:P10) -> 8111794.1 | R10: =+PERBULAN!S10 -> 4031100 | S10: =+SETAHUN!K11 -> 600000 | T10: 0 | U10: =+SETAHUN!F11+M10+N10 -> 71882948 | W10: =+SETAHUN!U11+O10 -> 2089857.8 | X10: 0 | Y10: 0 | Z10: =SUM(R10:T10) -> 4631100 | AA10: =SUM(U10:Z10) -> 78603906 | AB10: =ROUND(IF((AA10)*5%>6000000,6000000,(AA10)*5%),0) -> 3930195 | AC10: =('ASTEK+PENSIUN'!O12+'ASTEK+PENSIUN'!O55)+[3]NURSERY!$BM14 -> 1442930.8 | AD10: =AA10-AB10-AC10 -> 73230780 | AE10: =IFERROR(VLOOKUP(I10,TARIF,3,FALSE),0) -> 63000000 | AF10: =ROUNDDOWN(IF(AD10<=AE10,0,IF(AD10>AE10,AD10-AE10)),-3) -> 10230000 | AG10: =IF(AF10>5000000000,AF10*35%-306000000,IF(AF10>500000000,AF10*30%-56000000,IF(AF10>250000000,AF10*25%-31000000,IF(AF10>60000000,AF10*15%-6000000,AF10*5%)))) -> 511500 | AH10: =ROUND(IF(E10=0,AG10*120%,AG10),0) -> 511500 | AI10: ='PAJAK JAN-NOV'!R7-'PAJAK JAN-NOV'!Q7 -> 359120 | AJ10: =IF(AG10<=AI10,0,IF(AG10>AI10,AG10-AI10)) -> 152380 | AL10: =AI10-AH10 -> -152380
B11: 6 | C11: =+PERBULAN!B11 -> SULISTIYANI SAPUTRI | D11: 1906046307740004 | E11: 97.228.324.6-305.000 | F11: DSN PESARAKAN RT. 008 RW. 003 DESA CENDIL KEC. KELAPA KAMPIT | G11: KARYAWAN PERAWATAN | H11: P | I11: TK/0 | J11: =IF(ISBLANK(I11),"",IF(OR(I11="TK/0",I11="TK/1",I11="K/0"),"TER A",IF(I11="K/3","TER C","TER B"))) -> TER A | K11: 1 | M11: =[3]NURSERY!$AJ15-[3]NURSERY!$BK15 -> 4000120.2 | O11: =[3]NURSERY!$BK15 -> 50500 | P11: 0 | Q11: =SUM(M11:P11) -> 4050620.2 | R11: =+PERBULAN!S11 -> 3991100 | S11: =+SETAHUN!K12 -> 200000 | T11: 0 | U11: =+SETAHUN!F12+M11+N11 -> 47349212 | W11: =+SETAHUN!U12+O11 -> 2137733.4 | X11: 0 | Y11: 0 | Z11: =SUM(R11:T11) -> 4191100 | AA11: =SUM(U11:Z11) -> 53678045 | AB11: =ROUND(IF((AA11)*5%>6000000,6000000,(AA11)*5%),0) -> 2683902 | AC11: =('ASTEK+PENSIUN'!O13+'ASTEK+PENSIUN'!O56)+[3]NURSERY!$BM15 -> 1449000.8 | AD11: =AA11-AB11-AC11 -> 49545142 | AE11: =IFERROR(VLOOKUP(I11,TARIF,3,FALSE),0) -> 54000000 | AF11: =ROUNDDOWN(IF(AD11<=AE11,0,IF(AD11>AE11,AD11-AE11)),-3) -> 0 | AG11: =IF(AF11>5000000000,AF11*35%-306000000,IF(AF11>500000000,AF11*30%-56000000,IF(AF11>250000000,AF11*25%-31000000,IF(AF11>60000000,AF11*15%-6000000,AF11*5%)))) -> 0 | AH11: =ROUND(IF(E11=0,AG11*120%,AG11),0) -> 0 | AI11: ='PAJAK JAN-NOV'!R8-'PAJAK JAN-NOV'!Q8 -> 122576 | AJ11: =IF(AG11<=AI11,0,IF(AG11>AI11,AG11-AI11)) -> 0 | AL11: =AI11-AH11 -> 122576
B12: 7 | C12: =+PERBULAN!B12 -> TRISNAWATI | D12: 1906046011770002 | E12: - | F12: DSN KOPERASI RT. 005 RW. 002 DESA PEMBAHARUAN KEC. KELAPA KAMPIT | G12: KARYAWAN PERAWATAN | H12: P | I12: TK/0 | J12: =IF(ISBLANK(I12),"",IF(OR(I12="TK/0",I12="TK/1",I12="K/0"),"TER A",IF(I12="K/3","TER C","TER B"))) -> TER A | K12: 1 | M12: =[3]NURSERY!$AJ16-[3]NURSERY!$BK16 -> 4131590.2 | O12: =[3]NURSERY!$BK16 -> 21000 | P12: 0 | Q12: =SUM(M12:P12) -> 4152590.2 | R12: =+PERBULAN!S12 -> 3962100 | S12: =+SETAHUN!K13 -> 200000 | T12: 0 | U12: =+SETAHUN!F13+M12+N12 -> 47749764 | W12: =+SETAHUN!U13+O12 -> 2093868.2 | X12: 0 | Y12: 0 | Z12: =SUM(R12:T12) -> 4162100 | AA12: =SUM(U12:Z12) -> 54005732 | AB12: =ROUND(IF((AA12)*5%>6000000,6000000,(AA12)*5%),0) -> 2700287 | AC12: =('ASTEK+PENSIUN'!O14+'ASTEK+PENSIUN'!O57)+[3]NURSERY!$BM16 -> 1443230.8 | AD12: =AA12-AB12-AC12 -> 49862214 | AE12: =IFERROR(VLOOKUP(I12,TARIF,3,FALSE),0) -> 54000000 | AF12: =ROUNDDOWN(IF(AD12<=AE12,0,IF(AD12>AE12,AD12-AE12)),-3) -> 0 | AG12: =IF(AF12>5000000000,AF12*35%-306000000,IF(AF12>500000000,AF12*30%-56000000,IF(AF12>250000000,AF12*25%-31000000,IF(AF12>60000000,AF12*15%-6000000,AF12*5%)))) -> 0 | AH12: =ROUND(IF(E12=0,AG12*120%,AG12),0) -> 0 | AI12: ='PAJAK JAN-NOV'!R9-'PAJAK JAN-NOV'!Q9 -> 121688 | AJ12: =IF(AG12<=AI12,0,IF(AG12>AI12,AG12-AI12)) -> 0 | AL12: =AI12-AH12 -> 121688
B13: 8 | C13: =+PERBULAN!B13 -> ELNI | D13: 1906046603820002 | E13: 55.166.633.2-305.000 | F13: DSN LALANG RT. 002 RW. 001 DESA MENTAWAK KEC. KELAPA KAMPIT | G13: KARYAWAN PERAWATAN | H13: P | I13: TK/0 | J13: =IF(ISBLANK(I13),"",IF(OR(I13="TK/0",I13="TK/1",I13="K/0"),"TER A",IF(I13="K/3","TER C","TER B"))) -> TER A | K13: 1 | M13: =[3]NURSERY!$AJ17-[3]NURSERY!$BK17 -> 4131590.2 | O13: =[3]NURSERY!$BK17 -> 36500 | P13: 0 | Q13: =SUM(M13:P13) -> 4168090.2 | R13: =+PERBULAN!S13 -> 3977100 | S13: =+SETAHUN!K14 -> 200000 | T13: 0 | U13: =+SETAHUN!F14+M13+N13 -> 48398053 | W13: =+SETAHUN!U14+O13 -> 2116307.8 | X13: 0 | Y13: 0 | Z13: =SUM(R13:T13) -> 4177100 | AA13: =SUM(U13:Z13) -> 54691461 | AB13: =ROUND(IF((AA13)*5%>6000000,6000000,(AA13)*5%),0) -> 2734573 | AC13: =('ASTEK+PENSIUN'!O15+'ASTEK+PENSIUN'!O58)+[3]NURSERY!$BM17 -> 1445920.8 | AD13: =AA13-AB13-AC13 -> 50510967 | AE13: =IFERROR(VLOOKUP(I13,TARIF,3,FALSE),0) -> 54000000 | AF13: =ROUNDDOWN(IF(AD13<=AE13,0,IF(AD13>AE13,AD13-AE13)),-3) -> 0 | AG13: =IF(AF13>5000000000,AF13*35%-306000000,IF(AF13>500000000,AF13*30%-56000000,IF(AF13>250000000,AF13*25%-31000000,IF(AF13>60000000,AF13*15%-6000000,AF13*5%)))) -> 0 | AH13: =ROUND(IF(E13=0,AG13*120%,AG13),0) -> 0 | AI13: ='PAJAK JAN-NOV'!R10-'PAJAK JAN-NOV'!Q10 -> 122147 | AJ13: =IF(AG13<=AI13,0,IF(AG13>AI13,AG13-AI13)) -> 0 | AL13: =AI13-AH13 -> 122147
B14: 9 | C14: =+PERBULAN!B14 -> YUSTIANA | D14: 1906046609780003 | E14: 97.228.361.8-305.000 | F14: DSN BUDING RT. 003 RW. 001 DESA BUDING KEC. KELAPA KAMPIT | G14: KARYAWAN PERAWATAN | H14: P | I14: TK/0 | J14: =IF(ISBLANK(I14),"",IF(OR(I14="TK/0",I14="TK/1",I14="K/0"),"TER A",IF(I14="K/3","TER C","TER B"))) -> TER A | K14: 1 | M14: =[3]NURSERY!$AJ18-[3]NURSERY!$BK18 -> 4131590.2 | O14: =[3]NURSERY!$BK18 -> 57500 | P14: 0 | Q14: =SUM(M14:P14) -> 4189090.2 | R14: =+PERBULAN!S14 -> 3998100 | S14: =+SETAHUN!K15 -> 600000 | T14: 0 | U14: =+SETAHUN!F15+M14+N14 -> 49495077 | W14: =+SETAHUN!U15+O14 -> 2147768.6 | X14: 0 | Y14: 0 | Z14: =SUM(R14:T14) -> 4598100 | AA14: =SUM(U14:Z14) -> 56240945 | AB14: =ROUND(IF((AA14)*5%>6000000,6000000,(AA14)*5%),0) -> 2812047 | AC14: =('ASTEK+PENSIUN'!O16+'ASTEK+PENSIUN'!O59)+[3]NURSERY!$BM18 -> 1450120.8 | AD14: =AA14-AB14-AC14 -> 51978777 | AE14: =IFERROR(VLOOKUP(I14,TARIF,3,FALSE),0) -> 54000000 | AF14: =ROUNDDOWN(IF(AD14<=AE14,0,IF(AD14>AE14,AD14-AE14)),-3) -> 0 | AG14: =IF(AF14>5000000000,AF14*35%-306000000,IF(AF14>500000000,AF14*30%-56000000,IF(AF14>250000000,AF14*25%-31000000,IF(AF14>60000000,AF14*15%-6000000,AF14*5%)))) -> 0 | AH14: =ROUND(IF(E14=0,AG14*120%,AG14),0) -> 0 | AI14: ='PAJAK JAN-NOV'!R11-'PAJAK JAN-NOV'!Q11 -> 124762 | AJ14: =IF(AG14<=AI14,0,IF(AG14>AI14,AG14-AI14)) -> 0 | AL14: =AI14-AH14 -> 124762
B15: 10 | C15: =+PERBULAN!B15 -> YULIANA | D15: 1906044807940004 | E15: 55.166.797.5.305.000 | F15: JL TANJUNG KELAYANG RT. 030 RW. 006 DESA TANJUNG BINGA KEC. SIJUK | G15: KARYAWAN PERAWATAN | H15: P | I15: TK/0 | J15: =IF(ISBLANK(I15),"",IF(OR(I15="TK/0",I15="TK/1",I15="K/0"),"TER A",IF(I15="K/3","TER C","TER B"))) -> TER A | K15: 1 | M15: =[3]NURSERY!$AJ19-[3]NURSERY!$BK19 -> 4131590.2 | O15: =[3]NURSERY!$BK19 -> 36500 | P15: 0 | Q15: =SUM(M15:P15) -> 4168090.2 | R15: =+PERBULAN!S15 -> 3977100 | S15: =+SETAHUN!K16 -> 600000 | T15: 0 | U15: =+SETAHUN!F16+M15+N15 -> 49290689 | W15: =+SETAHUN!U16+O15 -> 2116307.8 | X15: 0 | Y15: 0 | Z15: =SUM(R15:T15) -> 4577100 | AA15: =SUM(U15:Z15) -> 55984097 | AB15: =ROUND(IF((AA15)*5%>6000000,6000000,(AA15)*5%),0) -> 2799205 | AC15: =('ASTEK+PENSIUN'!O17+'ASTEK+PENSIUN'!O60)+[3]NURSERY!$BM19 -> 1445920.8 | AD15: =AA15-AB15-AC15 -> 51738971 | AE15: =IFERROR(VLOOKUP(I15,TARIF,3,FALSE),0) -> 54000000 | AF15: =ROUNDDOWN(IF(AD15<=AE15,0,IF(AD15>AE15,AD15-AE15)),-3) -> 0 | AG15: =IF(AF15>5000000000,AF15*35%-306000000,IF(AF15>500000000,AF15*30%-56000000,IF(AF15>250000000,AF15*25%-31000000,IF(AF15>60000000,AF15*15%-6000000,AF15*5%)))) -> 0 | AH15: =ROUND(IF(E15=0,AG15*120%,AG15),0) -> 0 | AI15: ='PAJAK JAN-NOV'!R12-'PAJAK JAN-NOV'!Q12 -> 124119 | AJ15: =IF(AG15<=AI15,0,IF(AG15>AI15,AG15-AI15)) -> 0 | AL15: =AI15-AH15 -> 124119
B16: 11 | C16: =+PERBULAN!B16 -> SALMIA | D16: 1906044210780002 | E16: 97.228.362.6-305.000 | F16: DSN BUDING RT. 001 RW. 001 DESA BUDING KEC. KELAPA KAMPIT | G16: KARYAWAN PERAWATAN | H16: P | I16: TK/0 | J16: =IF(ISBLANK(I16),"",IF(OR(I16="TK/0",I16="TK/1",I16="K/0"),"TER A",IF(I16="K/3","TER C","TER B"))) -> TER A | K16: 1 | M16: =[3]NURSERY!$AJ20-[3]NURSERY!$BK20 -> 4131590.2 | O16: =[3]NURSERY!$BK20 -> 57500 | P16: 0 | Q16: =SUM(M16:P16) -> 4189090.2 | R16: =+PERBULAN!S16 -> 3998100 | S16: =+SETAHUN!K17 -> 600000 | T16: 0 | U16: =+SETAHUN!F17+M16+N16 -> 49528689 | W16: =+SETAHUN!U17+O16 -> 2147768.6 | X16: 0 | Y16: 0 | Z16: =SUM(R16:T16) -> 4598100 | AA16: =SUM(U16:Z16) -> 56274557 | AB16: =ROUND(IF((AA16)*5%>6000000,6000000,(AA16)*5%),0) -> 2813728 | AC16: =('ASTEK+PENSIUN'!O18+'ASTEK+PENSIUN'!O61)+[3]NURSERY!$BM20 -> 1450120.8 | AD16: =AA16-AB16-AC16 -> 52010708 | AE16: =IFERROR(VLOOKUP(I16,TARIF,3,FALSE),0) -> 54000000 | AF16: =ROUNDDOWN(IF(AD16<=AE16,0,IF(AD16>AE16,AD16-AE16)),-3) -> 0 | AG16: =IF(AF16>5000000000,AF16*35%-306000000,IF(AF16>500000000,AF16*30%-56000000,IF(AF16>250000000,AF16*25%-31000000,IF(AF16>60000000,AF16*15%-6000000,AF16*5%)))) -> 0 | AH16: =ROUND(IF(E16=0,AG16*120%,AG16),0) -> 0 | AI16: ='PAJAK JAN-NOV'!R13-'PAJAK JAN-NOV'!Q13 -> 124762 | AJ16: =IF(AG16<=AI16,0,IF(AG16>AI16,AG16-AI16)) -> 0 | AL16: =AI16-AH16 -> 124762
B17: 12 | C17: =+PERBULAN!B17 -> SISWANDI | D17: 1906042509710002 | E17: 97.228.330.3-305.000 | F17: DSN PADANG RT. 002 RW. 001 DESA MENTAWAK KEC. KELAPA KAMPIT | G17: KARYAWAN PERAWATAN | H17: L | I17: K/0 | J17: =IF(ISBLANK(I17),"",IF(OR(I17="TK/0",I17="TK/1",I17="K/0"),"TER A",IF(I17="K/3","TER C","TER B"))) -> TER A | K17: 1 | M17: =[3]NURSERY!$AJ21-[3]NURSERY!$BK21 -> 3868650.2 | O17: =[3]NURSERY!$BK21 -> 50500 | P17: 0 | Q17: =SUM(M17:P17) -> 3919150.2 | R17: =+PERBULAN!S17 -> 4034600 | S17: =+SETAHUN!K18 -> 200000 | T17: 0 | U17: =+SETAHUN!F18+M17+N17 -> 48583333 | W17: =+SETAHUN!U18+O17 -> 2137225.2 | X17: 0 | Y17: 0 | Z17: =SUM(R17:T17) -> 4234600 | AA17: =SUM(U17:Z17) -> 54955158 | AB17: =ROUND(IF((AA17)*5%>6000000,6000000,(AA17)*5%),0) -> 2747758 | AC17: =('ASTEK+PENSIUN'!O19+'ASTEK+PENSIUN'!O62)+[3]NURSERY!$BM21 -> 1448685.8 | AD17: =AA17-AB17-AC17 -> 50758714 | AE17: =IFERROR(VLOOKUP(I17,TARIF,3,FALSE),0) -> 58500000 | AF17: =ROUNDDOWN(IF(AD17<=AE17,0,IF(AD17>AE17,AD17-AE17)),-3) -> 0 | AG17: =IF(AF17>5000000000,AF17*35%-306000000,IF(AF17>500000000,AF17*30%-56000000,IF(AF17>250000000,AF17*25%-31000000,IF(AF17>60000000,AF17*15%-6000000,AF17*5%)))) -> 0 | AH17: =ROUND(IF(E17=0,AG17*120%,AG17),0) -> 0 | AI17: ='PAJAK JAN-NOV'!R14-'PAJAK JAN-NOV'!Q14 -> 125874 | AJ17: =IF(AG17<=AI17,0,IF(AG17>AI17,AG17-AI17)) -> 0 | AL17: =AI17-AH17 -> 125874
... B21: 16 | C21: =+PERBULAN!B21 -> ARLINI | D21: 1902016004770002 | E21: 97.228.571.2-305.000 | F21: JL SIJUK RT. 017 RW. 005 DESA AIR KETEKOK KEC. TANJUNGPANDAN | G21: KERANI | H21: P | I21: TK/0 | J21: =IF(ISBLANK(I21),"",IF(OR(I21="TK/0",I21="TK/1",I21="K/0"),"TER A",IF(I21="K/3","TER C","TER B"))) -> TER A | K21: 1 | M21: =[3]NURSERY!$AJ25-[3]NURSERY!$BK25 -> 4455487.3 | O21: =[3]NURSERY!$BK25 -> 50500 | P21: 0 | Q21: =SUM(M21:P21) -> 4505987.3 | R21: =+PERBULAN!S21 -> 3994600 | S21: =+SETAHUN!K22 -> 600000 | T21: 0 | U21: =+SETAHUN!F22+M21+N21 -> 64269510 | W21: =+SETAHUN!U22+O21 -> 2138742.8 | X21: 0 | Y21: 0 | Z21: =SUM(R21:T21) -> 4594600 | AA21: =SUM(U21:Z21) -> 71002852 | AB21: =ROUND(IF((AA21)*5%>6000000,6000000,(AA21)*5%),0) -> 3550143 | AC21: =('ASTEK+PENSIUN'!O23+'ASTEK+PENSIUN'!O66)+[3]NURSERY!$BM25 -> 1449105.8 | AD21: =AA21-AB21-AC21 -> 66003604 | AE21: =IFERROR(VLOOKUP(I21,TARIF,3,FALSE),0) -> 54000000 | AF21: =ROUNDDOWN(IF(AD21<=AE21,0,IF(AD21>AE21,AD21-AE21)),-3) -> 12003000 | AG21: =IF(AF21>5000000000,AF21*35%-306000000,IF(AF21>500000000,AF21*30%-56000000,IF(AF21>250000000,AF21*25%-31000000,IF(AF21>60000000,AF21*15%-6000000,AF21*5%)))) -> 600150 | AH21: =ROUND(IF(E21=0,AG21*120%,AG21),0) -> 600150 | AI21: ='PAJAK JAN-NOV'!R18-'PAJAK JAN-NOV'!Q18 -> 455121 | AJ21: =IF(AG21<=AI21,0,IF(AG21>AI21,AG21-AI21)) -> 145029 | AL21: =AI21-AH21 -> -145029
B22: 17 | C22: =+PERBULAN!B22 -> 0 | J22: =IF(ISBLANK(I22),"",IF(OR(I22="TK/0",I22="TK/1",I22="K/0"),"TER A",IF(I22="K/3","TER C","TER B"))) | P22: 0 | Q22: =SUM(M22:P22) -> 0 | R22: =+PERBULAN!S22 -> 0 | S22: =+SETAHUN!K23 -> 0 | T22: 0 | U22: =+SETAHUN!F23+M22+N22 -> 0 | W22: =+SETAHUN!U23+O22 -> 0 | X22: 0 | Y22: 0 | Z22: =SUM(R22:T22) -> 0 | AA22: =SUM(U22:Z22) -> 0 | AB22: =ROUND(IF((AA22)*5%>6000000,6000000,(AA22)*5%),0) -> 0 | AC22: =('ASTEK+PENSIUN'!O24+'ASTEK+PENSIUN'!O67) -> 0 | AD22: =AA22-AB22-AC22 -> 0 | AE22: =IFERROR(VLOOKUP(I22,TARIF,3,FALSE),0) -> 0 | AF22: =ROUNDDOWN(IF(AD22<=AE22,0,IF(AD22>AE22,AD22-AE22)),-3) -> 0 | AG22: =IF(AF22>5000000000,AF22*35%-306000000,IF(AF22>500000000,AF22*30%-56000000,IF(AF22>250000000,AF22*25%-31000000,IF(AF22>60000000,AF22*15%-6000000,AF22*5%)))) -> 0 | AH22: =ROUND(IF(E22=0,AG22*120%,AG22),0) -> 0 | AI22: =+'PAJAK JAN-NOV'!R19 -> 0 | AJ22: =IF(AG22<=AI22,0,IF(AG22>AI22,AG22-AI22)) -> 0 | AL22: =AI22-AH22 -> 0
B23: 18 | C23: =+PERBULAN!B23 -> 0 | J23: =IF(ISBLANK(I23),"",IF(OR(I23="TK/0",I23="TK/1",I23="K/0"),"TER A",IF(I23="K/3","TER C","TER B"))) | P23: 0 | Q23: =SUM(M23:P23) -> 0 | R23: =+PERBULAN!S23 -> 0 | S23: =+SETAHUN!K24 -> 0 | T23: 0 | U23: =+SETAHUN!F24+M23+N23 -> 0 | W23: =+SETAHUN!U24+O23 -> 0 | X23: 0 | Y23: 0 | Z23: =SUM(R23:T23) -> 0 | AA23: =SUM(U23:Z23) -> 0 | AB23: =ROUND(IF((AA23)*5%>6000000,6000000,(AA23)*5%),0) -> 0 | AC23: =('ASTEK+PENSIUN'!O25+'ASTEK+PENSIUN'!O68) -> 0 | AD23: =AA23-AB23-AC23 -> 0 | AE23: =IFERROR(VLOOKUP(I23,TARIF,3,FALSE),0) -> 0 | AF23: =ROUNDDOWN(IF(AD23<=AE23,0,IF(AD23>AE23,AD23-AE23)),-3) -> 0 | AG23: =IF(AF23>5000000000,AF23*35%-306000000,IF(AF23>500000000,AF23*30%-56000000,IF(AF23>250000000,AF23*25%-31000000,IF(AF23>60000000,AF23*15%-6000000,AF23*5%)))) -> 0 | AH23: =ROUND(IF(E23=0,AG23*120%,AG23),0) -> 0 | AI23: =+'PAJAK JAN-NOV'!R20 -> 0 | AJ23: =IF(AG23<=AI23,0,IF(AG23>AI23,AG23-AI23)) -> 0 | AL23: =AI23-AH23 -> 0
B24: 19 | C24: =+PERBULAN!B24 -> 0 | J24: =IF(ISBLANK(I24),"",IF(OR(I24="TK/0",I24="TK/1",I24="K/0"),"TER A",IF(I24="K/3","TER C","TER B"))) | P24: 0 | Q24: =SUM(M24:P24) -> 0 | R24: =+PERBULAN!S24 -> 0 | S24: =+SETAHUN!K25 -> 0 | T24: 0 | U24: =+SETAHUN!F25+M24+N24 -> 0 | W24: =+SETAHUN!U25+O24 -> 0 | X24: 0 | Y24: 0 | Z24: =SUM(R24:T24) -> 0 | AA24: =SUM(U24:Z24) -> 0 | AB24: =ROUND(IF((AA24)*5%>6000000,6000000,(AA24)*5%),0) -> 0 | AC24: =('ASTEK+PENSIUN'!O26+'ASTEK+PENSIUN'!O69) -> 0 | AD24: =AA24-AB24-AC24 -> 0 | AE24: =IFERROR(VLOOKUP(I24,TARIF,3,FALSE),0) -> 0 | AF24: =ROUNDDOWN(IF(AD24<=AE24,0,IF(AD24>AE24,AD24-AE24)),-3) -> 0 | AG24: =IF(AF24>5000000000,AF24*35%-306000000,IF(AF24>500000000,AF24*30%-56000000,IF(AF24>250000000,AF24*25%-31000000,IF(AF24>60000000,AF24*15%-6000000,AF24*5%)))) -> 0 | AH24: =ROUND(IF(E24=0,AG24*120%,AG24),0) -> 0 | AI24: =+'PAJAK JAN-NOV'!R21 -> 0 | AJ24: =IF(AG24<=AI24,0,IF(AG24>AI24,AG24-AI24)) -> 0 | AL24: =AI24-AH24 -> 0
B25: 20 | C25: =+PERBULAN!B25 -> 0 | J25: =IF(ISBLANK(I25),"",IF(OR(I25="TK/0",I25="TK/1",I25="K/0"),"TER A",IF(I25="K/3","TER C","TER B"))) | P25: 0 | Q25: =SUM(M25:P25) -> 0 | R25: =+PERBULAN!S25 -> 0 | S25: =+SETAHUN!K26 -> 0 | T25: 0 | U25: =+SETAHUN!F26+M25+N25 -> 0 | W25: =+SETAHUN!U26+O25 -> 0 | X25: 0 | Y25: 0 | Z25: =SUM(R25:T25) -> 0 | AA25: =SUM(U25:Z25) -> 0 | AB25: =ROUND(IF((AA25)*5%>6000000,6000000,(AA25)*5%),0) -> 0 | AC25: =('ASTEK+PENSIUN'!O27+'ASTEK+PENSIUN'!O70) -> 0 | AD25: =AA25-AB25-AC25 -> 0 | AE25: =IFERROR(VLOOKUP(I25,TARIF,3,FALSE),0) -> 0 | AF25: =ROUNDDOWN(IF(AD25<=AE25,0,IF(AD25>AE25,AD25-AE25)),-3) -> 0 | AG25: =IF(AF25>5000000000,AF25*35%-306000000,IF(AF25>500000000,AF25*30%-56000000,IF(AF25>250000000,AF25*25%-31000000,IF(AF25>60000000,AF25*15%-6000000,AF25*5%)))) -> 0 | AH25: =ROUND(IF(E25=0,AG25*120%,AG25),0) -> 0 | AI25: =+'PAJAK JAN-NOV'!R22 -> 0 | AJ25: =IF(AG25<=AI25,0,IF(AG25>AI25,AG25-AI25)) -> 0 | AL25: =AI25-AH25 -> 0
B26: 21 | C26: =+PERBULAN!B26 -> 0 | J26: =IF(ISBLANK(I26),"",IF(OR(I26="TK/0",I26="TK/1",I26="K/0"),"TER A",IF(I26="K/3","TER C","TER B"))) | P26: 0 | Q26: =SUM(M26:P26) -> 0 | R26: =+PERBULAN!S26 -> 0 | S26: =+SETAHUN!K27 -> 0 | T26: 0 | U26: =+SETAHUN!F27+M26+N26 -> 0 | W26: =+SETAHUN!U27+O26 -> 0 | X26: 0 | Y26: 0 | Z26: =SUM(R26:T26) -> 0 | AA26: =SUM(U26:Z26) -> 0 | AB26: =ROUND(IF((AA26)*5%>6000000,6000000,(AA26)*5%),0) -> 0 | AC26: =('ASTEK+PENSIUN'!O28+'ASTEK+PENSIUN'!O71) -> 0 | AD26: =AA26-AB26-AC26 -> 0 | AE26: =IFERROR(VLOOKUP(I26,TARIF,3,FALSE),0) -> 0 | AF26: =ROUNDDOWN(IF(AD26<=AE26,0,IF(AD26>AE26,AD26-AE26)),-3) -> 0 | AG26: =IF(AF26>5000000000,AF26*35%-306000000,IF(AF26>500000000,AF26*30%-56000000,IF(AF26>250000000,AF26*25%-31000000,IF(AF26>60000000,AF26*15%-6000000,AF26*5%)))) -> 0 | AH26: =ROUND(IF(E26=0,AG26*120%,AG26),0) -> 0 | AI26: =+'PAJAK JAN-NOV'!R23 -> 0 | AJ26: =IF(AG26<=AI26,0,IF(AG26>AI26,AG26-AI26)) -> 0 | AL26: =AI26-AH26 -> 0
B27: 22 | C27: =+PERBULAN!B27 -> 0 | J27: =IF(ISBLANK(I27),"",IF(OR(I27="TK/0",I27="TK/1",I27="K/0"),"TER A",IF(I27="K/3","TER C","TER B"))) | P27: 0 | Q27: =SUM(M27:P27) -> 0 | R27: =+PERBULAN!S27 -> 0 | S27: =+SETAHUN!K28 -> 0 | T27: 0 | U27: =+SETAHUN!F28+M27+N27 -> 0 | W27: =+SETAHUN!U28+O27 -> 0 | X27: 0 | Y27: 0 | Z27: =SUM(R27:T27) -> 0 | AA27: =SUM(U27:Z27) -> 0 | AB27: =ROUND(IF((AA27)*5%>6000000,6000000,(AA27)*5%),0) -> 0 | AC27: =('ASTEK+PENSIUN'!O29+'ASTEK+PENSIUN'!O72) -> 0 | AD27: =AA27-AB27-AC27 -> 0 | AE27: =IFERROR(VLOOKUP(I27,TARIF,3,FALSE),0) -> 0 | AF27: =ROUNDDOWN(IF(AD27<=AE27,0,IF(AD27>AE27,AD27-AE27)),-3) -> 0 | AG27: =IF(AF27>5000000000,AF27*35%-306000000,IF(AF27>500000000,AF27*30%-56000000,IF(AF27>250000000,AF27*25%-31000000,IF(AF27>60000000,AF27*15%-6000000,AF27*5%)))) -> 0 | AH27: =ROUND(IF(E27=0,AG27*120%,AG27),0) -> 0 | AI27: =+'PAJAK JAN-NOV'!R24 -> 0 | AJ27: =IF(AG27<=AI27,0,IF(AG27>AI27,AG27-AI27)) -> 0 | AL27: =AI27-AH27 -> 0
B28: 23 | C28: =+PERBULAN!B28 -> 0 | J28: =IF(ISBLANK(I28),"",IF(OR(I28="TK/0",I28="TK/1",I28="K/0"),"TER A",IF(I28="K/3","TER C","TER B"))) | P28: 0 | Q28: =SUM(M28:P28) -> 0 | R28: =+PERBULAN!S28 -> 0 | S28: =+SETAHUN!K29 -> 0 | T28: 0 | U28: =+SETAHUN!F29+M28+N28 -> 0 | W28: =+SETAHUN!U29+O28 -> 0 | X28: 0 | Y28: 0 | Z28: =SUM(R28:T28) -> 0 | AA28: =SUM(U28:Z28) -> 0 | AB28: =ROUND(IF((AA28)*5%>6000000,6000000,(AA28)*5%),0) -> 0 | AC28: =('ASTEK+PENSIUN'!O30+'ASTEK+PENSIUN'!O73) -> 0 | AD28: =AA28-AB28-AC28 -> 0 | AE28: =IFERROR(VLOOKUP(I28,TARIF,3,FALSE),0) -> 0 | AF28: =ROUNDDOWN(IF(AD28<=AE28,0,IF(AD28>AE28,AD28-AE28)),-3) -> 0 | AG28: =IF(AF28>5000000000,AF28*35%-306000000,IF(AF28>500000000,AF28*30%-56000000,IF(AF28>250000000,AF28*25%-31000000,IF(AF28>60000000,AF28*15%-6000000,AF28*5%)))) -> 0 | AH28: =ROUND(IF(E28=0,AG28*120%,AG28),0) -> 0 | AI28: =+'PAJAK JAN-NOV'!R25 -> 0 | AJ28: =IF(AG28<=AI28,0,IF(AG28>AI28,AG28-AI28)) -> 0 | AL28: =AI28-AH28 -> 0
B29: 24 | C29: =+PERBULAN!B29 -> 0 | J29: =IF(ISBLANK(I29),"",IF(OR(I29="TK/0",I29="TK/1",I29="K/0"),"TER A",IF(I29="K/3","TER C","TER B"))) | P29: 0 | Q29: =SUM(M29:P29) -> 0 | R29: =+PERBULAN!S29 -> 0 | S29: =+SETAHUN!K30 -> 0 | U29: =+SETAHUN!F30 -> 0 | W29: =+SETAHUN!U30 -> 0 | X29: 0 | Y29: 0 | Z29: =SUM(R29:T29) -> 0 | AA29: =SUM(U29:Z29) -> 0 | AB29: =ROUND(IF((AA29)*5%>6000000,6000000,(AA29)*5%),0) -> 0 | AC29: =('ASTEK+PENSIUN'!O31+'ASTEK+PENSIUN'!O74) -> 0 | AD29: =AA29-AB29-AC29 -> 0 | AE29: =IFERROR(VLOOKUP(I29,TARIF,3,FALSE),0) -> 0 | AF29: =ROUNDDOWN(IF(AQ29>AR29,AQ29-AR29,0),-3) -> 0 | AG29: =IF(AF29>5000000000,AF29*35%-306000000,IF(AF29>500000000,AF29*30%-56000000,IF(AF29>250000000,AF29*25%-31000000,IF(AF29>60000000,AF29*15%-6000000,AF29*5%)))) -> 0 | AH29: =ROUND(IF(E29=0,AG29*120%,AG29),0) -> 0 | AI29: =+'PAJAK JAN-NOV'!R26 -> 0 | AJ29: =IF(AG29<=AI29,0,IF(AG29>AI29,AG29-AI29)) -> 0 | AL29: =AI29-AH29 -> 0
B30: 25 | C30: =+PERBULAN!B30 -> 0 | J30: =IF(ISBLANK(I30),"",IF(OR(I30="TK/0",I30="TK/1",I30="K/0"),"TER A",IF(I30="K/3","TER C","TER B"))) | R30: =+PERBULAN!S30 -> 0 | S30: =+SETAHUN!K31 -> 0 | U30: =+SETAHUN!F31 -> 0 | W30: =+SETAHUN!U31 -> 0 | X30: 0 | Y30: 0 | Z30: =SUM(R30:T30) -> 0 | AA30: =SUM(U30:Z30) -> 0 | AB30: =ROUND(IF((AA30)*5%>6000000,6000000,(AA30)*5%),0) -> 0 | AC30: =('ASTEK+PENSIUN'!O32+'ASTEK+PENSIUN'!O75) -> 0 | AD30: =AA30-AB30-AC30 -> 0 | AE30: =IFERROR(VLOOKUP(I30,TARIF,3,FALSE),0) -> 0 | AF30: =ROUNDDOWN(IF(AQ30>AR30,AQ30-AR30,0),-3) -> 0 | AG30: =IF(AF30>5000000000,AF30*35%-306000000,IF(AF30>500000000,AF30*30%-56000000,IF(AF30>250000000,AF30*25%-31000000,IF(AF30>60000000,AF30*15%-6000000,AF30*5%)))) -> 0 | AH30: =ROUND(IF(E30=0,AG30*120%,AG30),0) -> 0 | AI30: =+'PAJAK JAN-NOV'!R27 -> 0 | AJ30: =IF(AG30<=AI30,0,IF(AG30>AI30,AG30-AI30)) -> 0 | AL30: =AI30-AH30 -> 0
B31: 26 | C31: =+PERBULAN!B31 -> 0 | J31: =IF(ISBLANK(I31),"",IF(OR(I31="TK/0",I31="TK/1",I31="K/0"),"TER A",IF(I31="K/3","TER C","TER B"))) | R31: =+PERBULAN!S31 -> 0 | U31: =+SETAHUN!F32 -> 0 | W31: =+SETAHUN!U32 -> 0 | X31: 0 | Y31: 0 | Z31: =SUM(R31:T31) -> 0 | AA31: =SUM(U31:Z31) -> 0 | AB31: =ROUND(IF((AA31)*5%>6000000,6000000,(AA31)*5%),0) -> 0 | AC31: =('ASTEK+PENSIUN'!O33+'ASTEK+PENSIUN'!O76) -> 0 | AD31: =AA31-AB31-AC31 -> 0 | AE31: =IFERROR(VLOOKUP(I31,TARIF,3,FALSE),0) -> 0 | AF31: =ROUNDDOWN(IF(AQ31>AR31,AQ31-AR31,0),-3) -> 0 | AG31: =IF(AF31>5000000000,AF31*35%-306000000,IF(AF31>500000000,AF31*30%-56000000,IF(AF31>250000000,AF31*25%-31000000,IF(AF31>60000000,AF31*15%-6000000,AF31*5%)))) -> 0 | AH31: =ROUND(IF(E31=0,AG31*120%,AG31),0) -> 0 | AI31: =+'PAJAK JAN-NOV'!R28 -> 0 | AJ31: =IF(AG31<=AI31,0,IF(AG31>AI31,AG31-AI31)) -> 0 | AL31: =AI31-AH31 -> 0
B32: 27 | C32: =+PERBULAN!B32 -> 0 | J32: =IF(ISBLANK(I32),"",IF(OR(I32="TK/0",I32="TK/1",I32="K/0"),"TER A",IF(I32="K/3","TER C","TER B"))) | R32: =+PERBULAN!S32 -> 0 | U32: =+SETAHUN!F33 -> 0 | W32: =+SETAHUN!U33 -> 0 | X32: 0 | Y32: 0 | Z32: =SUM(R32:T32) -> 0 | AA32: =SUM(U32:Z32) -> 0 | AB32: =ROUND(IF((AA32)*5%>6000000,6000000,(AA32)*5%),0) -> 0 | AC32: =('ASTEK+PENSIUN'!O34+'ASTEK+PENSIUN'!O77) -> 0 | AD32: =AA32-AB32-AC32 -> 0 | AE32: =IFERROR(VLOOKUP(I32,TARIF,3,FALSE),0) -> 0 | AF32: =ROUNDDOWN(IF(AQ32>AR32,AQ32-AR32,0),-3) -> 0 | AG32: =IF(AF32>5000000000,AF32*35%-306000000,IF(AF32>500000000,AF32*30%-56000000,IF(AF32>250000000,AF32*25%-31000000,IF(AF32>60000000,AF32*15%-6000000,AF32*5%)))) -> 0 | AH32: =ROUND(IF(E32=0,AG32*120%,AG32),0) -> 0 | AI32: =+'PAJAK JAN-NOV'!R29 -> 0 | AJ32: =IF(AG32<=AI32,0,IF(AG32>AI32,AG32-AI32)) -> 0 | AL32: =AI32-AH32 -> 0
B33: 28 | C33: =+PERBULAN!B33 -> 0 | R33: =+PERBULAN!S33 -> 0 | U33: =+SETAHUN!F34 -> 0 | W33: =+SETAHUN!U34 -> 0 | X33: 0 | Y33: 0 | Z33: =SUM(R33:T33) -> 0 | AA33: =SUM(U33:Z33) -> 0 | AB33: =ROUND(IF((AA33)*5%>6000000,6000000,(AA33)*5%),0) -> 0 | AC33: =('ASTEK+PENSIUN'!O35+'ASTEK+PENSIUN'!O78) -> 0 | AD33: =AA33-AB33-AC33 -> 0 | AE33: =IFERROR(VLOOKUP(I33,TARIF,3,FALSE),0) -> 0 | AF33: =ROUNDDOWN(IF(AQ33>AR33,AQ33-AR33,0),-3) -> 0 | AG33: =IF(AF33>5000000000,AF33*35%-306000000,IF(AF33>500000000,AF33*30%-56000000,IF(AF33>250000000,AF33*25%-31000000,IF(AF33>60000000,AF33*15%-6000000,AF33*5%)))) -> 0 | AH33: =ROUND(IF(E33=0,AG33*120%,AG33),0) -> 0 | AI33: =+'PAJAK JAN-NOV'!R30 -> 0 | AJ33: =IF(AG33<=AI33,0,IF(AG33>AI33,AG33-AI33)) -> 0 | AL33: =AI33-AH33 -> 0
B34: 29 | C34: =+PERBULAN!B34 -> 0 | R34: =+PERBULAN!S34 -> 0 | U34: =+SETAHUN!F35 -> 0 | W34: =+SETAHUN!U35 -> 0 | X34: 0 | Y34: 0 | Z34: =SUM(R34:T34) -> 0 | AA34: =SUM(U34:Z34) -> 0 | AB34: =ROUND(IF((AA34)*5%>6000000,6000000,(AA34)*5%),0) -> 0 | AC34: =('ASTEK+PENSIUN'!O36+'ASTEK+PENSIUN'!O79) -> 0 | AD34: =AA34-AB34-AC34 -> 0 | AE34: =IFERROR(VLOOKUP(I34,TARIF,3,FALSE),0) -> 0 | AF34: =ROUNDDOWN(IF(AQ34>AR34,AQ34-AR34,0),-3) -> 0 | AG34: =IF(AF34>5000000000,AF34*35%-306000000,IF(AF34>500000000,AF34*30%-56000000,IF(AF34>250000000,AF34*25%-31000000,IF(AF34>60000000,AF34*15%-6000000,AF34*5%)))) -> 0 | AH34: =ROUND(IF(E34=0,AG34*120%,AG34),0) -> 0 | AI34: =+'PAJAK JAN-NOV'!R31 -> 0 | AJ34: =IF(AG34<=AI34,0,IF(AG34>AI34,AG34-AI34)) -> 0 | AL34: =AI34-AH34 -> 0
B35: 30 | C35: =+PERBULAN!B35 -> 0 | R35: =+PERBULAN!S35 -> 0 | U35: =+SETAHUN!F36 -> 0 | W35: =+SETAHUN!U36 -> 0 | X35: 0 | Y35: 0 | Z35: =SUM(R35:T35) -> 0 | AA35: =SUM(U35:Z35) -> 0 | AB35: =ROUND(IF((AA35)*5%>6000000,6000000,(AA35)*5%),0) -> 0 | AC35: =('ASTEK+PENSIUN'!O37+'ASTEK+PENSIUN'!O80) -> 0 | AD35: =AA35-AB35-AC35 -> 0 | AE35: =IFERROR(VLOOKUP(I35,TARIF,3,FALSE),0) -> 0 | AF35: =ROUNDDOWN(IF(AQ35>AR35,AQ35-AR35,0),-3) -> 0 | AG35: =IF(AF35>5000000000,AF35*35%-306000000,IF(AF35>500000000,AF35*30%-56000000,IF(AF35>250000000,AF35*25%-31000000,IF(AF35>60000000,AF35*15%-6000000,AF35*5%)))) -> 0 | AH35: =ROUND(IF(E35=0,AG35*120%,AG35),0) -> 0 | AI35: =+'PAJAK JAN-NOV'!R32 -> 0 | AJ35: =IF(AG35<=AI35,0,IF(AG35>AI35,AG35-AI35)) -> 0 | AL35: =AI35-AH35 -> 0
B36: 31 | C36: =+PERBULAN!B36 -> 0 | R36: =+PERBULAN!S36 -> 0 | U36: =+SETAHUN!F37 -> 0 | W36: =+SETAHUN!U37 -> 0 | X36: 0 | Y36: 0 | Z36: =SUM(R36:T36) -> 0 | AA36: =SUM(U36:Z36) -> 0 | AB36: =ROUND(IF((AA36)*5%>6000000,6000000,(AA36)*5%),0) -> 0 | AC36: =('ASTEK+PENSIUN'!O38+'ASTEK+PENSIUN'!O81) -> 0 | AD36: =AA36-AB36-AC36 -> 0 | AE36: =IFERROR(VLOOKUP(I36,TARIF,3,FALSE),0) -> 0 | AF36: =ROUNDDOWN(IF(AQ36>AR36,AQ36-AR36,0),-3) -> 0 | AG36: =IF(AF36>5000000000,AF36*35%-306000000,IF(AF36>500000000,AF36*30%-56000000,IF(AF36>250000000,AF36*25%-31000000,IF(AF36>60000000,AF36*15%-6000000,AF36*5%)))) -> 0 | AH36: =ROUND(IF(E36=0,AG36*120%,AG36),0) -> 0 | AI36: =+'PAJAK JAN-NOV'!R33 -> 0 | AJ36: =IF(AG36<=AI36,0,IF(AG36>AI36,AG36-AI36)) -> 0 | AL36: =AI36-AH36 -> 0
B37: 32 | C37: =+PERBULAN!B37 -> 0 | R37: =+PERBULAN!S37 -> 0 | U37: =+SETAHUN!F38 -> 0 | W37: =+SETAHUN!U38 -> 0 | X37: 0 | Y37: 0 | Z37: =SUM(R37:T37) -> 0 | AA37: =SUM(U37:Z37) -> 0 | AB37: =ROUND(IF((AA37)*5%>6000000,6000000,(AA37)*5%),0) -> 0 | AC37: =('ASTEK+PENSIUN'!O39+'ASTEK+PENSIUN'!O82) -> 0 | AD37: =AA37-AB37-AC37 -> 0 | AE37: =IFERROR(VLOOKUP(I37,TARIF,3,FALSE),0) -> 0 | AF37: =ROUNDDOWN(IF(AQ37>AR37,AQ37-AR37,0),-3) -> 0 | AG37: =IF(AF37>5000000000,AF37*35%-306000000,IF(AF37>500000000,AF37*30%-56000000,IF(AF37>250000000,AF37*25%-31000000,IF(AF37>60000000,AF37*15%-6000000,AF37*5%)))) -> 0 | AH37: =ROUND(IF(E37=0,AG37*120%,AG37),0) -> 0 | AI37: =+'PAJAK JAN-NOV'!R34 -> 0 | AJ37: =IF(AG37<=AI37,0,IF(AG37>AI37,AG37-AI37)) -> 0 | AL37: =AI37-AH37 -> 0
B38: 33
M39: =SUM(M6:M37) -> 84845598 | N39: =SUM(N6:N37) -> 0 | O39: =SUM(O6:O37) -> 811500 | P39: =SUM(P6:P37) -> 0 | Q39: =SUM(Q6:Q37) -> 85657098 | R39: =SUM(R6:R37) -> 64418600 | S39: =SUM(S6:S37) -> 6800000 | T39: =SUM(T6:T37) -> 0 | ... AJ39: =SUM(AJ6:AJ37) -> 907252 | AL39: =SUM(AL6:AL32) -> 213359
B41: Catatan : | Q41: =[3]NURSERY!$AJ$26 -> 85657098
B42: 1. yang berwarna adalah rumus
B43: 2. dalam hal terdapat tunjangan PPh, maka ceklis "enable iterative calculation" pada menu (option => formula => pada bagian kanan atas)
B44: 3. kolom pengurang JHT/JP tetap wajib diisi, sebagai pengurang pada masa pajak desember
B45: 4. komponen penghasilan bruto dapat disesuaikan/ditambahkan kolom, sesuai dengan kebutuhan masing2 perusahaan
B46: 5. perubahan status PTKP ditentukan keadaan awal tahun, misal nikah/punya anak ditanggal 2 januari 2024, maka berubah status PTKP nya tahun 2025 | AH46: =SUM(AH41:AH45) -> 0
B47: 6. PPh 21 terutang tersebut sudah memperhitungkan bagi yang tidak memiliki NPWP dengan jumlah PPh Terutang 20% lebih besar.
B48: 7. untuk yang tidak mempunyai NPWP dapat diisi dengan angka Nol
B49: 8. khusus untuk perhitungan pph 21 masa pajak desember, dapat di cek kembali total per komponen penghasilan brutonya
B53: 1 | C53: =+PERBULAN!B120 -> NURANI | D53: 1902015506780006 | E53: 97.228.711.4-305.000 | F53: JL JEND SUDIRMAN AIK RAYAK TIMUR II RT. 036 RW. 012 DESA PERAWAS KEC. TANJUNGPANDAN | G53: MANDOR | H53: P | I53: TK/0 | J53: =IF(ISBLANK(I53),"",IF(OR(I53="TK/0",I53="TK/1",I53="K/0"),"TER A",IF(I53="K/3","TER C","TER B"))) -> TER A | K53: 1 | P53: 0 | Q53: =SUM(M53:P53) -> 0 | R53: =+PERBULAN!S120 -> 3987600 | S53: =+SETAHUN!K115 -> 900000 | T53: 0 | U53: =+SETAHUN!F115+M53+N53 -> 67193480 | W53: =+SETAHUN!U115+O53 -> 2085546.4 | X53: 0 | Y53: 0 | Z53: =SUM(R53:T53) -> 4887600 | AA53: =SUM(U53:Z53) -> 74166626 | AB53: =ROUND(IF((AA53)*5%>6000000,6000000,(AA53)*5%),0) -> 3708331 | AC53: =('ASTEK+PENSIUN'!O43+'ASTEK+PENSIUN'!O88) -> 1286223 | AD53: =AA53-AB53-AC53 -> 69172072 | AE53: =IFERROR(VLOOKUP(I53,TARIF,3,FALSE),0) -> 54000000 | AF53: =ROUNDDOWN(IF(AD53<=AE53,0,IF(AD53>AE53,AD53-AE53)),-3) -> 15172000 | AG53: =IF(AF53>5000000000,AF53*35%-306000000,IF(AF53>500000000,AF53*30%-56000000,IF(AF53>250000000,AF53*25%-31000000,IF(AF53>60000000,AF53*15%-6000000,AF53*5%)))) -> 758600 | AH53: =ROUND(IF(E53=0,AG53*120%,AG53),0) -> 758600 | AI53: =+'PAJAK JAN-NOV'!R48 -> 758511 | AJ53: =IF(AG53<=AI53,0,IF(AG53>AI53,AG53-AI53)) -> 89 | AL53: =AI53-AH53 -> -89
B54: 6 | C54: =+PERBULAN!B121 -> UJANG SANUSI | D54: 1906040404840003 | E54: 75.749.196.4-305.000 | F54: DSN AIR LANCI RT. 013 RW. 005 DESA AIR KELIK KEC. DAMAR KAB. BELITUNG | G54: KARYAWAN PERAWATAN | H54: L | I54: K/1 | J54: =IF(ISBLANK(I54),"",IF(OR(I54="TK/0",I54="TK/1",I54="K/0"),"TER A",IF(I54="K/3","TER C","TER B"))) -> TER B | K54: 1 | P54: 0 | Q54: =SUM(M54:P54) -> 0 | R54: =+PERBULAN!S121 -> 4067100 | S54: =+SETAHUN!K116 -> 600000 | T54: 0 | U54: =+SETAHUN!F116+M54+N54 -> 75600472 | W54: =+SETAHUN!U116+O54 -> 2076435.8 | X54: 0 | Y54: 0 | Z54: =SUM(R54:T54) -> 4667100 | AA54: =SUM(U54:Z54) -> 82344008 | AB54: =ROUND(IF((AA54)*5%>6000000,6000000,(AA54)*5%),0) -> 4117200 | AC54: =('ASTEK+PENSIUN'!O44+'ASTEK+PENSIUN'!O89) -> 1283328 | AD54: =AA54-AB54-AC54 -> 76943480 | AE54: =IFERROR(VLOOKUP(I54,TARIF,3,FALSE),0) -> 63000000 | AF54: =ROUNDDOWN(IF(AD54<=AE54,0,IF(AD54>AE54,AD54-AE54)),-3) -> 13943000 | AG54: =IF(AF54>5000000000,AF54*35%-306000000,IF(AF54>500000000,AF54*30%-56000000,IF(AF54>250000000,AF54*25%-31000000,IF(AF54>60000000,AF54*15%-6000000,AF54*5%)))) -> 697150 | AH54: =ROUND(IF(E54=0,AG54*120%,AG54),0) -> 697150 | AI54: =+'PAJAK JAN-NOV'!R49 -> 707031 | AJ54: =IF(AG54<=AI54,0,IF(AG54>AI54,AG54-AI54)) -> 0 | AL54: =AI54-AH54 -> 9881

Sheet Jan'24
B1: PT. REBINMAS JAYA
B2: INCOME TAX ARTICLE 21 FOR JAN 2024
B3: INFRASTRUKTUR
C4: yang berwarna ini rumus
B5: NO. | C5: NAMA KARYAWAN | D5: N I K / PASPOR | E5: N P W P | F5: A L A M A T | G5: JABATAN | H5: L/P | I5: PTKP | J5: TER | K5: Gaji Pokok | L5: Astek Ins (0,84%) | M5: BPJS KESEHATAN (4%) | N5: Transport Allow | O5: Rice Allow | P5: Structural Allow | Q5: Service Time Allow | R5: Tunjangan Stand - By | S5: Tunjangan PPh | T5: Others Kinerja | U5: THR | V5: EX-GRATIA | W5: Penghasilan Bruto | X5: Tarif TER | Y5: PPh 21 | Z5: PPh 21 Pot Jan'24 | AA5: Selisih | AB5: Keterangan | AD5: BPJS
B6: 1 | C6: YOYO | D6: 1902010509730003 | E6: 972282958305000 | F6: JL MURAI RT. 029 RW. 010 DS PERAWAS TANJUNGPANDAN | H6: L | I6: K/0 | J6: =IF(ISBLANK(I6),"",IF(OR(I6="TK/0",I6="TK/1",I6="K/0"),"TER A",IF(I6="K/3","TER C","TER B"))) -> TER A | K6: 4186418.9 | L6: 30576 | M6: 148040 | S6: 0 | W6: =SUM(K6:V6) -> 4365034.9 | X6: =IF($J6="TER A",VLOOKUP(W6,Ter_A,4,TRUE),IF($J6="TER B",VLOOKUP(W6,Ter_B,4,TRUE),VLOOKUP(W6,Ter_C,4,TRUE))) -> 0 | Y6: =ROUND(IF($E6=0,W6*X6*120%,W6*X6),0) -> 0 | Z6: 0 | AA6: =Z6-Y6 -> 0 | AD6: =SUM(L6+M6) -> 178616
B7: 2 | C7: JAMILA | D7: 1902056811690001 | E7: 972282982305000 | F7: JL MANGGAR RT. 005 RW. 003 DS AIR BATU BUDING KEC. BADAU | H7: P | I7: TK/0 | J7: =IF(ISBLANK(I7),"",IF(OR(I7="TK/0",I7="TK/1",I7="K/0"),"TER A",IF(I7="K/3","TER C","TER B"))) -> TER A | K7: 6238094.6 | L7: 30576 | M7: 148040 | S7: 0 | W7: =SUM(K7:V7) -> 6416710.6 | X7: =IF($J7="TER A",VLOOKUP(W7,Ter_A,4,TRUE),IF($J7="TER B",VLOOKUP(W7,Ter_B,4,TRUE),VLOOKUP(W7,Ter_C,4,TRUE))) -> 0.01 | Y7: =ROUND(IF($E7=0,W7*X7*120%,W7*X7),0) -> 64167 | Z7: 74333.755 | AA7: =Z7-Y7 -> 10166.755 | AB7: Lebih Pot | AD7: =SUM(L7+M7) -> 178616
B8: 3 | C8: JUNI MI'UN | D8: 1902050107700052 | E8: 972283055305000 | F8: JL MANGGAR DSN KEPAYANG RT. 004 RW. 002 DS KACANG BUTOR BADAU | H8: L | I8: K/1 | J8: =IF(ISBLANK(I8),"",IF(OR(I8="TK/0",I8="TK/1",I8="K/0"),"TER A",IF(I8="K/3","TER C","TER B"))) -> TER B | K8: 5122599.1 | L8: 30576 | M8: 147340 | S8: 0 | W8: =SUM(K8:V8) -> 5300515.1 | X8: =IF($J8="TER A",VLOOKUP(W8,Ter_A,4,TRUE),IF($J8="TER B",VLOOKUP(W8,Ter_B,4,TRUE),VLOOKUP(W8,Ter_C,4,TRUE))) -> 0 | Y8: =ROUND(IF($E8=0,W8*X8*120%,W8*X8),0) -> 0 | Z8: 0 | AA8: =Z8-Y8 -> 0 | AD8: =SUM(L8+M8) -> 177916
B9: 4 | C9: SUHANDI | D9: 1906042606860003 | E9: 972282974305000 | F9: JL KOPERASI RT. 004 RW. 002 DESA PEMBAHARUAN KEC. KELAPA KAMPIT | H9: L | I9: K/1 | J9: =IF(ISBLANK(I9),"",IF(OR(I9="TK/0",I9="TK/1",I9="K/0"),"TER A",IF(I9="K/3","TER C","TER B"))) -> TER B | K9: 4540833.3 | L9: 30576 | M9: 147200 | S9: 0 | W9: =SUM(K9:V9) -> 4718609.3 | X9: =IF($J9="TER A",VLOOKUP(W9,Ter_A,4,TRUE),IF($J9="TER B",VLOOKUP(W9,Ter_B,4,TRUE),VLOOKUP(W9,Ter_C,4,TRUE))) -> 0 | Y9: =ROUND(IF($E9=0,W9*X9*120%,W9*X9),0) -> 0 | Z9: 0 | AA9: =Z9-Y9 -> 0 | AD9: =SUM(L9+M9) -> 177776
B10: 5 | C10: MINARNI | D10: 1902056103760002 | E10: 972280226305000 | F10: AIR BATU BUDING RT. 004 RW. 002 DS AIR BATU BUDING KEC. BADAU | H10: P | I10: TK/0 | J10: =IF(ISBLANK(I10),"",IF(OR(I10="TK/0",I10="TK/1",I10="K/0"),"TER A",IF(I10="K/3","TER C","TER B"))) -> TER A | K10: 5185010.9 | L10: 30576 | M10: 147340 | W10: =SUM(K10:V10) -> 5362926.9 | X10: =IF($J10="TER A",VLOOKUP(W10,Ter_A,4,TRUE),IF($J10="TER B",VLOOKUP(W10,Ter_B,4,TRUE),VLOOKUP(W10,Ter_C,4,TRUE))) -> 0 | Y10: =ROUND(IF($E10=0,W10*X10*120%,W10*X10),0) -> 0 | Z10: 24279.029 | AA10: =Z10-Y10 -> 24279.029 | AB10: Lebih Pot | AD10: =SUM(L10+M10) -> 177916
B11: 6 | C11: SUPRIADI | D11: 1902052812870001 | E11: 972283014305000 | F11: JL AIR BEGANTUNG RT. 009 RW. 003 DS KACANG BUTOR KEC.BADAU | H11: L | I11: K/2 | J11: =IF(ISBLANK(I11),"",IF(OR(I11="TK/0",I11="TK/1",I11="K/0"),"TER A",IF(I11="K/3","TER C","TER B"))) -> TER B | K11: 3975733.3 | L11: 30576 | M11: 147480 | W11: =SUM(K11:V11) -> 4153789.3 | X11: =IF($J11="TER A",VLOOKUP(W11,Ter_A,4,TRUE),IF($J11="TER B",VLOOKUP(W11,Ter_B,4,TRUE),VLOOKUP(W11,Ter_C,4,TRUE))) -> 0 | Y11: =ROUND(IF($E11=0,W11*X11*120%,W11*X11),0) -> 0 | Z11: 0 | AA11: =Z11-Y11 -> 0 | AD11: =SUM(L11+M11) -> 178056
B12: 7 | C12: HARIAH | D12: 1902014909730007 | E12: 972283048305000 | F12: PELATARAN AIR KETEKOK RT. 001 RW. 001 DS AIR KETEKOK TANJUNGPANDAN | H12: P | I12: TK/0 | J12: =IF(ISBLANK(I12),"",IF(OR(I12="TK/0",I12="TK/1",I12="K/0"),"TER A",IF(I12="K/3","TER C","TER B"))) -> TER A | K12: 6497640.8 | L12: 30576 | M12: 147060 | W12: =SUM(K12:V12) -> 6675276.8 | X12: =IF($J12="TER A",VLOOKUP(W12,Ter_A,4,TRUE),IF($J12="TER B",VLOOKUP(W12,Ter_B,4,TRUE),VLOOKUP(W12,Ter_C,4,TRUE))) -> 0.01 | Y12: =ROUND(IF($E12=0,W12*X12*120%,W12*X12),0) -> 66753 | Z12: 86615.65 | AA12: =Z12-Y12 -> 19862.65 | AB12: Lebih Pot | AD12: =SUM(L12+M12) -> 177636
B13: 8 | C13: YUSMARDIAN | D13: 1906042403820005 | E13: 972280150305000 | F13: DSN SENYUBUK RT. 001 RW. 001 DESA MENTAWAK KEC. KELAPA KAMPIT | H13: L | I13: K/2 | J13: =IF(ISBLANK(I13),"",IF(OR(I13="TK/0",I13="TK/1",I13="K/0"),"TER A",IF(I13="K/3","TER C","TER B"))) -> TER B | K13: 4399572.2 | L13: 30576 | M13: 147200 | W13: =SUM(K13:V13) -> 4577348.2 | X13: =IF($J13="TER A",VLOOKUP(W13,Ter_A,4,TRUE),IF($J13="TER B",VLOOKUP(W13,Ter_B,4,TRUE),VLOOKUP(W13,Ter_C,4,TRUE))) -> 0 | Y13: =ROUND(IF($E13=0,W13*X13*120%,W13*X13),0) -> 0 | Z13: 0 | AA13: =Z13-Y13 -> 0 | AD13: =SUM(L13+M13) -> 177776
B14: 11 | C14: YULHANI | D14: 1902051010760007 | E14: 972285720305000 | F14: JL MANGGAR AIR BEGANTUNG RT. 008 RW. 003 DESA KACANG BUTOR BADAU | H14: L | I14: K/0 | J14: =IF(ISBLANK(I14),"",IF(OR(I14="TK/0",I14="TK/1",I14="K/0"),"TER A",IF(I14="K/3","TER C","TER B"))) -> TER A | K14: 3933933.3 | L14: 30576 | M14: 148040 | W14: =SUM(K14:V14) -> 4112549.3 | X14: =IF($J14="TER A",VLOOKUP(W14,Ter_A,4,TRUE),IF($J14="TER B",VLOOKUP(W14,Ter_B,4,TRUE),VLOOKUP(W14,Ter_C,4,TRUE))) -> 0 | Y14: =ROUND(IF($E14=0,W14*X14*120%,W14*X14),0) -> 0 | Z14: 0 | AA14: =Z14-Y14 -> 0 | AD14: =SUM(L14+M14) -> 178616
B15: 12 | C15: HENDRIX | D15: 1906041308920003 | E15: 743653768305000 | F15: DSN MERDEKA RT. 006 RW. 002 DS SENYUBUK KEC. KELAPA KAMPIT | H15: L | I15: K/1 | J15: =IF(ISBLANK(I15),"",IF(OR(I15="TK/0",I15="TK/1",I15="K/0"),"TER A",IF(I15="K/3","TER C","TER B"))) -> TER B | K15: 3930833.3 | L15: 30576 | M15: 146800 | W15: =SUM(K15:V15) -> 4108209.3 | X15: =IF($J15="TER A",VLOOKUP(W15,Ter_A,4,TRUE),IF($J15="TER B",VLOOKUP(W15,Ter_B,4,TRUE),VLOOKUP(W15,Ter_C,4,TRUE))) -> 0 | Y15: =ROUND(IF($E15=0,W15*X15*120%,W15*X15),0) -> 0 | Z15: 0 | AA15: =Z15-Y15 -> 0 | AD15: =SUM(L15+M15) -> 177376
B16: 13 | C16: ARIANTO.B | D16: 1902052202690002 | E16: 972283287305000 | F16: DSN KACANG BUTOR RT. 001 RW. 001 DESA KACANG BUTOR KEC. BADAU | H16: L | I16: K/1 | J16: =IF(ISBLANK(I16),"",IF(OR(I16="TK/0",I16="TK/1",I16="K/0"),"TER A",IF(I16="K/3","TER C","TER B"))) -> TER B | K16: 3961833.3 | L16: 30576 | M16: 148040 | W16: =SUM(K16:V16) -> 4140449.3 | X16: =IF($J16="TER A",VLOOKUP(W16,Ter_A,4,TRUE),IF($J16="TER B",VLOOKUP(W16,Ter_B,4,TRUE),VLOOKUP(W16,Ter_C,4,TRUE))) -> 0 | Y16: =ROUND(IF($E16=0,W16*X16*120%,W16*X16),0) -> 0 | Z16: 0 | AA16: =Z16-Y16 -> 0 | AD16: =SUM(L16+M16) -> 178616
B17: 14 | C17: NANDI | D17: 1902053006780001 | E17: 972282966305000 | F17: JL. MANGGAR DSN. KACANG BUTOR RT.001 RW.001 DS. KACANG BUTOR KEC. BADAU | H17: L | I17: K/1 | J17: =IF(ISBLANK(I17),"",IF(OR(I17="TK/0",I17="TK/1",I17="K/0"),"TER A",IF(I17="K/3","TER C","TER B"))) -> TER B | K17: 3996000 | L17: 30576 | M17: 148040 | W17: =SUM(K17:V17) -> 4174616 | X17: =IF($J17="TER A",VLOOKUP(W17,Ter_A,4,TRUE),IF($J17="TER B",VLOOKUP(W17,Ter_B,4,TRUE),VLOOKUP(W17,Ter_C,4,TRUE))) -> 0 | Y17: =ROUND(IF($E17=0,W17*X17*120%,W17*X17),0) -> 0 | Z17: 0 | AA17: =Z17-Y17 -> 0 | AD17: =SUM(L17+M17) -> 178616
B18: 9 | C18: KAMELIA | D18: 1902051606760003 | E18: 972280218305000 | F18: JL MANGGAR DSN PARIT GUNUNG RT. 006 RW. 003 DS AIR BATU BUDING BADAU | H18: L | I18: K/0 | J18: =IF(ISBLANK(I18),"",IF(OR(I18="TK/0",I18="TK/1",I18="K/0"),"TER A",IF(I18="K/3","TER C","TER B"))) -> TER A | K18: 3791500 | L18: 30576 | M18: 147340 | W18: =SUM(K18:V18) -> 3969416 | X18: =IF($J18="TER A",VLOOKUP(W18,Ter_A,4,TRUE),IF($J18="TER B",VLOOKUP(W18,Ter_B,4,TRUE),VLOOKUP(W18,Ter_C,4,TRUE))) -> 0 | Y18: =ROUND(IF($E18=0,W18*X18*120%,W18*X18),0) -> 0 | Z18: 0 | AA18: =Z18-Y18 -> 0 | AD18: =SUM(L18+M18) -> 177916
B19: 15 | C19: SISWANTO | D19: 1902051902910001 | E19: 972285506305000 | F19: JL. MANGGAR DSN. PARIT GUNUNG RT.006 RW.003 DS. AIR BATU BUDING KEC. BADAU | H19: L | I19: K/1 | J19: =IF(ISBLANK(I19),"",IF(OR(I19="TK/0",I19="TK/1",I19="K/0"),"TER A",IF(I19="K/3","TER C","TER B"))) -> TER B | K19: 3913591.5 | L19: 30576 | M19: 147340 | W19: =SUM(K19:V19) -> 4091507.5 | X19: =IF($J19="TER A",VLOOKUP(W19,Ter_A,4,TRUE),IF($J19="TER B",VLOOKUP(W19,Ter_B,4,TRUE),VLOOKUP(W19,Ter_C,4,TRUE))) -> 0 | Y19: =ROUND(IF($E19=0,W19*X19*120%,W19*X19),0) -> 0 | Z19: 0 | AA19: =Z19-Y19 -> 0 | AD19: =SUM(L19+M19) -> 177916
B20: 17 | C20: DARMA JAYA | D20: 1902051907880002 | E20: 972374425305000 | F20: DSN AIR BATU BUDING RT.001 RW.001 DESA AIR BATU BUDING KEC. BADAU | H20: L | I20: K/2 | J20: =IF(ISBLANK(I20),"",IF(OR(I20="TK/0",I20="TK/1",I20="K/0"),"TER A",IF(I20="K/3","TER C","TER B"))) -> TER B | K20: 7005559.6 | L20: 30576 | M20: 147480 | S20: 0 | W20: =SUM(K20:V20) -> 7183615.6 | X20: =IF($J20="TER A",VLOOKUP(W20,Ter_A,4,TRUE),IF($J20="TER B",VLOOKUP(W20,Ter_B,4,TRUE),VLOOKUP(W20,Ter_C,4,TRUE))) -> 0.0075 | Y20: =ROUND(IF($E20=0,W20*X20*120%,W20*X20),0) -> 53877 | Z20: 54511.74 | AA20: =Z20-Y20 -> 634.73973 | AB20: Lebih Pot | AD20: =SUM(L20+M20) -> 178056
B21: 20 | C21: YUSMARNO | D21: 1902012406780003 | E21: 972285704305000 | F21: JL PASIR PUTIH RT. 012 RW. 005 DS AIR RAYAK KEC. TANJUNGPANDAN | H21: L | I21: K/1 | J21: =IF(ISBLANK(I21),"",IF(OR(I21="TK/0",I21="TK/1",I21="K/0"),"TER A",IF(I21="K/3","TER C","TER B"))) -> TER B | K21: 3836818.9 | L21: 30576 | M21: 148040 | S21: 0 | W21: =SUM(K21:V21) -> 4015434.9 | X21: =IF($J21="TER A",VLOOKUP(W21,Ter_A,4,TRUE),IF($J21="TER B",VLOOKUP(W21,Ter_B,4,TRUE),VLOOKUP(W21,Ter_C,4,TRUE))) -> 0 | Y21: =ROUND(IF($E21=0,W21*X21*120%,W21*X21),0) -> 0 | Z21: 0 | AA21: =Z21-Y21 -> 0 | AD21: =SUM(L21+M21) -> 178616
B22: 21 | C22: MEGI EPRISA | D22: 1604220103030001 | E22: - | F22: DS. TANJUNG AGUNG KEL. TANJUNG AGUNG KEC. PAGAR GUNUNG KAB. LAHAT | H22: L | I22: TK/0 | J22: =IF(ISBLANK(I22),"",IF(OR(I22="TK/0",I22="TK/1",I22="K/0"),"TER A",IF(I22="K/3","TER C","TER B"))) -> TER A | K22: 6004796.9 | L22: 31206 | M22: 148700 | S22: 0 | W22: =SUM(K22:V22) -> 6184702.9 | X22: =IF($J22="TER A",VLOOKUP(W22,Ter_A,4,TRUE),IF($J22="TER B",VLOOKUP(W22,Ter_B,4,TRUE),VLOOKUP(W22,Ter_C,4,TRUE))) -> 0.0075 | Y22: =ROUND(IF($E22=0,W22*X22*120%,W22*X22),0) -> 46385 | Z22: 75841.067 | AA22: =Z22-Y22 -> 29456.067 | AB22: Lebih Pot | AD22: =SUM(L22+M22) -> 179906
B23: 24 | C23: SURATMAN | D23: 1902052707850001 | E23: 972285225305000 | F23: DUSUN KEPAYANG RT. 004 RW. 002 DESA KACANG BUTOR KEC. BADAU | H23: L | I23: K/0 | J23: =IF(ISBLANK(I23),"",IF(OR(I23="TK/0",I23="TK/1",I23="K/0"),"TER A",IF(I23="K/3","TER C","TER B"))) -> TER A | K23: 4354121.2 | L23: 30576 | M23: 147340 | S23: 0 | W23: =SUM(K23:V23) -> 4532037.2 | X23: =IF($J23="TER A",VLOOKUP(W23,Ter_A,4,TRUE),IF($J23="TER B",VLOOKUP(W23,Ter_B,4,TRUE),VLOOKUP(W23,Ter_C,4,TRUE))) -> 0 | Y23: =ROUND(IF($E23=0,W23*X23*120%,W23*X23),0) -> 0 | Z23: 0 | AA23: =Z23-Y23 -> 0 | AD23: =SUM(L23+M23) -> 177916
B24: 10 | C24: ARDI | D24: 1902050512820004 | E24: 972280259305000 | F24: JL.MANGGAR RT.009 RW.003 DESA KACANG BUTOR KEC. BADAU | H24: L | I24: K/2 | J24: =IF(ISBLANK(I24),"",IF(OR(I24="TK/0",I24="TK/1",I24="K/0"),"TER A",IF(I24="K/3","TER C","TER B"))) -> TER B | K24: 8003339.8 | L24: 30576 | M24: 147480 | W24: =SUM(K24:V24) -> 8181395.8 | X24: =IF($J24="TER A",VLOOKUP(W24,Ter_A,4,TRUE),IF($J24="TER B",VLOOKUP(W24,Ter_B,4,TRUE),VLOOKUP(W24,Ter_C,4,TRUE))) -> 0.01 | Y24: =ROUND(IF($E24=0,W24*X24*120%,W24*X24),0) -> 81814 | Z24: 101906.3 | AA24: =Z24-Y24 -> 20092.301 | AB24: Lebih Pot | AD24: =SUM(L24+M24) -> 178056
B25: 16 | C25: EDI ISHAK | D25: 1902051212790002 | E25: 972286066305000 | F25: DSN AIR BEGANTUNG RT. 010 RW. 003 DS KACANG BUTOR KEC. BADAU | H25: L | I25: K/2 | J25: =IF(ISBLANK(I25),"",IF(OR(I25="TK/0",I25="TK/1",I25="K/0"),"TER A",IF(I25="K/3","TER C","TER B"))) -> TER B | K25: 8312946.7 | L25: 30576 | M25: 148040 | S25: 0 | W25: =SUM(K25:V25) -> 8491562.7 | X25: =IF($J25="TER A",VLOOKUP(W25,Ter_A,4,TRUE),IF($J25="TER B",VLOOKUP(W25,Ter_B,4,TRUE),VLOOKUP(W25,Ter_C,4,TRUE))) -> 0.01 | Y25: =ROUND(IF($E25=0,W25*X25*120%,W25*X25),0) -> 84916 | Z25: 116639.23 | AA25: =Z25-Y25 -> 31723.229 | AB25: Lebih Pot | AD25: =SUM(L25+M25) -> 178616
B26: 18 | C26: SUDIRMAN | D26: 1902051205770002 | E26: 743653420305000 | F26: JL. MANGGAR RT. 004 RW. 002 DESA AIR BATU BUDING BADAU | H26: L | I26: K/0 | J26: =IF(ISBLANK(I26),"",IF(OR(I26="TK/0",I26="TK/1",I26="K/0"),"TER A",IF(I26="K/3","TER C","TER B"))) -> TER A | K26: 7483251.4 | L26: 30576 | M26: 146560 | S26: 0 | W26: =SUM(K26:V26) -> 7660387.4 | X26: =IF($J26="TER A",VLOOKUP(W26,Ter_A,4,TRUE),IF($J26="TER B",VLOOKUP(W26,Ter_B,4,TRUE),VLOOKUP(W26,Ter_C,4,TRUE))) -> 0.015 | Y26: =ROUND(IF($E26=0,W26*X26*120%,W26*X26),0) -> 114906 | Z26: 114658.4 | AA26: =Z26-Y26 -> -247.59977 | AB26: Kurang Pot | AD26: =SUM(L26+M26) -> 177136
B27: 19 | C27: APRIYADI | D27: 1902051707890001 | E27: 972285597305000 | F27: JL MANGGAR AIR BEGANTUNG RT. 008 RW. 003 DESA KACANG BUTOR BADAU | H27: L | I27: K/1 | J27: =IF(ISBLANK(I27),"",IF(OR(I27="TK/0",I27="TK/1",I27="K/0"),"TER A",IF(I27="K/3","TER C","TER B"))) -> TER B | K27: 4258024.8 | L27: 30576 | M27: 147200 | S27: 0 | W27: =SUM(K27:V27) -> 4435800.8 | X27: =IF($J27="TER A",VLOOKUP(W27,Ter_A,4,TRUE),IF($J27="TER B",VLOOKUP(W27,Ter_B,4,TRUE),VLOOKUP(W27,Ter_C,4,TRUE))) -> 0 | Y27: =ROUND(IF($E27=0,W27*X27*120%,W27*X27),0) -> 0 | Z27: 0 | AA27: =Z27-Y27 -> 0 | AD27: =SUM(L27+M27) -> 177776
B28: 22 | C28: MAHADI | D28: 1902012503820003 | E28: 972280192305000 | F28: PULAU BAYAN RT. 005 RW. 002 DESA SUNGAI SAMAK KEC. BADAU | H28: L | I28: K/1 | J28: =IF(ISBLANK(I28),"",IF(OR(I28="TK/0",I28="TK/1",I28="K/0"),"TER A",IF(I28="K/3","TER C","TER B"))) -> TER B | K28: 7864461.7 | L28: 30576 | M28: 147340 | S28: 0 | W28: =SUM(K28:V28) -> 8042377.7 | X28: =IF($J28="TER A",VLOOKUP(W28,Ter_A,4,TRUE),IF($J28="TER B",VLOOKUP(W28,Ter_B,4,TRUE),VLOOKUP(W28,Ter_C,4,TRUE))) -> 0.01 | Y28: =ROUND(IF($E28=0,W28*X28*120%,W28*X28),0) -> 80424 | Z28: 114052.94 | AA28: =Z28-Y28 -> 33628.941 | AB28: Lebih Pot | AD28: =SUM(L28+M28) -> 177916
B29: 23 | C29: SISWANTO | D29: 1902051405840001 | E29: 972283733305000 | F29: DSN AIR BATU BUDING RT. 002 RW. 001 DESA AIR BATU BUDING KEC. BADAU | H29: L | I29: K/1 | J29: =IF(ISBLANK(I29),"",IF(OR(I29="TK/0",I29="TK/1",I29="K/0"),"TER A",IF(I29="K/3","TER C","TER B"))) -> TER B | K29: 5852713.2 | L29: 30576 | M29: 147340 | S29: 0 | W29: =SUM(K29:V29) -> 6030629.2 | X29: =IF($J29="TER A",VLOOKUP(W29,Ter_A,4,TRUE),IF($J29="TER B",VLOOKUP(W29,Ter_B,4,TRUE),VLOOKUP(W29,Ter_C,4,TRUE))) -> 0 | Y29: =ROUND(IF($E29=0,W29*X29*120%,W29*X29),0) -> 0 | Z29: 18494.885 | AA29: =Z29-Y29 -> 18494.885 | AB29: Lebih Pot | AD29: =SUM(L29+M29) -> 177916
J30: =IF(ISBLANK(I30),"",IF(OR(I30="TK/0",I30="TK/1",I30="K/0"),"TER A",IF(I30="K/3","TER C","TER B"))) | S30: =Y30 -> 0 | W30: =SUM(K30:V30) -> 0 | X30: =IF($J30="TER A",VLOOKUP(W30,Ter_A,4,TRUE),IF($J30="TER B",VLOOKUP(W30,Ter_B,4,TRUE),VLOOKUP(W30,Ter_C,4,TRUE))) -> 0 | Y30: =ROUND(IF($E30=0,W30*X30*120%,W30*X30),0) -> 0
K31: =SUM(K6:K30) -> 1.2664963e+08 | L31: =SUM(L6:L30) -> 734454 | M31: =SUM(M6:M30) -> 3540820 | N31: =SUM(N6:N30) -> 0 | O31: =SUM(O6:O30) -> 0 | P31: =SUM(P6:P30) -> 0 | Q31: =SUM(Q6:Q30) -> 0 | R31: =SUM(R6:R30) -> 0 | ... T31: =SUM(T6:T30) -> 0 | W31: =SUM(W6:W30) -> 1.309249e+08 | X31: =SUM(X6:X30) -> 0.08 | Y31: =SUM(Y6:Y30) -> 593242 | Z31: =SUM(Z6:Z29) -> 781333 | AA31: =Z31-Y31 -> 188091 | AD31: =SUM(AD6:AD30) -> 4275274
K32: =+'[4]PAJAK '!F32 -> 1.2664963e+08 | L32: =+'[4]PAJAK '!G32 -> 734454 | M32: =+'[4]PAJAK '!H32 -> 3540820 | N32: =+'[4]PAJAK '!I32 -> 0 | O32: =+'[4]PAJAK '!J32 -> 0 | P32: =+'[4]PAJAK '!K32 -> 0 | Q32: =+'[4]PAJAK '!L32 -> 1.309249e+08 | R32: =+'[4]PAJAK '!M32 -> 1748700 | T32: =+'[5]Jan''24'!$O$35 -> 2250000 | W32: =+'[4]PAJAK '!$L$32 -> 1.309249e+08 | Z32: =+'[4]PAJAK '!$L$67 -> 781333
B33: Catatan :
B34: 1. yang berwarna adalah rumus
B35: 2. dalam hal terdapat tunjangan PPh, maka ceklis "enable iterative calculation" pada menu (option => formula => pada bagian kanan atas)
B36: 3. kolom pengurang JHT/JP tetap wajib diisi, sebagai pengurang pada masa pajak desember
B37: 4. komponen penghasilan bruto dapat disesuaikan/ditambahkan kolom, sesuai dengan kebutuhan masing2 perusahaan
B38: 5. perubahan status PTKP ditentukan keadaan awal tahun, misal nikah/punya anak ditanggal 2 januari 2024, maka berubah status PTKP nya tahun 2025
B39: 6. PPh 21 terutang tersebut sudah memperhitungkan bagi yang tidak memiliki NPWP dengan jumlah PPh Terutang 20% lebih besar.
B40: 7. untuk yang tidak mempunyai NPWP dapat diisi dengan angka Nol
B41: 8. untuk perhitungan pph 21 (THR, Bonus, Tantiem) rumus penghasilan brutonya dapat disesuaikan dengan masa pajak THR tersebut diberikan
B42: 9. khusus untuk perhitungan pph 21 masa pajak desember, dapat di cek kembali rumus total per komponen penghasilan brutonya (jika ada penambahan/pengurangan kolom)
B43: 10. untuk jan s.d nop dapat diduplicate sheetnya

Sheet Feb'24
B1: PT. REBINMAS JAYA
B2: INCOME TAX ARTICLE 21 FOR FEB 2024
B3: PGE 1A (INFRASTRUKTUR)
C4: yang berwarna ini rumus | N4: beras | O4: jabatan | P4: lembur
B5: NO. | C5: NAMA KARYAWAN | D5: N I K / PASPOR | E5: N P W P | F5: A L A M A T | G5: JABATAN | H5: L/P | I5: PTKP | J5: TER | K5: Gaji Pokok | L5: Astek Ins (0,84%) | M5: BPJS KESEHATAN (4%) | N5: Rice Allow | O5: Structural Allow | P5: Service Time Allow | Q5: Premi cuci mobil | R5: Premi alat | S5: Masa Kerja | X5: POT. alpa & POT. CTH ( CUTI TANPA HK ) | Y5: THR | Z5: Bonus | AA5: Penghasilan Bruto | AB5: Tarif TER | AC5: PPh 21 | AD5: upah kotor | AE5: astek + bpjs | AF5: total | AH5: TUNJANGAN
B6: 1 | C6: YOYO | D6: 1902010509730003 | E6: 972282958305000 | F6: JL MURAI RT. 029 RW. 010 DS PERAWAS TANJUNGPANDAN | G6: KARYAWAN PERAWATAN | H6: L | I6: K/0 | J6: =IF(ISBLANK(I6),"",IF(OR(I6="TK/0",I6="TK/1",I6="K/0"),"TER A",IF(I6="K/3","TER C","TER B"))) -> TER A | K6: =29*121333.33 -> 3518666.6 | L6: =3640000*0.84% -> 30576 | M6: =(3640000+61000)*4% -> 148040 | N6: 104400 | S6: 61000 | X6: ='[6]GAJI '!$BC11 -> 0 | AA6: =ROUNDDOWN(SUM(K6:Z6),0) -> 3862682 | AB6: =IF(J6="TER A",VLOOKUP(AA6,Ter_A,4,TRUE),IF(J6="TER B",VLOOKUP(AA6,Ter_B,4,TRUE),VLOOKUP(AA6,Ter_C,4,TRUE))) -> 0 | AC6: =ROUND(IF(E6=0,AA6*AB6*120%,AA6*AB6),0) -> 0 | AD6: 3684066.7 | AE6: =L6+M6 -> 178616 | AF6: =AD6+AE6 -> 3862682.7 | AG6: =AA6-AF6 -> -0.66666667 | AH6: =+SUM(N6:X6) -> 165400
B7: 2 | C7: JAMILA | D7: 1902056811690001 | E7: 972282982305000 | F7: JL MANGGAR RT. 005 RW. 003 DS AIR BATU BUDING KEC. BADAU | G7: KARYAWAN PERAWATAN | H7: P | I7: TK/0 | J7: =IF(ISBLANK(I7),"",IF(OR(I7="TK/0",I7="TK/1",I7="K/0"),"TER A",IF(I7="K/3","TER C","TER B"))) -> TER A | K7: =29*121333.33 -> 3518666.6 | L7: =3640000*0.84% -> 30576 | M7: =(3640000+61000)*4% -> 148040 | N7: 65250 | P7: 1693757 | S7: 61000 | X7: ='[6]GAJI '!$BC12 -> 0 | AA7: =ROUNDDOWN(SUM(K7:Z7),0) -> 5517289 | AB7: =IF(J7="TER A",VLOOKUP(AA7,Ter_A,4,TRUE),IF(J7="TER B",VLOOKUP(AA7,Ter_B,4,TRUE),VLOOKUP(AA7,Ter_C,4,TRUE))) -> 0.0025 | AC7: =ROUND(IF(E7=0,AA7*AB7*120%,AA7*AB7),0) -> 13793 | AD7: 5338673.7 | AE7: =L7+M7 -> 178616 | AF7: =AD7+AE7 -> 5517289.7 | AG7: =AA7-AF7 -> -0.69666667 | AH7: =+SUM(N7:X7) -> 1820007
B8: 3 | C8: JUNI MI'UN | D8: 1902050107700052 | E8: 972283055305000 | F8: JL MANGGAR DSN KEPAYANG RT. 004 RW. 002 DS KACANG BUTOR BADAU | G8: KARYAWAN PERAWATAN | H8: L | I8: K/1 | J8: =IF(ISBLANK(I8),"",IF(OR(I8="TK/0",I8="TK/1",I8="K/0"),"TER A",IF(I8="K/3","TER C","TER B"))) -> TER B | K8: =29*121333.33 -> 3518666.6 | L8: =3640000*0.84% -> 30576 | M8: =(3640000+43500)*4% -> 147340 | N8: 130500 | P8: 2061965.1 | S8: 43500 | X8: ='[6]GAJI '!$BC13 -> 0 | AA8: =ROUNDDOWN(SUM(K8:Z8),0) -> 5932547 | AB8: =IF(J8="TER A",VLOOKUP(AA8,Ter_A,4,TRUE),IF(J8="TER B",VLOOKUP(AA8,Ter_B,4,TRUE),VLOOKUP(AA8,Ter_C,4,TRUE))) -> 0 | AC8: =ROUND(IF(E8=0,AA8*AB8*120%,AA8*AB8),0) -> 0 | AD8: 5754631.7 | AE8: =L8+M8 -> 177916 | AF8: =AD8+AE8 -> 5932547.7 | AG8: =AA8-AF8 -> -0.74666667 | AH8: =+SUM(N8:X8) -> 2235965.1
B9: 4 | C9: SUHANDI | D9: 1906042606860003 | E9: 972282974305000 | F9: JL KOPERASI RT. 004 RW. 002 DESA PEMBAHARUAN KEC. KELAPA KAMPIT | G9: KARYAWAN PERAWATAN | H9: L | I9: K/1 | J9: =IF(ISBLANK(I9),"",IF(OR(I9="TK/0",I9="TK/1",I9="K/0"),"TER A",IF(I9="K/3","TER C","TER B"))) -> TER B | K9: =29*121333.33 -> 3518666.6 | L9: =3640000*0.84% -> 30576 | M9: =(3640000+43500)*4% -> 147340 | N9: 130500 | Q9: 400000 | S9: 43500 | X9: ='[6]GAJI '!$BC14 -> 0 | AA9: =ROUNDDOWN(SUM(K9:Z9),0) -> 4270582 | AB9: =IF(J9="TER A",VLOOKUP(AA9,Ter_A,4,TRUE),IF(J9="TER B",VLOOKUP(AA9,Ter_B,4,TRUE),VLOOKUP(AA9,Ter_C,4,TRUE))) -> 0 | AC9: =ROUND(IF(E9=0,AA9*AB9*120%,AA9*AB9),0) -> 0 | AD9: 4092666.7 | AE9: =L9+M9 -> 177916 | AF9: =AD9+AE9 -> 4270582.7 | AG9: =AA9-AF9 -> -0.66666667 | AH9: =+SUM(N9:X9) -> 574000
B10: 5 | C10: MINARNI | D10: 1902056103760002 | E10: 972280226305000 | F10: AIR BATU BUDING RT. 004 RW. 002 DS AIR BATU BUDING KEC. BADAU | G10: KRANI DIVISI | H10: P | I10: TK/0 | J10: =IF(ISBLANK(I10),"",IF(OR(I10="TK/0",I10="TK/1",I10="K/0"),"TER A",IF(I10="K/3","TER C","TER B"))) -> TER A | K10: =29*121333.33 -> 3518666.6 | L10: =3640000*0.84% -> 30576 | M10: =(3640000+43500)*4% -> 147340 | N10: 65250 | O10: 38000 | P10: 1188786 | S10: 43500 | X10: ='[6]GAJI '!$BC15 -> 0 | AA10: =ROUNDDOWN(SUM(K10:Z10),0) -> 5032118 | AB10: =IF(J10="TER A",VLOOKUP(AA10,Ter_A,4,TRUE),IF(J10="TER B",VLOOKUP(AA10,Ter_B,4,TRUE),VLOOKUP(AA10,Ter_C,4,TRUE))) -> 0 | AC10: =ROUND(IF(E10=0,AA10*AB10*120%,AA10*AB10),0) -> 0 | AD10: 4854202.7 | AE10: =L10+M10 -> 177916 | AF10: =AD10+AE10 -> 5032118.7 | AG10: =AA10-AF10 -> -0.65666667 | AH10: =+SUM(N10:X10) -> 1335536
B11: 6 | C11: SUPRIADI | D11: 1902052812870001 | E11: 972283014305000 | F11: JL AIR BEGANTUNG RT. 009 RW. 003 DS KACANG BUTOR KEC.BADAU | G11: KARYAWAN PERAWATAN | H11: L | I11: K/2 | J11: =IF(ISBLANK(I11),"",IF(OR(I11="TK/0",I11="TK/1",I11="K/0"),"TER A",IF(I11="K/3","TER C","TER B"))) -> TER B | K11: =29*121333.33 -> 3518666.6 | L11: =3640000*0.84% -> 30576 | M11: =(3640000+47000)*4% -> 147480 | N11: 156600 | S11: 47000 | X11: ='[6]GAJI '!$BC16 -> 0 | AA11: =ROUNDDOWN(SUM(K11:Z11),0) -> 3900322 | AB11: =IF(J11="TER A",VLOOKUP(AA11,Ter_A,4,TRUE),IF(J11="TER B",VLOOKUP(AA11,Ter_B,4,TRUE),VLOOKUP(AA11,Ter_C,4,TRUE))) -> 0 | AC11: =ROUND(IF(E11=0,AA11*AB11*120%,AA11*AB11),0) -> 0 | AD11: 3722266.7 | AE11: =L11+M11 -> 178056 | AF11: =AD11+AE11 -> 3900322.7 | AG11: =AA11-AF11 -> -0.66666667 | AH11: =+SUM(N11:X11) -> 203600
B12: 7 | C12: HARIAH | D12: 1902014909730007 | E12: 972283048305000 | F12: PELATARAN AIR KETEKOK RT. 001 RW. 001 DS AIR KETEKOK TANJUNGPANDAN | G12: KARYAWAN PERAWATAN | H12: P | I12: TK/0 | J12: =IF(ISBLANK(I12),"",IF(OR(I12="TK/0",I12="TK/1",I12="K/0"),"TER A",IF(I12="K/3","TER C","TER B"))) -> TER A | K12: =29*121333.33 -> 3518666.6 | L12: =3640000*0.84% -> 30576 | M12: =(3640000+36500)*4% -> 147060 | N12: 65250 | P12: 1030982.5 | S12: 36500 | X12: ='[6]GAJI '!$BC17 -> 0 | AA12: =ROUNDDOWN(SUM(K12:Z12),0) -> 4829035 | AB12: =IF(J12="TER A",VLOOKUP(AA12,Ter_A,4,TRUE),IF(J12="TER B",VLOOKUP(AA12,Ter_B,4,TRUE),VLOOKUP(AA12,Ter_C,4,TRUE))) -> 0 | AC12: =ROUND(IF(E12=0,AA12*AB12*120%,AA12*AB12),0) -> 0 | AD12: 4651399.2 | AE12: =L12+M12 -> 177636 | AF12: =AD12+AE12 -> 4829035.2 | AG12: =AA12-AF12 -> -0.20666667 | AH12: =+SUM(N12:X12) -> 1132732.5
B13: 8 | C13: YUSMARDIAN | D13: 1906042403820005 | E13: 972280150305000 | F13: DSN SENYUBUK RT. 001 RW. 001 DESA MENTAWAK KEC. KELAPA KAMPIT | G13: KARYAWAN PERAWATAN | H13: L | I13: K/2 | J13: =IF(ISBLANK(I13),"",IF(OR(I13="TK/0",I13="TK/1",I13="K/0"),"TER A",IF(I13="K/3","TER C","TER B"))) -> TER B | K13: =29*121333.33 -> 3518666.6 | L13: =3640000*0.84% -> 30576 | M13: =(3640000+43500)*4% -> 147340 | N13: 156600 | P13: 315606.9 | S13: 43500 | X13: ='[6]GAJI '!$BC18 -> 0 | AA13: =ROUNDDOWN(SUM(K13:Z13),0) -> 4212289 | AB13: =IF(J13="TER A",VLOOKUP(AA13,Ter_A,4,TRUE),IF(J13="TER B",VLOOKUP(AA13,Ter_B,4,TRUE),VLOOKUP(AA13,Ter_C,4,TRUE))) -> 0 | AC13: =ROUND(IF(E13=0,AA13*AB13*120%,AA13*AB13),0) -> 0 | AD13: 4034373.6 | AE13: =L13+M13 -> 177916 | AF13: =AD13+AE13 -> 4212289.6 | AG13: =AA13-AF13 -> -0.56666667 | AH13: =+SUM(N13:X13) -> 515706.9
B14: 9 | C14: YULHANI | D14: 1902051010760007 | E14: 972285720305000 | F14: JL MANGGAR AIR BEGANTUNG RT. 008 RW. 003 DESA KACANG BUTOR BADAU | G14: KARYAWAN PERAWATAN | H14: L | I14: K/0 | J14: =IF(ISBLANK(I14),"",IF(OR(I14="TK/0",I14="TK/1",I14="K/0"),"TER A",IF(I14="K/3","TER C","TER B"))) -> TER A | K14: =29*121333.33 -> 3518666.6 | L14: =3640000*0.84% -> 30576 | M14: =(3640000+61000)*4% -> 148040 | N14: 100800 | S14: 61000 | X14: ='[6]GAJI '!$BC19 -> -121333.33 | AA14: =ROUNDDOWN(SUM(K14:Z14),0) -> 3737749 | AB14: =IF(J14="TER A",VLOOKUP(AA14,Ter_A,4,TRUE),IF(J14="TER B",VLOOKUP(AA14,Ter_B,4,TRUE),VLOOKUP(AA14,Ter_C,4,TRUE))) -> 0 | AC14: =ROUND(IF(E14=0,AA14*AB14*120%,AA14*AB14),0) -> 0 | AD14: 3559133.3 | AE14: =L14+M14 -> 178616 | AF14: =AD14+AE14 -> 3737749.3 | AG14: =AA14-AF14 -> -0.33333333 | AH14: =+SUM(N14:X14) -> 40466.67 | AI14: =AH14+121333 -> 161799.67
B15: 10 | C15: HENDRIX | D15: 1906041308920003 | E15: 743653768305000 | F15: DSN MERDEKA RT. 006 RW. 002 DS SENYUBUK KEC. KELAPA KAMPIT | G15: KARYAWAN PERAWATAN | H15: L | I15: K/1 | J15: =IF(ISBLANK(I15),"",IF(OR(I15="TK/0",I15="TK/1",I15="K/0"),"TER A",IF(I15="K/3","TER C","TER B"))) -> TER B | K15: =29*121333.33 -> 3518666.6 | L15: =3640000*0.84% -> 30576 | M15: =(3640000+30000)*4% -> 146800 | N15: 126000 | S15: 30000 | X15: ='[6]GAJI '!$BC20 -> -121333.33 | AA15: =ROUNDDOWN(SUM(K15:Z15),0) -> 3730709 | AB15: =IF(J15="TER A",VLOOKUP(AA15,Ter_A,4,TRUE),IF(J15="TER B",VLOOKUP(AA15,Ter_B,4,TRUE),VLOOKUP(AA15,Ter_C,4,TRUE))) -> 0 | AC15: =ROUND(IF(E15=0,AA15*AB15*120%,AA15*AB15),0) -> 0 | AD15: 3553333.3 | AE15: =L15+M15 -> 177376 | AF15: =AD15+AE15 -> 3730709.3 | AG15: =AA15-AF15 -> -0.33333333 | AH15: =+SUM(N15:X15) -> 34666.67
B16: 11 | C16: ARIANTO.B | D16: 1902052202690002 | E16: 972283287305000 | F16: DSN KACANG BUTOR RT. 001 RW. 001 DESA KACANG BUTOR KEC. BADAU | G16: KARYAWAN PERAWATAN | H16: L | I16: K/1 | J16: =IF(ISBLANK(I16),"",IF(OR(I16="TK/0",I16="TK/1",I16="K/0"),"TER A",IF(I16="K/3","TER C","TER B"))) -> TER B | K16: =21*121333.33 -> 2547999.9 | L16: =3640000*0.84% -> 30576 | M16: =(3640000+61000)*4% -> 148040 | N16: 94500 | S16: 61000 | X16: ='[6]GAJI '!$BC21 -> 0 | AA16: =ROUNDDOWN(SUM(K16:Z16),0) -> 2882115 | AB16: =IF(J16="TER A",VLOOKUP(AA16,Ter_A,4,TRUE),IF(J16="TER B",VLOOKUP(AA16,Ter_B,4,TRUE),VLOOKUP(AA16,Ter_C,4,TRUE))) -> 0 | AC16: =ROUND(IF(E16=0,AA16*AB16*120%,AA16*AB16),0) -> 0 | AD16: 2703500 | AE16: =L16+M16 -> 178616 | AF16: =AD16+AE16 -> 2882116 | AG16: =AA16-AF16 -> -1 | AH16: =+SUM(N16:X16) -> 155500
B17: 12 | C17: NANDI | D17: 1902053006780001 | E17: 972282966305000 | F17: JL. MANGGAR DSN. KACANG BUTOR RT.001 RW.001 DS. KACANG BUTOR KEC. BADAU | G17: KARYAWAN PERAWATAN | H17: L | I17: K/1 | J17: =IF(ISBLANK(I17),"",IF(OR(I17="TK/0",I17="TK/1",I17="K/0"),"TER A",IF(I17="K/3","TER C","TER B"))) -> TER B | K17: =29*121333.33 -> 3518666.6 | L17: =3640000*0.84% -> 30576 | M17: =(3640000+61000)*4% -> 148040 | N17: 130500 | Q17: 160000 | S17: 61000 | X17: ='[6]GAJI '!$BC22 -> 0 | AA17: =ROUNDDOWN(SUM(K17:Z17),0) -> 4048782 | AB17: =IF(J17="TER A",VLOOKUP(AA17,Ter_A,4,TRUE),IF(J17="TER B",VLOOKUP(AA17,Ter_B,4,TRUE),VLOOKUP(AA17,Ter_C,4,TRUE))) -> 0 | AC17: =ROUND(IF(E17=0,AA17*AB17*120%,AA17*AB17),0) -> 0 | AD17: 3870166.7 | AE17: =L17+M17 -> 178616 | AF17: =AD17+AE17 -> 4048782.7 | AG17: =AA17-AF17 -> -0.66666667 | AH17: =+SUM(N17:X17) -> 351500
B18: 13 | C18: KAMELIA | D18: 1902051606760003 | E18: 972280218305000 | F18: JL MANGGAR DSN PARIT GUNUNG RT. 006 RW. 003 DS AIR BATU BUDING BADAU | G18: KARYAWAN PERAWATAN | H18: L | I18: K/0 | J18: =IF(ISBLANK(I18),"",IF(OR(I18="TK/0",I18="TK/1",I18="K/0"),"TER A",IF(I18="K/3","TER C","TER B"))) -> TER A | K18: =29*121333.33 -> 3518666.6 | L18: =3640000*0.84% -> 30576 | M18: =(3640000+47000)*4% -> 147480 | N18: 100800 | S18: 47000 | X18: ='[6]GAJI '!$BC23 -> -121333.33 | AA18: =ROUNDDOWN(SUM(K18:Z18),0) -> 3723189 | AB18: =IF(J18="TER A",VLOOKUP(AA18,Ter_A,4,TRUE),IF(J18="TER B",VLOOKUP(AA18,Ter_B,4,TRUE),VLOOKUP(AA18,Ter_C,4,TRUE))) -> 0 | AC18: =ROUND(IF(E18=0,AA18*AB18*120%,AA18*AB18),0) -> 0 | AD18: 3545133.3 | AE18: =L18+M18 -> 178056 | AF18: =AD18+AE18 -> 3723189.3 | AG18: =AA18-AF18 -> -0.33333333 | AH18: =+SUM(N18:X18) -> 26466.67
B19: 14 | C19: SISWANTO | D19: 1902051902910001 | E19: 972285506305000 | F19: JL. MANGGAR DSN. PARIT GUNUNG RT.006 RW.003 DS. AIR BATU BUDING KEC. BADAU | G19: KARYAWAN PERAWATAN | H19: L | I19: K/1 | J19: =IF(ISBLANK(I19),"",IF(OR(I19="TK/0",I19="TK/1",I19="K/0"),"TER A",IF(I19="K/3","TER C","TER B"))) -> TER B | K19: =29*121333.33 -> 3518666.6 | L19: =3640000*0.84% -> 30576 | M19: =(3640000+43500)*4% -> 147340 | N19: 126000 | P19: 94682.07 | S19: 43500 | X19: ='[6]GAJI '!$BC24 -> -121333.33 | AA19: =ROUNDDOWN(SUM(K19:Z19),0) -> 3839431 | AB19: =IF(J19="TER A",VLOOKUP(AA19,Ter_A,4,TRUE),IF(J19="TER B",VLOOKUP(AA19,Ter_B,4,TRUE),VLOOKUP(AA19,Ter_C,4,TRUE))) -> 0 | AC19: =ROUND(IF(E19=0,AA19*AB19*120%,AA19*AB19),0) -> 0 | AD19: 3661515.4 | AE19: =L19+M19 -> 177916 | AF19: =AD19+AE19 -> 3839431.4 | AG19: =AA19-AF19 -> -0.40333333 | AH19: =+SUM(N19:X19) -> 142848.74
B20: 15 | C20: DARMA JAYA | D20: 1902051907880002 | E20: 972374425305000 | F20: DSN AIR BATU BUDING RT.001 RW.001 DESA AIR BATU BUDING KEC. BADAU | G20: KRANI GUDANG | H20: L | I20: K/2 | J20: =IF(ISBLANK(I20),"",IF(OR(I20="TK/0",I20="TK/1",I20="K/0"),"TER A",IF(I20="K/3","TER C","TER B"))) -> TER B | K20: =29*121333.33 -> 3518666.6 | L20: =3640000*0.84% -> 30576 | M20: =(3640000+50500)*4% -> 147620 | N20: 156600 | P20: 2672138.4 | S20: 50500 | X20: ='[6]GAJI '!$BC25 -> 0 | AA20: =ROUNDDOWN(SUM(K20:Z20),0) -> 6576100 | AB20: =IF(J20="TER A",VLOOKUP(AA20,Ter_A,4,TRUE),IF(J20="TER B",VLOOKUP(AA20,Ter_B,4,TRUE),VLOOKUP(AA20,Ter_C,4,TRUE))) -> 0.005 | AC20: =ROUND(IF(E20=0,AA20*AB20*120%,AA20*AB20),0) -> 32881 | AD20: 6397905.1 | AE20: =L20+M20 -> 178196 | AF20: =AD20+AE20 -> 6576101.1 | AG20: =AA20-AF20 -> -1.0866667 | AH20: =+SUM(N20:X20) -> 2879238.4
B21: 16 | C21: YUSMARNO | D21: 1902012406780003 | E21: 972285704305000 | F21: JL PASIR PUTIH RT. 012 RW. 005 DS AIR RAYAK KEC. TANJUNGPANDAN | G21: KARYAWAN PERAWATAN | H21: L | I21: K/1 | J21: =IF(ISBLANK(I21),"",IF(OR(I21="TK/0",I21="TK/1",I21="K/0"),"TER A",IF(I21="K/3","TER C","TER B"))) -> TER B | K21: =29*121333.33 -> 3518666.6 | L21: =3640000*0.84% -> 30576 | M21: =(3640000+61000)*4% -> 148040 | N21: 121500 | P21: 94682.07 | S21: 61000 | X21: ='[6]GAJI '!$BC26 -> -242666.66 | AA21: =ROUNDDOWN(SUM(K21:Z21),0) -> 3731797 | AB21: =IF(J21="TER A",VLOOKUP(AA21,Ter_A,4,TRUE),IF(J21="TER B",VLOOKUP(AA21,Ter_B,4,TRUE),VLOOKUP(AA21,Ter_C,4,TRUE))) -> 0 | AC21: =ROUND(IF(E21=0,AA21*AB21*120%,AA21*AB21),0) -> 0 | AD21: 3553182.1 | AE21: =L21+M21 -> 178616 | AF21: =AD21+AE21 -> 3731798.1 | AG21: =AA21-AF21 -> -1.07 | AH21: =+SUM(N21:X21) -> 34515.41
B22: 17 | C22: MEGI EFRISA | D22: 1604220103030001 | E22: - | F22: DS. TANJUNG AGUNG KEL. TANJUNG AGUNG KEC. PAGAR GUNUNG KAB. LAHAT | G22: MANDOR | H22: L | I22: TK/0 | J22: =IF(ISBLANK(I22),"",IF(OR(I22="TK/0",I22="TK/1",I22="K/0"),"TER A",IF(I22="K/3","TER C","TER B"))) -> TER A | K22: =29*123833.33 -> 3591166.6 | L22: =3715000*0.84% -> 31206 | M22: =(3715000+2500)*4% -> 148700 | N22: 65250 | P22: 1707181.9 | S22: 2500 | X22: ='[6]GAJI '!$BC27 -> 0 | AA22: =ROUNDDOWN(SUM(K22:Z22),0) -> 5546004 | AB22: =IF(J22="TER A",VLOOKUP(AA22,Ter_A,4,TRUE),IF(J22="TER B",VLOOKUP(AA22,Ter_B,4,TRUE),VLOOKUP(AA22,Ter_C,4,TRUE))) -> 0.0025 | AC22: =ROUND(IF(E22=0,AA22*AB22*120%,AA22*AB22),0) -> 13865 | AD22: 5366098.5 | AE22: =L22+M22 -> 179906 | AF22: =AD22+AE22 -> 5546004.5 | AG22: =AA22-AF22 -> -0.52666667 | AH22: =+SUM(N22:X22) -> 1774931.9
B23: 18 | C23: SURATMAN | D23: 1902052707850001 | E23: 972285225305000 | F23: DUSUN KEPAYANG RT. 004 RW. 002 DESA KACANG BUTOR KEC. BADAU | G23: KARYAWAN PERAWATAN | H23: L | I23: K/0 | J23: =IF(ISBLANK(I23),"",IF(OR(I23="TK/0",I23="TK/1",I23="K/0"),"TER A",IF(I23="K/3","TER C","TER B"))) -> TER A | K23: =29*121333.33 -> 3518666.6 | L23: =3640000*0.84% -> 30576 | M23: =(3640000+43500)*4% -> 147340 | N23: 104400 | P23: 189364.14 | Q23: 40000 | S23: 43500 | X23: ='[6]GAJI '!$BC28 -> 0 | AA23: =ROUNDDOWN(SUM(K23:Z23),0) -> 4073846 | AB23: =IF(J23="TER A",VLOOKUP(AA23,Ter_A,4,TRUE),IF(J23="TER B",VLOOKUP(AA23,Ter_B,4,TRUE),VLOOKUP(AA23,Ter_C,4,TRUE))) -> 0 | AC23: =ROUND(IF(E23=0,AA23*AB23*120%,AA23*AB23),0) -> 0 | AD23: 3895930.8 | AE23: =L23+M23 -> 177916 | AF23: =AD23+AE23 -> 4073846.8 | AG23: =AA23-AF23 -> -0.80666667 | AH23: =+SUM(N23:X23) -> 377264.14
B24: 19 | C24: ARDI | D24: 1902050512820004 | E24: 972280259305000 | F24: JL.MANGGAR RT.009 RW.003 DESA KACANG BUTOR KEC. BADAU | G24: OPERATOR | H24: L | I24: K/2 | J24: =IF(ISBLANK(I24),"",IF(OR(I24="TK/0",I24="TK/1",I24="K/0"),"TER A",IF(I24="K/3","TER C","TER B"))) -> TER B | K24: =29*121333.33 -> 3518666.6 | L24: =3640000*0.84% -> 30576 | M24: =(3640000+47000)*4% -> 147480 | N24: 156600 | O24: 66000 | P24: 2598496.8 | S24: 47000 | X24: ='[6]GAJI '!$BC53 -> 0 | AA24: =ROUNDDOWN(SUM(K24:Z24),0) -> 6564819 | AB24: =IF(J24="TER A",VLOOKUP(AA24,Ter_A,4,TRUE),IF(J24="TER B",VLOOKUP(AA24,Ter_B,4,TRUE),VLOOKUP(AA24,Ter_C,4,TRUE))) -> 0.005 | AC24: =ROUND(IF(E24=0,AA24*AB24*120%,AA24*AB24),0) -> 32824 | AD24: 6386763.5 | AE24: =L24+M24 -> 178056 | AF24: =AD24+AE24 -> 6564819.5 | AG24: =AA24-AF24 -> -0.47666667 | AH24: =+SUM(N24:X24) -> 2868096.8
B25: 20 | C25: EDI ISHAK | D25: 1902051212790002 | E25: 972286066305000 | F25: DSN AIR BEGANTUNG RT. 010 RW. 003 DS KACANG BUTOR KEC. BADAU | G25: OPERATOR | H25: L | I25: K/2 | J25: =IF(ISBLANK(I25),"",IF(OR(I25="TK/0",I25="TK/1",I25="K/0"),"TER A",IF(I25="K/3","TER C","TER B"))) -> TER B | K25: =29*121333.33 -> 3518666.6 | L25: =3640000*0.84% -> 30576 | M25: =(3640000+61000)*4% -> 148040 | N25: 156600 | O25: 44000 | P25: 2019884.2 | S25: 61000 | X25: ='[6]GAJI '!$BC54 -> 0 | AA25: =ROUNDDOWN(SUM(K25:Z25),0) -> 5978766 | AB25: =IF(J25="TER A",VLOOKUP(AA25,Ter_A,4,TRUE),IF(J25="TER B",VLOOKUP(AA25,Ter_B,4,TRUE),VLOOKUP(AA25,Ter_C,4,TRUE))) -> 0 | AC25: =ROUND(IF(E25=0,AA25*AB25*120%,AA25*AB25),0) -> 0 | AD25: 5800150.8 | AE25: =L25+M25 -> 178616 | AF25: =AD25+AE25 -> 5978766.8 | AG25: =AA25-AF25 -> -0.82666667 | AH25: =+SUM(N25:X25) -> 2281484.2
B26: 21 | C26: SUDIRMAN | D26: 1902051205770002 | E26: 743653420305000 | F26: JL. MANGGAR RT. 004 RW. 002 DESA AIR BATU BUDING BADAU | G26: OPERATOR | H26: L | I26: K/0 | J26: =IF(ISBLANK(I26),"",IF(OR(I26="TK/0",I26="TK/1",I26="K/0"),"TER A",IF(I26="K/3","TER C","TER B"))) -> TER A | K26: =29*121333.33 -> 3518666.6 | L26: =3640000*0.84% -> 30576 | M26: =(3640000+24000)*4% -> 146560 | N26: 104400 | O26: 63000 | P26: 2682658.7 | R26: 509600.07 | S26: 24000 | X26: ='[6]GAJI '!$BC55 -> 0 | AA26: =ROUNDDOWN(SUM(K26:Z26),0) -> 7079461 | AB26: =IF(J26="TER A",VLOOKUP(AA26,Ter_A,4,TRUE),IF(J26="TER B",VLOOKUP(AA26,Ter_B,4,TRUE),VLOOKUP(AA26,Ter_C,4,TRUE))) -> 0.0125 | AC26: =ROUND(IF(E26=0,AA26*AB26*120%,AA26*AB26),0) -> 88493 | AD26: 6902325.4 | AE26: =L26+M26 -> 177136 | AF26: =AD26+AE26 -> 7079461.4 | AG26: =AA26-AF26 -> -0.38666667 | AH26: =+SUM(N26:X26) -> 3383658.7
B27: 22 | C27: APRIYADI | D27: 1902051707890001 | E27: 972285597305000 | F27: JL MANGGAR AIR BEGANTUNG RT. 008 RW. 003 DESA KACANG BUTOR BADAU | G27: OPERATOR | H27: L | I27: K/1 | J27: =IF(ISBLANK(I27),"",IF(OR(I27="TK/0",I27="TK/1",I27="K/0"),"TER A",IF(I27="K/3","TER C","TER B"))) -> TER B | K27: =29*121333.33 -> 3518666.6 | L27: =3640000*0.84% -> 30576 | M27: =(3640000+40000)*4% -> 147200 | N27: 130500 | O27: 63000 | P27: 0 | R27: 0 | S27: 40000 | X27: ='[6]GAJI '!$BC56 -> 0 | AA27: =ROUNDDOWN(SUM(K27:Z27),0) -> 3929942 | AB27: =IF(J27="TER A",VLOOKUP(AA27,Ter_A,4,TRUE),IF(J27="TER B",VLOOKUP(AA27,Ter_B,4,TRUE),VLOOKUP(AA27,Ter_C,4,TRUE))) -> 0 | AC27: =ROUND(IF(E27=0,AA27*AB27*120%,AA27*AB27),0) -> 0 | AD27: 3752166.7 | AE27: =L27+M27 -> 177776 | AF27: =AD27+AE27 -> 3929942.7 | AG27: =AA27-AF27 -> -0.66666667 | AH27: =+SUM(N27:X27) -> 233500
B28: 23 | C28: MAHADI | D28: 1902012503820003 | E28: 972280192305000 | F28: PULAU BAYAN RT. 005 RW. 002 DESA SUNGAI SAMAK KEC. BADAU | G28: OPERATOR | H28: L | I28: K/1 | J28: =IF(ISBLANK(I28),"",IF(OR(I28="TK/0",I28="TK/1",I28="K/0"),"TER A",IF(I28="K/3","TER C","TER B"))) -> TER B | K28: =29*121333.33 -> 3518666.6 | L28: =3640000*0.84% -> 30576 | M28: =(3640000+43500)*4% -> 147340 | N28: 130500 | O28: 63000 | P28: 3524277.1 | R28: 509600.07 | S28: 43500 | X28: ='[6]GAJI '!$BC57 -> 0 | AA28: =ROUNDDOWN(SUM(K28:Z28),0) -> 7967459 | AB28: =IF(J28="TER A",VLOOKUP(AA28,Ter_A,4,TRUE),IF(J28="TER B",VLOOKUP(AA28,Ter_B,4,TRUE),VLOOKUP(AA28,Ter_C,4,TRUE))) -> 0.01 | AC28: =ROUND(IF(E28=0,AA28*AB28*120%,AA28*AB28),0) -> 79675 | AD28: 7789543.8 | AE28: =L28+M28 -> 177916 | AF28: =AD28+AE28 -> 7967459.8 | AG28: =AA28-AF28 -> -0.78666667 | AH28: =+SUM(N28:X28) -> 4270877.1
B29: 24 | C29: SISWANTO | D29: 1902051405840001 | E29: 972283733305000 | F29: DSN AIR BATU BUDING RT. 002 RW. 001 DESA AIR BATU BUDING KEC. BADAU | G29: OPERATOR | H29: L | I29: K/1 | J29: =IF(ISBLANK(I29),"",IF(OR(I29="TK/0",I29="TK/1",I29="K/0"),"TER A",IF(I29="K/3","TER C","TER B"))) -> TER B | K29: =29*121333.33 -> 3518666.6 | L29: =3640000*0.84% -> 30576 | M29: =(3640000+43500)*4% -> 147340 | N29: 126000 | O29: 63000 | P29: 2766820.5 | R29: 509600.07 | S29: 43500 | X29: ='[6]GAJI '!$BC58 -> -121333.33 | AA29: =ROUNDDOWN(SUM(K29:Z29),0) -> 7084169 | AB29: =IF(J29="TER A",VLOOKUP(AA29,Ter_A,4,TRUE),IF(J29="TER B",VLOOKUP(AA29,Ter_B,4,TRUE),VLOOKUP(AA29,Ter_C,4,TRUE))) -> 0.0075 | AC29: =ROUND(IF(E29=0,AA29*AB29*120%,AA29*AB29),0) -> 53131 | AD29: 6906253.9 | AE29: =L29+M29 -> 177916 | AF29: =AD29+AE29 -> 7084169.9 | AG29: =AA29-AF29 -> -0.89333333 | AH29: =+SUM(N29:X29) -> 3387587.2
K30: =SUM(K6:K29) -> 83549831 | L30: =SUM(L6:L29) -> 734454 | M30: =SUM(M6:M29) -> 3541380 | N30: =SUM(N6:N29) -> 2805300 | O30: =SUM(O6:O29) -> 400000 | P30: =SUM(P6:P29) -> 24641283 | Q30: =SUM(Q6:Q29) -> 600000 | R30: =SUM(R6:R29) -> 1528800.2 | ... T30: =SUM(T6:T29) -> 0 | X30: =SUM(X6:X29) -> -849333.31 | Y30: =SUM(Y6:Y29) -> 0 | AA30: =SUM(AA6:AA29) -> 118051202 | AB30: =SUM(AB6:AB29) -> 0.045 | AC30: =SUM(AC6:AC29) -> 314662 | AD30: =SUM(AD6:AD29) -> 1.1377538e+08 | AE30: =SUM(AE6:AE29) -> 4275834 | AF30: =SUM(AF6:AF29) -> 1.1805122e+08 | AG30: =AA30-AF30 -> -15.47 | AH30: =SUM(AH6:AH29) -> 30225550
AA31: ='[7]GAJI '!$AH$29+'[7]GAJI '!$AH$59+L30+M30 -> 1.1805122e+08 | AC31: ='[7]GAJI '!$AT$29+'[7]GAJI '!$AT$59 -> 314662
B32: Catatan :
B33: 1. yang berwarna adalah rumus
B34: 2. dalam hal terdapat tunjangan PPh, maka ceklis "enable iterative calculation" pada menu (option => formula => pada bagian kanan atas)
B35: 3. kolom pengurang JHT/JP tetap wajib diisi, sebagai pengurang pada masa pajak desember
B36: 4. komponen penghasilan bruto dapat disesuaikan/ditambahkan kolom, sesuai dengan kebutuhan masing2 perusahaan
B37: 5. perubahan status PTKP ditentukan keadaan awal tahun, misal nikah/punya anak ditanggal 2 januari 2024, maka berubah status PTKP nya tahun 2025
B38: 6. PPh 21 terutang tersebut sudah memperhitungkan bagi yang tidak memiliki NPWP dengan jumlah PPh Terutang 20% lebih besar.
B39: 7. untuk yang tidak mempunyai NPWP dapat diisi dengan angka Nol
B40: 8. untuk perhitungan pph 21 (THR, Bonus, Tantiem) rumus penghasilan brutonya dapat disesuaikan dengan masa pajak THR tersebut diberikan
B41: 9. khusus untuk perhitungan pph 21 masa pajak desember, dapat di cek kembali rumus total per komponen penghasilan brutonya (jika ada penambahan/pengurangan kolom)
B42: 10. untuk jan s.d nop dapat diduplicate sheetnya
D45: DIBUAT OLEH | K45: DIKETAHUI OLEH | AA45: =AA30-AA31 -> -15.47
D48: MINARNI | K48: HUSHAR, S.Pt
D49: KRANI INFRA | K49: MANAGER INFRASTRUKTUR

Sheet Feb'24 THR
B1: PT. REBINMAS JAYA
B2: INCOME TAX ARTICLE 21 FOR FEB 2024
B3: PGE 1A (INFRASTRUKTUR)
C4: yang berwarna ini rumus | N4: beras | O4: jabatan | P4: lembur
B5: NO. | C5: NAMA KARYAWAN | D5: N I K / PASPOR | E5: N P W P | F5: A L A M A T | G5: JABATAN | H5: L/P | I5: PTKP | J5: TER | K5: Gaji Pokok | L5: Astek Ins (0,84%) | M5: BPJS KESEHATAN (4%) | N5: Rice Allow | O5: Structural Allow | P5: Service Time Allow | Q5: Premi cuci mobil | R5: Premi alat | S5: Masa Kerja | X5: POT. alpa & POT. CTH ( CUTI TANPA HK ) | Y5: THR | Z5: Bonus | AA5: Penghasilan Bruto | AB5: Tarif TER | AC5: PPh 21 Gaji + THR | AD5: PPH FEB'24 | AE5: PPH THR | AF5: upah kotor | AG5: astek + bpjs | AH5: total
B6: 1 | C6: YOYO | D6: 1902010509730003 | E6: 972282958305000 | F6: JL MURAI RT. 029 RW. 010 DS PERAWAS TANJUNGPANDAN | G6: KARYAWAN PERAWATAN | H6: L | I6: K/0 | J6: =IF(ISBLANK(I6),"",IF(OR(I6="TK/0",I6="TK/1",I6="K/0"),"TER A",IF(I6="K/3","TER C","TER B"))) -> TER A | K6: =29*121333.33 -> 3518666.6 | L6: =3640000*0.84% -> 30576 | M6: =(3640000+61000)*4% -> 148040 | N6: 104400 | S6: 61000 | X6: ='[6]GAJI '!$BC11 -> 0 | Y6: 3809000 | AA6: =ROUNDDOWN(SUM(K6:Z6),0) -> 7671682 | AB6: =IF(J6="TER A",VLOOKUP(AA6,Ter_A,4,TRUE),IF(J6="TER B",VLOOKUP(AA6,Ter_B,4,TRUE),VLOOKUP(AA6,Ter_C,4,TRUE))) -> 0.015 | AC6: =ROUNDDOWN(IF(E6=0,AA6*AB6*120%,AA6*AB6),0) -> 115075 | AD6: =+'Feb''24'!AC6 -> 0 | AE6: =AC6-AD6 -> 115075 | AF6: 3684066.7 | AG6: =L6+M6 -> 178616 | AH6: =AF6+AG6 -> 3862682.7 | AI6: =AA6-AH6 -> 3808999.3
B7: 2 | C7: JAMILA | D7: 1902056811690001 | E7: 972282982305000 | F7: JL MANGGAR RT. 005 RW. 003 DS AIR BATU BUDING KEC. BADAU | G7: KARYAWAN PERAWATAN | H7: P | I7: TK/0 | J7: =IF(ISBLANK(I7),"",IF(OR(I7="TK/0",I7="TK/1",I7="K/0"),"TER A",IF(I7="K/3","TER C","TER B"))) -> TER A | K7: =29*121333.33 -> 3518666.6 | L7: =3640000*0.84% -> 30576 | M7: =(3640000+61000)*4% -> 148040 | N7: 65250 | P7: 1693757 | S7: 61000 | X7: ='[6]GAJI '!$BC12 -> 0 | Y7: 3768500 | AA7: =ROUNDDOWN(SUM(K7:Z7),0) -> 9285789 | AB7: =IF(J7="TER A",VLOOKUP(AA7,Ter_A,4,TRUE),IF(J7="TER B",VLOOKUP(AA7,Ter_B,4,TRUE),VLOOKUP(AA7,Ter_C,4,TRUE))) -> 0.0175 | AC7: =ROUNDDOWN(IF(E7=0,AA7*AB7*120%,AA7*AB7),0) -> 162501 | AD7: =+'Feb''24'!AC7 -> 13793 | AE7: =AC7-AD7 -> 148708 | AF7: 5338673.7 | AG7: =L7+M7 -> 178616 | AH7: =AF7+AG7 -> 5517289.7 | AI7: =AA7-AH7 -> 3768499.3
B8: 3 | C8: JUNI MI'UN | D8: 1902050107700052 | E8: 972283055305000 | F8: JL MANGGAR DSN KEPAYANG RT. 004 RW. 002 DS KACANG BUTOR BADAU | G8: KARYAWAN PERAWATAN | H8: L | I8: K/1 | J8: =IF(ISBLANK(I8),"",IF(OR(I8="TK/0",I8="TK/1",I8="K/0"),"TER A",IF(I8="K/3","TER C","TER B"))) -> TER B | K8: =29*121333.33 -> 3518666.6 | L8: =3640000*0.84% -> 30576 | M8: =(3640000+43500)*4% -> 147340 | N8: 130500 | P8: 2061965.1 | S8: 43500 | X8: ='[6]GAJI '!$BC13 -> 0 | Y8: 3818500 | AA8: =ROUNDDOWN(SUM(K8:Z8),0) -> 9751047 | AB8: =IF(J8="TER A",VLOOKUP(AA8,Ter_A,4,TRUE),IF(J8="TER B",VLOOKUP(AA8,Ter_B,4,TRUE),VLOOKUP(AA8,Ter_C,4,TRUE))) -> 0.015 | AC8: =ROUNDDOWN(IF(E8=0,AA8*AB8*120%,AA8*AB8),0) -> 146265 | AD8: =+'Feb''24'!AC8 -> 0 | AE8: =AC8-AD8 -> 146265 | AF8: 5754631.7 | AG8: =L8+M8 -> 177916 | AH8: =AF8+AG8 -> 5932547.7 | AI8: =AA8-AH8 -> 3818499.3
B9: 4 | C9: SUHANDI | D9: 1906042606860003 | E9: 972282974305000 | F9: JL KOPERASI RT. 004 RW. 002 DESA PEMBAHARUAN KEC. KELAPA KAMPIT | G9: KARYAWAN PERAWATAN | H9: L | I9: K/1 | J9: =IF(ISBLANK(I9),"",IF(OR(I9="TK/0",I9="TK/1",I9="K/0"),"TER A",IF(I9="K/3","TER C","TER B"))) -> TER B | K9: =29*121333.33 -> 3518666.6 | L9: =3640000*0.84% -> 30576 | M9: =(3640000+43500)*4% -> 147340 | N9: 130500 | Q9: 400000 | S9: 43500 | X9: ='[6]GAJI '!$BC14 -> 0 | Y9: 3818500 | AA9: =ROUNDDOWN(SUM(K9:Z9),0) -> 8089082 | AB9: =IF(J9="TER A",VLOOKUP(AA9,Ter_A,4,TRUE),IF(J9="TER B",VLOOKUP(AA9,Ter_B,4,TRUE),VLOOKUP(AA9,Ter_C,4,TRUE))) -> 0.01 | AC9: =ROUNDDOWN(IF(E9=0,AA9*AB9*120%,AA9*AB9),0) -> 80890 | AD9: =+'Feb''24'!AC9 -> 0 | AE9: =AC9-AD9 -> 80890 | AF9: 4092666.7 | AG9: =L9+M9 -> 177916 | AH9: =AF9+AG9 -> 4270582.7 | AI9: =AA9-AH9 -> 3818499.3
B10: 5 | C10: MINARNI | D10: 1902056103760002 | E10: 972280226305000 | F10: AIR BATU BUDING RT. 004 RW. 002 DS AIR BATU BUDING KEC. BADAU | G10: KRANI DIVISI | H10: P | I10: TK/0 | J10: =IF(ISBLANK(I10),"",IF(OR(I10="TK/0",I10="TK/1",I10="K/0"),"TER A",IF(I10="K/3","TER C","TER B"))) -> TER A | K10: =29*121333.33 -> 3518666.6 | L10: =3640000*0.84% -> 30576 | M10: =(3640000+43500)*4% -> 147340 | N10: 65250 | O10: 38000 | P10: 1188786 | S10: 43500 | X10: ='[6]GAJI '!$BC15 -> 0 | Y10: 3751000 | AA10: =ROUNDDOWN(SUM(K10:Z10),0) -> 8783118 | AB10: =IF(J10="TER A",VLOOKUP(AA10,Ter_A,4,TRUE),IF(J10="TER B",VLOOKUP(AA10,Ter_B,4,TRUE),VLOOKUP(AA10,Ter_C,4,TRUE))) -> 0.0175 | AC10: =ROUNDDOWN(IF(E10=0,AA10*AB10*120%,AA10*AB10),0) -> 153704 | AD10: =+'Feb''24'!AC10 -> 0 | AE10: =AC10-AD10 -> 153704 | AF10: 4854202.7 | AG10: =L10+M10 -> 177916 | AH10: =AF10+AG10 -> 5032118.7 | AI10: =AA10-AH10 -> 3750999.3
B11: 6 | C11: SUPRIADI | D11: 1902052812870001 | E11: 972283014305000 | F11: JL AIR BEGANTUNG RT. 009 RW. 003 DS KACANG BUTOR KEC.BADAU | G11: KARYAWAN PERAWATAN | H11: L | I11: K/2 | J11: =IF(ISBLANK(I11),"",IF(OR(I11="TK/0",I11="TK/1",I11="K/0"),"TER A",IF(I11="K/3","TER C","TER B"))) -> TER B | K11: =29*121333.33 -> 3518666.6 | L11: =3640000*0.84% -> 30576 | M11: =(3640000+47000)*4% -> 147480 | N11: 156600 | S11: 47000 | X11: ='[6]GAJI '!$BC16 -> 0 | Y11: 3849000 | AA11: =ROUNDDOWN(SUM(K11:Z11),0) -> 7749322 | AB11: =IF(J11="TER A",VLOOKUP(AA11,Ter_A,4,TRUE),IF(J11="TER B",VLOOKUP(AA11,Ter_B,4,TRUE),VLOOKUP(AA11,Ter_C,4,TRUE))) -> 0.01 | AC11: =ROUNDDOWN(IF(E11=0,AA11*AB11*120%,AA11*AB11),0) -> 77493 | AD11: =+'Feb''24'!AC11 -> 0 | AE11: =AC11-AD11 -> 77493 | AF11: 3722266.7 | AG11: =L11+M11 -> 178056 | AH11: =AF11+AG11 -> 3900322.7 | AI11: =AA11-AH11 -> 3848999.3
B12: 7 | C12: HARIAH | D12: 1902014909730007 | E12: 972283048305000 | F12: PELATARAN AIR KETEKOK RT. 001 RW. 001 DS AIR KETEKOK TANJUNGPANDAN | G12: KARYAWAN PERAWATAN | H12: P | I12: TK/0 | J12: =IF(ISBLANK(I12),"",IF(OR(I12="TK/0",I12="TK/1",I12="K/0"),"TER A",IF(I12="K/3","TER C","TER B"))) -> TER A | K12: =29*121333.33 -> 3518666.6 | L12: =3640000*0.84% -> 30576 | M12: =(3640000+36500)*4% -> 147060 | N12: 65250 | P12: 1030982.5 | S12: 36500 | X12: ='[6]GAJI '!$BC17 -> 0 | Y12: 3744000 | AA12: =ROUNDDOWN(SUM(K12:Z12),0) -> 8573035 | AB12: =IF(J12="TER A",VLOOKUP(AA12,Ter_A,4,TRUE),IF(J12="TER B",VLOOKUP(AA12,Ter_B,4,TRUE),VLOOKUP(AA12,Ter_C,4,TRUE))) -> 0.0175 | AC12: =ROUNDDOWN(IF(E12=0,AA12*AB12*120%,AA12*AB12),0) -> 150028 | AD12: =+'Feb''24'!AC12 -> 0 | AE12: =AC12-AD12 -> 150028 | AF12: 4651399.2 | AG12: =L12+M12 -> 177636 | AH12: =AF12+AG12 -> 4829035.2 | AI12: =AA12-AH12 -> 3743999.8
B13: 8 | C13: YUSMARDIAN | D13: 1906042403820005 | E13: 972280150305000 | F13: DSN SENYUBUK RT. 001 RW. 001 DESA MENTAWAK KEC. KELAPA KAMPIT | G13: KARYAWAN PERAWATAN | H13: L | I13: K/2 | J13: =IF(ISBLANK(I13),"",IF(OR(I13="TK/0",I13="TK/1",I13="K/0"),"TER A",IF(I13="K/3","TER C","TER B"))) -> TER B | K13: =29*121333.33 -> 3518666.6 | L13: =3640000*0.84% -> 30576 | M13: =(3640000+43500)*4% -> 147340 | N13: 156600 | P13: 315606.9 | S13: 43500 | X13: ='[6]GAJI '!$BC18 -> 0 | Y13: 3845500 | AA13: =ROUNDDOWN(SUM(K13:Z13),0) -> 8057789 | AB13: =IF(J13="TER A",VLOOKUP(AA13,Ter_A,4,TRUE),IF(J13="TER B",VLOOKUP(AA13,Ter_B,4,TRUE),VLOOKUP(AA13,Ter_C,4,TRUE))) -> 0.01 | AC13: =ROUNDDOWN(IF(E13=0,AA13*AB13*120%,AA13*AB13),0) -> 80577 | AD13: =+'Feb''24'!AC13 -> 0 | AE13: =AC13-AD13 -> 80577 | AF13: 4034373.6 | AG13: =L13+M13 -> 177916 | AH13: =AF13+AG13 -> 4212289.6 | AI13: =AA13-AH13 -> 3845499.4
B14: 9 | C14: YULHANI | D14: 1902051010760007 | E14: 972285720305000 | F14: JL MANGGAR AIR BEGANTUNG RT. 008 RW. 003 DESA KACANG BUTOR BADAU | G14: KARYAWAN PERAWATAN | H14: L | I14: K/0 | J14: =IF(ISBLANK(I14),"",IF(OR(I14="TK/0",I14="TK/1",I14="K/0"),"TER A",IF(I14="K/3","TER C","TER B"))) -> TER A | K14: =29*121333.33 -> 3518666.6 | L14: =3640000*0.84% -> 30576 | M14: =(3640000+61000)*4% -> 148040 | N14: 100800 | S14: 61000 | X14: ='[6]GAJI '!$BC19 -> -121333.33 | Y14: 3809000 | AA14: =ROUNDDOWN(SUM(K14:Z14),0) -> 7546749 | AB14: =IF(J14="TER A",VLOOKUP(AA14,Ter_A,4,TRUE),IF(J14="TER B",VLOOKUP(AA14,Ter_B,4,TRUE),VLOOKUP(AA14,Ter_C,4,TRUE))) -> 0.015 | AC14: =ROUNDDOWN(IF(E14=0,AA14*AB14*120%,AA14*AB14),0) -> 113201 | AD14: =+'Feb''24'!AC14 -> 0 | AE14: =AC14-AD14 -> 113201 | AF14: 3559133.3 | AG14: =L14+M14 -> 178616 | AH14: =AF14+AG14 -> 3737749.3 | AI14: =AA14-AH14 -> 3808999.7
B15: 10 | C15: HENDRIX | D15: 1906041308920003 | E15: 743653768305000 | F15: DSN MERDEKA RT. 006 RW. 002 DS SENYUBUK KEC. KELAPA KAMPIT | G15: KARYAWAN PERAWATAN | H15: L | I15: K/1 | J15: =IF(ISBLANK(I15),"",IF(OR(I15="TK/0",I15="TK/1",I15="K/0"),"TER A",IF(I15="K/3","TER C","TER B"))) -> TER B | K15: =29*121333.33 -> 3518666.6 | L15: =3640000*0.84% -> 30576 | M15: =(3640000+30000)*4% -> 146800 | N15: 126000 | S15: 30000 | X15: ='[6]GAJI '!$BC20 -> -121333.33 | Y15: 3805000 | AA15: =ROUNDDOWN(SUM(K15:Z15),0) -> 7535709 | AB15: =IF(J15="TER A",VLOOKUP(AA15,Ter_A,4,TRUE),IF(J15="TER B",VLOOKUP(AA15,Ter_B,4,TRUE),VLOOKUP(AA15,Ter_C,4,TRUE))) -> 0.01 | AC15: =ROUNDDOWN(IF(E15=0,AA15*AB15*120%,AA15*AB15),0) -> 75357 | AD15: =+'Feb''24'!AC15 -> 0 | AE15: =AC15-AD15 -> 75357 | AF15: 3553333.3 | AG15: =L15+M15 -> 177376 | AH15: =AF15+AG15 -> 3730709.3 | AI15: =AA15-AH15 -> 3804999.7
B16: 11 | C16: ARIANTO.B | D16: 1902052202690002 | E16: 972283287305000 | F16: DSN KACANG BUTOR RT. 001 RW. 001 DESA KACANG BUTOR KEC. BADAU | G16: KARYAWAN PERAWATAN | H16: L | I16: K/1 | J16: =IF(ISBLANK(I16),"",IF(OR(I16="TK/0",I16="TK/1",I16="K/0"),"TER A",IF(I16="K/3","TER C","TER B"))) -> TER B | K16: =21*121333.33 -> 2547999.9 | L16: =3640000*0.84% -> 30576 | M16: =(3640000+61000)*4% -> 148040 | N16: 94500 | S16: 61000 | X16: ='[6]GAJI '!$BC21 -> 0 | AA16: =ROUNDDOWN(SUM(K16:Z16),0) -> 2882115 | AB16: =IF(J16="TER A",VLOOKUP(AA16,Ter_A,4,TRUE),IF(J16="TER B",VLOOKUP(AA16,Ter_B,4,TRUE),VLOOKUP(AA16,Ter_C,4,TRUE))) -> 0 | AC16: =ROUNDDOWN(IF(E16=0,AA16*AB16*120%,AA16*AB16),0) -> 0 | AD16: =+'Feb''24'!AC16 -> 0 | AE16: =AC16-AD16 -> 0 | AF16: 2703500 | AG16: =L16+M16 -> 178616 | AH16: =AF16+AG16 -> 2882116 | AI16: =AA16-AH16 -> -1
B17: 12 | C17: NANDI | D17: 1902053006780001 | E17: 972282966305000 | F17: JL. MANGGAR DSN. KACANG BUTOR RT.001 RW.001 DS. KACANG BUTOR KEC. BADAU | G17: KARYAWAN PERAWATAN | H17: L | I17: K/1 | J17: =IF(ISBLANK(I17),"",IF(OR(I17="TK/0",I17="TK/1",I17="K/0"),"TER A",IF(I17="K/3","TER C","TER B"))) -> TER B | K17: =29*121333.33 -> 3518666.6 | L17: =3640000*0.84% -> 30576 | M17: =(3640000+61000)*4% -> 148040 | N17: 130500 | Q17: 160000 | S17: 61000 | X17: ='[6]GAJI '!$BC22 -> 0 | Y17: 3836000 | AA17: =ROUNDDOWN(SUM(K17:Z17),0) -> 7884782 | AB17: =IF(J17="TER A",VLOOKUP(AA17,Ter_A,4,TRUE),IF(J17="TER B",VLOOKUP(AA17,Ter_B,4,TRUE),VLOOKUP(AA17,Ter_C,4,TRUE))) -> 0.01 | AC17: =ROUNDDOWN(IF(E17=0,AA17*AB17*120%,AA17*AB17),0) -> 78847 | AD17: =+'Feb''24'!AC17 -> 0 | AE17: =AC17-AD17 -> 78847 | AF17: 3870166.7 | AG17: =L17+M17 -> 178616 | AH17: =AF17+AG17 -> 4048782.7 | AI17: =AA17-AH17 -> 3835999.3
B18: 13 | C18: KAMELIA | D18: 1902051606760003 | E18: 972280218305000 | F18: JL MANGGAR DSN PARIT GUNUNG RT. 006 RW. 003 DS AIR BATU BUDING BADAU | G18: KARYAWAN PERAWATAN | H18: L | I18: K/0 | J18: =IF(ISBLANK(I18),"",IF(OR(I18="TK/0",I18="TK/1",I18="K/0"),"TER A",IF(I18="K/3","TER C","TER B"))) -> TER A | K18: =29*121333.33 -> 3518666.6 | L18: =3640000*0.84% -> 30576 | M18: =(3640000+47000)*4% -> 147480 | N18: 100800 | S18: 47000 | X18: ='[6]GAJI '!$BC23 -> -121333.33 | Y18: 3795000 | AA18: =ROUNDDOWN(SUM(K18:Z18),0) -> 7518189 | AB18: =IF(J18="TER A",VLOOKUP(AA18,Ter_A,4,TRUE),IF(J18="TER B",VLOOKUP(AA18,Ter_B,4,TRUE),VLOOKUP(AA18,Ter_C,4,TRUE))) -> 0.015 | AC18: =ROUNDDOWN(IF(E18=0,AA18*AB18*120%,AA18*AB18),0) -> 112772 | AD18: =+'Feb''24'!AC18 -> 0 | AE18: =AC18-AD18 -> 112772 | AF18: 3545133.3 | AG18: =L18+M18 -> 178056 | AH18: =AF18+AG18 -> 3723189.3 | AI18: =AA18-AH18 -> 3794999.7
B19: 14 | C19: SISWANTO | D19: 1902051902910001 | E19: 972285506305000 | F19: JL. MANGGAR DSN. PARIT GUNUNG RT.006 RW.003 DS. AIR BATU BUDING KEC. BADAU | G19: KARYAWAN PERAWATAN | H19: L | I19: K/1 | J19: =IF(ISBLANK(I19),"",IF(OR(I19="TK/0",I19="TK/1",I19="K/0"),"TER A",IF(I19="K/3","TER C","TER B"))) -> TER B | K19: =29*121333.33 -> 3518666.6 | L19: =3640000*0.84% -> 30576 | M19: =(3640000+43500)*4% -> 147340 | N19: 126000 | P19: 94682.07 | S19: 43500 | X19: ='[6]GAJI '!$BC24 -> -121333.33 | Y19: 3818500 | AA19: =ROUNDDOWN(SUM(K19:Z19),0) -> 7657931 | AB19: =IF(J19="TER A",VLOOKUP(AA19,Ter_A,4,TRUE),IF(J19="TER B",VLOOKUP(AA19,Ter_B,4,TRUE),VLOOKUP(AA19,Ter_C,4,TRUE))) -> 0.01 | AC19: =ROUNDDOWN(IF(E19=0,AA19*AB19*120%,AA19*AB19),0) -> 76579 | AD19: =+'Feb''24'!AC19 -> 0 | AE19: =AC19-AD19 -> 76579 | AF19: 3661515.4 | AG19: =L19+M19 -> 177916 | AH19: =AF19+AG19 -> 3839431.4 | AI19: =AA19-AH19 -> 3818499.6
B20: 15 | C20: DARMA JAYA | D20: 1902051907880002 | E20: 972374425305000 | F20: DSN AIR BATU BUDING RT.001 RW.001 DESA AIR BATU BUDING KEC. BADAU | G20: KRANI GUDANG | H20: L | I20: K/2 | J20: =IF(ISBLANK(I20),"",IF(OR(I20="TK/0",I20="TK/1",I20="K/0"),"TER A",IF(I20="K/3","TER C","TER B"))) -> TER B | K20: =29*121333.33 -> 3518666.6 | L20: =3640000*0.84% -> 30576 | M20: =(3640000+50500)*4% -> 147620 | N20: 156600 | P20: 2672138.4 | S20: 50500 | X20: ='[6]GAJI '!$BC25 -> 0 | Y20: 3852500 | AA20: =ROUNDDOWN(SUM(K20:Z20),0) -> 10428600 | AB20: =IF(J20="TER A",VLOOKUP(AA20,Ter_A,4,TRUE),IF(J20="TER B",VLOOKUP(AA20,Ter_B,4,TRUE),VLOOKUP(AA20,Ter_C,4,TRUE))) -> 0.015 | AC20: =ROUNDDOWN(IF(E20=0,AA20*AB20*120%,AA20*AB20),0) -> 156429 | AD20: =+'Feb''24'!AC20 -> 32881 | AE20: =AC20-AD20 -> 123548 | AF20: 6397905.1 | AG20: =L20+M20 -> 178196 | AH20: =AF20+AG20 -> 6576101.1 | AI20: =AA20-AH20 -> 3852498.9
B21: 16 | C21: YUSMARNO | D21: 1902012406780003 | E21: 972285704305000 | F21: JL PASIR PUTIH RT. 012 RW. 005 DS AIR RAYAK KEC. TANJUNGPANDAN | G21: KARYAWAN PERAWATAN | H21: L | I21: K/1 | J21: =IF(ISBLANK(I21),"",IF(OR(I21="TK/0",I21="TK/1",I21="K/0"),"TER A",IF(I21="K/3","TER C","TER B"))) -> TER B | K21: =29*121333.33 -> 3518666.6 | L21: =3640000*0.84% -> 30576 | M21: =(3640000+61000)*4% -> 148040 | N21: 121500 | P21: 94682.07 | S21: 61000 | X21: ='[6]GAJI '!$BC26 -> -242666.66 | Y21: 3836000 | AA21: =ROUNDDOWN(SUM(K21:Z21),0) -> 7567797 | AB21: =IF(J21="TER A",VLOOKUP(AA21,Ter_A,4,TRUE),IF(J21="TER B",VLOOKUP(AA21,Ter_B,4,TRUE),VLOOKUP(AA21,Ter_C,4,TRUE))) -> 0.01 | AC21: =ROUNDDOWN(IF(E21=0,AA21*AB21*120%,AA21*AB21),0) -> 75677 | AD21: =+'Feb''24'!AC21 -> 0 | AE21: =AC21-AD21 -> 75677 | AF21: 3553182.1 | AG21: =L21+M21 -> 178616 | AH21: =AF21+AG21 -> 3731798.1 | AI21: =AA21-AH21 -> 3835998.9
B22: 17 | C22: MEGI EFRISA | D22: 1604220103030001 | E22: - | F22: DS. TANJUNG AGUNG KEL. TANJUNG AGUNG KEC. PAGAR GUNUNG KAB. LAHAT | G22: MANDOR | H22: L | I22: TK/0 | J22: =IF(ISBLANK(I22),"",IF(OR(I22="TK/0",I22="TK/1",I22="K/0"),"TER A",IF(I22="K/3","TER C","TER B"))) -> TER A | K22: =29*123833.33 -> 3591166.6 | L22: =3715000*0.84% -> 31206 | M22: =(3715000+2500)*4% -> 148700 | N22: 65250 | P22: 1707181.9 | S22: 2500 | X22: ='[6]GAJI '!$BC27 -> 0 | Y22: 3787500 | AA22: =ROUNDDOWN(SUM(K22:Z22),0) -> 9333504 | AB22: =IF(J22="TER A",VLOOKUP(AA22,Ter_A,4,TRUE),IF(J22="TER B",VLOOKUP(AA22,Ter_B,4,TRUE),VLOOKUP(AA22,Ter_C,4,TRUE))) -> 0.0175 | AC22: =ROUNDDOWN(IF(E22=0,AA22*AB22*120%,AA22*AB22),0) -> 163336 | AD22: =+'Feb''24'!AC22 -> 13865 | AE22: =AC22-AD22 -> 149471 | AF22: 5366098.5 | AG22: =L22+M22 -> 179906 | AH22: =AF22+AG22 -> 5546004.5 | AI22: =AA22-AH22 -> 3787499.5
B23: 18 | C23: SURATMAN | D23: 1902052707850001 | E23: 972285225305000 | F23: DUSUN KEPAYANG RT. 004 RW. 002 DESA KACANG BUTOR KEC. BADAU | G23: KARYAWAN PERAWATAN | H23: L | I23: K/0 | J23: =IF(ISBLANK(I23),"",IF(OR(I23="TK/0",I23="TK/1",I23="K/0"),"TER A",IF(I23="K/3","TER C","TER B"))) -> TER A | K23: =29*121333.33 -> 3518666.6 | L23: =3640000*0.84% -> 30576 | M23: =(3640000+43500)*4% -> 147340 | N23: 104400 | P23: 189364.14 | Q23: 40000 | S23: 43500 | X23: ='[6]GAJI '!$BC28 -> 0 | Y23: 3791500 | AA23: =ROUNDDOWN(SUM(K23:Z23),0) -> 7865346 | AB23: =IF(J23="TER A",VLOOKUP(AA23,Ter_A,4,TRUE),IF(J23="TER B",VLOOKUP(AA23,Ter_B,4,TRUE),VLOOKUP(AA23,Ter_C,4,TRUE))) -> 0.015 | AC23: =ROUNDDOWN(IF(E23=0,AA23*AB23*120%,AA23*AB23),0) -> 117980 | AD23: =+'Feb''24'!AC23 -> 0 | AE23: =AC23-AD23 -> 117980 | AF23: 3895930.8 | AG23: =L23+M23 -> 177916 | AH23: =AF23+AG23 -> 4073846.8 | AI23: =AA23-AH23 -> 3791499.2
B24: 19 | C24: ARDI | D24: 1902050512820004 | E24: 972280259305000 | F24: JL.MANGGAR RT.009 RW.003 DESA KACANG BUTOR KEC. BADAU | G24: OPERATOR | H24: L | I24: K/2 | J24: =IF(ISBLANK(I24),"",IF(OR(I24="TK/0",I24="TK/1",I24="K/0"),"TER A",IF(I24="K/3","TER C","TER B"))) -> TER B | K24: =29*121333.33 -> 3518666.6 | L24: =3640000*0.84% -> 30576 | M24: =(3640000+47000)*4% -> 147480 | N24: 156600 | O24: 66000 | P24: 2598496.8 | S24: 47000 | X24: ='[6]GAJI '!$BC53 -> 0 | Y24: 3849000 | AA24: =ROUNDDOWN(SUM(K24:Z24),0) -> 10413819 | AB24: =IF(J24="TER A",VLOOKUP(AA24,Ter_A,4,TRUE),IF(J24="TER B",VLOOKUP(AA24,Ter_B,4,TRUE),VLOOKUP(AA24,Ter_C,4,TRUE))) -> 0.015 | AC24: =ROUNDDOWN(IF(E24=0,AA24*AB24*120%,AA24*AB24),0) -> 156207 | AD24: =+'Feb''24'!AC24 -> 32824 | AE24: =AC24-AD24 -> 123383 | AF24: 6386763.5 | AG24: =L24+M24 -> 178056 | AH24: =AF24+AG24 -> 6564819.5 | AI24: =AA24-AH24 -> 3848999.5
B25: 20 | C25: EDI ISHAK | D25: 1902051212790002 | E25: 972286066305000 | F25: DSN AIR BEGANTUNG RT. 010 RW. 003 DS KACANG BUTOR KEC. BADAU | G25: OPERATOR | H25: L | I25: K/2 | J25: =IF(ISBLANK(I25),"",IF(OR(I25="TK/0",I25="TK/1",I25="K/0"),"TER A",IF(I25="K/3","TER C","TER B"))) -> TER B | K25: =29*121333.33 -> 3518666.6 | L25: =3640000*0.84% -> 30576 | M25: =(3640000+61000)*4% -> 148040 | N25: 156600 | O25: 44000 | P25: 2019884.2 | S25: 61000 | X25: ='[6]GAJI '!$BC54 -> 0 | Y25: 3863000 | AA25: =ROUNDDOWN(SUM(K25:Z25),0) -> 9841766 | AB25: =IF(J25="TER A",VLOOKUP(AA25,Ter_A,4,TRUE),IF(J25="TER B",VLOOKUP(AA25,Ter_B,4,TRUE),VLOOKUP(AA25,Ter_C,4,TRUE))) -> 0.015 | AC25: =ROUNDDOWN(IF(E25=0,AA25*AB25*120%,AA25*AB25),0) -> 147626 | AD25: =+'Feb''24'!AC25 -> 0 | AE25: =AC25-AD25 -> 147626 | AF25: 5800150.8 | AG25: =L25+M25 -> 178616 | AH25: =AF25+AG25 -> 5978766.8 | AI25: =AA25-AH25 -> 3862999.2
B26: 21 | C26: SUDIRMAN | D26: 1902051205770002 | E26: 743653420305000 | F26: JL. MANGGAR RT. 004 RW. 002 DESA AIR BATU BUDING BADAU | G26: OPERATOR | H26: L | I26: K/0 | J26: =IF(ISBLANK(I26),"",IF(OR(I26="TK/0",I26="TK/1",I26="K/0"),"TER A",IF(I26="K/3","TER C","TER B"))) -> TER A | K26: =29*121333.33 -> 3518666.6 | L26: =3640000*0.84% -> 30576 | M26: =(3640000+24000)*4% -> 146560 | N26: 104400 | O26: 63000 | P26: 2682658.7 | R26: 509600.07 | S26: 24000 | X26: ='[6]GAJI '!$BC55 -> 0 | Y26: 3772000 | AA26: =ROUNDDOWN(SUM(K26:Z26),0) -> 10851461 | AB26: =IF(J26="TER A",VLOOKUP(AA26,Ter_A,4,TRUE),IF(J26="TER B",VLOOKUP(AA26,Ter_B,4,TRUE),VLOOKUP(AA26,Ter_C,4,TRUE))) -> 0.03 | AC26: =ROUNDDOWN(IF(E26=0,AA26*AB26*120%,AA26*AB26),0) -> 325543 | AD26: =+'Feb''24'!AC26 -> 88493 | AE26: =AC26-AD26 -> 237050 | AF26: 6902325.4 | AG26: =L26+M26 -> 177136 | AH26: =AF26+AG26 -> 7079461.4 | AI26: =AA26-AH26 -> 3771999.6
B27: 22 | C27: APRIYADI | D27: 1902051707890001 | E27: 972285597305000 | F27: JL MANGGAR AIR BEGANTUNG RT. 008 RW. 003 DESA KACANG BUTOR BADAU | G27: OPERATOR | H27: L | I27: K/1 | J27: =IF(ISBLANK(I27),"",IF(OR(I27="TK/0",I27="TK/1",I27="K/0"),"TER A",IF(I27="K/3","TER C","TER B"))) -> TER B | K27: =29*121333.33 -> 3518666.6 | L27: =3640000*0.84% -> 30576 | M27: =(3640000+40000)*4% -> 147200 | N27: 130500 | O27: 63000 | P27: 0 | R27: 0 | S27: 40000 | X27: ='[6]GAJI '!$BC56 -> 0 | Y27: 3818500 | AA27: =ROUNDDOWN(SUM(K27:Z27),0) -> 7748442 | AB27: =IF(J27="TER A",VLOOKUP(AA27,Ter_A,4,TRUE),IF(J27="TER B",VLOOKUP(AA27,Ter_B,4,TRUE),VLOOKUP(AA27,Ter_C,4,TRUE))) -> 0.01 | AC27: =ROUNDDOWN(IF(E27=0,AA27*AB27*120%,AA27*AB27),0) -> 77484 | AD27: =+'Feb''24'!AC27 -> 0 | AE27: =AC27-AD27 -> 77484 | AF27: 3752166.7 | AG27: =L27+M27 -> 177776 | AH27: =AF27+AG27 -> 3929942.7 | AI27: =AA27-AH27 -> 3818499.3
B28: 23 | C28: MAHADI | D28: 1902012503820003 | E28: 972280192305000 | F28: PULAU BAYAN RT. 005 RW. 002 DESA SUNGAI SAMAK KEC. BADAU | G28: OPERATOR | H28: L | I28: K/1 | J28: =IF(ISBLANK(I28),"",IF(OR(I28="TK/0",I28="TK/1",I28="K/0"),"TER A",IF(I28="K/3","TER C","TER B"))) -> TER B | K28: =29*121333.33 -> 3518666.6 | L28: =3640000*0.84% -> 30576 | M28: =(3640000+43500)*4% -> 147340 | N28: 130500 | O28: 63000 | P28: 3524277.1 | R28: 509600.07 | S28: 43500 | X28: ='[6]GAJI '!$BC57 -> 0 | Y28: 3818500 | AA28: =ROUNDDOWN(SUM(K28:Z28),0) -> 11785959 | AB28: =IF(J28="TER A",VLOOKUP(AA28,Ter_A,4,TRUE),IF(J28="TER B",VLOOKUP(AA28,Ter_B,4,TRUE),VLOOKUP(AA28,Ter_C,4,TRUE))) -> 0.03 | AC28: =ROUNDDOWN(IF(E28=0,AA28*AB28*120%,AA28*AB28),0) -> 353578 | AD28: =+'Feb''24'!AC28 -> 79675 | AE28: =AC28-AD28 -> 273903 | AF28: 7789543.8 | AG28: =L28+M28 -> 177916 | AH28: =AF28+AG28 -> 7967459.8 | AI28: =AA28-AH28 -> 3818499.2
B29: 24 | C29: SISWANTO | D29: 1902051405840001 | E29: 972283733305000 | F29: DSN AIR BATU BUDING RT. 002 RW. 001 DESA AIR BATU BUDING KEC. BADAU | G29: OPERATOR | H29: L | I29: K/1 | J29: =IF(ISBLANK(I29),"",IF(OR(I29="TK/0",I29="TK/1",I29="K/0"),"TER A",IF(I29="K/3","TER C","TER B"))) -> TER B | K29: =29*121333.33 -> 3518666.6 | L29: =3640000*0.84% -> 30576 | M29: =(3640000+43500)*4% -> 147340 | N29: 126000 | O29: 63000 | P29: 2766820.5 | R29: 509600.07 | S29: 43500 | X29: ='[6]GAJI '!$BC58 -> -121333.33 | Y29: 3822000 | AA29: =ROUNDDOWN(SUM(K29:Z29),0) -> 10906169 | AB29: =IF(J29="TER A",VLOOKUP(AA29,Ter_A,4,TRUE),IF(J29="TER B",VLOOKUP(AA29,Ter_B,4,TRUE),VLOOKUP(AA29,Ter_C,4,TRUE))) -> 0.02 | AC29: =ROUNDDOWN(IF(E29=0,AA29*AB29*120%,AA29*AB29),0) -> 218123 | AD29: =+'Feb''24'!AC29 -> 53131 | AE29: =AC29-AD29 -> 164992 | AF29: 6906253.9 | AG29: =L29+M29 -> 177916 | AH29: =AF29+AG29 -> 7084169.9 | AI29: =AA29-AH29 -> 3821999.1
K30: =SUM(K6:K29) -> 83549831 | L30: =SUM(L6:L29) -> 734454 | M30: =SUM(M6:M29) -> 3541380 | N30: =SUM(N6:N29) -> 2805300 | O30: =SUM(O6:O29) -> 400000 | P30: =SUM(P6:P29) -> 24641283 | Q30: =SUM(Q6:Q29) -> 600000 | R30: =SUM(R6:R29) -> 1528800.2 | ... T30: =SUM(T6:T29) -> 0 | X30: =SUM(X6:X29) -> -849333.31 | Y30: =SUM(Y6:Y29) -> 87678000 | AA30: =SUM(AA6:AA29) -> 205729202 | AB30: =SUM(AB6:AB29) -> 0.35 | AC30: =SUM(AC6:AC29) -> 3215272 | AD30: =SUM(AD6:AD29) -> 314662 | AE30: =SUM(AE6:AE29) -> 2900610 | AF30: =SUM(AF6:AF29) -> 1.1377538e+08 | AG30: =SUM(AG6:AG29) -> 4275834 | AH30: =SUM(AH6:AH29) -> 1.1805122e+08 | AI30: =SUM(AI6:AI29) -> 87677985
B32: Catatan :
B33: 1. yang berwarna adalah rumus
B34: 2. dalam hal terdapat tunjangan PPh, maka ceklis "enable iterative calculation" pada menu (option => formula => pada bagian kanan atas)
B35: 3. kolom pengurang JHT/JP tetap wajib diisi, sebagai pengurang pada masa pajak desember
B36: 4. komponen penghasilan bruto dapat disesuaikan/ditambahkan kolom, sesuai dengan kebutuhan masing2 perusahaan
B37: 5. perubahan status PTKP ditentukan keadaan awal tahun, misal nikah/punya anak ditanggal 2 januari 2024, maka berubah status PTKP nya tahun 2025
B38: 6. PPh 21 terutang tersebut sudah memperhitungkan bagi yang tidak memiliki NPWP dengan jumlah PPh Terutang 20% lebih besar.
B39: 7. untuk yang tidak mempunyai NPWP dapat diisi dengan angka Nol
B40: 8. untuk perhitungan pph 21 (THR, Bonus, Tantiem) rumus penghasilan brutonya dapat disesuaikan dengan masa pajak THR tersebut diberikan
B41: 9. khusus untuk perhitungan pph 21 masa pajak desember, dapat di cek kembali rumus total per komponen penghasilan brutonya (jika ada penambahan/pengurangan kolom)
B42: 10. untuk jan s.d nop dapat diduplicate sheetnya
D45: DIBUAT OLEH | K45: DIKETAHUI OLEH
D48: MINARNI | K48: HUSHAR, S.Pt
D49: KRANI INFRA | K49: MANAGER INFRASTRUKTUR

Sheet Maret'24
B1: PT. REBINMAS JAYA
B2: INCOME TAX ARTICLE 21 FOR MARET 2024
B3: PG 1A (INFRASTRUKTUR)
C4: yang berwarna ini rumus | N4: beras | O4: jabatan | P4: lembur
B5: NO. | C5: NAMA KARYAWAN | D5: N I K / PASPOR | E5: N P W P | F5: A L A M A T | G5: JABATAN | H5: L/P | I5: PTKP | J5: TER | K5: Gaji Pokok | L5: Astek Ins (0,84%) | M5: BPJS KESEHATAN (4%) | N5: Rice Allow | O5: Structural Allow | P5: Service Time Allow | Q5: Premi cuci mobil | R5: Premi alat | S5: Masa Kerja | T5: Potongan Kelebihan Perhitungan Lembur | U5: Lembur Bayar HK Penjagaan HGU | V5: Bensin Patroli | W5: POT. CUTI SAKIT & POT. CTH ( CUTI TANPA HK ) | X5: THR | Y5: Bonus | Z5: Penghasilan Bruto | AA5: Tarif TER | AB5: PPh 21 Gaji Maret + THR | AC5: PPh 21 THR | AD5: PPH 21 MARET | AE5: upah kotor | AF5: astek+bpjs | AG5: total | AI5: Tunjangan
B6: 1 | C6: YOYO | D6: 1902010509730003 | E6: 972282958305000 | F6: JL MURAI RT. 029 RW. 010 DS PERAWAS TANJUNGPANDAN | G6: KARYAWAN PERAWATAN | H6: L | I6: K/0 | J6: =IF(ISBLANK(I6),"",IF(OR(I6="TK/0",I6="TK/1",I6="K/0"),"TER A",IF(I6="K/3","TER C","TER B"))) -> TER A | K6: =31*121333.33 -> 3761333.2 | L6: =3640000*0.84% -> 30576 | M6: =(3640000+61000)*4% -> 148040 | N6: 111600 | S6: 61000 | W6: 0 | X6: =+'Feb''24 THR'!Y6 -> 3809000 | Z6: =ROUNDDOWN(SUM(K6:Y6),0) -> 7921549 | AA6: =IF(J6="TER A",VLOOKUP(Z6,Ter_A,4,TRUE),IF(J6="TER B",VLOOKUP(Z6,Ter_B,4,TRUE),VLOOKUP(Z6,Ter_C,4,TRUE))) -> 0.015 | AB6: =ROUNDDOWN(IF(E6=0,Z6*AA6*120%,Z6*AA6),0) -> 118823 | AC6: =+'Feb''24 THR'!AE6 -> 115075 | AD6: =AB6-AC6 -> 3748 | AE6: 3933933.3 | AF6: =L6+M6 -> 178616 | AG6: =AE6+AF6 -> 4112549.3 | AI6: =+SUM(N6:W6) -> 172600 | AJ6: =X6+AG6 -> 7921549.3
B7: 2 | C7: JAMILA | D7: 1902056811690001 | E7: 972282982305000 | F7: JL MANGGAR RT. 005 RW. 003 DS AIR BATU BUDING KEC. BADAU | G7: KARYAWAN PERAWATAN | H7: P | I7: TK/0 | J7: =IF(ISBLANK(I7),"",IF(OR(I7="TK/0",I7="TK/1",I7="K/0"),"TER A",IF(I7="K/3","TER C","TER B"))) -> TER A | K7: =31*121333.33 -> 3761333.2 | L7: =3640000*0.84% -> 30576 | M7: =(3640000+61000)*4% -> 148040 | N7: 69750 | P7: 2104046 | S7: 61000 | W7: 0 | X7: =+'Feb''24 THR'!Y7 -> 3768500 | Z7: =ROUNDDOWN(SUM(K7:Y7),0) -> 9943245 | AA7: =IF(J7="TER A",VLOOKUP(Z7,Ter_A,4,TRUE),IF(J7="TER B",VLOOKUP(Z7,Ter_B,4,TRUE),VLOOKUP(Z7,Ter_C,4,TRUE))) -> 0.02 | AB7: =ROUNDDOWN(IF(E7=0,Z7*AA7*120%,Z7*AA7),0) -> 198864 | AC7: =+'Feb''24 THR'!AE7 -> 148708 | AD7: =AB7-AC7 -> 50156 | AE7: 5996129.3 | AF7: =L7+M7 -> 178616 | AG7: =AE7+AF7 -> 6174745.3 | AI7: =+SUM(N7:W7) -> 2234796 | AJ7: =X7+AG7 -> 9943245.3
B8: 3 | C8: JUNI MI'UN | D8: 1902050107700052 | E8: 972283055305000 | F8: JL MANGGAR DSN KEPAYANG RT. 004 RW. 002 DS KACANG BUTOR BADAU | G8: KARYAWAN PERAWATAN | H8: L | I8: K/1 | J8: =IF(ISBLANK(I8),"",IF(OR(I8="TK/0",I8="TK/1",I8="K/0"),"TER A",IF(I8="K/3","TER C","TER B"))) -> TER B | K8: =31*121333.33 -> 3761333.2 | L8: =3640000*0.84% -> 30576 | M8: =(3640000+43500)*4% -> 147340 | N8: 139500 | P8: 2061965.1 | S8: 43500 | W8: 0 | X8: =+'Feb''24 THR'!Y8 -> 3818500 | Z8: =ROUNDDOWN(SUM(K8:Y8),0) -> 10002714 | AA8: =IF(J8="TER A",VLOOKUP(Z8,Ter_A,4,TRUE),IF(J8="TER B",VLOOKUP(Z8,Ter_B,4,TRUE),VLOOKUP(Z8,Ter_C,4,TRUE))) -> 0.015 | AB8: =ROUNDDOWN(IF(E8=0,Z8*AA8*120%,Z8*AA8),0) -> 150040 | AC8: =+'Feb''24 THR'!AE8 -> 146265 | AD8: =AB8-AC8 -> 3775 | AE8: 6006298.4 | AF8: =L8+M8 -> 177916 | AG8: =AE8+AF8 -> 6184214.4 | AI8: =+SUM(N8:W8) -> 2244965.1 | AJ8: =X8+AG8 -> 10002714
B9: 4 | C9: SUHANDI | D9: 1906042606860003 | E9: 972282974305000 | F9: JL KOPERASI RT. 004 RW. 002 DESA PEMBAHARUAN KEC. KELAPA KAMPIT | G9: KARYAWAN PERAWATAN | H9: L | I9: K/1 | J9: =IF(ISBLANK(I9),"",IF(OR(I9="TK/0",I9="TK/1",I9="K/0"),"TER A",IF(I9="K/3","TER C","TER B"))) -> TER B | K9: =31*121333.33 -> 3761333.2 | L9: =3640000*0.84% -> 30576 | M9: =(3640000+43500)*4% -> 147340 | N9: 139500 | P9: 515491.27 | Q9: 520000 | S9: 43500 | W9: 0 | X9: =+'Feb''24 THR'!Y9 -> 3818500 | Z9: =ROUNDDOWN(SUM(K9:Y9),0) -> 8976240 | AA9: =IF(J9="TER A",VLOOKUP(Z9,Ter_A,4,TRUE),IF(J9="TER B",VLOOKUP(Z9,Ter_B,4,TRUE),VLOOKUP(Z9,Ter_C,4,TRUE))) -> 0.01 | AB9: =ROUNDDOWN(IF(E9=0,Z9*AA9*120%,Z9*AA9),0) -> 89762 | AC9: =+'Feb''24 THR'!AE9 -> 80890 | AD9: =AB9-AC9 -> 8872 | AE9: 4979824.6 | AF9: =L9+M9 -> 177916 | AG9: =AE9+AF9 -> 5157740.6 | AI9: =+SUM(N9:W9) -> 1218491.3 | AJ9: =X9+AG9 -> 8976240.6
B10: 5 | C10: MINARNI | D10: 1902056103760002 | E10: 972280226305000 | F10: AIR BATU BUDING RT. 004 RW. 002 DS AIR BATU BUDING KEC. BADAU | G10: KRANI DIVISI | H10: P | I10: TK/0 | J10: =IF(ISBLANK(I10),"",IF(OR(I10="TK/0",I10="TK/1",I10="K/0"),"TER A",IF(I10="K/3","TER C","TER B"))) -> TER A | K10: =31*121333.33 -> 3761333.2 | L10: =3640000*0.84% -> 30576 | M10: =(3640000+43500)*4% -> 147340 | N10: 69750 | O10: 44000 | P10: 1325549 | S10: 43500 | W10: 0 | X10: =+'Feb''24 THR'!Y10 -> 3751000 | Z10: =ROUNDDOWN(SUM(K10:Y10),0) -> 9173048 | AA10: =IF(J10="TER A",VLOOKUP(Z10,Ter_A,4,TRUE),IF(J10="TER B",VLOOKUP(Z10,Ter_B,4,TRUE),VLOOKUP(Z10,Ter_C,4,TRUE))) -> 0.0175 | AB10: =ROUNDDOWN(IF(E10=0,Z10*AA10*120%,Z10*AA10),0) -> 160528 | AC10: =+'Feb''24 THR'!AE10 -> 153704 | AD10: =AB10-AC10 -> 6824 | AE10: 5244132.3 | AF10: =L10+M10 -> 177916 | AG10: =AE10+AF10 -> 5422048.3 | AI10: =+SUM(N10:W10) -> 1482799 | AJ10: =X10+AG10 -> 9173048.3
B11: 6 | C11: SUPRIADI | D11: 1902052812870001 | E11: 972283014305000 | F11: JL AIR BEGANTUNG RT. 009 RW. 003 DS KACANG BUTOR KEC.BADAU | G11: KARYAWAN PERAWATAN | H11: L | I11: K/2 | J11: =IF(ISBLANK(I11),"",IF(OR(I11="TK/0",I11="TK/1",I11="K/0"),"TER A",IF(I11="K/3","TER C","TER B"))) -> TER B | K11: =31*121333.33 -> 3761333.2 | L11: =3640000*0.84% -> 30576 | M11: =(3640000+47000)*4% -> 147480 | N11: 162000 | S11: 47000 | W11: -121333.33 | X11: =+'Feb''24 THR'!Y11 -> 3849000 | Z11: =ROUNDDOWN(SUM(K11:Y11),0) -> 7876055 | AA11: =IF(J11="TER A",VLOOKUP(Z11,Ter_A,4,TRUE),IF(J11="TER B",VLOOKUP(Z11,Ter_B,4,TRUE),VLOOKUP(Z11,Ter_C,4,TRUE))) -> 0.01 | AB11: =ROUNDDOWN(IF(E11=0,Z11*AA11*120%,Z11*AA11),0) -> 78760 | AC11: =+'Feb''24 THR'!AE11 -> 77493 | AD11: =AB11-AC11 -> 1267 | AE11: 3849000 | AF11: =L11+M11 -> 178056 | AG11: =AE11+AF11 -> 4027056 | AI11: =+SUM(N11:W11) -> 87666.67 | AJ11: =X11+AG11 -> 7876056
B12: 7 | C12: HARIAH | D12: 1902014909730007 | E12: 972283048305000 | F12: PELATARAN AIR KETEKOK RT. 001 RW. 001 DS AIR KETEKOK TANJUNGPANDAN | G12: KARYAWAN PERAWATAN | H12: P | I12: TK/0 | J12: =IF(ISBLANK(I12),"",IF(OR(I12="TK/0",I12="TK/1",I12="K/0"),"TER A",IF(I12="K/3","TER C","TER B"))) -> TER A | K12: =31*121333.33 -> 3761333.2 | L12: =3640000*0.84% -> 30576 | M12: =(3640000+36500)*4% -> 147060 | N12: 69750 | P12: 1862080.7 | S12: 36500 | W12: 0 | X12: =+'Feb''24 THR'!Y12 -> 3744000 | Z12: =ROUNDDOWN(SUM(K12:Y12),0) -> 9651299 | AA12: =IF(J12="TER A",VLOOKUP(Z12,Ter_A,4,TRUE),IF(J12="TER B",VLOOKUP(Z12,Ter_B,4,TRUE),VLOOKUP(Z12,Ter_C,4,TRUE))) -> 0.02 | AB12: =ROUNDDOWN(IF(E12=0,Z12*AA12*120%,Z12*AA12),0) -> 193025 | AC12: =+'Feb''24 THR'!AE12 -> 150028 | AD12: =AB12-AC12 -> 42997 | AE12: 5729664 | AF12: =L12+M12 -> 177636 | AG12: =AE12+AF12 -> 5907300 | AI12: =+SUM(N12:W12) -> 1968330.7 | AJ12: =X12+AG12 -> 9651300
B13: 8 | C13: YUSMARDIAN | D13: 1906042403820005 | E13: 972280150305000 | F13: DSN SENYUBUK RT. 001 RW. 001 DESA MENTAWAK KEC. KELAPA KAMPIT | G13: KARYAWAN PERAWATAN | H13: L | I13: K/2 | J13: =IF(ISBLANK(I13),"",IF(OR(I13="TK/0",I13="TK/1",I13="K/0"),"TER A",IF(I13="K/3","TER C","TER B"))) -> TER B | K13: =31*121333.33 -> 3761333.2 | L13: =3640000*0.84% -> 30576 | M13: =(3640000+43500)*4% -> 147340 | N13: 167400 | P13: 399768.74 | S13: 43500 | W13: 0 | X13: =+'Feb''24 THR'!Y13 -> 3845500 | Z13: =ROUNDDOWN(SUM(K13:Y13),0) -> 8395417 | AA13: =IF(J13="TER A",VLOOKUP(Z13,Ter_A,4,TRUE),IF(J13="TER B",VLOOKUP(Z13,Ter_B,4,TRUE),VLOOKUP(Z13,Ter_C,4,TRUE))) -> 0.01 | AB13: =ROUNDDOWN(IF(E13=0,Z13*AA13*120%,Z13*AA13),0) -> 83954 | AC13: =+'Feb''24 THR'!AE13 -> 80577 | AD13: =AB13-AC13 -> 3377 | AE13: 4372002.1 | AF13: =L13+M13 -> 177916 | AG13: =AE13+AF13 -> 4549918.1 | AI13: =+SUM(N13:W13) -> 610668.74 | AJ13: =X13+AG13 -> 8395418.1
B14: 9 | C14: YULHANI | D14: 1902051010760007 | E14: 972285720305000 | F14: JL MANGGAR AIR BEGANTUNG RT. 008 RW. 003 DESA KACANG BUTOR BADAU | G14: KARYAWAN PERAWATAN | H14: L | I14: K/0 | J14: =IF(ISBLANK(I14),"",IF(OR(I14="TK/0",I14="TK/1",I14="K/0"),"TER A",IF(I14="K/3","TER C","TER B"))) -> TER A | K14: =31*121333.33 -> 3761333.2 | L14: =3640000*0.84% -> 30576 | M14: =(3640000+61000)*4% -> 148040 | N14: 108000 | S14: 61000 | W14: -121333.33 | X14: =+'Feb''24 THR'!Y14 -> 3809000 | Z14: =ROUNDDOWN(SUM(K14:Y14),0) -> 7796615 | AA14: =IF(J14="TER A",VLOOKUP(Z14,Ter_A,4,TRUE),IF(J14="TER B",VLOOKUP(Z14,Ter_B,4,TRUE),VLOOKUP(Z14,Ter_C,4,TRUE))) -> 0.015 | AB14: =ROUNDDOWN(IF(E14=0,Z14*AA14*120%,Z14*AA14),0) -> 116949 | AC14: =+'Feb''24 THR'!AE14 -> 113201 | AD14: =AB14-AC14 -> 3748 | AE14: 3809000 | AF14: =L14+M14 -> 178616 | AG14: =AE14+AF14 -> 3987616 | AI14: =+SUM(N14:W14) -> 47666.67 | AJ14: =X14+AG14 -> 7796616
B15: 10 | C15: HENDRIX | D15: 1906041308920003 | E15: 743653768305000 | F15: DSN MERDEKA RT. 006 RW. 002 DS SENYUBUK KEC. KELAPA KAMPIT | G15: KARYAWAN PERAWATAN | H15: L | I15: K/1 | J15: =IF(ISBLANK(I15),"",IF(OR(I15="TK/0",I15="TK/1",I15="K/0"),"TER A",IF(I15="K/3","TER C","TER B"))) -> TER B | K15: =31*121333.33 -> 3761333.2 | L15: =3640000*0.84% -> 30576 | M15: =(3640000+30000)*4% -> 146800 | N15: 135000 | S15: 30000 | W15: -121333.33 | X15: =+'Feb''24 THR'!Y15 -> 3805000 | Z15: =ROUNDDOWN(SUM(K15:Y15),0) -> 7787375 | AA15: =IF(J15="TER A",VLOOKUP(Z15,Ter_A,4,TRUE),IF(J15="TER B",VLOOKUP(Z15,Ter_B,4,TRUE),VLOOKUP(Z15,Ter_C,4,TRUE))) -> 0.01 | AB15: =ROUNDDOWN(IF(E15=0,Z15*AA15*120%,Z15*AA15),0) -> 77873 | AC15: =+'Feb''24 THR'!AE15 -> 75357 | AD15: =AB15-AC15 -> 2516 | AE15: 3805000 | AF15: =L15+M15 -> 177376 | AG15: =AE15+AF15 -> 3982376 | AI15: =+SUM(N15:W15) -> 43666.67 | AJ15: =X15+AG15 -> 7787376
C16: ARIANTO.B | D16: 1902052202690002 | E16: 972283287305000 | F16: DSN KACANG BUTOR RT. 001 RW. 001 DESA KACANG BUTOR KEC. BADAU | G16: KARYAWAN PERAWATAN | H16: L | I16: K/1 | J16: =IF(ISBLANK(I16),"",IF(OR(I16="TK/0",I16="TK/1",I16="K/0"),"TER A",IF(I16="K/3","TER C","TER B"))) -> TER B | M16: 0 | N16: 0 | X16: =+'Feb''24 THR'!Y16 -> 0 | Z16: =ROUNDDOWN(SUM(K16:Y16),0) -> 0 | AA16: =IF(J16="TER A",VLOOKUP(Z16,Ter_A,4,TRUE),IF(J16="TER B",VLOOKUP(Z16,Ter_B,4,TRUE),VLOOKUP(Z16,Ter_C,4,TRUE))) -> 0 | AB16: =ROUNDDOWN(IF(E16=0,Z16*AA16*120%,Z16*AA16),0) -> 0 | AC16: =+'Feb''24 THR'!AE16 -> 0 | AD16: =AB16-AC16 -> 0 | AF16: =L16+M16 -> 0 | AG16: =AE16+AF16 -> 0 | AI16: =+SUM(N16:W16) -> 0 | AJ16: =X16+AG16 -> 0
B17: 11 | C17: NANDI | D17: 1902053006780001 | E17: 972282966305000 | F17: JL. MANGGAR DSN. KACANG BUTOR RT.001 RW.001 DS. KACANG BUTOR KEC. BADAU | G17: KARYAWAN PERAWATAN | H17: L | I17: K/1 | J17: =IF(ISBLANK(I17),"",IF(OR(I17="TK/0",I17="TK/1",I17="K/0"),"TER A",IF(I17="K/3","TER C","TER B"))) -> TER B | K17: =31*121333.33 -> 3761333.2 | L17: =3640000*0.84% -> 30576 | M17: =(3640000+61000)*4% -> 148040 | N17: 135000 | Q17: 180000 | S17: 61000 | W17: -121333.33 | X17: =+'Feb''24 THR'!Y17 -> 3836000 | Z17: =ROUNDDOWN(SUM(K17:Y17),0) -> 8030615 | AA17: =IF(J17="TER A",VLOOKUP(Z17,Ter_A,4,TRUE),IF(J17="TER B",VLOOKUP(Z17,Ter_B,4,TRUE),VLOOKUP(Z17,Ter_C,4,TRUE))) -> 0.01 | AB17: =ROUNDDOWN(IF(E17=0,Z17*AA17*120%,Z17*AA17),0) -> 80306 | AC17: =+'Feb''24 THR'!AE17 -> 78847 | AD17: =AB17-AC17 -> 1459 | AE17: 4016000 | AF17: =L17+M17 -> 178616 | AG17: =AE17+AF17 -> 4194616 | AI17: =+SUM(N17:W17) -> 254666.67 | AJ17: =X17+AG17 -> 8030616
B18: 12 | C18: KAMELIA | D18: 1902051606760003 | E18: 972280218305000 | F18: JL MANGGAR DSN PARIT GUNUNG RT. 006 RW. 003 DS AIR BATU BUDING BADAU | G18: KARYAWAN PERAWATAN | H18: L | I18: K/0 | J18: =IF(ISBLANK(I18),"",IF(OR(I18="TK/0",I18="TK/1",I18="K/0"),"TER A",IF(I18="K/3","TER C","TER B"))) -> TER A | K18: =31*121333.33 -> 3761333.2 | L18: =3640000*0.84% -> 30576 | M18: =(3640000+47000)*4% -> 147480 | N18: 108000 | S18: 47000 | W18: -121333.33 | X18: =+'Feb''24 THR'!Y18 -> 3795000 | Z18: =ROUNDDOWN(SUM(K18:Y18),0) -> 7768055 | AA18: =IF(J18="TER A",VLOOKUP(Z18,Ter_A,4,TRUE),IF(J18="TER B",VLOOKUP(Z18,Ter_B,4,TRUE),VLOOKUP(Z18,Ter_C,4,TRUE))) -> 0.015 | AB18: =ROUNDDOWN(IF(E18=0,Z18*AA18*120%,Z18*AA18),0) -> 116520 | AC18: =+'Feb''24 THR'!AE18 -> 112772 | AD18: =AB18-AC18 -> 3748 | AE18: 3795000 | AF18: =L18+M18 -> 178056 | AG18: =AE18+AF18 -> 3973056 | AI18: =+SUM(N18:W18) -> 33666.67 | AJ18: =X18+AG18 -> 7768056
B19: 13 | C19: SISWANTO | D19: 1902051902910001 | E19: 972285506305000 | F19: JL. MANGGAR DSN. PARIT GUNUNG RT.006 RW.003 DS. AIR BATU BUDING KEC. BADAU | G19: KARYAWAN PERAWATAN | H19: L | I19: K/1 | J19: =IF(ISBLANK(I19),"",IF(OR(I19="TK/0",I19="TK/1",I19="K/0"),"TER A",IF(I19="K/3","TER C","TER B"))) -> TER B | K19: =31*121333.33 -> 3761333.2 | L19: =3640000*0.84% -> 30576 | M19: =(3640000+43500)*4% -> 147340 | N19: 135000 | P19: 94682.07 | S19: 43500 | W19: -121333.33 | X19: =+'Feb''24 THR'!Y19 -> 3818500 | Z19: =ROUNDDOWN(SUM(K19:Y19),0) -> 7909597 | AA19: =IF(J19="TER A",VLOOKUP(Z19,Ter_A,4,TRUE),IF(J19="TER B",VLOOKUP(Z19,Ter_B,4,TRUE),VLOOKUP(Z19,Ter_C,4,TRUE))) -> 0.01 | AB19: =ROUNDDOWN(IF(E19=0,Z19*AA19*120%,Z19*AA19),0) -> 79095 | AC19: =+'Feb''24 THR'!AE19 -> 76579 | AD19: =AB19-AC19 -> 2516 | AE19: 3913182.1 | AF19: =L19+M19 -> 177916 | AG19: =AE19+AF19 -> 4091098.1 | AI19: =+SUM(N19:W19) -> 151848.74 | AJ19: =X19+AG19 -> 7909598.1
B20: 14 | C20: DARMA JAYA | D20: 1902051907880002 | E20: 972374425305000 | F20: DSN AIR BATU BUDING RT.001 RW.001 DESA AIR BATU BUDING KEC. BADAU | G20: KRANI GUDANG | H20: L | I20: K/2 | J20: =IF(ISBLANK(I20),"",IF(OR(I20="TK/0",I20="TK/1",I20="K/0"),"TER A",IF(I20="K/3","TER C","TER B"))) -> TER B | K20: =31*121333.33 -> 3761333.2 | L20: =3640000*0.84% -> 30576 | M20: =(3640000+50500)*4% -> 147620 | N20: 167400 | P20: 2482774.3 | S20: 50500 | W20: 0 | X20: =+'Feb''24 THR'!Y20 -> 3852500 | Z20: =ROUNDDOWN(SUM(K20:Y20),0) -> 10492703 | AA20: =IF(J20="TER A",VLOOKUP(Z20,Ter_A,4,TRUE),IF(J20="TER B",VLOOKUP(Z20,Ter_B,4,TRUE),VLOOKUP(Z20,Ter_C,4,TRUE))) -> 0.015 | AB20: =ROUNDDOWN(IF(E20=0,Z20*AA20*120%,Z20*AA20),0) -> 157390 | AC20: =+'Feb''24 THR'!AE20 -> 123548 | AD20: =AB20-AC20 -> 33842 | AE20: 6462007.6 | AF20: =L20+M20 -> 178196 | AG20: =AE20+AF20 -> 6640203.6 | AI20: =+SUM(N20:W20) -> 2700674.3 | AJ20: =X20+AG20 -> 10492704
B21: 15 | C21: YUSMARNO | D21: 1902012406780003 | E21: 972285704305000 | F21: JL PASIR PUTIH RT. 012 RW. 005 DS AIR RAYAK KEC. TANJUNGPANDAN | G21: KARYAWAN PERAWATAN | H21: L | I21: K/1 | J21: =IF(ISBLANK(I21),"",IF(OR(I21="TK/0",I21="TK/1",I21="K/0"),"TER A",IF(I21="K/3","TER C","TER B"))) -> TER B | K21: =31*121333.33 -> 3761333.2 | L21: =3640000*0.84% -> 30576 | M21: =(3640000+61000)*4% -> 148040 | N21: 130500 | P21: 94682.07 | S21: 61000 | W21: -242666.66 | X21: =+'Feb''24 THR'!Y21 -> 3836000 | Z21: =ROUNDDOWN(SUM(K21:Y21),0) -> 7819464 | AA21: =IF(J21="TER A",VLOOKUP(Z21,Ter_A,4,TRUE),IF(J21="TER B",VLOOKUP(Z21,Ter_B,4,TRUE),VLOOKUP(Z21,Ter_C,4,TRUE))) -> 0.01 | AB21: =ROUNDDOWN(IF(E21=0,Z21*AA21*120%,Z21*AA21),0) -> 78194 | AC21: =+'Feb''24 THR'!AE21 -> 75677 | AD21: =AB21-AC21 -> 2517 | AE21: 3804848.7 | AF21: =L21+M21 -> 178616 | AG21: =AE21+AF21 -> 3983464.7 | AI21: =+SUM(N21:W21) -> 43515.41 | AJ21: =X21+AG21 -> 7819464.7
B22: 16 | C22: MEGI EFRISA | D22: 1604220103030001 | E22: - | F22: DS. TANJUNG AGUNG KEL. TANJUNG AGUNG KEC. PAGAR GUNUNG KAB. LAHAT | G22: MANDOR | H22: L | I22: TK/0 | J22: =IF(ISBLANK(I22),"",IF(OR(I22="TK/0",I22="TK/1",I22="K/0"),"TER A",IF(I22="K/3","TER C","TER B"))) -> TER A | K22: =31*123833.33 -> 3838833.2 | L22: =3715000*0.84% -> 31206 | M22: =(3715000+2500)*4% -> 148700 | N22: 69750 | P22: 1975606.7 | S22: 2500 | W22: 0 | X22: =+'Feb''24 THR'!Y22 -> 3787500 | Z22: =ROUNDDOWN(SUM(K22:Y22),0) -> 9854095 | AA22: =IF(J22="TER A",VLOOKUP(Z22,Ter_A,4,TRUE),IF(J22="TER B",VLOOKUP(Z22,Ter_B,4,TRUE),VLOOKUP(Z22,Ter_C,4,TRUE))) -> 0.02 | AB22: =ROUNDDOWN(IF(E22=0,Z22*AA22*120%,Z22*AA22),0) -> 197081 | AC22: =+'Feb''24 THR'!AE22 -> 149471 | AD22: =AB22-AC22 -> 47610 | AE22: 5886690 | AF22: =L22+M22 -> 179906 | AG22: =AE22+AF22 -> 6066596 | AI22: =+SUM(N22:W22) -> 2047856.7 | AJ22: =X22+AG22 -> 9854096
B23: 17 | C23: SURATMAN | D23: 1902052707850001 | E23: 972285225305000 | F23: DUSUN KEPAYANG RT. 004 RW. 002 DESA KACANG BUTOR KEC. BADAU | G23: KARYAWAN PERAWATAN | H23: L | I23: K/0 | J23: =IF(ISBLANK(I23),"",IF(OR(I23="TK/0",I23="TK/1",I23="K/0"),"TER A",IF(I23="K/3","TER C","TER B"))) -> TER A | K23: =31*121333.33 -> 3761333.2 | L23: =3640000*0.84% -> 30576 | M23: =(3640000+43500)*4% -> 147340 | N23: 111600 | P23: 441849.66 | Q23: 80000 | S23: 43500 | W23: 0 | X23: =+'Feb''24 THR'!Y23 -> 3791500 | Z23: =ROUNDDOWN(SUM(K23:Y23),0) -> 8407698 | AA23: =IF(J23="TER A",VLOOKUP(Z23,Ter_A,4,TRUE),IF(J23="TER B",VLOOKUP(Z23,Ter_B,4,TRUE),VLOOKUP(Z23,Ter_C,4,TRUE))) -> 0.015 | AB23: =ROUNDDOWN(IF(E23=0,Z23*AA23*120%,Z23*AA23),0) -> 126115 | AC23: =+'Feb''24 THR'!AE23 -> 117980 | AD23: =AB23-AC23 -> 8135 | AE23: 4438283 | AF23: =L23+M23 -> 177916 | AG23: =AE23+AF23 -> 4616199 | AI23: =+SUM(N23:W23) -> 676949.66 | AJ23: =X23+AG23 -> 8407699
B24: 18 | C24: ARDI | D24: 1902050512820004 | E24: 972280259305000 | F24: JL.MANGGAR RT.009 RW.003 DESA KACANG BUTOR KEC. BADAU | G24: OPERATOR | H24: L | I24: K/2 | J24: =IF(ISBLANK(I24),"",IF(OR(I24="TK/0",I24="TK/1",I24="K/0"),"TER A",IF(I24="K/3","TER C","TER B"))) -> TER B | K24: =31*121333.33 -> 3761333.2 | L24: =3640000*0.84% -> 30576 | M24: =(3640000+47000)*4% -> 147480 | N24: 167400 | O24: 72000 | P24: 2672138.4 | S24: 47000 | W24: 0 | X24: =+'Feb''24 THR'!Y24 -> 3849000 | Z24: =ROUNDDOWN(SUM(K24:Y24),0) -> 10746927 | AA24: =IF(J24="TER A",VLOOKUP(Z24,Ter_A,4,TRUE),IF(J24="TER B",VLOOKUP(Z24,Ter_B,4,TRUE),VLOOKUP(Z24,Ter_C,4,TRUE))) -> 0.015 | AB24: =ROUNDDOWN(IF(E24=0,Z24*AA24*120%,Z24*AA24),0) -> 161203 | AC24: =+'Feb''24 THR'!AE24 -> 123383 | AD24: =AB24-AC24 -> 37820 | AE24: 6719871.8 | AF24: =L24+M24 -> 178056 | AG24: =AE24+AF24 -> 6897927.8 | AI24: =+SUM(N24:W24) -> 2958538.4 | AJ24: =X24+AG24 -> 10746928
B25: 19 | C25: EDI ISHAK | D25: 1902051212790002 | E25: 972286066305000 | F25: DSN AIR BEGANTUNG RT. 010 RW. 003 DS KACANG BUTOR KEC. BADAU | G25: OPERATOR | H25: L | I25: K/2 | J25: =IF(ISBLANK(I25),"",IF(OR(I25="TK/0",I25="TK/1",I25="K/0"),"TER A",IF(I25="K/3","TER C","TER B"))) -> TER B | K25: =31*121333.33 -> 3761333.2 | L25: =3640000*0.84% -> 30576 | M25: =(3640000+61000)*4% -> 148040 | N25: 167400 | O25: 48000 | P25: 2556415.9 | S25: 61000 | W25: 0 | X25: =+'Feb''24 THR'!Y25 -> 3863000 | Z25: =ROUNDDOWN(SUM(K25:Y25),0) -> 10635765 | AA25: =IF(J25="TER A",VLOOKUP(Z25,Ter_A,4,TRUE),IF(J25="TER B",VLOOKUP(Z25,Ter_B,4,TRUE),VLOOKUP(Z25,Ter_C,4,TRUE))) -> 0.015 | AB25: =ROUNDDOWN(IF(E25=0,Z25*AA25*120%,Z25*AA25),0) -> 159536 | AC25: =+'Feb''24 THR'!AE25 -> 147626 | AD25: =AB25-AC25 -> 11910 | AE25: 6594149.2 | AF25: =L25+M25 -> 178616 | AG25: =AE25+AF25 -> 6772765.2 | AI25: =+SUM(N25:W25) -> 2832815.9 | AJ25: =X25+AG25 -> 10635765
B26: 20 | C26: SUDIRMAN | D26: 1902051205770002 | E26: 743653420305000 | F26: JL. MANGGAR RT. 004 RW. 002 DESA AIR BATU BUDING BADAU | G26: OPERATOR | H26: L | I26: K/0 | J26: =IF(ISBLANK(I26),"",IF(OR(I26="TK/0",I26="TK/1",I26="K/0"),"TER A",IF(I26="K/3","TER C","TER B"))) -> TER A | K26: =31*121333.33 -> 3761333.2 | L26: =3640000*0.84% -> 30576 | M26: =(3640000+24000)*4% -> 146560 | N26: 111600 | O26: 69000 | P26: 2703699.1 | R26: 558133.41 | S26: 24000 | W26: 0 | X26: =+'Feb''24 THR'!Y26 -> 3772000 | Z26: =ROUNDDOWN(SUM(K26:Y26),0) -> 11176901 | AA26: =IF(J26="TER A",VLOOKUP(Z26,Ter_A,4,TRUE),IF(J26="TER B",VLOOKUP(Z26,Ter_B,4,TRUE),VLOOKUP(Z26,Ter_C,4,TRUE))) -> 0.035 | AB26: =ROUNDDOWN(IF(E26=0,Z26*AA26*120%,Z26*AA26),0) -> 391191 | AC26: =+'Feb''24 THR'!AE26 -> 237050 | AD26: =AB26-AC26 -> 154141 | AE26: 7227765.9 | AF26: =L26+M26 -> 177136 | AG26: =AE26+AF26 -> 7404901.9 | AI26: =+SUM(N26:W26) -> 3466432.5 | AJ26: =X26+AG26 -> 11176902
B27: 21 | C27: APRIYADI | D27: 1902051707890001 | E27: 972285597305000 | F27: JL MANGGAR AIR BEGANTUNG RT. 008 RW. 003 DESA KACANG BUTOR BADAU | G27: OPERATOR | H27: L | I27: K/1 | J27: =IF(ISBLANK(I27),"",IF(OR(I27="TK/0",I27="TK/1",I27="K/0"),"TER A",IF(I27="K/3","TER C","TER B"))) -> TER B | K27: =31*121333.33 -> 3761333.2 | L27: =3640000*0.84% -> 30576 | M27: =(3640000+43500)*4% -> 147340 | N27: 139500 | O27: 72000 | P27: 115722.53 | S27: 43500 | W27: 0 | X27: =+'Feb''24 THR'!Y27 -> 3818500 | Z27: =ROUNDDOWN(SUM(K27:Y27),0) -> 8128471 | AA27: =IF(J27="TER A",VLOOKUP(Z27,Ter_A,4,TRUE),IF(J27="TER B",VLOOKUP(Z27,Ter_B,4,TRUE),VLOOKUP(Z27,Ter_C,4,TRUE))) -> 0.01 | AB27: =ROUNDDOWN(IF(E27=0,Z27*AA27*120%,Z27*AA27),0) -> 81284 | AC27: =+'Feb''24 THR'!AE27 -> 77484 | AD27: =AB27-AC27 -> 3800 | AE27: 4132055.9 | AF27: =L27+M27 -> 177916 | AG27: =AE27+AF27 -> 4309971.9 | AI27: =+SUM(N27:W27) -> 370722.53 | AJ27: =X27+AG27 -> 8128471.9
B28: 22 | C28: MAHADI | D28: 1902012503820003 | E28: 972280192305000 | F28: PULAU BAYAN RT. 005 RW. 002 DESA SUNGAI SAMAK KEC. BADAU | G28: OPERATOR | H28: L | I28: K/1 | J28: =IF(ISBLANK(I28),"",IF(OR(I28="TK/0",I28="TK/1",I28="K/0"),"TER A",IF(I28="K/3","TER C","TER B"))) -> TER B | K28: =31*121333.33 -> 3761333.2 | L28: =3640000*0.84% -> 30576 | M28: =(3640000+43500)*4% -> 147340 | N28: 139500 | O28: 69000 | P28: 3629479.4 | R28: 461066.73 | S28: 43500 | W28: 0 | X28: =+'Feb''24 THR'!Y28 -> 3818500 | Z28: =ROUNDDOWN(SUM(K28:Y28),0) -> 12100295 | AA28: =IF(J28="TER A",VLOOKUP(Z28,Ter_A,4,TRUE),IF(J28="TER B",VLOOKUP(Z28,Ter_B,4,TRUE),VLOOKUP(Z28,Ter_C,4,TRUE))) -> 0.03 | AB28: =ROUNDDOWN(IF(E28=0,Z28*AA28*120%,Z28*AA28),0) -> 363008 | AC28: =+'Feb''24 THR'!AE28 -> 273903 | AD28: =AB28-AC28 -> 89105 | AE28: 8103879.4 | AF28: =L28+M28 -> 177916 | AG28: =AE28+AF28 -> 8281795.4 | AI28: =+SUM(N28:W28) -> 4342546.1 | AJ28: =X28+AG28 -> 12100295
B29: 23 | C29: SISWANTO | D29: 1902051405840001 | E29: 972283733305000 | F29: DSN AIR BATU BUDING RT. 002 RW. 001 DESA AIR BATU BUDING KEC. BADAU | G29: OPERATOR | H29: L | I29: K/1 | J29: =IF(ISBLANK(I29),"",IF(OR(I29="TK/0",I29="TK/1",I29="K/0"),"TER A",IF(I29="K/3","TER C","TER B"))) -> TER B | K29: =31*121333.33 -> 3761333.2 | L29: =3640000*0.84% -> 30576 | M29: =(3640000+43500)*4% -> 147340 | N29: 139500 | O29: 72000 | P29: 2535375.4 | R29: 436800.06 | S29: 43500 | W29: 0 | X29: =+'Feb''24 THR'!Y29 -> 3822000 | Z29: =ROUNDDOWN(SUM(K29:Y29),0) -> 10988424 | AA29: =IF(J29="TER A",VLOOKUP(Z29,Ter_A,4,TRUE),IF(J29="TER B",VLOOKUP(Z29,Ter_B,4,TRUE),VLOOKUP(Z29,Ter_C,4,TRUE))) -> 0.02 | AB29: =ROUNDDOWN(IF(E29=0,Z29*AA29*120%,Z29*AA29),0) -> 219768 | AC29: =+'Feb''24 THR'!AE29 -> 164992 | AD29: =AB29-AC29 -> 54776 | AE29: 6988508.8 | AF29: =L29+M29 -> 177916 | AG29: =AE29+AF29 -> 7166424.8 | AI29: =+SUM(N29:W29) -> 3227175.5 | AJ29: =X29+AG29 -> 10988425
K30: =SUM(K6:K29) -> 86588164 | L30: =SUM(L6:L29) -> 703878 | M30: =SUM(M6:M29) -> 3393480 | N30: =SUM(N6:N29) -> 2894400 | O30: =SUM(O6:O29) -> 446000 | P30: =SUM(P6:P29) -> 27571326 | Q30: =SUM(Q6:Q29) -> 780000 | R30: =SUM(R6:R29) -> 1456000.2 | S30: =SUM(S6:S29) -> 1042000 | W30: =SUM(W6:W29) -> -970666.64 | X30: =SUM(X6:X29) -> 87678000 | Z30: =SUM(Z6:Z29) -> 211582567 | AA30: =SUM(AA6:AA29) -> 0.3625 | AB30: =SUM(AB6:AB29) -> 3479269 | AC30: =SUM(AC6:AC29) -> 2900610 | AD30: =SUM(AD6:AD29) -> 578659 | AE30: =SUM(AE6:AE29) -> 1.1980723e+08 | AF30: =SUM(AF6:AF29) -> 4097358 | AG30: =SUM(AG6:AG29) -> 1.2390458e+08 | AI30: =SUM(AI6:AI29) -> 33219060 | AJ30: =SUM(AJ6:AJ29) -> 2.1158258e+08
B32: Catatan :
B33: 1. yang berwarna adalah rumus
B34: 2. dalam hal terdapat tunjangan PPh, maka ceklis "enable iterative calculation" pada menu (option => formula => pada bagian kanan atas)
B35: 3. kolom pengurang JHT/JP tetap wajib diisi, sebagai pengurang pada masa pajak desember
B36: 4. komponen penghasilan bruto dapat disesuaikan/ditambahkan kolom, sesuai dengan kebutuhan masing2 perusahaan
B37: 5. perubahan status PTKP ditentukan keadaan awal tahun, misal nikah/punya anak ditanggal 2 januari 2024, maka berubah status PTKP nya tahun 2025
B38: 6. PPh 21 terutang tersebut sudah memperhitungkan bagi yang tidak memiliki NPWP dengan jumlah PPh Terutang 20% lebih besar.
B39: 7. untuk yang tidak mempunyai NPWP dapat diisi dengan angka Nol
B40: 8. untuk perhitungan pph 21 (THR, Bonus, Tantiem) rumus penghasilan brutonya dapat disesuaikan dengan masa pajak THR tersebut diberikan
B41: 9. khusus untuk perhitungan pph 21 masa pajak desember, dapat di cek kembali rumus total per komponen penghasilan brutonya (jika ada penambahan/pengurangan kolom)
B42: 10. untuk jan s.d nop dapat diduplicate sheetnya
D46: DIBUAT OLEH | K46: DIKETAHUI OLEH
D49: MINARNI | K49: HUSHAR, S.Pt
D50: KRANI INFRA | K50: MANAGER INFRASTRUKTUR

Sheet April '24
B1: PT. REBINMAS JAYA
B2: INCOME TAX ARTICLE 21 FOR APRIL 2024
B3: PG 1A (INFRASTRUKTUR)
C4: yang berwarna ini rumus | N4: beras | O4: jabatan | P4: lembur
B5: NO. | C5: NAMA KARYAWAN | D5: N I K / PASPOR | E5: N P W P | F5: A L A M A T | G5: JABATAN | H5: L/P | I5: PTKP | J5: TER | K5: Gaji Pokok | L5: Astek Ins (0,84%) | M5: BPJS KESEHATAN (4%) | N5: Rice Allow | O5: Structural Allow | P5: Service Time Allow | Q5: Premi cuci mobil | R5: Premi alat | S5: Masa Kerja | T5: Potongan Kelebihan Perhitungan Lembur | U5: Lembur Bayar HK Penjagaan HGU | V5: Bensin Patroli | W5: POT. CUTI SAKIT & POT. CTH ( CUTI TANPA HK ) | X5: THR | Y5: Bonus | Z5: Penghasilan Bruto | AA5: Tarif TER | AB5: PPh 21 | AC5: upah kotor | AD5: astek + bpjs | AE5: total | AG5: tunjangan
B6: 1 | C6: YOYO | D6: 1902010509730003 | E6: 972282958305000 | F6: JL MURAI RT. 029 RW. 010 DS PERAWAS TANJUNGPANDAN | G6: KARYAWAN PERAWATAN | H6: L | I6: K/0 | J6: =IF(ISBLANK(I6),"",IF(OR(I6="TK/0",I6="TK/1",I6="K/0"),"TER A",IF(I6="K/3","TER C","TER B"))) -> TER A | K6: =30*121333.33 -> 3639999.9 | L6: =3640000*0.84% -> 30576 | M6: =(3640000+61000)*4% -> 148040 | N6: 108000 | S6: 61000 | W6: 0 | Z6: =ROUNDDOWN(SUM(K6:Y6),0) -> 3987615 | AA6: =IF(J6="TER A",VLOOKUP(Z6,Ter_A,4,TRUE),IF(J6="TER B",VLOOKUP(Z6,Ter_B,4,TRUE),VLOOKUP(Z6,Ter_C,4,TRUE))) -> 0 | AB6: =ROUNDDOWN(IF(E6=0,Z6*AA6*120%,Z6*AA6),0) -> 0 | AC6: 3809000 | AD6: =L6+M6 -> 178616 | AE6: =AC6+AD6 -> 3987616 | AG6: =+SUM(N6:W6) -> 169000
B7: 2 | C7: JAMILA | D7: 1902056811690001 | E7: 972282982305000 | F7: JL MANGGAR RT. 005 RW. 003 DS AIR BATU BUDING KEC. BADAU | G7: KARYAWAN PERAWATAN | H7: P | I7: TK/0 | J7: =IF(ISBLANK(I7),"",IF(OR(I7="TK/0",I7="TK/1",I7="K/0"),"TER A",IF(I7="K/3","TER C","TER B"))) -> TER A | K7: =30*121333.33 -> 3639999.9 | L7: =3640000*0.84% -> 30576 | M7: =(3640000+61000)*4% -> 148040 | N7: 67500 | P7: 1693757 | S7: 61000 | W7: 0 | Z7: =ROUNDDOWN(SUM(K7:Y7),0) -> 5640872 | AA7: =IF(J7="TER A",VLOOKUP(Z7,Ter_A,4,TRUE),IF(J7="TER B",VLOOKUP(Z7,Ter_B,4,TRUE),VLOOKUP(Z7,Ter_C,4,TRUE))) -> 0.0025 | AB7: =ROUNDDOWN(IF(E7=0,Z7*AA7*120%,Z7*AA7),0) -> 14102 | AC7: 5462257 | AD7: =L7+M7 -> 178616 | AE7: =AC7+AD7 -> 5640873 | AG7: =+SUM(N7:W7) -> 1822257
B8: 3 | C8: JUNI MI'UN | D8: 1902050107700052 | E8: 972283055305000 | F8: JL MANGGAR DSN KEPAYANG RT. 004 RW. 002 DS KACANG BUTOR BADAU | G8: KARYAWAN PERAWATAN | H8: L | I8: K/1 | J8: =IF(ISBLANK(I8),"",IF(OR(I8="TK/0",I8="TK/1",I8="K/0"),"TER A",IF(I8="K/3","TER C","TER B"))) -> TER B | K8: =30*121333.33 -> 3639999.9 | L8: =3640000*0.84% -> 30576 | M8: =(3640000+43500)*4% -> 147340 | N8: 135000 | P8: 883699.32 | S8: 43500 | W8: 0 | Z8: =ROUNDDOWN(SUM(K8:Y8),0) -> 4880115 | AA8: =IF(J8="TER A",VLOOKUP(Z8,Ter_A,4,TRUE),IF(J8="TER B",VLOOKUP(Z8,Ter_B,4,TRUE),VLOOKUP(Z8,Ter_C,4,TRUE))) -> 0 | AB8: =ROUNDDOWN(IF(E8=0,Z8*AA8*120%,Z8*AA8),0) -> 0 | AC8: 4702199.3 | AD8: =L8+M8 -> 177916 | AE8: =AC8+AD8 -> 4880115.3 | AG8: =+SUM(N8:W8) -> 1062199.3
B9: 4 | C9: SUHANDI | D9: 1906042606860003 | E9: 972282974305000 | F9: JL KOPERASI RT. 004 RW. 002 DESA PEMBAHARUAN KEC. KELAPA KAMPIT | G9: KARYAWAN PERAWATAN | H9: L | I9: K/1 | J9: =IF(ISBLANK(I9),"",IF(OR(I9="TK/0",I9="TK/1",I9="K/0"),"TER A",IF(I9="K/3","TER C","TER B"))) -> TER B | K9: =30*121333.33 -> 3639999.9 | L9: =3640000*0.84% -> 30576 | M9: =(3640000+43500)*4% -> 147340 | N9: 135000 | P9: 147283.22 | Q9: 480000 | S9: 43500 | W9: 0 | Z9: =ROUNDDOWN(SUM(K9:Y9),0) -> 4623699 | AA9: =IF(J9="TER A",VLOOKUP(Z9,Ter_A,4,TRUE),IF(J9="TER B",VLOOKUP(Z9,Ter_B,4,TRUE),VLOOKUP(Z9,Ter_C,4,TRUE))) -> 0 | AB9: =ROUNDDOWN(IF(E9=0,Z9*AA9*120%,Z9*AA9),0) -> 0 | AC9: 4445783.2 | AD9: =L9+M9 -> 177916 | AE9: =AC9+AD9 -> 4623699.2 | AG9: =+SUM(N9:W9) -> 805783.22
B10: 5 | C10: MINARNI | D10: 1902056103760002 | E10: 972280226305000 | F10: AIR BATU BUDING RT. 004 RW. 002 DS AIR BATU BUDING KEC. BADAU | G10: KRANI DIVISI | H10: P | I10: TK/0 | J10: =IF(ISBLANK(I10),"",IF(OR(I10="TK/0",I10="TK/1",I10="K/0"),"TER A",IF(I10="K/3","TER C","TER B"))) -> TER A | K10: =30*121333.33 -> 3639999.9 | L10: =3640000*0.84% -> 30576 | M10: =(3640000+43500)*4% -> 147340 | N10: 67500 | O10: 36000 | P10: 1125664.6 | S10: 43500 | W10: 0 | Z10: =ROUNDDOWN(SUM(K10:Y10),0) -> 5090580 | AA10: =IF(J10="TER A",VLOOKUP(Z10,Ter_A,4,TRUE),IF(J10="TER B",VLOOKUP(Z10,Ter_B,4,TRUE),VLOOKUP(Z10,Ter_C,4,TRUE))) -> 0 | AB10: =ROUNDDOWN(IF(E10=0,Z10*AA10*120%,Z10*AA10),0) -> 0 | AC10: 4912664.6 | AD10: =L10+M10 -> 177916 | AE10: =AC10+AD10 -> 5090580.6 | AG10: =+SUM(N10:W10) -> 1272664.6
B11: 6 | C11: SUPRIADI | D11: 1902052812870001 | E11: 972283014305000 | F11: JL AIR BEGANTUNG RT. 009 RW. 003 DS KACANG BUTOR KEC.BADAU | G11: KARYAWAN PERAWATAN | H11: L | I11: K/2 | J11: =IF(ISBLANK(I11),"",IF(OR(I11="TK/0",I11="TK/1",I11="K/0"),"TER A",IF(I11="K/3","TER C","TER B"))) -> TER B | K11: =30*121333.33 -> 3639999.9 | L11: =3640000*0.84% -> 30576 | M11: =(3640000+47000)*4% -> 147480 | N11: 156600 | S11: 47000 | W11: -121333.33 | Z11: =ROUNDDOWN(SUM(K11:Y11),0) -> 3900322 | AA11: =IF(J11="TER A",VLOOKUP(Z11,Ter_A,4,TRUE),IF(J11="TER B",VLOOKUP(Z11,Ter_B,4,TRUE),VLOOKUP(Z11,Ter_C,4,TRUE))) -> 0 | AB11: =ROUNDDOWN(IF(E11=0,Z11*AA11*120%,Z11*AA11),0) -> 0 | AC11: 3722266.7 | AD11: =L11+M11 -> 178056 | AE11: =AC11+AD11 -> 3900322.7 | AG11: =+SUM(N11:W11) -> 82266.67
B12: 7 | C12: HARIAH | D12: 1902014909730007 | E12: 972283048305000 | F12: PELATARAN AIR KETEKOK RT. 001 RW. 001 DS AIR KETEKOK TANJUNGPANDAN | G12: KARYAWAN PERAWATAN | H12: P | I12: TK/0 | J12: =IF(ISBLANK(I12),"",IF(OR(I12="TK/0",I12="TK/1",I12="K/0"),"TER A",IF(I12="K/3","TER C","TER B"))) -> TER A | K12: =30*121333.33 -> 3639999.9 | L12: =3640000*0.84% -> 30576 | M12: =(3640000+36500)*4% -> 147060 | N12: 67500 | P12: 2693178.9 | S12: 36500 | W12: 0 | Z12: =ROUNDDOWN(SUM(K12:Y12),0) -> 6614814 | AA12: =IF(J12="TER A",VLOOKUP(Z12,Ter_A,4,TRUE),IF(J12="TER B",VLOOKUP(Z12,Ter_B,4,TRUE),VLOOKUP(Z12,Ter_C,4,TRUE))) -> 0.01 | AB12: =ROUNDDOWN(IF(E12=0,Z12*AA12*120%,Z12*AA12),0) -> 66148 | AC12: 6437178.9 | AD12: =L12+M12 -> 177636 | AE12: =AC12+AD12 -> 6614814.9 | AF12: =Z12-AE12 -> -0.92 | AG12: =+SUM(N12:W12) -> 2797178.9
B13: 8 | C13: YUSMARDIAN | D13: 1906042403820005 | E13: 972280150305000 | F13: DSN SENYUBUK RT. 001 RW. 001 DESA MENTAWAK KEC. KELAPA KAMPIT | G13: KARYAWAN PERAWATAN | H13: L | I13: K/2 | J13: =IF(ISBLANK(I13),"",IF(OR(I13="TK/0",I13="TK/1",I13="K/0"),"TER A",IF(I13="K/3","TER C","TER B"))) -> TER B | K13: =30*121333.33 -> 3639999.9 | L13: =3640000*0.84% -> 30576 | M13: =(3640000+43500)*4% -> 147340 | N13: 162000 | P13: 631213.8 | S13: 43500 | W13: 0 | Z13: =ROUNDDOWN(SUM(K13:Y13),0) -> 4654629 | AA13: =IF(J13="TER A",VLOOKUP(Z13,Ter_A,4,TRUE),IF(J13="TER B",VLOOKUP(Z13,Ter_B,4,TRUE),VLOOKUP(Z13,Ter_C,4,TRUE))) -> 0 | AB13: =ROUNDDOWN(IF(E13=0,Z13*AA13*120%,Z13*AA13),0) -> 0 | AC13: 4476713.8 | AD13: =L13+M13 -> 177916 | AE13: =AC13+AD13 -> 4654629.8 | AG13: =+SUM(N13:W13) -> 836713.8
B14: 9 | C14: YULHANI | D14: 1902051010760007 | E14: 972285720305000 | F14: JL MANGGAR AIR BEGANTUNG RT. 008 RW. 003 DESA KACANG BUTOR BADAU | G14: KARYAWAN PERAWATAN | H14: L | I14: K/0 | J14: =IF(ISBLANK(I14),"",IF(OR(I14="TK/0",I14="TK/1",I14="K/0"),"TER A",IF(I14="K/3","TER C","TER B"))) -> TER A | K14: =30*121333.33 -> 3639999.9 | L14: =3640000*0.84% -> 30576 | M14: =(3640000+61000)*4% -> 148040 | N14: 108000 | S14: 61000 | W14: 0 | Z14: =ROUNDDOWN(SUM(K14:Y14),0) -> 3987615 | AA14: =IF(J14="TER A",VLOOKUP(Z14,Ter_A,4,TRUE),IF(J14="TER B",VLOOKUP(Z14,Ter_B,4,TRUE),VLOOKUP(Z14,Ter_C,4,TRUE))) -> 0 | AB14: =ROUNDDOWN(IF(E14=0,Z14*AA14*120%,Z14*AA14),0) -> 0 | AC14: 3809000 | AD14: =L14+M14 -> 178616 | AE14: =AC14+AD14 -> 3987616 | AG14: =+SUM(N14:W14) -> 169000
B15: 10 | C15: HENDRIX | D15: 1906041308920003 | E15: 743653768305000 | F15: DSN MERDEKA RT. 006 RW. 002 DS SENYUBUK KEC. KELAPA KAMPIT | G15: KARYAWAN PERAWATAN | H15: L | I15: K/1 | J15: =IF(ISBLANK(I15),"",IF(OR(I15="TK/0",I15="TK/1",I15="K/0"),"TER A",IF(I15="K/3","TER C","TER B"))) -> TER B | K15: =30*121333.33 -> 3639999.9 | L15: =3640000*0.84% -> 30576 | M15: =(3640000+30000)*4% -> 146800 | N15: 130500 | S15: 30000 | W15: -121333.33 | Z15: =ROUNDDOWN(SUM(K15:Y15),0) -> 3856542 | AA15: =IF(J15="TER A",VLOOKUP(Z15,Ter_A,4,TRUE),IF(J15="TER B",VLOOKUP(Z15,Ter_B,4,TRUE),VLOOKUP(Z15,Ter_C,4,TRUE))) -> 0 | AB15: =ROUNDDOWN(IF(E15=0,Z15*AA15*120%,Z15*AA15),0) -> 0 | AC15: 3679166.7 | AD15: =L15+M15 -> 177376 | AE15: =AC15+AD15 -> 3856542.7 | AG15: =+SUM(N15:W15) -> 39166.67
C16: ARIANTO.B | D16: 1902052202690002 | E16: 972283287305000 | F16: DSN KACANG BUTOR RT. 001 RW. 001 DESA KACANG BUTOR KEC. BADAU | G16: KARYAWAN PERAWATAN | H16: L | I16: K/1 | J16: =IF(ISBLANK(I16),"",IF(OR(I16="TK/0",I16="TK/1",I16="K/0"),"TER A",IF(I16="K/3","TER C","TER B"))) -> TER B | M16: 0 | Z16: =ROUNDDOWN(SUM(K16:Y16),0) -> 0 | AA16: =IF(J16="TER A",VLOOKUP(Z16,Ter_A,4,TRUE),IF(J16="TER B",VLOOKUP(Z16,Ter_B,4,TRUE),VLOOKUP(Z16,Ter_C,4,TRUE))) -> 0 | AB16: =ROUNDDOWN(IF(E16=0,Z16*AA16*120%,Z16*AA16),0) -> 0 | AD16: =L16+M16 -> 0 | AE16: =AC16+AD16 -> 0 | AG16: =+SUM(N16:W16) -> 0
B17: 11 | C17: NANDI | D17: 1902053006780001 | E17: 972282966305000 | F17: JL. MANGGAR DSN. KACANG BUTOR RT.001 RW.001 DS. KACANG BUTOR KEC. BADAU | G17: KARYAWAN PERAWATAN | H17: L | I17: K/1 | J17: =IF(ISBLANK(I17),"",IF(OR(I17="TK/0",I17="TK/1",I17="K/0"),"TER A",IF(I17="K/3","TER C","TER B"))) -> TER B | K17: =30*121333.33 -> 3639999.9 | L17: =3640000*0.84% -> 30576 | M17: =(3640000+61000)*4% -> 148040 | N17: 135000 | Q17: 140000 | S17: 61000 | W17: 0 | Z17: =ROUNDDOWN(SUM(K17:Y17),0) -> 4154615 | AA17: =IF(J17="TER A",VLOOKUP(Z17,Ter_A,4,TRUE),IF(J17="TER B",VLOOKUP(Z17,Ter_B,4,TRUE),VLOOKUP(Z17,Ter_C,4,TRUE))) -> 0 | AB17: =ROUNDDOWN(IF(E17=0,Z17*AA17*120%,Z17*AA17),0) -> 0 | AC17: 3976000 | AD17: =L17+M17 -> 178616 | AE17: =AC17+AD17 -> 4154616 | AG17: =+SUM(N17:W17) -> 336000
B18: 12 | C18: KAMELIA | D18: 1902051606760003 | E18: 972280218305000 | F18: JL MANGGAR DSN PARIT GUNUNG RT. 006 RW. 003 DS AIR BATU BUDING BADAU | G18: KARYAWAN PERAWATAN | H18: L | I18: K/0 | J18: =IF(ISBLANK(I18),"",IF(OR(I18="TK/0",I18="TK/1",I18="K/0"),"TER A",IF(I18="K/3","TER C","TER B"))) -> TER A | K18: =30*121333.33 -> 3639999.9 | L18: =3640000*0.84% -> 30576 | M18: =(3640000+47000)*4% -> 147480 | N18: 108000 | P18: 31560.69 | S18: 47000 | W18: 0 | Z18: =ROUNDDOWN(SUM(K18:Y18),0) -> 4004616 | AA18: =IF(J18="TER A",VLOOKUP(Z18,Ter_A,4,TRUE),IF(J18="TER B",VLOOKUP(Z18,Ter_B,4,TRUE),VLOOKUP(Z18,Ter_C,4,TRUE))) -> 0 | AB18: =ROUNDDOWN(IF(E18=0,Z18*AA18*120%,Z18*AA18),0) -> 0 | AC18: 3826560.7 | AD18: =L18+M18 -> 178056 | AE18: =AC18+AD18 -> 4004616.7 | AG18: =+SUM(N18:W18) -> 186560.69
B19: 13 | C19: SISWANTO | D19: 1902051902910001 | E19: 972285506305000 | F19: JL. MANGGAR DSN. PARIT GUNUNG RT.006 RW.003 DS. AIR BATU BUDING KEC. BADAU | G19: KARYAWAN PERAWATAN | H19: L | I19: K/1 | J19: =IF(ISBLANK(I19),"",IF(OR(I19="TK/0",I19="TK/1",I19="K/0"),"TER A",IF(I19="K/3","TER C","TER B"))) -> TER B | K19: =30*121333.33 -> 3639999.9 | L19: =3640000*0.84% -> 30576 | M19: =(3640000+43500)*4% -> 147340 | N19: 130500 | P19: 31560.69 | S19: 43500 | W19: -121333.33 | Z19: =ROUNDDOWN(SUM(K19:Y19),0) -> 3902143 | AA19: =IF(J19="TER A",VLOOKUP(Z19,Ter_A,4,TRUE),IF(J19="TER B",VLOOKUP(Z19,Ter_B,4,TRUE),VLOOKUP(Z19,Ter_C,4,TRUE))) -> 0 | AB19: =ROUNDDOWN(IF(E19=0,Z19*AA19*120%,Z19*AA19),0) -> 0 | AC19: 3724227.4 | AD19: =L19+M19 -> 177916 | AE19: =AC19+AD19 -> 3902143.4 | AG19: =+SUM(N19:W19) -> 84227.36
B20: 14 | C20: DARMA JAYA | D20: 1902051907880002 | E20: 972374425305000 | F20: DSN AIR BATU BUDING RT.001 RW.001 DESA AIR BATU BUDING KEC. BADAU | G20: KRANI GUDANG | H20: L | I20: K/2 | J20: =IF(ISBLANK(I20),"",IF(OR(I20="TK/0",I20="TK/1",I20="K/0"),"TER A",IF(I20="K/3","TER C","TER B"))) -> TER B | K20: =30*121333.33 -> 3639999.9 | L20: =3640000*0.84% -> 30576 | M20: =(3640000+50500)*4% -> 147620 | N20: 162000 | P20: 2430173.1 | S20: 50500 | W20: 0 | Z20: =ROUNDDOWN(SUM(K20:Y20),0) -> 6460869 | AA20: =IF(J20="TER A",VLOOKUP(Z20,Ter_A,4,TRUE),IF(J20="TER B",VLOOKUP(Z20,Ter_B,4,TRUE),VLOOKUP(Z20,Ter_C,4,TRUE))) -> 0.0025 | AB20: =ROUNDDOWN(IF(E20=0,Z20*AA20*120%,Z20*AA20),0) -> 16152 | AC20: 6282673.1 | AD20: =L20+M20 -> 178196 | AE20: =AC20+AD20 -> 6460869.1 | AG20: =+SUM(N20:W20) -> 2642673.1
B21: 15 | C21: YUSMARNO | D21: 1902012406780003 | E21: 972285704305000 | F21: JL PASIR PUTIH RT. 012 RW. 005 DS AIR RAYAK KEC. TANJUNGPANDAN | G21: KARYAWAN PERAWATAN | H21: L | I21: K/1 | J21: =IF(ISBLANK(I21),"",IF(OR(I21="TK/0",I21="TK/1",I21="K/0"),"TER A",IF(I21="K/3","TER C","TER B"))) -> TER B | K21: =30*121333.33 -> 3639999.9 | L21: =3640000*0.84% -> 30576 | M21: =(3640000+61000)*4% -> 148040 | N21: 130500 | P21: 189364.14 | S21: 61000 | W21: -121333.33 | Z21: =ROUNDDOWN(SUM(K21:Y21),0) -> 4078146 | AA21: =IF(J21="TER A",VLOOKUP(Z21,Ter_A,4,TRUE),IF(J21="TER B",VLOOKUP(Z21,Ter_B,4,TRUE),VLOOKUP(Z21,Ter_C,4,TRUE))) -> 0 | AB21: =ROUNDDOWN(IF(E21=0,Z21*AA21*120%,Z21*AA21),0) -> 0 | AC21: 3899530.8 | AD21: =L21+M21 -> 178616 | AE21: =AC21+AD21 -> 4078146.8 | AG21: =+SUM(N21:W21) -> 259530.81
B22: 16 | C22: MEGI EFRISA | D22: 1604220103030001 | E22: - | F22: DS. TANJUNG AGUNG KEL. TANJUNG AGUNG KEC. PAGAR GUNUNG KAB. LAHAT | G22: MANDOR | H22: L | I22: TK/0 | J22: =IF(ISBLANK(I22),"",IF(OR(I22="TK/0",I22="TK/1",I22="K/0"),"TER A",IF(I22="K/3","TER C","TER B"))) -> TER A | K22: =29*123833.33 -> 3591166.6 | L22: =3715000*0.84% -> 31206 | M22: =(3715000+5000)*4% -> 148800 | N22: 47250 | P22: 955593.36 | S22: 5000 | W22: -990666.64 | Z22: =ROUNDDOWN(SUM(K22:Y22),0) -> 3788349 | AA22: =IF(J22="TER A",VLOOKUP(Z22,Ter_A,4,TRUE),IF(J22="TER B",VLOOKUP(Z22,Ter_B,4,TRUE),VLOOKUP(Z22,Ter_C,4,TRUE))) -> 0 | AB22: =ROUNDDOWN(IF(E22=0,Z22*AA22*120%,Z22*AA22),0) -> 0 | AC22: 3608343.4 | AD22: =L22+M22 -> 180006 | AE22: =AC22+AD22 -> 3788349.4 | AG22: =+SUM(N22:W22) -> 17176.72
B23: 17 | C23: SURATMAN | D23: 1902052707850001 | E23: 972285225305000 | F23: DUSUN KEPAYANG RT. 004 RW. 002 DESA KACANG BUTOR KEC. BADAU | G23: KARYAWAN PERAWATAN | H23: L | I23: K/0 | J23: =IF(ISBLANK(I23),"",IF(OR(I23="TK/0",I23="TK/1",I23="K/0"),"TER A",IF(I23="K/3","TER C","TER B"))) -> TER A | K23: =30*121333.33 -> 3639999.9 | L23: =3640000*0.84% -> 30576 | M23: =(3640000+43500)*4% -> 147340 | N23: 108000 | P23: 336647.36 | Q23: 100000 | S23: 43500 | W23: 0 | Z23: =ROUNDDOWN(SUM(K23:Y23),0) -> 4406063 | AA23: =IF(J23="TER A",VLOOKUP(Z23,Ter_A,4,TRUE),IF(J23="TER B",VLOOKUP(Z23,Ter_B,4,TRUE),VLOOKUP(Z23,Ter_C,4,TRUE))) -> 0 | AB23: =ROUNDDOWN(IF(E23=0,Z23*AA23*120%,Z23*AA23),0) -> 0 | AC23: 4228147.4 | AD23: =L23+M23 -> 177916 | AE23: =AC23+AD23 -> 4406063.4 | AG23: =+SUM(N23:W23) -> 588147.36
B24: 18 | C24: ARDI | D24: 1902050512820004 | E24: 972280259305000 | F24: JL.MANGGAR RT.009 RW.003 DESA KACANG BUTOR KEC. BADAU | G24: OPERATOR | H24: L | I24: K/2 | J24: =IF(ISBLANK(I24),"",IF(OR(I24="TK/0",I24="TK/1",I24="K/0"),"TER A",IF(I24="K/3","TER C","TER B"))) -> TER B | K24: =30*121333.33 -> 3639999.9 | L24: =3640000*0.84% -> 30576 | M24: =(3640000+47000)*4% -> 147480 | N24: 162000 | O24: 60000 | P24: 3282311.8 | S24: 47000 | W24: 0 | Z24: =ROUNDDOWN(SUM(K24:Y24),0) -> 7369367 | AA24: =IF(J24="TER A",VLOOKUP(Z24,Ter_A,4,TRUE),IF(J24="TER B",VLOOKUP(Z24,Ter_B,4,TRUE),VLOOKUP(Z24,Ter_C,4,TRUE))) -> 0.01 | AB24: =ROUNDDOWN(IF(E24=0,Z24*AA24*120%,Z24*AA24),0) -> 73693 | AC24: 7191311.8 | AD24: =L24+M24 -> 178056 | AE24: =AC24+AD24 -> 7369367.8 | AG24: =+SUM(N24:W24) -> 3551311.8
B25: 19 | C25: EDI ISHAK | D25: 1902051212790002 | E25: 972286066305000 | F25: DSN AIR BEGANTUNG RT. 010 RW. 003 DS KACANG BUTOR KEC. BADAU | G25: OPERATOR | H25: L | I25: K/2 | J25: =IF(ISBLANK(I25),"",IF(OR(I25="TK/0",I25="TK/1",I25="K/0"),"TER A",IF(I25="K/3","TER C","TER B"))) -> TER B | K25: =30*121333.33 -> 3639999.9 | L25: =3640000*0.84% -> 30576 | M25: =(3640000+61000)*4% -> 148040 | N25: 162000 | O25: 40000 | P25: 3282311.8 | S25: 61000 | W25: 0 | Z25: =ROUNDDOWN(SUM(K25:Y25),0) -> 7363927 | AA25: =IF(J25="TER A",VLOOKUP(Z25,Ter_A,4,TRUE),IF(J25="TER B",VLOOKUP(Z25,Ter_B,4,TRUE),VLOOKUP(Z25,Ter_C,4,TRUE))) -> 0.01 | AB25: =ROUNDDOWN(IF(E25=0,Z25*AA25*120%,Z25*AA25),0) -> 73639 | AC25: 7185311.8 | AD25: =L25+M25 -> 178616 | AE25: =AC25+AD25 -> 7363927.8 | AG25: =+SUM(N25:W25) -> 3545311.8
B26: 20 | C26: SUDIRMAN | D26: 1902051205770002 | E26: 743653420305000 | F26: JL. MANGGAR RT. 004 RW. 002 DESA AIR BATU BUDING BADAU | G26: OPERATOR | H26: L | I26: K/0 | J26: =IF(ISBLANK(I26),"",IF(OR(I26="TK/0",I26="TK/1",I26="K/0"),"TER A",IF(I26="K/3","TER C","TER B"))) -> TER A | K26: =30*121333.33 -> 3639999.9 | L26: =3640000*0.84% -> 30576 | M26: =(3640000+24000)*4% -> 146560 | N26: 108000 | O26: 57000 | P26: 2030404.4 | R26: 461066.73 | S26: 24000 | W26: 0 | Z26: =ROUNDDOWN(SUM(K26:Y26),0) -> 6497607 | AA26: =IF(J26="TER A",VLOOKUP(Z26,Ter_A,4,TRUE),IF(J26="TER B",VLOOKUP(Z26,Ter_B,4,TRUE),VLOOKUP(Z26,Ter_C,4,TRUE))) -> 0.01 | AB26: =ROUNDDOWN(IF(E26=0,Z26*AA26*120%,Z26*AA26),0) -> 64976 | AC26: 6320471.1 | AD26: =L26+M26 -> 177136 | AE26: =AC26+AD26 -> 6497607.1 | AG26: =+SUM(N26:W26) -> 2680471.1
B27: 21 | C27: APRIYADI | D27: 1902051707890001 | E27: 972285597305000 | F27: JL MANGGAR AIR BEGANTUNG RT. 008 RW. 003 DESA KACANG BUTOR BADAU | G27: OPERATOR | H27: L | I27: K/1 | J27: =IF(ISBLANK(I27),"",IF(OR(I27="TK/0",I27="TK/1",I27="K/0"),"TER A",IF(I27="K/3","TER C","TER B"))) -> TER B | K27: =30*121333.33 -> 3639999.9 | L27: =3640000*0.84% -> 30576 | M27: =(3640000+43500)*4% -> 147340 | N27: 135000 | O27: 60000 | P27: 73641.61 | S27: 43500 | W27: 0 | Z27: =ROUNDDOWN(SUM(K27:Y27),0) -> 4130057 | AA27: =IF(J27="TER A",VLOOKUP(Z27,Ter_A,4,TRUE),IF(J27="TER B",VLOOKUP(Z27,Ter_B,4,TRUE),VLOOKUP(Z27,Ter_C,4,TRUE))) -> 0 | AB27: =ROUNDDOWN(IF(E27=0,Z27*AA27*120%,Z27*AA27),0) -> 0 | AC27: 3952141.6 | AD27: =L27+M27 -> 177916 | AE27: =AC27+AD27 -> 4130057.6 | AG27: =+SUM(N27:W27) -> 312141.61
B28: 22 | C28: MAHADI | D28: 1902012503820003 | E28: 972280192305000 | F28: PULAU BAYAN RT. 005 RW. 002 DESA SUNGAI SAMAK KEC. BADAU | G28: OPERATOR | H28: L | I28: K/1 | J28: =IF(ISBLANK(I28),"",IF(OR(I28="TK/0",I28="TK/1",I28="K/0"),"TER A",IF(I28="K/3","TER C","TER B"))) -> TER B | K28: =30*121333.33 -> 3639999.9 | L28: =3640000*0.84% -> 30576 | M28: =(3640000+43500)*4% -> 147340 | N28: 130500 | O28: 57000 | P28: 3082427.4 | R28: 461066.73 | S28: 43500 | W28: -121333.33 | Z28: =ROUNDDOWN(SUM(K28:Y28),0) -> 7471076 | AA28: =IF(J28="TER A",VLOOKUP(Z28,Ter_A,4,TRUE),IF(J28="TER B",VLOOKUP(Z28,Ter_B,4,TRUE),VLOOKUP(Z28,Ter_C,4,TRUE))) -> 0.01 | AB28: =ROUNDDOWN(IF(E28=0,Z28*AA28*120%,Z28*AA28),0) -> 74710 | AC28: 7293160.8 | AD28: =L28+M28 -> 177916 | AE28: =AC28+AD28 -> 7471076.8 | AG28: =+SUM(N28:W28) -> 3653160.8
B29: 23 | C29: SISWANTO | D29: 1902051405840001 | E29: 972283733305000 | F29: DSN AIR BATU BUDING RT. 002 RW. 001 DESA AIR BATU BUDING KEC. BADAU | G29: OPERATOR | H29: L | I29: K/1 | J29: =IF(ISBLANK(I29),"",IF(OR(I29="TK/0",I29="TK/1",I29="K/0"),"TER A",IF(I29="K/3","TER C","TER B"))) -> TER B | K29: =30*121333.33 -> 3639999.9 | L29: =3640000*0.84% -> 30576 | M29: =(3640000+47000)*4% -> 147480 | N29: 130500 | O29: 60000 | P29: 2745780 | R29: 461066.73 | S29: 47000 | W29: -121333.33 | Z29: =ROUNDDOWN(SUM(K29:Y29),0) -> 7141069 | AA29: =IF(J29="TER A",VLOOKUP(Z29,Ter_A,4,TRUE),IF(J29="TER B",VLOOKUP(Z29,Ter_B,4,TRUE),VLOOKUP(Z29,Ter_C,4,TRUE))) -> 0.0075 | AB29: =ROUNDDOWN(IF(E29=0,Z29*AA29*120%,Z29*AA29),0) -> 53558 | AC29: 6963013.4 | AD29: =L29+M29 -> 178056 | AE29: =AC29+AD29 -> 7141069.4 | AG29: =+SUM(N29:W29) -> 3323013.4
K30: =SUM(K6:K29) -> 83671164 | L30: =SUM(L6:L29) -> 703878 | M30: =SUM(M6:M29) -> 3393720 | N30: =SUM(N6:N29) -> 2786850 | O30: =SUM(O6:O29) -> 370000 | P30: =SUM(P6:P29) -> 25646573 | Q30: =SUM(Q6:Q29) -> 720000 | R30: =SUM(R6:R29) -> 1383200.2 | S30: =SUM(S6:S29) -> 1048000 | W30: =SUM(W6:W29) -> -1718666.6 | Z30: =SUM(Z6:Z29) -> 118004707 | AA30: =SUM(AA6:AA29) -> 0.0625 | AB30: =SUM(AB6:AB29) -> 436978 | AC30: =SUM(AC6:AC29) -> 1.1390712e+08 | AD30: =SUM(AD6:AD29) -> 4097598 | AE30: =SUM(AE6:AE29) -> 1.1800472e+08 | AG30: =SUM(AG6:AG29) -> 30235957
B32: Catatan : | AG32: ='Feb''24'!AH30+'Maret''24'!AI30+'April ''24'!AG30 -> 93680567
B33: 1. yang berwarna adalah rumus
B34: 2. dalam hal terdapat tunjangan PPh, maka ceklis "enable iterative calculation" pada menu (option => formula => pada bagian kanan atas)
B35: 3. kolom pengurang JHT/JP tetap wajib diisi, sebagai pengurang pada masa pajak desember
B36: 4. komponen penghasilan bruto dapat disesuaikan/ditambahkan kolom, sesuai dengan kebutuhan masing2 perusahaan
B37: 5. perubahan status PTKP ditentukan keadaan awal tahun, misal nikah/punya anak ditanggal 2 januari 2024, maka berubah status PTKP nya tahun 2025
B38: 6. PPh 21 terutang tersebut sudah memperhitungkan bagi yang tidak memiliki NPWP dengan jumlah PPh Terutang 20% lebih besar.
B39: 7. untuk yang tidak mempunyai NPWP dapat diisi dengan angka Nol
B40: 8. untuk perhitungan pph 21 (THR, Bonus, Tantiem) rumus penghasilan brutonya dapat disesuaikan dengan masa pajak THR tersebut diberikan
B41: 9. khusus untuk perhitungan pph 21 masa pajak desember, dapat di cek kembali rumus total per komponen penghasilan brutonya (jika ada penambahan/pengurangan kolom)
B42: 10. untuk jan s.d nop dapat diduplicate sheetnya
D46: DIBUAT OLEH | K46: DIKETAHUI OLEH
D49: MINARNI | K49: HUSHAR, S.Pt
D50: KRANI INFRA | K50: MANAGER INFRASTRUKTUR

Sheet PPH EXGRATIA
B1: PT. REBINMAS JAYA
B2: INCOME TAX ARTICLE 21 FOR APRIL 2024
B3: PG 1A (INFRASTRUKTUR)
C4: yang berwarna ini rumus | N4: beras | O4: jabatan | P4: lembur
B5: NO. | C5: NAMA KARYAWAN | D5: N I K / PASPOR | E5: N P W P | F5: A L A M A T | G5: JABATAN | H5: L/P | I5: PTKP | J5: TER | K5: Gaji Pokok | L5: Astek Ins (0,84%) | M5: BPJS KESEHATAN (4%) | N5: Rice Allow | O5: Structural Allow | P5: Service Time Allow | Q5: Premi cuci mobil | R5: Premi alat | S5: Masa Kerja | T5: Potongan Kelebihan Perhitungan Lembur | U5: Lembur Bayar HK Penjagaan HGU | V5: Bensin Patroli | W5: POT. CUTI SAKIT & POT. CTH ( CUTI TANPA HK ) | X5: THR | Y5: Bonus | Z5: Penghasilan Bruto | AA5: Tarif TER | AB5: PPh 21 gaji + bonus | AC5: pph april '24 | AD5: pph Exgratia | AE5: upah kotor | AF5: astek + bpjs | AG5: total
B6: 1 | C6: YOYO | D6: 1902010509730003 | E6: 972282958305000 | F6: JL MURAI RT. 029 RW. 010 DS PERAWAS TANJUNGPANDAN | G6: KARYAWAN PERAWATAN | H6: L | I6: K/0 | J6: =IF(ISBLANK(I6),"",IF(OR(I6="TK/0",I6="TK/1",I6="K/0"),"TER A",IF(I6="K/3","TER C","TER B"))) -> TER A | K6: =30*121333.33 -> 3639999.9 | L6: =3640000*0.84% -> 30576 | M6: =(3640000+61000)*4% -> 148040 | N6: 108000 | S6: 61000 | W6: 0 | Y6: 280000 | Z6: =ROUNDDOWN(SUM(K6:Y6),0) -> 4267615 | AA6: =IF(J6="TER A",VLOOKUP(Z6,Ter_A,4,TRUE),IF(J6="TER B",VLOOKUP(Z6,Ter_B,4,TRUE),VLOOKUP(Z6,Ter_C,4,TRUE))) -> 0 | AB6: =ROUNDDOWN(IF(E6=0,Z6*AA6*120%,Z6*AA6),0) -> 0 | AC6: 0 | AD6: =AB6-AC6 -> 0 | AE6: 3809000 | AF6: =L6+M6 -> 178616 | AG6: =AE6+AF6 -> 3987616 | AH6: =Z6-AG6 -> 279999
B7: 2 | C7: JAMILA | D7: 1902056811690001 | E7: 972282982305000 | F7: JL MANGGAR RT. 005 RW. 003 DS AIR BATU BUDING KEC. BADAU | G7: KARYAWAN PERAWATAN | H7: P | I7: TK/0 | J7: =IF(ISBLANK(I7),"",IF(OR(I7="TK/0",I7="TK/1",I7="K/0"),"TER A",IF(I7="K/3","TER C","TER B"))) -> TER A | K7: =30*121333.33 -> 3639999.9 | L7: =3640000*0.84% -> 30576 | M7: =(3640000+61000)*4% -> 148040 | N7: 67500 | P7: 1693757 | S7: 61000 | W7: 0 | Y7: 600000 | Z7: =ROUNDDOWN(SUM(K7:Y7),0) -> 6240872 | AA7: =IF(J7="TER A",VLOOKUP(Z7,Ter_A,4,TRUE),IF(J7="TER B",VLOOKUP(Z7,Ter_B,4,TRUE),VLOOKUP(Z7,Ter_C,4,TRUE))) -> 0.0075 | AB7: =ROUNDDOWN(IF(E7=0,Z7*AA7*120%,Z7*AA7),0) -> 46806 | AC7: 14102 | AD7: =AB7-AC7 -> 32704 | AE7: 5462257 | AF7: =L7+M7 -> 178616 | AG7: =AE7+AF7 -> 5640873 | AH7: =Z7-AG7 -> 599998.97
B8: 3 | C8: JUNI MI'UN | D8: 1902050107700052 | E8: 972283055305000 | F8: JL MANGGAR DSN KEPAYANG RT. 004 RW. 002 DS KACANG BUTOR BADAU | G8: KARYAWAN PERAWATAN | H8: L | I8: K/1 | J8: =IF(ISBLANK(I8),"",IF(OR(I8="TK/0",I8="TK/1",I8="K/0"),"TER A",IF(I8="K/3","TER C","TER B"))) -> TER B | K8: =30*121333.33 -> 3639999.9 | L8: =3640000*0.84% -> 30576 | M8: =(3640000+43500)*4% -> 147340 | N8: 135000 | P8: 883699.32 | S8: 43500 | W8: 0 | Y8: 490000 | Z8: =ROUNDDOWN(SUM(K8:Y8),0) -> 5370115 | AA8: =IF(J8="TER A",VLOOKUP(Z8,Ter_A,4,TRUE),IF(J8="TER B",VLOOKUP(Z8,Ter_B,4,TRUE),VLOOKUP(Z8,Ter_C,4,TRUE))) -> 0 | AB8: =ROUNDDOWN(IF(E8=0,Z8*AA8*120%,Z8*AA8),0) -> 0 | AC8: 0 | AD8: =AB8-AC8 -> 0 | AE8: 4702199.3 | AF8: =L8+M8 -> 177916 | AG8: =AE8+AF8 -> 4880115.3 | AH8: =Z8-AG8 -> 489999.68
B9: 4 | C9: SUHANDI | D9: 1906042606860003 | E9: 972282974305000 | F9: JL KOPERASI RT. 004 RW. 002 DESA PEMBAHARUAN KEC. KELAPA KAMPIT | G9: KARYAWAN PERAWATAN | H9: L | I9: K/1 | J9: =IF(ISBLANK(I9),"",IF(OR(I9="TK/0",I9="TK/1",I9="K/0"),"TER A",IF(I9="K/3","TER C","TER B"))) -> TER B | K9: =30*121333.33 -> 3639999.9 | L9: =3640000*0.84% -> 30576 | M9: =(3640000+43500)*4% -> 147340 | N9: 135000 | P9: 147283.22 | Q9: 480000 | S9: 43500 | W9: 0 | Y9: 600000 | Z9: =ROUNDDOWN(SUM(K9:Y9),0) -> 5223699 | AA9: =IF(J9="TER A",VLOOKUP(Z9,Ter_A,4,TRUE),IF(J9="TER B",VLOOKUP(Z9,Ter_B,4,TRUE),VLOOKUP(Z9,Ter_C,4,TRUE))) -> 0 | AB9: =ROUNDDOWN(IF(E9=0,Z9*AA9*120%,Z9*AA9),0) -> 0 | AC9: 0 | AD9: =AB9-AC9 -> 0 | AE9: 4445783.2 | AF9: =L9+M9 -> 177916 | AG9: =AE9+AF9 -> 4623699.2 | AH9: =Z9-AG9 -> 599999.78
B10: 5 | C10: MINARNI | D10: 1902056103760002 | E10: 972280226305000 | F10: AIR BATU BUDING RT. 004 RW. 002 DS AIR BATU BUDING KEC. BADAU | G10: KRANI DIVISI | H10: P | I10: TK/0 | J10: =IF(ISBLANK(I10),"",IF(OR(I10="TK/0",I10="TK/1",I10="K/0"),"TER A",IF(I10="K/3","TER C","TER B"))) -> TER A | K10: =30*121333.33 -> 3639999.9 | L10: =3640000*0.84% -> 30576 | M10: =(3640000+43500)*4% -> 147340 | N10: 67500 | O10: 36000 | P10: 1125664.6 | S10: 43500 | W10: 0 | Y10: 540000 | Z10: =ROUNDDOWN(SUM(K10:Y10),0) -> 5630580 | AA10: =IF(J10="TER A",VLOOKUP(Z10,Ter_A,4,TRUE),IF(J10="TER B",VLOOKUP(Z10,Ter_B,4,TRUE),VLOOKUP(Z10,Ter_C,4,TRUE))) -> 0.0025 | AB10: =ROUNDDOWN(IF(E10=0,Z10*AA10*120%,Z10*AA10),0) -> 14076 | AC10: 0 | AD10: =AB10-AC10 -> 14076 | AE10: 4912664.6 | AF10: =L10+M10 -> 177916 | AG10: =AE10+AF10 -> 5090580.6 | AH10: =Z10-AG10 -> 539999.39
B11: 6 | C11: SUPRIADI | D11: 1902052812870001 | E11: 972283014305000 | F11: JL AIR BEGANTUNG RT. 009 RW. 003 DS KACANG BUTOR KEC.BADAU | G11: KARYAWAN PERAWATAN | H11: L | I11: K/2 | J11: =IF(ISBLANK(I11),"",IF(OR(I11="TK/0",I11="TK/1",I11="K/0"),"TER A",IF(I11="K/3","TER C","TER B"))) -> TER B | K11: =30*121333.33 -> 3639999.9 | L11: =3640000*0.84% -> 30576 | M11: =(3640000+47000)*4% -> 147480 | N11: 156600 | S11: 47000 | W11: -121333.33 | Y11: 490000 | Z11: =ROUNDDOWN(SUM(K11:Y11),0) -> 4390322 | AA11: =IF(J11="TER A",VLOOKUP(Z11,Ter_A,4,TRUE),IF(J11="TER B",VLOOKUP(Z11,Ter_B,4,TRUE),VLOOKUP(Z11,Ter_C,4,TRUE))) -> 0 | AB11: =ROUNDDOWN(IF(E11=0,Z11*AA11*120%,Z11*AA11),0) -> 0 | AC11: 0 | AD11: =AB11-AC11 -> 0 | AE11: 3722266.7 | AF11: =L11+M11 -> 178056 | AG11: =AE11+AF11 -> 3900322.7 | AH11: =Z11-AG11 -> 489999.33
B12: 7 | C12: HARIAH | D12: 1902014909730007 | E12: 972283048305000 | F12: PELATARAN AIR KETEKOK RT. 001 RW. 001 DS AIR KETEKOK TANJUNGPANDAN | G12: KARYAWAN PERAWATAN | H12: P | I12: TK/0 | J12: =IF(ISBLANK(I12),"",IF(OR(I12="TK/0",I12="TK/1",I12="K/0"),"TER A",IF(I12="K/3","TER C","TER B"))) -> TER A | K12: =30*121333.33 -> 3639999.9 | L12: =3640000*0.84% -> 30576 | M12: =(3640000+36500)*4% -> 147060 | N12: 67500 | P12: 2693178.9 | S12: 36500 | W12: 0 | Y12: 600000 | Z12: =ROUNDDOWN(SUM(K12:Y12),0) -> 7214814 | AA12: =IF(J12="TER A",VLOOKUP(Z12,Ter_A,4,TRUE),IF(J12="TER B",VLOOKUP(Z12,Ter_B,4,TRUE),VLOOKUP(Z12,Ter_C,4,TRUE))) -> 0.0125 | AB12: =ROUNDDOWN(IF(E12=0,Z12*AA12*120%,Z12*AA12),0) -> 90185 | AC12: 66148 | AD12: =AB12-AC12 -> 24037 | AE12: 6437178.9 | AF12: =L12+M12 -> 177636 | AG12: =AE12+AF12 -> 6614814.9 | AH12: =Z12-AG12 -> 599999.08
B13: 8 | C13: YUSMARDIAN | D13: 1906042403820005 | E13: 972280150305000 | F13: DSN SENYUBUK RT. 001 RW. 001 DESA MENTAWAK KEC. KELAPA KAMPIT | G13: KARYAWAN PERAWATAN | H13: L | I13: K/2 | J13: =IF(ISBLANK(I13),"",IF(OR(I13="TK/0",I13="TK/1",I13="K/0"),"TER A",IF(I13="K/3","TER C","TER B"))) -> TER B | K13: =30*121333.33 -> 3639999.9 | L13: =3640000*0.84% -> 30576 | M13: =(3640000+43500)*4% -> 147340 | N13: 162000 | P13: 631213.8 | S13: 43500 | W13: 0 | Y13: 600000 | Z13: =ROUNDDOWN(SUM(K13:Y13),0) -> 5254629 | AA13: =IF(J13="TER A",VLOOKUP(Z13,Ter_A,4,TRUE),IF(J13="TER B",VLOOKUP(Z13,Ter_B,4,TRUE),VLOOKUP(Z13,Ter_C,4,TRUE))) -> 0 | AB13: =ROUNDDOWN(IF(E13=0,Z13*AA13*120%,Z13*AA13),0) -> 0 | AC13: 0 | AD13: =AB13-AC13 -> 0 | AE13: 4476713.8 | AF13: =L13+M13 -> 177916 | AG13: =AE13+AF13 -> 4654629.8 | AH13: =Z13-AG13 -> 599999.2
B14: 9 | C14: YULHANI | D14: 1902051010760007 | E14: 972285720305000 | F14: JL MANGGAR AIR BEGANTUNG RT. 008 RW. 003 DESA KACANG BUTOR BADAU | G14: KARYAWAN PERAWATAN | H14: L | I14: K/0 | J14: =IF(ISBLANK(I14),"",IF(OR(I14="TK/0",I14="TK/1",I14="K/0"),"TER A",IF(I14="K/3","TER C","TER B"))) -> TER A | K14: =30*121333.33 -> 3639999.9 | L14: =3640000*0.84% -> 30576 | M14: =(3640000+61000)*4% -> 148040 | N14: 108000 | S14: 61000 | W14: 0 | Y14: 490000 | Z14: =ROUNDDOWN(SUM(K14:Y14),0) -> 4477615 | AA14: =IF(J14="TER A",VLOOKUP(Z14,Ter_A,4,TRUE),IF(J14="TER B",VLOOKUP(Z14,Ter_B,4,TRUE),VLOOKUP(Z14,Ter_C,4,TRUE))) -> 0 | AB14: =ROUNDDOWN(IF(E14=0,Z14*AA14*120%,Z14*AA14),0) -> 0 | AC14: 0 | AD14: =AB14-AC14 -> 0 | AE14: 3809000 | AF14: =L14+M14 -> 178616 | AG14: =AE14+AF14 -> 3987616 | AH14: =Z14-AG14 -> 489999
B15: 10 | C15: HENDRIX | D15: 1906041308920003 | E15: 743653768305000 | F15: DSN MERDEKA RT. 006 RW. 002 DS SENYUBUK KEC. KELAPA KAMPIT | G15: KARYAWAN PERAWATAN | H15: L | I15: K/1 | J15: =IF(ISBLANK(I15),"",IF(OR(I15="TK/0",I15="TK/1",I15="K/0"),"TER A",IF(I15="K/3","TER C","TER B"))) -> TER B | K15: =30*121333.33 -> 3639999.9 | L15: =3640000*0.84% -> 30576 | M15: =(3640000+30000)*4% -> 146800 | N15: 130500 | S15: 30000 | W15: -121333.33 | Y15: 490000 | Z15: =ROUNDDOWN(SUM(K15:Y15),0) -> 4346542 | AA15: =IF(J15="TER A",VLOOKUP(Z15,Ter_A,4,TRUE),IF(J15="TER B",VLOOKUP(Z15,Ter_B,4,TRUE),VLOOKUP(Z15,Ter_C,4,TRUE))) -> 0 | AB15: =ROUNDDOWN(IF(E15=0,Z15*AA15*120%,Z15*AA15),0) -> 0 | AC15: 0 | AD15: =AB15-AC15 -> 0 | AE15: 3679166.7 | AF15: =L15+M15 -> 177376 | AG15: =AE15+AF15 -> 3856542.7 | AH15: =Z15-AG15 -> 489999.33
C16: ARIANTO.B | D16: 1902052202690002 | E16: 972283287305000 | F16: DSN KACANG BUTOR RT. 001 RW. 001 DESA KACANG BUTOR KEC. BADAU | G16: KARYAWAN PERAWATAN | H16: L | I16: K/1 | J16: =IF(ISBLANK(I16),"",IF(OR(I16="TK/0",I16="TK/1",I16="K/0"),"TER A",IF(I16="K/3","TER C","TER B"))) -> TER B | M16: 0 | Z16: =ROUNDDOWN(SUM(K16:Y16),0) -> 0 | AA16: =IF(J16="TER A",VLOOKUP(Z16,Ter_A,4,TRUE),IF(J16="TER B",VLOOKUP(Z16,Ter_B,4,TRUE),VLOOKUP(Z16,Ter_C,4,TRUE))) -> 0 | AB16: =ROUNDDOWN(IF(E16=0,Z16*AA16*120%,Z16*AA16),0) -> 0 | AC16: 0 | AD16: =AB16-AC16 -> 0 | AF16: =L16+M16 -> 0 | AG16: =AE16+AF16 -> 0
B17: 11 | C17: NANDI | D17: 1902053006780001 | E17: 972282966305000 | F17: JL. MANGGAR DSN. KACANG BUTOR RT.001 RW.001 DS. KACANG BUTOR KEC. BADAU | G17: KARYAWAN PERAWATAN | H17: L | I17: K/1 | J17: =IF(ISBLANK(I17),"",IF(OR(I17="TK/0",I17="TK/1",I17="K/0"),"TER A",IF(I17="K/3","TER C","TER B"))) -> TER B | K17: =30*121333.33 -> 3639999.9 | L17: =3640000*0.84% -> 30576 | M17: =(3640000+61000)*4% -> 148040 | N17: 135000 | Q17: 140000 | S17: 61000 | W17: 0 | Y17: 490000 | Z17: =ROUNDDOWN(SUM(K17:Y17),0) -> 4644615 | AA17: =IF(J17="TER A",VLOOKUP(Z17,Ter_A,4,TRUE),IF(J17="TER B",VLOOKUP(Z17,Ter_B,4,TRUE),VLOOKUP(Z17,Ter_C,4,TRUE))) -> 0 | AB17: =ROUNDDOWN(IF(E17=0,Z17*AA17*120%,Z17*AA17),0) -> 0 | AC17: 0 | AD17: =AB17-AC17 -> 0 | AE17: 3976000 | AF17: =L17+M17 -> 178616 | AG17: =AE17+AF17 -> 4154616 | AH17: =Z17-AG17 -> 489999
B18: 12 | C18: KAMELIA | D18: 1902051606760003 | E18: 972280218305000 | F18: JL MANGGAR DSN PARIT GUNUNG RT. 006 RW. 003 DS AIR BATU BUDING BADAU | G18: KARYAWAN PERAWATAN | H18: L | I18: K/0 | J18: =IF(ISBLANK(I18),"",IF(OR(I18="TK/0",I18="TK/1",I18="K/0"),"TER A",IF(I18="K/3","TER C","TER B"))) -> TER A | K18: =30*121333.33 -> 3639999.9 | L18: =3640000*0.84% -> 30576 | M18: =(3640000+47000)*4% -> 147480 | N18: 108000 | P18: 31560.69 | S18: 47000 | W18: 0 | Y18: 490000 | Z18: =ROUNDDOWN(SUM(K18:Y18),0) -> 4494616 | AA18: =IF(J18="TER A",VLOOKUP(Z18,Ter_A,4,TRUE),IF(J18="TER B",VLOOKUP(Z18,Ter_B,4,TRUE),VLOOKUP(Z18,Ter_C,4,TRUE))) -> 0 | AB18: =ROUNDDOWN(IF(E18=0,Z18*AA18*120%,Z18*AA18),0) -> 0 | AC18: 0 | AD18: =AB18-AC18 -> 0 | AE18: 3826560.7 | AF18: =L18+M18 -> 178056 | AG18: =AE18+AF18 -> 4004616.7 | AH18: =Z18-AG18 -> 489999.31
B19: 13 | C19: SISWANTO | D19: 1902051902910001 | E19: 972285506305000 | F19: JL. MANGGAR DSN. PARIT GUNUNG RT.006 RW.003 DS. AIR BATU BUDING KEC. BADAU | G19: KARYAWAN PERAWATAN | H19: L | I19: K/1 | J19: =IF(ISBLANK(I19),"",IF(OR(I19="TK/0",I19="TK/1",I19="K/0"),"TER A",IF(I19="K/3","TER C","TER B"))) -> TER B | K19: =30*121333.33 -> 3639999.9 | L19: =3640000*0.84% -> 30576 | M19: =(3640000+43500)*4% -> 147340 | N19: 130500 | P19: 31560.69 | S19: 43500 | W19: -121333.33 | Y19: 280000 | Z19: =ROUNDDOWN(SUM(K19:Y19),0) -> 4182143 | AA19: =IF(J19="TER A",VLOOKUP(Z19,Ter_A,4,TRUE),IF(J19="TER B",VLOOKUP(Z19,Ter_B,4,TRUE),VLOOKUP(Z19,Ter_C,4,TRUE))) -> 0 | AB19: =ROUNDDOWN(IF(E19=0,Z19*AA19*120%,Z19*AA19),0) -> 0 | AC19: 0 | AD19: =AB19-AC19 -> 0 | AE19: 3724227.4 | AF19: =L19+M19 -> 177916 | AG19: =AE19+AF19 -> 3902143.4 | AH19: =Z19-AG19 -> 279999.64
B20: 14 | C20: DARMA JAYA | D20: 1902051907880002 | E20: 972374425305000 | F20: DSN AIR BATU BUDING RT.001 RW.001 DESA AIR BATU BUDING KEC. BADAU | G20: KRANI GUDANG | H20: L | I20: K/2 | J20: =IF(ISBLANK(I20),"",IF(OR(I20="TK/0",I20="TK/1",I20="K/0"),"TER A",IF(I20="K/3","TER C","TER B"))) -> TER B | K20: =30*121333.33 -> 3639999.9 | L20: =3640000*0.84% -> 30576 | M20: =(3640000+50500)*4% -> 147620 | N20: 162000 | P20: 2430173.1 | S20: 50500 | W20: 0 | Y20: 600000 | Z20: =ROUNDDOWN(SUM(K20:Y20),0) -> 7060869 | AA20: =IF(J20="TER A",VLOOKUP(Z20,Ter_A,4,TRUE),IF(J20="TER B",VLOOKUP(Z20,Ter_B,4,TRUE),VLOOKUP(Z20,Ter_C,4,TRUE))) -> 0.0075 | AB20: =ROUNDDOWN(IF(E20=0,Z20*AA20*120%,Z20*AA20),0) -> 52956 | AC20: 16152 | AD20: =AB20-AC20 -> 36804 | AE20: 6282673.1 | AF20: =L20+M20 -> 178196 | AG20: =AE20+AF20 -> 6460869.1 | AH20: =Z20-AG20 -> 599999.87
B21: 15 | C21: YUSMARNO | D21: 1902012406780003 | E21: 972285704305000 | F21: JL PASIR PUTIH RT. 012 RW. 005 DS AIR RAYAK KEC. TANJUNGPANDAN | G21: KARYAWAN PERAWATAN | H21: L | I21: K/1 | J21: =IF(ISBLANK(I21),"",IF(OR(I21="TK/0",I21="TK/1",I21="K/0"),"TER A",IF(I21="K/3","TER C","TER B"))) -> TER B | K21: =30*121333.33 -> 3639999.9 | L21: =3640000*0.84% -> 30576 | M21: =(3640000+61000)*4% -> 148040 | N21: 130500 | P21: 189364.14 | S21: 61000 | W21: -121333.33 | Y21: 280000 | Z21: =ROUNDDOWN(SUM(K21:Y21),0) -> 4358146 | AA21: =IF(J21="TER A",VLOOKUP(Z21,Ter_A,4,TRUE),IF(J21="TER B",VLOOKUP(Z21,Ter_B,4,TRUE),VLOOKUP(Z21,Ter_C,4,TRUE))) -> 0 | AB21: =ROUNDDOWN(IF(E21=0,Z21*AA21*120%,Z21*AA21),0) -> 0 | AC21: 0 | AD21: =AB21-AC21 -> 0 | AE21: 3899530.8 | AF21: =L21+M21 -> 178616 | AG21: =AE21+AF21 -> 4078146.8 | AH21: =Z21-AG21 -> 279999.19
B22: 16 | C22: MEGI EFRISA | D22: 1604220103030001 | E22: - | F22: DS. TANJUNG AGUNG KEL. TANJUNG AGUNG KEC. PAGAR GUNUNG KAB. LAHAT | G22: MANDOR | H22: L | I22: TK/0 | J22: =IF(ISBLANK(I22),"",IF(OR(I22="TK/0",I22="TK/1",I22="K/0"),"TER A",IF(I22="K/3","TER C","TER B"))) -> TER A | K22: =29*123833.33 -> 3591166.6 | L22: =3715000*0.84% -> 31206 | M22: =(3715000+5000)*4% -> 148800 | N22: 47250 | P22: 955593.36 | S22: 5000 | W22: -990666.64 | Y22: 600000 | Z22: =ROUNDDOWN(SUM(K22:Y22),0) -> 4388349 | AA22: =IF(J22="TER A",VLOOKUP(Z22,Ter_A,4,TRUE),IF(J22="TER B",VLOOKUP(Z22,Ter_B,4,TRUE),VLOOKUP(Z22,Ter_C,4,TRUE))) -> 0 | AB22: =ROUNDDOWN(IF(E22=0,Z22*AA22*120%,Z22*AA22),0) -> 0 | AC22: 0 | AD22: =AB22-AC22 -> 0 | AE22: 3608343.4 | AF22: =L22+M22 -> 180006 | AG22: =AE22+AF22 -> 3788349.4 | AH22: =Z22-AG22 -> 599999.64
B23: 17 | C23: SURATMAN | D23: 1902052707850001 | E23: 972285225305000 | F23: DUSUN KEPAYANG RT. 004 RW. 002 DESA KACANG BUTOR KEC. BADAU | G23: KARYAWAN PERAWATAN | H23: L | I23: K/0 | J23: =IF(ISBLANK(I23),"",IF(OR(I23="TK/0",I23="TK/1",I23="K/0"),"TER A",IF(I23="K/3","TER C","TER B"))) -> TER A | K23: =30*121333.33 -> 3639999.9 | L23: =3640000*0.84% -> 30576 | M23: =(3640000+43500)*4% -> 147340 | N23: 108000 | P23: 336647.36 | Q23: 100000 | S23: 43500 | W23: 0 | Y23: 600000 | Z23: =ROUNDDOWN(SUM(K23:Y23),0) -> 5006063 | AA23: =IF(J23="TER A",VLOOKUP(Z23,Ter_A,4,TRUE),IF(J23="TER B",VLOOKUP(Z23,Ter_B,4,TRUE),VLOOKUP(Z23,Ter_C,4,TRUE))) -> 0 | AB23: =ROUNDDOWN(IF(E23=0,Z23*AA23*120%,Z23*AA23),0) -> 0 | AC23: 0 | AD23: =AB23-AC23 -> 0 | AE23: 4228147.4 | AF23: =L23+M23 -> 177916 | AG23: =AE23+AF23 -> 4406063.4 | AH23: =Z23-AG23 -> 599999.64
B24: 18 | C24: ARDI | D24: 1902050512820004 | E24: 972280259305000 | F24: JL.MANGGAR RT.009 RW.003 DESA KACANG BUTOR KEC. BADAU | G24: OPERATOR | H24: L | I24: K/2 | J24: =IF(ISBLANK(I24),"",IF(OR(I24="TK/0",I24="TK/1",I24="K/0"),"TER A",IF(I24="K/3","TER C","TER B"))) -> TER B | K24: =30*121333.33 -> 3639999.9 | L24: =3640000*0.84% -> 30576 | M24: =(3640000+47000)*4% -> 147480 | N24: 162000 | O24: 60000 | P24: 3282311.8 | S24: 47000 | W24: 0 | Y24: 650000 | Z24: =ROUNDDOWN(SUM(K24:Y24),0) -> 8019367 | AA24: =IF(J24="TER A",VLOOKUP(Z24,Ter_A,4,TRUE),IF(J24="TER B",VLOOKUP(Z24,Ter_B,4,TRUE),VLOOKUP(Z24,Ter_C,4,TRUE))) -> 0.01 | AB24: =ROUNDDOWN(IF(E24=0,Z24*AA24*120%,Z24*AA24),0) -> 80193 | AC24: 73693 | AD24: =AB24-AC24 -> 6500 | AE24: 7191311.8 | AF24: =L24+M24 -> 178056 | AG24: =AE24+AF24 -> 7369367.8 | AH24: =Z24-AG24 -> 649999.24
B25: 19 | C25: EDI ISHAK | D25: 1902051212790002 | E25: 972286066305000 | F25: DSN AIR BEGANTUNG RT. 010 RW. 003 DS KACANG BUTOR KEC. BADAU | G25: OPERATOR | H25: L | I25: K/2 | J25: =IF(ISBLANK(I25),"",IF(OR(I25="TK/0",I25="TK/1",I25="K/0"),"TER A",IF(I25="K/3","TER C","TER B"))) -> TER B | K25: =30*121333.33 -> 3639999.9 | L25: =3640000*0.84% -> 30576 | M25: =(3640000+61000)*4% -> 148040 | N25: 162000 | O25: 40000 | P25: 3282311.8 | S25: 61000 | W25: 0 | Y25: 540000 | Z25: =ROUNDDOWN(SUM(K25:Y25),0) -> 7903927 | AA25: =IF(J25="TER A",VLOOKUP(Z25,Ter_A,4,TRUE),IF(J25="TER B",VLOOKUP(Z25,Ter_B,4,TRUE),VLOOKUP(Z25,Ter_C,4,TRUE))) -> 0.01 | AB25: =ROUNDDOWN(IF(E25=0,Z25*AA25*120%,Z25*AA25),0) -> 79039 | AC25: 73639 | AD25: =AB25-AC25 -> 5400 | AE25: 7185311.8 | AF25: =L25+M25 -> 178616 | AG25: =AE25+AF25 -> 7363927.8 | AH25: =Z25-AG25 -> 539999.24
B26: 20 | C26: SUDIRMAN | D26: 1902051205770002 | E26: 743653420305000 | F26: JL. MANGGAR RT. 004 RW. 002 DESA AIR BATU BUDING BADAU | G26: OPERATOR | H26: L | I26: K/0 | J26: =IF(ISBLANK(I26),"",IF(OR(I26="TK/0",I26="TK/1",I26="K/0"),"TER A",IF(I26="K/3","TER C","TER B"))) -> TER A | K26: =30*121333.33 -> 3639999.9 | L26: =3640000*0.84% -> 30576 | M26: =(3640000+24000)*4% -> 146560 | N26: 108000 | O26: 57000 | P26: 2030404.4 | R26: 461066.73 | S26: 24000 | W26: 0 | Y26: 540000 | Z26: =ROUNDDOWN(SUM(K26:Y26),0) -> 7037607 | AA26: =IF(J26="TER A",VLOOKUP(Z26,Ter_A,4,TRUE),IF(J26="TER B",VLOOKUP(Z26,Ter_B,4,TRUE),VLOOKUP(Z26,Ter_C,4,TRUE))) -> 0.0125 | AB26: =ROUNDDOWN(IF(E26=0,Z26*AA26*120%,Z26*AA26),0) -> 87970 | AC26: 64976 | AD26: =AB26-AC26 -> 22994 | AE26: 6320471.1 | AF26: =L26+M26 -> 177136 | AG26: =AE26+AF26 -> 6497607.1 | AH26: =Z26-AG26 -> 539999.88
B27: 21 | C27: APRIYADI | D27: 1902051707890001 | E27: 972285597305000 | F27: JL MANGGAR AIR BEGANTUNG RT. 008 RW. 003 DESA KACANG BUTOR BADAU | G27: OPERATOR | H27: L | I27: K/1 | J27: =IF(ISBLANK(I27),"",IF(OR(I27="TK/0",I27="TK/1",I27="K/0"),"TER A",IF(I27="K/3","TER C","TER B"))) -> TER B | K27: =30*121333.33 -> 3639999.9 | L27: =3640000*0.84% -> 30576 | M27: =(3640000+43500)*4% -> 147340 | N27: 135000 | O27: 60000 | P27: 73641.61 | S27: 43500 | W27: 0 | Y27: 540000 | Z27: =ROUNDDOWN(SUM(K27:Y27),0) -> 4670057 | AA27: =IF(J27="TER A",VLOOKUP(Z27,Ter_A,4,TRUE),IF(J27="TER B",VLOOKUP(Z27,Ter_B,4,TRUE),VLOOKUP(Z27,Ter_C,4,TRUE))) -> 0 | AB27: =ROUNDDOWN(IF(E27=0,Z27*AA27*120%,Z27*AA27),0) -> 0 | AC27: 0 | AD27: =AB27-AC27 -> 0 | AE27: 3952141.6 | AF27: =L27+M27 -> 177916 | AG27: =AE27+AF27 -> 4130057.6 | AH27: =Z27-AG27 -> 539999.39
B28: 22 | C28: MAHADI | D28: 1902012503820003 | E28: 972280192305000 | F28: PULAU BAYAN RT. 005 RW. 002 DESA SUNGAI SAMAK KEC. BADAU | G28: OPERATOR | H28: L | I28: K/1 | J28: =IF(ISBLANK(I28),"",IF(OR(I28="TK/0",I28="TK/1",I28="K/0"),"TER A",IF(I28="K/3","TER C","TER B"))) -> TER B | K28: =30*121333.33 -> 3639999.9 | L28: =3640000*0.84% -> 30576 | M28: =(3640000+43500)*4% -> 147340 | N28: 130500 | O28: 57000 | P28: 3082427.4 | R28: 461066.73 | S28: 43500 | W28: -121333.33 | Y28: 540000 | Z28: =ROUNDDOWN(SUM(K28:Y28),0) -> 8011076 | AA28: =IF(J28="TER A",VLOOKUP(Z28,Ter_A,4,TRUE),IF(J28="TER B",VLOOKUP(Z28,Ter_B,4,TRUE),VLOOKUP(Z28,Ter_C,4,TRUE))) -> 0.01 | AB28: =ROUNDDOWN(IF(E28=0,Z28*AA28*120%,Z28*AA28),0) -> 80110 | AC28: 74710 | AD28: =AB28-AC28 -> 5400 | AE28: 7293160.8 | AF28: =L28+M28 -> 177916 | AG28: =AE28+AF28 -> 7471076.8 | AH28: =Z28-AG28 -> 539999.21
B29: 23 | C29: SISWANTO | D29: 1902051405840001 | E29: 972283733305000 | F29: DSN AIR BATU BUDING RT. 002 RW. 001 DESA AIR BATU BUDING KEC. BADAU | G29: OPERATOR | H29: L | I29: K/1 | J29: =IF(ISBLANK(I29),"",IF(OR(I29="TK/0",I29="TK/1",I29="K/0"),"TER A",IF(I29="K/3","TER C","TER B"))) -> TER B | K29: =30*121333.33 -> 3639999.9 | L29: =3640000*0.84% -> 30576 | M29: =(3640000+47000)*4% -> 147480 | N29: 130500 | O29: 60000 | P29: 2745780 | R29: 461066.73 | S29: 47000 | W29: -121333.33 | Y29: 540000 | Z29: =ROUNDDOWN(SUM(K29:Y29),0) -> 7681069 | AA29: =IF(J29="TER A",VLOOKUP(Z29,Ter_A,4,TRUE),IF(J29="TER B",VLOOKUP(Z29,Ter_B,4,TRUE),VLOOKUP(Z29,Ter_C,4,TRUE))) -> 0.01 | AB29: =ROUNDDOWN(IF(E29=0,Z29*AA29*120%,Z29*AA29),0) -> 76810 | AC29: 53558 | AD29: =AB29-AC29 -> 23252 | AE29: 6963013.4 | AF29: =L29+M29 -> 178056 | AG29: =AE29+AF29 -> 7141069.4 | AH29: =Z29-AG29 -> 539999.57
K30: =SUM(K6:K29) -> 83671164 | L30: =SUM(L6:L29) -> 703878 | M30: =SUM(M6:M29) -> 3393720 | N30: =SUM(N6:N29) -> 2786850 | O30: =SUM(O6:O29) -> 370000 | P30: =SUM(P6:P29) -> 25646573 | Q30: =SUM(Q6:Q29) -> 720000 | R30: =SUM(R6:R29) -> 1383200.2 | S30: =SUM(S6:S29) -> 1048000 | W30: =SUM(W6:W29) -> -1718666.6 | Y30: =SUM(Y6:Y29) -> 11870000 | Z30: =SUM(Z6:Z29) -> 129874707 | AA30: =SUM(AA6:AA29) -> 0.0825 | AB30: =SUM(AB6:AB29) -> 608145 | AC30: =SUM(AC6:AC29) -> 436978 | AD30: =SUM(AD6:AD29) -> 171167 | AE30: =SUM(AE6:AE29) -> 1.1390712e+08 | AF30: =SUM(AF6:AF29) -> 4097598 | ... AH30: =SUM(AH6:AH29) -> 11869986
B32: Catatan :
B33: 1. yang berwarna adalah rumus
B34: 2. dalam hal terdapat tunjangan PPh, maka ceklis "enable iterative calculation" pada menu (option => formula => pada bagian kanan atas)
B35: 3. kolom pengurang JHT/JP tetap wajib diisi, sebagai pengurang pada masa pajak desember
B36: 4. komponen penghasilan bruto dapat disesuaikan/ditambahkan kolom, sesuai dengan kebutuhan masing2 perusahaan
B37: 5. perubahan status PTKP ditentukan keadaan awal tahun, misal nikah/punya anak ditanggal 2 januari 2024, maka berubah status PTKP nya tahun 2025
B38: 6. PPh 21 terutang tersebut sudah memperhitungkan bagi yang tidak memiliki NPWP dengan jumlah PPh Terutang 20% lebih besar.
B39: 7. untuk yang tidak mempunyai NPWP dapat diisi dengan angka Nol
B40: 8. untuk perhitungan pph 21 (THR, Bonus, Tantiem) rumus penghasilan brutonya dapat disesuaikan dengan masa pajak THR tersebut diberikan
B41: 9. khusus untuk perhitungan pph 21 masa pajak desember, dapat di cek kembali rumus total per komponen penghasilan brutonya (jika ada penambahan/pengurangan kolom)
B42: 10. untuk jan s.d nop dapat diduplicate sheetnya
D46: DIBUAT OLEH | K46: DIKETAHUI OLEH
D49: MINARNI | K49: HUSHAR, S.Pt
D50: KRANI INFRA | K50: MANAGER INFRASTRUKTUR

Sheet Mei '24
B1: PT. REBINMAS JAYA
B2: INCOME TAX ARTICLE 21 FOR MEI 2024
B3: PG 1A (INFRASTRUKTUR)
C4: yang berwarna ini rumus | N4: beras | O4: jabatan | P4: lembur
B5: NO. | C5: NAMA KARYAWAN | D5: N I K / PASPOR | E5: N P W P | F5: A L A M A T | G5: JABATAN | H5: L/P | I5: PTKP | J5: TER | K5: Gaji Pokok | L5: Astek Ins (0,84%) | M5: BPJS KESEHATAN (4%) | N5: Rice Allow | O5: Structural Allow | P5: Service Time Allow | Q5: Premi cuci mobil | R5: Premi alat | S5: Masa Kerja | T5: Potongan Kelebihan Perhitungan Lembur | U5: Lembur Bayar HK Penjagaan HGU | V5: Bensin Patroli | W5: POT. CUTI SAKIT & POT. CTH ( CUTI TANPA HK ) | X5: THR | Y5: Bonus | Z5: Penghasilan Bruto | AA5: Tarif TER | AB5: PPh 21 Mei | AC5: upah kotor | AD5: astek + bpjs | AE5: total | AG5: tunjangan
B6: 1 | C6: YOYO | D6: 1902010509730003 | E6: 972282958305000 | F6: JL MURAI RT. 029 RW. 010 DS PERAWAS TANJUNGPANDAN | G6: KARYAWAN PERAWATAN | H6: L | I6: K/0 | J6: =IF(ISBLANK(I6),"",IF(OR(I6="TK/0",I6="TK/1",I6="K/0"),"TER A",IF(I6="K/3","TER C","TER B"))) -> TER A | K6: =31*121333.33 -> 3761333.2 | L6: =3640000*0.84% -> 30576 | M6: =(3640000+61000)*4% -> 148040 | N6: 111600 | S6: 61000 | W6: 0 | Y6: 280000 | Z6: =ROUNDDOWN(SUM(K6:Y6),0) -> 4392549 | AA6: =IF(J6="TER A",VLOOKUP(Z6,Ter_A,4,TRUE),IF(J6="TER B",VLOOKUP(Z6,Ter_B,4,TRUE),VLOOKUP(Z6,Ter_C,4,TRUE))) -> 0 | AB6: =ROUNDDOWN(IF(E6=0,Z6*AA6*120%,Z6*AA6),0) -> 0 | AC6: 3933933.3 | AD6: =L6+M6 -> 178616 | AE6: =AC6+AD6 -> 4112549.3 | AF6: =Z6-AE6 -> 279999.67 | AG6: =+SUM(N6:W6) -> 172600
B7: 2 | C7: JAMILA | D7: 1902056811690001 | E7: 972282982305000 | F7: JL MANGGAR RT. 005 RW. 003 DS AIR BATU BUDING KEC. BADAU | G7: KARYAWAN PERAWATAN | H7: P | I7: TK/0 | J7: =IF(ISBLANK(I7),"",IF(OR(I7="TK/0",I7="TK/1",I7="K/0"),"TER A",IF(I7="K/3","TER C","TER B"))) -> TER A | K7: =31*121333.33 -> 3761333.2 | L7: =3640000*0.84% -> 30576 | M7: =(3640000+61000)*4% -> 148040 | N7: 69750 | P7: 2272369.7 | S7: 61000 | W7: 0 | Y7: 600000 | Z7: =ROUNDDOWN(SUM(K7:Y7),0) -> 6943068 | AA7: =IF(J7="TER A",VLOOKUP(Z7,Ter_A,4,TRUE),IF(J7="TER B",VLOOKUP(Z7,Ter_B,4,TRUE),VLOOKUP(Z7,Ter_C,4,TRUE))) -> 0.0125 | AB7: =ROUNDDOWN(IF(E7=0,Z7*AA7*120%,Z7*AA7),0) -> 86788 | AC7: 6164453 | AD7: =L7+M7 -> 178616 | AE7: =AC7+AD7 -> 6343069 | AF7: =Z7-AE7 -> 599998.99 | AG7: =+SUM(N7:W7) -> 2403119.7
B8: 3 | C8: JUNI MI'UN | D8: 1902050107700052 | E8: 972283055305000 | F8: JL MANGGAR DSN KEPAYANG RT. 004 RW. 002 DS KACANG BUTOR BADAU | G8: KARYAWAN PERAWATAN | H8: L | I8: K/1 | J8: =IF(ISBLANK(I8),"",IF(OR(I8="TK/0",I8="TK/1",I8="K/0"),"TER A",IF(I8="K/3","TER C","TER B"))) -> TER B | K8: =31*121333.33 -> 3761333.2 | L8: =3640000*0.84% -> 30576 | M8: =(3640000+43500)*4% -> 147340 | N8: 139500 | P8: 2061965.1 | S8: 43500 | W8: 0 | Y8: 490000 | Z8: =ROUNDDOWN(SUM(K8:Y8),0) -> 6674214 | AA8: =IF(J8="TER A",VLOOKUP(Z8,Ter_A,4,TRUE),IF(J8="TER B",VLOOKUP(Z8,Ter_B,4,TRUE),VLOOKUP(Z8,Ter_C,4,TRUE))) -> 0.005 | AB8: =ROUNDDOWN(IF(E8=0,Z8*AA8*120%,Z8*AA8),0) -> 33371 | AC8: 6006298.4 | AD8: =L8+M8 -> 177916 | AE8: =AC8+AD8 -> 6184214.4 | AF8: =Z8-AE8 -> 489999.59 | AG8: =+SUM(N8:W8) -> 2244965.1
B9: 4 | C9: SUHANDI | D9: 1906042606860003 | E9: 972282974305000 | F9: JL KOPERASI RT. 004 RW. 002 DESA PEMBAHARUAN KEC. KELAPA KAMPIT | G9: KARYAWAN PERAWATAN | H9: L | I9: K/1 | J9: =IF(ISBLANK(I9),"",IF(OR(I9="TK/0",I9="TK/1",I9="K/0"),"TER A",IF(I9="K/3","TER C","TER B"))) -> TER B | K9: =31*121333.33 -> 3761333.2 | L9: =3640000*0.84% -> 30576 | M9: =(3640000+43500)*4% -> 147340 | N9: 139500 | P9: 725895.87 | Q9: 580000 | S9: 43500 | W9: 0 | Y9: 600000 | Z9: =ROUNDDOWN(SUM(K9:Y9),0) -> 6028145 | AA9: =IF(J9="TER A",VLOOKUP(Z9,Ter_A,4,TRUE),IF(J9="TER B",VLOOKUP(Z9,Ter_B,4,TRUE),VLOOKUP(Z9,Ter_C,4,TRUE))) -> 0 | AB9: =ROUNDDOWN(IF(E9=0,Z9*AA9*120%,Z9*AA9),0) -> 0 | AC9: 5250229.2 | AD9: =L9+M9 -> 177916 | AE9: =AC9+AD9 -> 5428145.2 | AF9: =Z9-AE9 -> 599999.8 | AG9: =+SUM(N9:W9) -> 1488895.9
B10: 5 | C10: MINARNI | D10: 1902056103760002 | E10: 972280226305000 | F10: AIR BATU BUDING RT. 004 RW. 002 DS AIR BATU BUDING KEC. BADAU | G10: KRANI DIVISI | H10: P | I10: TK/0 | J10: =IF(ISBLANK(I10),"",IF(OR(I10="TK/0",I10="TK/1",I10="K/0"),"TER A",IF(I10="K/3","TER C","TER B"))) -> TER A | K10: =31*121333.33 -> 3761333.2 | L10: =3640000*0.84% -> 30576 | M10: =(3640000+43500)*4% -> 147340 | N10: 69750 | O10: 42000 | P10: 1420231.1 | S10: 43500 | W10: 0 | Y10: 540000 | Z10: =ROUNDDOWN(SUM(K10:Y10),0) -> 6054730 | AA10: =IF(J10="TER A",VLOOKUP(Z10,Ter_A,4,TRUE),IF(J10="TER B",VLOOKUP(Z10,Ter_B,4,TRUE),VLOOKUP(Z10,Ter_C,4,TRUE))) -> 0.0075 | AB10: =ROUNDDOWN(IF(E10=0,Z10*AA10*120%,Z10*AA10),0) -> 45410 | AC10: 5336814.4 | AD10: =L10+M10 -> 177916 | AE10: =AC10+AD10 -> 5514730.4 | AF10: =Z10-AE10 -> 539999.62 | AG10: =+SUM(N10:W10) -> 1575481.1
B11: 6 | C11: SUPRIADI | D11: 1902052812870001 | E11: 972283014305000 | F11: JL AIR BEGANTUNG RT. 009 RW. 003 DS KACANG BUTOR KEC.BADAU | G11: KARYAWAN PERAWATAN | H11: L | I11: K/2 | J11: =IF(ISBLANK(I11),"",IF(OR(I11="TK/0",I11="TK/1",I11="K/0"),"TER A",IF(I11="K/3","TER C","TER B"))) -> TER B | K11: =31*121333.33 -> 3761333.2 | L11: =3640000*0.84% -> 30576 | M11: =(3640000+47000)*4% -> 147480 | N11: 167400 | S11: 47000 | W11: 0 | Y11: 490000 | Z11: =ROUNDDOWN(SUM(K11:Y11),0) -> 4643789 | AA11: =IF(J11="TER A",VLOOKUP(Z11,Ter_A,4,TRUE),IF(J11="TER B",VLOOKUP(Z11,Ter_B,4,TRUE),VLOOKUP(Z11,Ter_C,4,TRUE))) -> 0 | AB11: =ROUNDDOWN(IF(E11=0,Z11*AA11*120%,Z11*AA11),0) -> 0 | AC11: 3975733.3 | AD11: =L11+M11 -> 178056 | AE11: =AC11+AD11 -> 4153789.3 | AF11: =Z11-AE11 -> 489999.67 | AG11: =+SUM(N11:W11) -> 214400
B12: 7 | C12: HARIAH | D12: 1902014909730007 | E12: 972283048305000 | F12: PELATARAN AIR KETEKOK RT. 001 RW. 001 DS AIR KETEKOK TANJUNGPANDAN | G12: KARYAWAN PERAWATAN | H12: P | I12: TK/0 | J12: =IF(ISBLANK(I12),"",IF(OR(I12="TK/0",I12="TK/1",I12="K/0"),"TER A",IF(I12="K/3","TER C","TER B"))) -> TER A | K12: =31*121333.33 -> 3761333.2 | L12: =3640000*0.84% -> 30576 | M12: =(3640000+36500)*4% -> 147060 | N12: 69750 | P12: 4407976.4 | S12: 36500 | W12: 0 | Y12: 600000 | Z12: =ROUNDDOWN(SUM(K12:Y12),0) -> 9053195 | AA12: =IF(J12="TER A",VLOOKUP(Z12,Ter_A,4,TRUE),IF(J12="TER B",VLOOKUP(Z12,Ter_B,4,TRUE),VLOOKUP(Z12,Ter_C,4,TRUE))) -> 0.0175 | AB12: =ROUNDDOWN(IF(E12=0,Z12*AA12*120%,Z12*AA12),0) -> 158430 | AC12: 8275559.7 | AD12: =L12+M12 -> 177636 | AE12: =AC12+AD12 -> 8453195.7 | AF12: =Z12-AE12 -> 599999.26 | AG12: =+SUM(N12:W12) -> 4514226.4
B13: 8 | C13: YUSMARDIAN | D13: 1906042403820005 | E13: 972280150305000 | F13: DSN SENYUBUK RT. 001 RW. 001 DESA MENTAWAK KEC. KELAPA KAMPIT | G13: KARYAWAN PERAWATAN | H13: L | I13: K/2 | J13: =IF(ISBLANK(I13),"",IF(OR(I13="TK/0",I13="TK/1",I13="K/0"),"TER A",IF(I13="K/3","TER C","TER B"))) -> TER B | K13: =31*121333.33 -> 3761333.2 | L13: =3640000*0.84% -> 30576 | M13: =(3640000+43500)*4% -> 147340 | N13: 167400 | P13: 557572.19 | S13: 43500 | W13: 0 | Y13: 600000 | Z13: =ROUNDDOWN(SUM(K13:Y13),0) -> 5307721 | AA13: =IF(J13="TER A",VLOOKUP(Z13,Ter_A,4,TRUE),IF(J13="TER B",VLOOKUP(Z13,Ter_B,4,TRUE),VLOOKUP(Z13,Ter_C,4,TRUE))) -> 0 | AB13: =ROUNDDOWN(IF(E13=0,Z13*AA13*120%,Z13*AA13),0) -> 0 | AC13: 4529805.5 | AD13: =L13+M13 -> 177916 | AE13: =AC13+AD13 -> 4707721.5 | AF13: =Z13-AE13 -> 599999.48 | AG13: =+SUM(N13:W13) -> 768472.19
B14: 9 | C14: YULHANI | D14: 1902051010760007 | E14: 972285720305000 | F14: JL MANGGAR AIR BEGANTUNG RT. 008 RW. 003 DESA KACANG BUTOR BADAU | G14: KARYAWAN PERAWATAN | H14: L | I14: K/0 | J14: =IF(ISBLANK(I14),"",IF(OR(I14="TK/0",I14="TK/1",I14="K/0"),"TER A",IF(I14="K/3","TER C","TER B"))) -> TER A | K14: =31*121333.33 -> 3761333.2 | L14: =3640000*0.84% -> 30576 | M14: =(3640000+61000)*4% -> 148040 | N14: 111600 | S14: 61000 | W14: 0 | Y14: 490000 | Z14: =ROUNDDOWN(SUM(K14:Y14),0) -> 4602549 | AA14: =IF(J14="TER A",VLOOKUP(Z14,Ter_A,4,TRUE),IF(J14="TER B",VLOOKUP(Z14,Ter_B,4,TRUE),VLOOKUP(Z14,Ter_C,4,TRUE))) -> 0 | AB14: =ROUNDDOWN(IF(E14=0,Z14*AA14*120%,Z14*AA14),0) -> 0 | AC14: 3933933.3 | AD14: =L14+M14 -> 178616 | AE14: =AC14+AD14 -> 4112549.3 | AF14: =Z14-AE14 -> 489999.67 | AG14: =+SUM(N14:W14) -> 172600
B15: 10 | C15: HENDRIX | D15: 1906041308920003 | E15: 743653768305000 | F15: DSN MERDEKA RT. 006 RW. 002 DS SENYUBUK KEC. KELAPA KAMPIT | G15: KARYAWAN PERAWATAN | H15: L | I15: K/1 | J15: =IF(ISBLANK(I15),"",IF(OR(I15="TK/0",I15="TK/1",I15="K/0"),"TER A",IF(I15="K/3","TER C","TER B"))) -> TER B | K15: =31*121333.33 -> 3761333.2 | L15: =3640000*0.84% -> 30576 | M15: =(3640000+30000)*4% -> 146800 | N15: 139500 | S15: 30000 | W15: 0 | Y15: 490000 | Z15: =ROUNDDOWN(SUM(K15:Y15),0) -> 4598209 | AA15: =IF(J15="TER A",VLOOKUP(Z15,Ter_A,4,TRUE),IF(J15="TER B",VLOOKUP(Z15,Ter_B,4,TRUE),VLOOKUP(Z15,Ter_C,4,TRUE))) -> 0 | AB15: =ROUNDDOWN(IF(E15=0,Z15*AA15*120%,Z15*AA15),0) -> 0 | AC15: 3930833.3 | AD15: =L15+M15 -> 177376 | AE15: =AC15+AD15 -> 4108209.3 | AF15: =Z15-AE15 -> 489999.67 | AG15: =+SUM(N15:W15) -> 169500
C16: ARIANTO.B | D16: 1902052202690002 | E16: 972283287305000 | F16: DSN KACANG BUTOR RT. 001 RW. 001 DESA KACANG BUTOR KEC. BADAU | G16: KARYAWAN PERAWATAN | H16: L | I16: K/1 | J16: =IF(ISBLANK(I16),"",IF(OR(I16="TK/0",I16="TK/1",I16="K/0"),"TER A",IF(I16="K/3","TER C","TER B"))) -> TER B | M16: 0 | Z16: =ROUNDDOWN(SUM(K16:Y16),0) -> 0 | AA16: =IF(J16="TER A",VLOOKUP(Z16,Ter_A,4,TRUE),IF(J16="TER B",VLOOKUP(Z16,Ter_B,4,TRUE),VLOOKUP(Z16,Ter_C,4,TRUE))) -> 0 | AB16: =ROUNDDOWN(IF(E16=0,Z16*AA16*120%,Z16*AA16),0) -> 0 | AG16: =+SUM(N16:W16) -> 0
B17: 11 | C17: NANDI | D17: 1902053006780001 | E17: 972282966305000 | F17: JL. MANGGAR DSN. KACANG BUTOR RT.001 RW.001 DS. KACANG BUTOR KEC. BADAU | G17: KARYAWAN PERAWATAN | H17: L | I17: K/1 | J17: =IF(ISBLANK(I17),"",IF(OR(I17="TK/0",I17="TK/1",I17="K/0"),"TER A",IF(I17="K/3","TER C","TER B"))) -> TER B | K17: =31*121333.33 -> 3761333.2 | L17: =3640000*0.84% -> 30576 | M17: =(3640000+61000)*4% -> 148040 | N17: 139500 | Q17: 220000 | S17: 61000 | W17: 0 | Y17: 490000 | Z17: =ROUNDDOWN(SUM(K17:Y17),0) -> 4850449 | AA17: =IF(J17="TER A",VLOOKUP(Z17,Ter_A,4,TRUE),IF(J17="TER B",VLOOKUP(Z17,Ter_B,4,TRUE),VLOOKUP(Z17,Ter_C,4,TRUE))) -> 0 | AB17: =ROUNDDOWN(IF(E17=0,Z17*AA17*120%,Z17*AA17),0) -> 0 | AC17: 4181833.3 | AD17: =L17+M17 -> 178616 | AE17: =AC17+AD17 -> 4360449.3 | AF17: =Z17-AE17 -> 489999.67 | AG17: =+SUM(N17:W17) -> 420500
B18: 12 | C18: KAMELIA | D18: 1902051606760003 | E18: 972280218305000 | F18: JL MANGGAR DSN PARIT GUNUNG RT. 006 RW. 003 DS AIR BATU BUDING BADAU | G18: KARYAWAN PERAWATAN | H18: L | I18: K/0 | J18: =IF(ISBLANK(I18),"",IF(OR(I18="TK/0",I18="TK/1",I18="K/0"),"TER A",IF(I18="K/3","TER C","TER B"))) -> TER A | K18: =31*121333.33 -> 3761333.2 | L18: =3640000*0.84% -> 30576 | M18: =(3640000+47000)*4% -> 147480 | N18: 108000 | S18: 47000 | W18: -121333.33 | Y18: 490000 | Z18: =ROUNDDOWN(SUM(K18:Y18),0) -> 4463055 | AA18: =IF(J18="TER A",VLOOKUP(Z18,Ter_A,4,TRUE),IF(J18="TER B",VLOOKUP(Z18,Ter_B,4,TRUE),VLOOKUP(Z18,Ter_C,4,TRUE))) -> 0 | AB18: =ROUNDDOWN(IF(E18=0,Z18*AA18*120%,Z18*AA18),0) -> 0 | AC18: 3795000 | AD18: =L18+M18 -> 178056 | AE18: =AC18+AD18 -> 3973056 | AF18: =Z18-AE18 -> 489999 | AG18: =+SUM(N18:W18) -> 33666.67
B19: 13 | C19: SISWANTO | D19: 1902051902910001 | E19: 972285506305000 | F19: JL. MANGGAR DSN. PARIT GUNUNG RT.006 RW.003 DS. AIR BATU BUDING KEC. BADAU | G19: KARYAWAN PERAWATAN | H19: L | I19: K/1 | J19: =IF(ISBLANK(I19),"",IF(OR(I19="TK/0",I19="TK/1",I19="K/0"),"TER A",IF(I19="K/3","TER C","TER B"))) -> TER B | K19: =31*121333.33 -> 3761333.2 | L19: =3640000*0.84% -> 30576 | M19: =(3640000+43500)*4% -> 147340 | N19: 130500 | S19: 43500 | W19: -242666.66 | Y19: 280000 | Z19: =ROUNDDOWN(SUM(K19:Y19),0) -> 4150582 | AA19: =IF(J19="TER A",VLOOKUP(Z19,Ter_A,4,TRUE),IF(J19="TER B",VLOOKUP(Z19,Ter_B,4,TRUE),VLOOKUP(Z19,Ter_C,4,TRUE))) -> 0 | AB19: =ROUNDDOWN(IF(E19=0,Z19*AA19*120%,Z19*AA19),0) -> 0 | AC19: 3692666.7 | AD19: =L19+M19 -> 177916 | AE19: =AC19+AD19 -> 3870582.7 | AF19: =Z19-AE19 -> 279999.33 | AG19: =+SUM(N19:W19) -> -68666.66
B20: 14 | C20: DARMA JAYA | D20: 1902051907880002 | E20: 972374425305000 | F20: DSN AIR BATU BUDING RT.001 RW.001 DESA AIR BATU BUDING KEC. BADAU | G20: KRANI GUDANG | H20: L | I20: K/2 | J20: =IF(ISBLANK(I20),"",IF(OR(I20="TK/0",I20="TK/1",I20="K/0"),"TER A",IF(I20="K/3","TER C","TER B"))) -> TER B | K20: =31*121333.33 -> 3761333.2 | L20: =3640000*0.84% -> 30576 | M20: =(3640000+50500)*4% -> 147620 | N20: 167400 | P20: 2861502.6 | S20: 50500 | W20: 0 | Y20: 600000 | Z20: =ROUNDDOWN(SUM(K20:Y20),0) -> 7618931 | AA20: =IF(J20="TER A",VLOOKUP(Z20,Ter_A,4,TRUE),IF(J20="TER B",VLOOKUP(Z20,Ter_B,4,TRUE),VLOOKUP(Z20,Ter_C,4,TRUE))) -> 0.01 | AB20: =ROUNDDOWN(IF(E20=0,Z20*AA20*120%,Z20*AA20),0) -> 76189 | AC20: 6840735.9 | AD20: =L20+M20 -> 178196 | AE20: =AC20+AD20 -> 7018931.9 | AF20: =Z20-AE20 -> 599999.11 | AG20: =+SUM(N20:W20) -> 3079402.6
B21: 15 | C21: YUSMARNO | D21: 1902012406780003 | E21: 972285704305000 | F21: JL PASIR PUTIH RT. 012 RW. 005 DS AIR RAYAK KEC. TANJUNGPANDAN | G21: KARYAWAN PERAWATAN | H21: L | I21: K/1 | J21: =IF(ISBLANK(I21),"",IF(OR(I21="TK/0",I21="TK/1",I21="K/0"),"TER A",IF(I21="K/3","TER C","TER B"))) -> TER B | K21: =31*121333.33 -> 3761333.2 | L21: =3640000*0.84% -> 30576 | M21: =(3640000+61000)*4% -> 148040 | N21: 130500 | P21: 263005.75 | S21: 61000 | W21: -242666.66 | Y21: 280000 | Z21: =ROUNDDOWN(SUM(K21:Y21),0) -> 4431788 | AA21: =IF(J21="TER A",VLOOKUP(Z21,Ter_A,4,TRUE),IF(J21="TER B",VLOOKUP(Z21,Ter_B,4,TRUE),VLOOKUP(Z21,Ter_C,4,TRUE))) -> 0 | AB21: =ROUNDDOWN(IF(E21=0,Z21*AA21*120%,Z21*AA21),0) -> 0 | AC21: 3973172.4 | AD21: =L21+M21 -> 178616 | AE21: =AC21+AD21 -> 4151788.4 | AF21: =Z21-AE21 -> 279999.58 | AG21: =+SUM(N21:W21) -> 211839.09
B22: 16 | C22: MEGI EFRISA | D22: 1604220103030001 | E22: - | F22: DS. TANJUNG AGUNG KEL. TANJUNG AGUNG KEC. PAGAR GUNUNG KAB. LAHAT | G22: MANDOR | H22: L | I22: TK/0 | J22: =IF(ISBLANK(I22),"",IF(OR(I22="TK/0",I22="TK/1",I22="K/0"),"TER A",IF(I22="K/3","TER C","TER B"))) -> TER A | K22: =31*123833.33 -> 3838833.2 | L22: =3715000*0.84% -> 31206 | M22: =(3715000+5000)*4% -> 148800 | N22: 69750 | P22: 2019884.2 | S22: 5000 | W22: 0 | Y22: 600000 | Z22: =ROUNDDOWN(SUM(K22:Y22),0) -> 6713473 | AA22: =IF(J22="TER A",VLOOKUP(Z22,Ter_A,4,TRUE),IF(J22="TER B",VLOOKUP(Z22,Ter_B,4,TRUE),VLOOKUP(Z22,Ter_C,4,TRUE))) -> 0.01 | AB22: =ROUNDDOWN(IF(E22=0,Z22*AA22*120%,Z22*AA22),0) -> 67134 | AC22: 5933467.5 | AD22: =L22+M22 -> 180006 | AE22: =AC22+AD22 -> 6113473.5 | AF22: =Z22-AE22 -> 599999.51 | AG22: =+SUM(N22:W22) -> 2094634.2
B23: 17 | C23: SURATMAN | D23: 1902052707850001 | E23: 972285225305000 | F23: DUSUN KEPAYANG RT. 004 RW. 002 DESA KACANG BUTOR KEC. BADAU | G23: KARYAWAN PERAWATAN | H23: L | I23: K/0 | J23: =IF(ISBLANK(I23),"",IF(OR(I23="TK/0",I23="TK/1",I23="K/0"),"TER A",IF(I23="K/3","TER C","TER B"))) -> TER A | K23: =31*121333.33 -> 3761333.2 | L23: =3640000*0.84% -> 30576 | M23: =(3640000+47000)*4% -> 147480 | N23: 111600 | P23: 462890.12 | Q23: 80000 | S23: 47000 | W23: 0 | Y23: 600000 | Z23: =ROUNDDOWN(SUM(K23:Y23),0) -> 5240879 | AA23: =IF(J23="TER A",VLOOKUP(Z23,Ter_A,4,TRUE),IF(J23="TER B",VLOOKUP(Z23,Ter_B,4,TRUE),VLOOKUP(Z23,Ter_C,4,TRUE))) -> 0 | AB23: =ROUNDDOWN(IF(E23=0,Z23*AA23*120%,Z23*AA23),0) -> 0 | AC23: 4462823.5 | AD23: =L23+M23 -> 178056 | AE23: =AC23+AD23 -> 4640879.5 | AF23: =Z23-AE23 -> 599999.55 | AG23: =+SUM(N23:W23) -> 701490.12
B24: 18 | C24: ARDI | D24: 1902050512820004 | E24: 972280259305000 | F24: JL.MANGGAR RT.009 RW.003 DESA KACANG BUTOR KEC. BADAU | G24: OPERATOR | H24: L | I24: K/2 | J24: =IF(ISBLANK(I24),"",IF(OR(I24="TK/0",I24="TK/1",I24="K/0"),"TER A",IF(I24="K/3","TER C","TER B"))) -> TER B | K24: =31*121333.33 -> 3761333.2 | L24: =3640000*0.84% -> 30576 | M24: =(3640000+47000)*4% -> 147480 | N24: 167400 | O24: 72000 | P24: 3955606.5 | S24: 47000 | W24: 0 | Y24: 650000 | Z24: =ROUNDDOWN(SUM(K24:Y24),0) -> 8831395 | AA24: =IF(J24="TER A",VLOOKUP(Z24,Ter_A,4,TRUE),IF(J24="TER B",VLOOKUP(Z24,Ter_B,4,TRUE),VLOOKUP(Z24,Ter_C,4,TRUE))) -> 0.01 | AB24: =ROUNDDOWN(IF(E24=0,Z24*AA24*120%,Z24*AA24),0) -> 88313 | AC24: 8003339.8 | AD24: =L24+M24 -> 178056 | AE24: =AC24+AD24 -> 8181395.8 | AF24: =Z24-AE24 -> 649999.19 | AG24: =+SUM(N24:W24) -> 4242006.5
B25: 19 | C25: EDI ISHAK | D25: 1902051212790002 | E25: 972286066305000 | F25: DSN AIR BEGANTUNG RT. 010 RW. 003 DS KACANG BUTOR KEC. BADAU | G25: OPERATOR | H25: L | I25: K/2 | J25: =IF(ISBLANK(I25),"",IF(OR(I25="TK/0",I25="TK/1",I25="K/0"),"TER A",IF(I25="K/3","TER C","TER B"))) -> TER B | K25: =31*121333.33 -> 3761333.2 | L25: =3640000*0.84% -> 30576 | M25: =(3640000+61000)*4% -> 148040 | N25: 167400 | O25: 46000 | P25: 3797803 | S25: 61000 | W25: 0 | Y25: 540000 | Z25: =ROUNDDOWN(SUM(K25:Y25),0) -> 8552152 | AA25: =IF(J25="TER A",VLOOKUP(Z25,Ter_A,4,TRUE),IF(J25="TER B",VLOOKUP(Z25,Ter_B,4,TRUE),VLOOKUP(Z25,Ter_C,4,TRUE))) -> 0.01 | AB25: =ROUNDDOWN(IF(E25=0,Z25*AA25*120%,Z25*AA25),0) -> 85521 | AC25: 7833536.4 | AD25: =L25+M25 -> 178616 | AE25: =AC25+AD25 -> 8012152.4 | AF25: =Z25-AE25 -> 539999.64 | AG25: =+SUM(N25:W25) -> 4072203
