Workbook
Name februari: TARIF!#REF!
Name februari: TARIF!#REF!
Name februari: TARIF!#REF!
Name februari: TARIF!#REF!
Name februari: TARIF!#REF!
Name februari: TARIF!#REF!
Name februari: TARIF!#REF!
Name februari: TARIF!#REF!
Name februari: TARIF!#REF!
Name februari: TARIF!#REF!
Name PH: [1]TARIF!#REF!
Name PH: [1]TARIF!#REF!
Name PH: [1]TARIF!#REF!
Name PH: [1]TARIF!#REF!
Name PH: [1]TARIF!#REF!
Name PH: [1]TARIF!#REF!
Name PH: [1]TARIF!#REF!
Name PH: [1]TARIF!#REF!
Name PH: [1]TARIF!#REF!
Name PH: [1]TARIF!#REF!
Name PH: [1]TARIF!#REF!
Name PH: [1]TARIF!#REF!
Name PH: TARIF!#REF!
Name PTKP: [1]TARIF!#REF!
Name PTKP: [1]TARIF!#REF!
Name PTKP: [1]TARIF!#REF!
Name PTKP: [1]TARIF!#REF!
Name PTKP: [1]TARIF!#REF!
Name PTKP: [1]TARIF!#REF!
Name PTKP: [1]TARIF!#REF!
Name PTKP: [1]TARIF!#REF!
Name PTKP: [1]TARIF!#REF!
Name PTKP: [1]TARIF!#REF!
Name PTKP: [1]TARIF!#REF!
Name PTKP: [1]TARIF!#REF!
Name PTKP: TARIF!#REF!
Name TARIF: [2]TARIF!$S$18:$U$25
Name Ter_A: [1]TARIF!$B$3:$E$46
Name Ter_A: [1]TARIF!$B$3:$E$46
Name Ter_A: [1]TARIF!$B$3:$E$46
Name Ter_A: [1]TARIF!$B$3:$E$46
Name Ter_A: [1]TARIF!$B$3:$E$46
Name Ter_A: [1]TARIF!$B$3:$E$46
Name Ter_A: [1]TARIF!$B$3:$E$46
Name Ter_A: [1]TARIF!$B$3:$E$46
Name Ter_A: [1]TARIF!$B$3:$E$46
Name Ter_A: [1]TARIF!$B$3:$E$46
Name Ter_A: [1]TARIF!$B$3:$E$46
Name Ter_A: [1]TARIF!$B$3:$E$46
Name Ter_A: TARIF!$B$3:$E$46
Name Ter_B: [1]TARIF!$H$3:$K$42
Name Ter_B: [1]TARIF!$H$3:$K$42
Name Ter_B: [1]TARIF!$H$3:$K$42
Name Ter_B: [1]TARIF!$H$3:$K$42
Name Ter_B: [1]TARIF!$H$3:$K$42
Name Ter_B: [1]TARIF!$H$3:$K$42
Name Ter_B: [1]TARIF!$H$3:$K$42
Name Ter_B: [1]TARIF!$H$3:$K$42
Name Ter_B: [1]TARIF!$H$3:$K$42
Name Ter_B: [1]TARIF!$H$3:$K$42

Sheet TARIF
A1: PTKP (TK/0, TK/1, K/0) | G1: PTKP (TK/2, TK/3, K/1, K/2) | M1: PTKP (K/3) | S1: HARIAN
A2: No | B2: Lapisan Penghasilan bruto (Rp.) | E2: TER A | G2: No | H2: Lapisan Penghasilan bruto (Rp.) | K2: TER B | M2: No | N2: Lapisan Penghasilan bruto (Rp.) | Q2: TER C | S2: Penghasilan Bruto | V2: Tarif
A3: 1 | B3: 0 | C3: s.d | D3: 5400000 | E3: 0 | G3: 1 | H3: 0 | I3: s.d | J3: 6200000 | K3: 0 | M3: 1 | N3: 0 | O3: s.d | P3: 6600000 | Q3: 0 | S3: 0 | T3: s.d | U3: 450000 | V3: 0
A4: =A3+1 -> 2 | B4: =D3+1 -> 5400001 | C4: s.d | D4: 5650000 | E4: 0.0025 | G4: =G3+1 -> 2 | H4: =J3+1 -> 6200001 | I4: s.d | J4: 6500000 | K4: 0.0025 | M4: =M3+1 -> 2 | N4: =P3+1 -> 6600001 | O4: s.d | P4: 6950000 | Q4: 0.0025 | S4: 450001 | T4: s.d | U4: 2500000 | V4: 0.005
A5: =A4+1 -> 3 | B5: =D4+1 -> 5650001 | C5: s.d | D5: 5950000 | E5: 0.005 | G5: =G4+1 -> 3 | H5: =J4+1 -> 6500001 | I5: s.d | J5: 6850000 | K5: 0.005 | M5: =M4+1 -> 3 | N5: =P4+1 -> 6950001 | O5: s.d | P5: 7350000 | Q5: 0.005
A6: =A5+1 -> 4 | B6: =D5+1 -> 5950001 | C6: s.d | D6: 6300000 | E6: 0.0075 | G6: =G5+1 -> 4 | H6: =J5+1 -> 6850001 | I6: s.d | J6: 7300000 | K6: 0.0075 | M6: =M5+1 -> 4 | N6: =P5+1 -> 7350001 | O6: s.d | P6: 7800000 | Q6: 0.0075
A7: =A6+1 -> 5 | B7: =D6+1 -> 6300001 | C7: s.d | D7: 6750000 | E7: 0.01 | G7: =G6+1 -> 5 | H7: =J6+1 -> 7300001 | I7: s.d | J7: 9200000 | K7: 0.01 | M7: =M6+1 -> 5 | N7: =P6+1 -> 7800001 | O7: s.d | P7: 8850000 | Q7: 0.01 | S7: TARIF PASAL 17 WPOP
A8: =A7+1 -> 6 | B8: =D7+1 -> 6750001 | C8: s.d | D8: 7500000 | E8: 0.0125 | G8: =G7+1 -> 6 | H8: =J7+1 -> 9200001 | I8: s.d | J8: 10750000 | K8: 0.015 | M8: =M7+1 -> 6 | N8: =P7+1 -> 8850001 | O8: s.d | P8: 9800000 | Q8: 0.0125 | S8: Lapisan PKP | V8: Tarif
A9: =A8+1 -> 7 | B9: =D8+1 -> 7500001 | C9: s.d | D9: 8550000 | E9: 0.015 | G9: =G8+1 -> 7 | H9: =J8+1 -> 10750001 | I9: s.d | J9: 11250000 | K9: 0.02 | M9: =M8+1 -> 7 | N9: =P8+1 -> 9800001 | O9: s.d | P9: 10950000 | Q9: 0.015 | S9: 0 | T9: s.d | U9: 60000000 | V9: 0.05
A10: =A9+1 -> 8 | B10: =D9+1 -> 8550001 | C10: s.d | D10: 9650000 | E10: 0.0175 | G10: =G9+1 -> 8 | H10: =J9+1 -> 11250001 | I10: s.d | J10: 11600000 | K10: 0.025 | M10: =M9+1 -> 8 | N10: =P9+1 -> 10950001 | O10: s.d | P10: 11200000 | Q10: 0.0175 | S10: =U9+1 -> 60000001 | T10: s.d | U10: 250000000 | V10: 0.15
A11: =A10+1 -> 9 | B11: =D10+1 -> 9650001 | C11: s.d | D11: 10050000 | E11: 0.02 | G11: =G10+1 -> 9 | H11: =J10+1 -> 11600001 | I11: s.d | J11: 12600000 | K11: 0.03 | M11: =M10+1 -> 9 | N11: =P10+1 -> 11200001 | O11: s.d | P11: 12050000 | Q11: 0.02 | S11: =U10+1 -> 250000001 | T11: s.d | U11: 500000000 | V11: 0.25
A12: =A11+1 -> 10 | B12: =D11+1 -> 10050001 | C12: s.d | D12: 10350000 | E12: 0.0225 | G12: =G11+1 -> 10 | H12: =J11+1 -> 12600001 | I12: s.d | J12: 13600000 | K12: 0.04 | M12: =M11+1 -> 10 | N12: =P11+1 -> 12050001 | O12: s.d | P12: 12950000 | Q12: 0.03 | S12: =U11+1 -> 500000001 | T12: s.d | U12: 5000000000 | V12: 0.3
A13: =A12+1 -> 11 | B13: =D12+1 -> 10350001 | C13: s.d | D13: 10700000 | E13: 0.025 | G13: =G12+1 -> 11 | H13: =J12+1 -> 13600001 | I13: s.d | J13: 14950000 | K13: 0.05 | M13: =M12+1 -> 11 | N13: =P12+1 -> 12950001 | O13: s.d | P13: 14150000 | Q13: 0.04 | S13: =U12+1 -> 5000000001 | T13: s.d | U13: ~~ | V13: 0.35
A14: =A13+1 -> 12 | B14: =D13+1 -> 10700001 | C14: s.d | D14: 11050000 | E14: 0.03 | G14: =G13+1 -> 12 | H14: =J13+1 -> 14950001 | I14: s.d | J14: 16400000 | K14: 0.06 | M14: =M13+1 -> 12 | N14: =P13+1 -> 14150001 | O14: s.d | P14: 1550000 | Q14: 0.05
A15: =A14+1 -> 13 | B15: =D14+1 -> 11050001 | C15: s.d | D15: 11600000 | E15: 0.035 | G15: =G14+1 -> 13 | H15: =J14+1 -> 16400001 | I15: s.d | J15: 18450000 | K15: 0.07 | M15: =M14+1 -> 13 | N15: =P14+1 -> 1550001 | O15: s.d | P15: 17050000 | Q15: 0.06
A16: =A15+1 -> 14 | B16: =D15+1 -> 11600001 | C16: s.d | D16: 12500000 | E16: 0.04 | G16: =G15+1 -> 14 | H16: =J15+1 -> 18450001 | I16: s.d | J16: 21850000 | K16: 0.08 | M16: =M15+1 -> 14 | N16: =P15+1 -> 17050001 | O16: s.d | P16: 19500000 | Q16: 0.07 | S16: PTKP
A17: =A16+1 -> 15 | B17: =D16+1 -> 12500001 | C17: s.d | D17: 13750000 | E17: 0.05 | G17: =G16+1 -> 15 | H17: =J16+1 -> 21850001 | I17: s.d | J17: 26000000 | K17: 0.09 | M17: =M16+1 -> 15 | N17: =P16+1 -> 19500001 | O17: s.d | P17: 22700000 | Q17: 0.08 | S17: Status | U17: Jumlah
A18: =A17+1 -> 16 | B18: =D17+1 -> 13750001 | C18: s.d | D18: 15100000 | E18: 0.06 | G18: =G17+1 -> 16 | H18: =J17+1 -> 26000001 | I18: s.d | J18: 27700000 | K18: 0.1 | M18: =M17+1 -> 16 | N18: =P17+1 -> 22700001 | O18: s.d | P18: 26600000 | Q18: 0.09 | S18: TK/0 | U18: 54000000
A19: =A18+1 -> 17 | B19: =D18+1 -> 15100001 | C19: s.d | D19: 16950000 | E19: 0.07 | G19: =G18+1 -> 17 | H19: =J18+1 -> 27700001 | I19: s.d | J19: 29350000 | K19: 0.11 | M19: =M18+1 -> 17 | N19: =P18+1 -> 26600001 | O19: s.d | P19: 28100000 | Q19: 0.1 | S19: TK/1 | U19: 58500000
A20: =A19+1 -> 18 | B20: =D19+1 -> 16950001 | C20: s.d | D20: 19750000 | E20: 0.08 | G20: =G19+1 -> 18 | H20: =J19+1 -> 29350001 | I20: s.d | J20: 31450000 | K20: 0.12 | M20: =M19+1 -> 18 | N20: =P19+1 -> 28100001 | O20: s.d | P20: 30100000 | Q20: 0.11 | S20: TK/2 | U20: 63000000
A21: =A20+1 -> 19 | B21: =D20+1 -> 19750001 | C21: s.d | D21: 24150000 | E21: 0.09 | G21: =G20+1 -> 19 | H21: =J20+1 -> 31450001 | I21: s.d | J21: 33950000 | K21: 0.13 | M21: =M20+1 -> 19 | N21: =P20+1 -> 30100001 | O21: s.d | P21: 32600000 | Q21: 0.12 | S21: TK/3 | U21: 67500000
A22: =A21+1 -> 20 | B22: =D21+1 -> 24150001 | C22: s.d | D22: 26450000 | E22: 0.1 | G22: =G21+1 -> 20 | H22: =J21+1 -> 33950001 | I22: s.d | J22: 37100000 | K22: 0.14 | M22: =M21+1 -> 20 | N22: =P21+1 -> 32600001 | O22: s.d | P22: 35400000 | Q22: 0.13 | S22: K/0 | U22: 58500000
A23: =A22+1 -> 21 | B23: =D22+1 -> 26450001 | C23: s.d | D23: 28000000 | E23: 0.11 | G23: =G22+1 -> 21 | H23: =J22+1 -> 37100001 | I23: s.d | J23: 41100000 | K23: 0.15 | M23: =M22+1 -> 21 | N23: =P22+1 -> 35400001 | O23: s.d | P23: 38900000 | Q23: 0.14 | S23: K/1 | U23: 63000000
A24: =A23+1 -> 22 | B24: =D23+1 -> 28000001 | C24: s.d | D24: 30050000 | E24: 0.12 | G24: =G23+1 -> 22 | H24: =J23+1 -> 41100001 | I24: s.d | J24: 45800000 | K24: 0.16 | M24: =M23+1 -> 22 | N24: =P23+1 -> 38900001 | O24: s.d | P24: 43000000 | Q24: 0.15 | S24: K/2 | U24: 67500000
A25: =A24+1 -> 23 | B25: =D24+1 -> 30050001 | C25: s.d | D25: 32400000 | E25: 0.13 | G25: =G24+1 -> 23 | H25: =J24+1 -> 45800001 | I25: s.d | J25: 49500000 | K25: 0.17 | M25: =M24+1 -> 23 | N25: =P24+1 -> 43000001 | O25: s.d | P25: 47400000 | Q25: 0.16 | S25: K/3 | U25: 72000000
A26: =A25+1 -> 24 | B26: =D25+1 -> 32400001 | C26: s.d | D26: 35400000 | E26: 0.14 | G26: =G25+1 -> 24 | H26: =J25+1 -> 49500001 | I26: s.d | J26: 53800000 | K26: 0.18 | M26: =M25+1 -> 24 | N26: =P25+1 -> 47400001 | O26: s.d | P26: 51200000 | Q26: 0.17
A27: =A26+1 -> 25 | B27: =D26+1 -> 35400001 | C27: s.d | D27: 39100000 | E27: 0.15 | G27: =G26+1 -> 25 | H27: =J26+1 -> 53800001 | I27: s.d | J27: 58500000 | K27: 0.19 | M27: =M26+1 -> 25 | N27: =P26+1 -> 51200001 | O27: s.d | P27: 55800000 | Q27: 0.18
A28: =A27+1 -> 26 | B28: =D27+1 -> 39100001 | C28: s.d | D28: 43850000 | E28: 0.16 | G28: =G27+1 -> 26 | H28: =J27+1 -> 58500001 | I28: s.d | J28: 64000000 | K28: 0.2 | M28: =M27+1 -> 26 | N28: =P27+1 -> 55800001 | O28: s.d | P28: 60400000 | Q28: 0.19
A29: =A28+1 -> 27 | B29: =D28+1 -> 43850001 | C29: s.d | D29: 47800000 | E29: 0.17 | G29: =G28+1 -> 27 | H29: =J28+1 -> 64000001 | I29: s.d | J29: 71000000 | K29: 0.21 | M29: =M28+1 -> 27 | N29: =P28+1 -> 60400001 | O29: s.d | P29: 66700000 | Q29: 0.2
A30: =A29+1 -> 28 | B30: =D29+1 -> 47800001 | C30: s.d | D30: 51400000 | E30: 0.18 | G30: =G29+1 -> 28 | H30: =J29+1 -> 71000001 | I30: s.d | J30: 80000000 | K30: 0.22 | M30: =M29+1 -> 28 | N30: =P29+1 -> 66700001 | O30: s.d | P30: 74500000 | Q30: 0.21
A31: =A30+1 -> 29 | B31: =D30+1 -> 51400001 | C31: s.d | D31: 56300000 | E31: 0.19 | G31: =G30+1 -> 29 | H31: =J30+1 -> 80000001 | I31: s.d | J31: 93000000 | K31: 0.23 | M31: =M30+1 -> 29 | N31: =P30+1 -> 74500001 | O31: s.d | P31: 83200000 | Q31: 0.22
A32: =A31+1 -> 30 | B32: =D31+1 -> 56300001 | C32: s.d | D32: 62200000 | E32: 0.2 | G32: =G31+1 -> 30 | H32: =J31+1 -> 93000001 | I32: s.d | J32: 109000000 | K32: 0.24 | M32: =M31+1 -> 30 | N32: =P31+1 -> 83200001 | O32: s.d | P32: 95600000 | Q32: 0.23
A33: =A32+1 -> 31 | B33: =D32+1 -> 62200001 | C33: s.d | D33: 68600000 | E33: 0.21 | G33: =G32+1 -> 31 | H33: =J32+1 -> 109000001 | I33: s.d | J33: 129000000 | K33: 0.25 | M33: =M32+1 -> 31 | N33: =P32+1 -> 95600001 | O33: s.d | P33: 110000000 | Q33: 0.24
A34: =A33+1 -> 32 | B34: =D33+1 -> 68600001 | C34: s.d | D34: 77500000 | E34: 0.22 | G34: =G33+1 -> 32 | H34: =J33+1 -> 129000001 | I34: s.d | J34: 163000000 | K34: 0.26 | M34: =M33+1 -> 32 | N34: =P33+1 -> 110000001 | O34: s.d | P34: 134000000 | Q34: 0.25
A35: =A34+1 -> 33 | B35: =D34+1 -> 77500001 | C35: s.d | D35: 89000000 | E35: 0.23 | G35: =G34+1 -> 33 | H35: =J34+1 -> 163000001 | I35: s.d | J35: 211000000 | K35: 0.27 | M35: =M34+1 -> 33 | N35: =P34+1 -> 134000001 | O35: s.d | P35: 169000000 | Q35: 0.26
A36: =A35+1 -> 34 | B36: =D35+1 -> 89000001 | C36: s.d | D36: 103000000 | E36: 0.24 | G36: =G35+1 -> 34 | H36: =J35+1 -> 211000001 | I36: s.d | J36: 374000000 | K36: 0.28 | M36: =M35+1 -> 34 | N36: =P35+1 -> 169000001 | O36: s.d | P36: 221000000 | Q36: 0.27
A37: =A36+1 -> 35 | B37: =D36+1 -> 103000001 | C37: s.d | D37: 125000000 | E37: 0.25 | G37: =G36+1 -> 35 | H37: =J36+1 -> 374000001 | I37: s.d | J37: 459000000 | K37: 0.29 | M37: =M36+1 -> 35 | N37: =P36+1 -> 221000001 | O37: s.d | P37: 390000000 | Q37: 0.28
... A41: =A40+1 -> 39 | B41: =D40+1 -> 337000001 | C41: s.d | D41: 454000000 | E41: 0.29 | G41: =G40+1 -> 39 | H41: =J40+1 -> 957000001 | I41: s.d | J41: 1405000000 | K41: 0.33 | M41: =M40+1 -> 39 | N41: =P40+1 -> 709000001 | O41: s.d | P41: 965000000 | Q41: 0.32
A42: =A41+1 -> 40 | B42: =D41+1 -> 454000001 | C42: s.d | D42: 550000000 | E42: 0.3 | G42: =G41+1 -> 40 | H42: =J41+1 -> 1405000001 | I42: s.d | J42: ~~ | K42: 0.34 | M42: =M41+1 -> 40 | N42: =P41+1 -> 965000001 | O42: s.d | P42: 1419000000 | Q42: 0.33
A43: =A42+1 -> 41 | B43: =D42+1 -> 550000001 | C43: s.d | D43: 695000000 | E43: 0.31 | M43: =M42+1 -> 41 | N43: =P42+1 -> 1419000001 | O43: s.d | P43: ~~ | Q43: 0.34
A44: =A43+1 -> 42 | B44: =D43+1 -> 695000001 | C44: s.d | D44: 910000000 | E44: 0.32
A45: =A44+1 -> 43 | B45: =D44+1 -> 910000001 | C45: s.d | D45: 1400000000 | E45: 0.33
A46: =A45+1 -> 44 | B46: =D45+1 -> 1400000001 | C46: s.d | D46: ~~ | E46: 0.34
J55: 20000000
J56: =J61 -> 1739130.4
J57: =SUM(J55:J56) -> 21739130
J61: =J57*8% -> 1739130.4

Sheet Des
C1: yang berwarna ini rumus
B2: Nomor Urut | C2: NAMA KARYAWAN | D2: N I K / PASPOR | E2: N P W P | F2: A L A M A T | G2: JABATAN | H2: STATUS KARYAWAN | M2: DESEMBER | S2: PENGHASILAN TIDAK TERATUR | V2: TOTAL GAJI POKOK | W2: TOTAL TUNJANGAN LAINNYA | X2: TOTAL PREMI ASURANSI | Y2: TOTAL TUNJANGAN PPH | Z2: TOTAL NATURA / KENIKMATAN | AA2: TOTAL THR, BONUS, TANTIEM | AB2: PENGHASILAN BRUTO SETAHUN | AC2: PENGURANG | AE2: PENGHASILAN NETTO SETAHUN | AF2: P T K P | AG2: P K P | AH2: PPH PASAL 21 | AJ2: PPH PASAL 21 JAN S.D NOP | AK2: PPH PASAL 21 DESEMBER
M3: Gaji Pokok | N3: Total Tunjangan | O3: THR NATAL | P3: Premi JKK, JKM, Kes | Q3: Tunjangan PPh | R3: Penghasilan Bruto | S3: T H R | T3: B O N U S | U3: TANTIEM
H4: L/P | I4: PTKP | J4: TER | K4: MASA KERJA | AC4: BIAYA JABATAN | AD4: TOTAL IURAN JHT/THT/JP | AH4: SETAHUN | AI4: INCLUDE NON NPWP
B5: 1 | C5: 2 | D5: 3 | E5: 4 | F5: 5 | G5: 6 | H5: 7 | I5: 8 | J5: 9 | K5: 10 | L5: 11 | M5: 12 | N5: 13 | P5: 14 | Q5: 15 | R5: 16 | S5: 17 | T5: 18 | U5: 19 | V5: 20 | W5: 21 | X5: 22 | Y5: 23 | Z5: 24 | AA5: 25 | AB5: 26 | AC5: 27 | AD5: 27 | AE5: 29 | AF5: 30 | AG5: 31 | AH5: 32 | AI5: 33 | AJ5: 34 | AK5: 35
B6: 1 | C6: =+PERBULAN!B6 -> ARYADI | D6: 1902051308710001 | E6: 97.228.371.7-305.000 | F6: DSN AIR BEGANTUNG RT. 009 RW. 003 DESA KACANG BUTOR KEC. BADAU | G6: MANDOR | H6: L | I6: TK/0 | J6: =IF(ISBLANK(I6),"",IF(OR(I6="TK/0",I6="TK/1",I6="K/0"),"TER A",IF(I6="K/3","TER C","TER B"))) -> TER A | K6: 1 | L6: 12 | M6: 3747380 | N6: 353106.64 | P6: 190071.64 | Q6: 0 | R6: =SUM(M6:Q6) -> 4290558.3 | S6: =+SETAHUN!J6 -> 3991100 | T6: =+SETAHUN!L6 -> 200000 | U6: 0 | V6: =+SETAHUN!G6+M6+N6 -> 50134091 | W6: 0 | X6: =+SETAHUN!W6+P6 -> 2277474.5 | Y6: 0 | Z6: 0 | AA6: =SUM(S6:U6) -> 4191100 | AB6: =SUM(V6:AA6) -> 56602665 | AC6: =ROUND(IF((AB6)*5%>6000000,6000000,(AB6)*5%),0) -> 2830133 | AD6: =('ASTEK 2% -DIISI SMPAI DESEMBER'!O124+'ASTEK 2% -DIISI SMPAI DESEMBER'!O5) -> 1404648 | AE6: =AB6-AC6-AD6 -> 52367884 | AF6: =IFERROR(VLOOKUP(I6,TARIF,3,FALSE),0) -> 54000000 | AG6: =ROUNDDOWN(IF(AE6<=AF6,0,IF(AE6>AF6,AE6-AF6)),-3) -> 0 | AH6: =IF(AG6>5000000000,AG6*35%-306000000,IF(AG6>500000000,AG6*30%-56000000,IF(AG6>250000000,AG6*25%-31000000,IF(AG6>60000000,AG6*15%-6000000,AG6*5%)))) -> 0 | AI6: =ROUND(IF(E6=0,AH6*120%,AH6),0) -> 0 | AJ6: =+'PAJAK JAN-NOV'!R3 -> 123670 | AK6: =IF(AH6<=AJ6,0,IF(AH6>AJ6,AH6-AJ6)) -> 0 | AL6: =+'PAJAK JAN-NOV'!B3 -> ARYADI | AM6: =AJ6-AI6 -> 123670
B7: 2 | C7: =+PERBULAN!B7 -> SUPRI | D7: 1902052505740001 | E7: 97.228.345.1-305.000 | F7: JL MANGGAR DSN AIR BEGANTUNG RT. 008 RW. 003 DESA KACANG BUTOR KEC. BADAU | G7: KARYAWAN PERAWATAN | H7: L | I7: TK/0 | J7: =IF(ISBLANK(I7),"",IF(OR(I7="TK/0",I7="TK/1",I7="K/0"),"TER A",IF(I7="K/3","TER C","TER B"))) -> TER A | K7: 1 | L7: 12 | M7: 3359720 | N7: 109000 | P7: 190071.64 | Q7: 0 | R7: =SUM(M7:Q7) -> 3658791.6 | S7: =+SETAHUN!J7 -> 3994600 | T7: =+SETAHUN!L7 -> 200000 | U7: 0 | V7: =+SETAHUN!G7+M7+N7 -> 46561690 | W7: 0 | X7: =+SETAHUN!W7+P7 -> 2278174.5 | Y7: 0 | Z7: 0 | AA7: =SUM(S7:U7) -> 4194600 | AB7: =SUM(V7:AA7) -> 53034465 | AC7: =ROUND(IF((AB7)*5%>6000000,6000000,(AB7)*5%),0) -> 2651723 | AD7: =('ASTEK 2% -DIISI SMPAI DESEMBER'!O125+'ASTEK 2% -DIISI SMPAI DESEMBER'!O6) -> 1404648 | AE7: =AB7-AC7-AD7 -> 48978094 | AF7: =IFERROR(VLOOKUP(I7,TARIF,3,FALSE),0) -> 54000000 | AG7: =ROUNDDOWN(IF(AE7<=AF7,0,IF(AE7>AF7,AE7-AF7)),-3) -> 0 | AH7: =IF(AG7>5000000000,AG7*35%-306000000,IF(AG7>500000000,AG7*30%-56000000,IF(AG7>250000000,AG7*25%-31000000,IF(AG7>60000000,AG7*15%-6000000,AG7*5%)))) -> 0 | AI7: =ROUND(IF(E7=0,AH7*120%,AH7),0) -> 0 | AJ7: =+'PAJAK JAN-NOV'!R4 -> 122683 | AK7: =IF(AH7<=AJ7,0,IF(AH7>AJ7,AH7-AJ7)) -> 0 | AL7: =+'PAJAK JAN-NOV'!B4 -> SUPRI | AM7: =AJ7-AI7 -> 122683
B8: 3 | C8: =+PERBULAN!B8 -> ROTIA | D8: 1902056802760001 | E8: 97.228.363.4-305.000 | F8: JL MANGGAR DSN PARIT GUNUNG RT. 005 RW. 003 DESA AIR BATU BUDING BADAU | G8: KARYAWAN PERAWATAN | H8: P | I8: TK/0 | J8: =IF(ISBLANK(I8),"",IF(OR(I8="TK/0",I8="TK/1",I8="K/0"),"TER A",IF(I8="K/3","TER C","TER B"))) -> TER A | K8: 1 | L8: 12 | M8: 4005820 | N8: 127250 | P8: 190410.44 | Q8: 0 | R8: =SUM(M8:Q8) -> 4323480.4 | S8: =+SETAHUN!J8 -> 3998100 | T8: =+SETAHUN!L8 -> 200000 | U8: 0 | V8: =+SETAHUN!G8+M8+N8 -> 48645046 | W8: 0 | X8: =+SETAHUN!W8+P8 -> 2280679.1 | Y8: 0 | Z8: 0 | AA8: =SUM(S8:U8) -> 4198100 | AB8: =SUM(V8:AA8) -> 55123825 | AC8: =ROUND(IF((AB8)*5%>6000000,6000000,(AB8)*5%),0) -> 2756191 | AD8: =('ASTEK 2% -DIISI SMPAI DESEMBER'!O126+'ASTEK 2% -DIISI SMPAI DESEMBER'!O7) -> 1405593 | AE8: =AB8-AC8-AD8 -> 50962041 | AF8: =IFERROR(VLOOKUP(I8,TARIF,3,FALSE),0) -> 54000000 | AG8: =ROUNDDOWN(IF(AE8<=AF8,0,IF(AE8>AF8,AE8-AF8)),-3) -> 0 | AH8: =IF(AG8>5000000000,AG8*35%-306000000,IF(AG8>500000000,AG8*30%-56000000,IF(AG8>250000000,AG8*25%-31000000,IF(AG8>60000000,AG8*15%-6000000,AG8*5%)))) -> 0 | AI8: =ROUND(IF(E8=0,AH8*120%,AH8),0) -> 0 | AJ8: =+'PAJAK JAN-NOV'!R5 -> 124762 | AK8: =IF(AH8<=AJ8,0,IF(AH8>AJ8,AH8-AJ8)) -> 0 | AL8: =+'PAJAK JAN-NOV'!B5 -> ROTIA | AM8: =AJ8-AI8 -> 124762
B9: 4 | C9: =+PERBULAN!B9 -> SURYANI | D9: 1902056503820002 | E9: 97.228.351.9-305.000 | F9: JL MANGGAR RT. 005 RW. 003 DESA AIR BATU BUDING KEC. BADAU | G9: KARYAWAN PERAWATAN | H9: P | I9: TK/0 | J9: =IF(ISBLANK(I9),"",IF(OR(I9="TK/0",I9="TK/1",I9="K/0"),"TER A",IF(I9="K/3","TER C","TER B"))) -> TER A | K9: 1 | L9: 12 | M9: 4005820 | N9: 123750 | P9: 190241.04 | Q9: 0 | R9: =SUM(M9:Q9) -> 4319811 | S9: =+SETAHUN!J9 -> 3998100 | T9: =+SETAHUN!L9 -> 200000 | U9: 0 | V9: =+SETAHUN!G9+M9+N9 -> 48709475 | W9: 0 | X9: =+SETAHUN!W9+P9 -> 2280030.9 | Y9: 0 | Z9: 0 | AA9: =SUM(S9:U9) -> 4198100 | AB9: =SUM(V9:AA9) -> 55187606 | AC9: =ROUND(IF((AB9)*5%>6000000,6000000,(AB9)*5%),0) -> 2759380 | AD9: =('ASTEK 2% -DIISI SMPAI DESEMBER'!O127+'ASTEK 2% -DIISI SMPAI DESEMBER'!O8) -> 1405278 | AE9: =AB9-AC9-AD9 -> 51022948 | AF9: =IFERROR(VLOOKUP(I9,TARIF,3,FALSE),0) -> 54000000 | AG9: =ROUNDDOWN(IF(AE9<=AF9,0,IF(AE9>AF9,AE9-AF9)),-3) -> 0 | AH9: =IF(AG9>5000000000,AG9*35%-306000000,IF(AG9>500000000,AG9*30%-56000000,IF(AG9>250000000,AG9*25%-31000000,IF(AG9>60000000,AG9*15%-6000000,AG9*5%)))) -> 0 | AI9: =ROUND(IF(E9=0,AH9*120%,AH9),0) -> 0 | AJ9: =+'PAJAK JAN-NOV'!R6 -> 124762 | AK9: =IF(AH9<=AJ9,0,IF(AH9>AJ9,AH9-AJ9)) -> 0 | AL9: =+'PAJAK JAN-NOV'!B6 -> SURYANI | AM9: =AJ9-AI9 -> 124762
B10: 5 | C10: =+PERBULAN!B10 -> SAHINA YUNI | D10: 1902055002750002 | E10: 97.228.360.0-305.000 | F10: JL MANGGAR DSN PARIT GUNUNG RT. 006 RW. 003 DESA AIR BATU BUDING BADAU | G10: KARYAWAN PERAWATAN | H10: P | I10: TK/0 | J10: =IF(ISBLANK(I10),"",IF(OR(I10="TK/0",I10="TK/1",I10="K/0"),"TER A",IF(I10="K/3","TER C","TER B"))) -> TER A | K10: 1 | L10: 12 | M10: 3876600 | N10: 121500 | P10: 190241.04 | Q10: 0 | R10: =SUM(M10:Q10) -> 4188341 | S10: =+SETAHUN!J10 -> 3994600 | T10: =+SETAHUN!L10 -> 200000 | U10: 0 | V10: =+SETAHUN!G10+M10+N10 -> 48148597 | W10: 0 | X10: =+SETAHUN!W10+P10 -> 2278483.9 | Y10: 0 | Z10: 0 | AA10: =SUM(S10:U10) -> 4194600 | AB10: =SUM(V10:AA10) -> 54621681 | AC10: =ROUND(IF((AB10)*5%>6000000,6000000,(AB10)*5%),0) -> 2731084 | AD10: =('ASTEK 2% -DIISI SMPAI DESEMBER'!O128+'ASTEK 2% -DIISI SMPAI DESEMBER'!O9) -> 1404753 | AE10: =AB10-AC10-AD10 -> 50485844 | AF10: =IFERROR(VLOOKUP(I10,TARIF,3,FALSE),0) -> 54000000 | AG10: =ROUNDDOWN(IF(AE10<=AF10,0,IF(AE10>AF10,AE10-AF10)),-3) -> 0 | AH10: =IF(AG10>5000000000,AG10*35%-306000000,IF(AG10>500000000,AG10*30%-56000000,IF(AG10>250000000,AG10*25%-31000000,IF(AG10>60000000,AG10*15%-6000000,AG10*5%)))) -> 0 | AI10: =ROUND(IF(E10=0,AH10*120%,AH10),0) -> 0 | AJ10: =+'PAJAK JAN-NOV'!R7 -> 124655 | AK10: =IF(AH10<=AJ10,0,IF(AH10>AJ10,AH10-AJ10)) -> 0 | AL10: =+'PAJAK JAN-NOV'!B7 -> SAHINA YUNI | AM10: =AJ10-AI10 -> 124655
B11: 6 | C11: =+PERBULAN!B11 -> NURLELA | D11: 1902056211790001 | E11: 97.228.384.0-305.000 | F11: JL MANGGAR RT. 008 RW. 003 DESA KACANG BUTOR KEC. BADAU | G11: KARYAWAN PERAWATAN | H11: P | I11: TK/0 | J11: =IF(ISBLANK(I11),"",IF(OR(I11="TK/0",I11="TK/1",I11="K/0"),"TER A",IF(I11="K/3","TER C","TER B"))) -> TER A | K11: 1 | L11: 12 | M11: 4005820 | N11: 165750 | P11: 192273.84 | Q11: 0 | R11: =SUM(M11:Q11) -> 4363843.8 | S11: =+SETAHUN!J11 -> 4033100 | T11: =+SETAHUN!L11 -> 200000 | U11: 0 | V11: =+SETAHUN!G11+M11+N11 -> 48826608 | W11: 0 | X11: =+SETAHUN!W11+P11 -> 2300487.7 | Y11: 0 | Z11: 0 | AA11: =SUM(S11:U11) -> 4233100 | AB11: =SUM(V11:AA11) -> 55360196 | AC11: =ROUND(IF((AB11)*5%>6000000,6000000,(AB11)*5%),0) -> 2768010 | AD11: =('ASTEK 2% -DIISI SMPAI DESEMBER'!O129+'ASTEK 2% -DIISI SMPAI DESEMBER'!O10) -> 1412838 | AE11: =AB11-AC11-AD11 -> 51179348 | AF11: =IFERROR(VLOOKUP(I11,TARIF,3,FALSE),0) -> 54000000 | AG11: =ROUNDDOWN(IF(AE11<=AF11,0,IF(AE11>AF11,AE11-AF11)),-3) -> 0 | AH11: =IF(AG11>5000000000,AG11*35%-306000000,IF(AG11>500000000,AG11*30%-56000000,IF(AG11>250000000,AG11*25%-31000000,IF(AG11>60000000,AG11*15%-6000000,AG11*5%)))) -> 0 | AI11: =ROUND(IF(E11=0,AH11*120%,AH11),0) -> 0 | AJ11: =+'PAJAK JAN-NOV'!R8 -> 125833 | AK11: =IF(AH11<=AJ11,0,IF(AH11>AJ11,AH11-AJ11)) -> 0 | AL11: =+'PAJAK JAN-NOV'!B8 -> NURLELA | AM11: =AJ11-AI11 -> 125833
B12: 7 | C12: =+PERBULAN!B12 -> SUSINARTI | D12: 1902054107830040 | E12: 97.228.356.8-305.000 | F12: JL MANGGAR RT. 009 RW. 003 DESA KACANG BUTOR KEC. BADAU | G12: KARYAWAN PERAWATAN | H12: P | I12: TK/0 | J12: =IF(ISBLANK(I12),"",IF(OR(I12="TK/0",I12="TK/1",I12="K/0"),"TER A",IF(I12="K/3","TER C","TER B"))) -> TER A | K12: 1 | L12: 12 | M12: 3876600 | N12: 118000 | P12: 190071.64 | Q12: 0 | R12: =SUM(M12:Q12) -> 4184671.6 | S12: =+SETAHUN!J12 -> 3991100 | T12: =+SETAHUN!L12 -> 200000 | U12: 0 | V12: =+SETAHUN!G12+M12+N12 -> 48298107 | W12: 0 | X12: =+SETAHUN!W12+P12 -> 2276966.3 | Y12: 0 | Z12: 0 | AA12: =SUM(S12:U12) -> 4191100 | AB12: =SUM(V12:AA12) -> 54766174 | AC12: =ROUND(IF((AB12)*5%>6000000,6000000,(AB12)*5%),0) -> 2738309 | AD12: =('ASTEK 2% -DIISI SMPAI DESEMBER'!O130+'ASTEK 2% -DIISI SMPAI DESEMBER'!O11) -> 1404333 | AE12: =AB12-AC12-AD12 -> 50623532 | AF12: =IFERROR(VLOOKUP(I12,TARIF,3,FALSE),0) -> 54000000 | AG12: =ROUNDDOWN(IF(AE12<=AF12,0,IF(AE12>AF12,AE12-AF12)),-3) -> 0 | AH12: =IF(AG12>5000000000,AG12*35%-306000000,IF(AG12>500000000,AG12*30%-56000000,IF(AG12>250000000,AG12*25%-31000000,IF(AG12>60000000,AG12*15%-6000000,AG12*5%)))) -> 0 | AI12: =ROUND(IF(E12=0,AH12*120%,AH12),0) -> 0 | AJ12: =+'PAJAK JAN-NOV'!R9 -> 124548 | AK12: =IF(AH12<=AJ12,0,IF(AH12>AJ12,AH12-AJ12)) -> 0 | AL12: =+'PAJAK JAN-NOV'!B9 -> SUSINARTI | AM12: =AJ12-AI12 -> 124548
B13: 8 | C13: =+PERBULAN!B13 -> JAHIMIN | D13: 1906040504710002 | E13: 97.228.560.5-305.000 | F13: DSN LIMAU MANIS RT. 012 RW. 005 DESA BUDING KEC. KELAPA KAMPIT | G13: KARYAWAN PERAWATAN | H13: L | I13: K/0 | J13: =IF(ISBLANK(I13),"",IF(OR(I13="TK/0",I13="TK/1",I13="K/0"),"TER A",IF(I13="K/3","TER C","TER B"))) -> TER A | K13: 1 | L13: 12 | M13: 3747380 | N13: 192800 | P13: 191765.64 | Q13: 0 | R13: =SUM(M13:Q13) -> 4131945.6 | S13: =+SETAHUN!J13 -> 4069600 | T13: =+SETAHUN!L13 -> 200000 | U13: 0 | V13: =+SETAHUN!G13+M13+N13 -> 48367645 | W13: 0 | X13: =+SETAHUN!W13+P13 -> 2295198.5 | Y13: 0 | Z13: 0 | AA13: =SUM(S13:U13) -> 4269600 | AB13: =SUM(V13:AA13) -> 54932444 | AC13: =ROUND(IF((AB13)*5%>6000000,6000000,(AB13)*5%),0) -> 2746622 | AD13: =('ASTEK 2% -DIISI SMPAI DESEMBER'!O131+'ASTEK 2% -DIISI SMPAI DESEMBER'!O12) -> 1410948 | AE13: =AB13-AC13-AD13 -> 50774874 | AF13: =IFERROR(VLOOKUP(I13,TARIF,3,FALSE),0) -> 58500000 | AG13: =ROUNDDOWN(IF(AE13<=AF13,0,IF(AE13>AF13,AE13-AF13)),-3) -> 0 | AH13: =IF(AG13>5000000000,AG13*35%-306000000,IF(AG13>500000000,AG13*30%-56000000,IF(AG13>250000000,AG13*25%-31000000,IF(AG13>60000000,AG13*15%-6000000,AG13*5%)))) -> 0 | AI13: =ROUND(IF(E13=0,AH13*120%,AH13),0) -> 0 | AJ13: =+'PAJAK JAN-NOV'!R10 -> 126945 | AK13: =IF(AH13<=AJ13,0,IF(AH13>AJ13,AH13-AJ13)) -> 0 | AL13: =+'PAJAK JAN-NOV'!B10 -> JAHIMIN | AM13: =AJ13-AI13 -> 126945
B14: 9 | C14: =+PERBULAN!B14 -> GUSTAMI | D14: 1902040505720005 | E14: 55.166.380.0-305.000 | F14: DSN SIMPANG EMPAT RT. 014 RW. 007 DESA SIJUK KEC SIJUK | G14: KARYAWAN PERAWATAN | H14: L | I14: K/1 | J14: =IF(ISBLANK(I14),"",IF(OR(I14="TK/0",I14="TK/1",I14="K/0"),"TER A",IF(I14="K/3","TER C","TER B"))) -> TER B | K14: 1 | L14: 12 | M14: 3876600 | N14: 147500 | P14: 189394.04 | Q14: 0 | R14: =SUM(M14:Q14) -> 4213494 | S14: =+SETAHUN!J14 -> 4049100 | T14: =+SETAHUN!L14 -> 200000 | U14: 0 | V14: =+SETAHUN!G14+M14+N14 -> 49313529 | W14: 0 | X14: =+SETAHUN!W14+P14 -> 2269201.9 | Y14: 0 | Z14: 0 | AA14: =SUM(S14:U14) -> 4249100 | AB14: =SUM(V14:AA14) -> 55831831 | AC14: =ROUND(IF((AB14)*5%>6000000,6000000,(AB14)*5%),0) -> 2791592 | AD14: =('ASTEK 2% -DIISI SMPAI DESEMBER'!O132+'ASTEK 2% -DIISI SMPAI DESEMBER'!O13) -> 1401603 | AE14: =AB14-AC14-AD14 -> 51638636 | AF14: =IFERROR(VLOOKUP(I14,TARIF,3,FALSE),0) -> 63000000 | AG14: =ROUNDDOWN(IF(AE14<=AF14,0,IF(AE14>AF14,AE14-AF14)),-3) -> 0 | AH14: =IF(AG14>5000000000,AG14*35%-306000000,IF(AG14>500000000,AG14*30%-56000000,IF(AG14>250000000,AG14*25%-31000000,IF(AG14>60000000,AG14*15%-6000000,AG14*5%)))) -> 0 | AI14: =ROUND(IF(E14=0,AH14*120%,AH14),0) -> 0 | AJ14: =+'PAJAK JAN-NOV'!R11 -> 84210 | AK14: =IF(AH14<=AJ14,0,IF(AH14>AJ14,AH14-AJ14)) -> 0 | AL14: =+'PAJAK JAN-NOV'!B11 -> GUSTAMI | AM14: =AJ14-AI14 -> 84210
B15: 10 | C15: =+PERBULAN!B15 -> AGUS TRIANTIKA | D15: 1906041908760003 | E15: - | F15: DSN MERDEKA RT. 001 RW. 001 DESA SENYUBUK KEC. KELAPA KAMPIT | G15: KARYAWAN PERAWATAN | H15: L | I15: K/2 | J15: =IF(ISBLANK(I15),"",IF(OR(I15="TK/0",I15="TK/1",I15="K/0"),"TER A",IF(I15="K/3","TER C","TER B"))) -> TER B | K15: 1 | L15: 12 | M15: 3747380 | N15: 187950 | P15: 188934.24 | Q15: 0 | R15: =SUM(M15:Q15) -> 4124264.2 | S15: =+SETAHUN!J15 -> 4067100 | T15: =+SETAHUN!L15 -> 200000 | U15: 0 | V15: =+SETAHUN!G15+M15+N15 -> 47333376 | W15: 0 | X15: =+SETAHUN!W15+P15 -> 2264984.9 | Y15: 0 | Z15: 0 | AA15: =SUM(S15:U15) -> 4267100 | AB15: =SUM(V15:AA15) -> 53865461 | AC15: =ROUND(IF((AB15)*5%>6000000,6000000,(AB15)*5%),0) -> 2693273 | AD15: =('ASTEK 2% -DIISI SMPAI DESEMBER'!O133+'ASTEK 2% -DIISI SMPAI DESEMBER'!O14) -> 1400328 | AE15: =AB15-AC15-AD15 -> 49771860 | AF15: =IFERROR(VLOOKUP(I15,TARIF,3,FALSE),0) -> 67500000 | AG15: =ROUNDDOWN(IF(AE15<=AF15,0,IF(AE15>AF15,AE15-AF15)),-3) -> 0 | AH15: =IF(AG15>5000000000,AG15*35%-306000000,IF(AG15>500000000,AG15*30%-56000000,IF(AG15>250000000,AG15*25%-31000000,IF(AG15>60000000,AG15*15%-6000000,AG15*5%)))) -> 0 | AI15: =ROUND(IF(E15=0,AH15*120%,AH15),0) -> 0 | AJ15: =+'PAJAK JAN-NOV'!R12 -> 83228 | AK15: =IF(AH15<=AJ15,0,IF(AH15>AJ15,AH15-AJ15)) -> 0 | AL15: =+'PAJAK JAN-NOV'!B12 -> AGUS TRIANTIKA | AM15: =AJ15-AI15 -> 83228
B16: 11 | C16: =+PERBULAN!B16 -> FIKA HOIRI | D16: 1902041110990001 | E16: - | F16: SUNGAI PADANG RT. 004 RW. 002 DESA SUNGAI PADANG KEC. SIJUK | G16: KARYAWAN PERAWATAN | H16: L | I16: K/1 | J16: =IF(ISBLANK(I16),"",IF(OR(I16="TK/0",I16="TK/1",I16="K/0"),"TER A",IF(I16="K/3","TER C","TER B"))) -> TER B | K16: 1 | L16: 12 | M16: 3747380 | N16: 147350 | P16: 188232.44 | Q16: 0 | R16: =SUM(M16:Q16) -> 4082962.4 | S16: =+SETAHUN!J16 -> 4026100 | T16: =+SETAHUN!L16 -> 200000 | U16: 0 | V16: =+SETAHUN!G16+M16+N16 -> 46171925 | W16: 0 | X16: =+SETAHUN!W16+P16 -> 2257075.3 | Y16: 0 | Z16: 0 | AA16: =SUM(S16:U16) -> 4226100 | AB16: =SUM(V16:AA16) -> 52655100 | AC16: =ROUND(IF((AB16)*5%>6000000,6000000,(AB16)*5%),0) -> 2632755 | AD16: =('ASTEK 2% -DIISI SMPAI DESEMBER'!O134+'ASTEK 2% -DIISI SMPAI DESEMBER'!O15) -> 1397508 | AE16: =AB16-AC16-AD16 -> 48624837 | AF16: =IFERROR(VLOOKUP(I16,TARIF,3,FALSE),0) -> 63000000 | AG16: =ROUNDDOWN(IF(AE16<=AF16,0,IF(AE16>AF16,AE16-AF16)),-3) -> 0 | AH16: =IF(AG16>5000000000,AG16*35%-306000000,IF(AG16>500000000,AG16*30%-56000000,IF(AG16>250000000,AG16*25%-31000000,IF(AG16>60000000,AG16*15%-6000000,AG16*5%)))) -> 0 | AI16: =ROUND(IF(E16=0,AH16*120%,AH16),0) -> 0 | AJ16: =+'PAJAK JAN-NOV'!R13 -> 81064 | AK16: =IF(AH16<=AJ16,0,IF(AH16>AJ16,AH16-AJ16)) -> 0 | AL16: =+'PAJAK JAN-NOV'!B13 -> FIKA HOIRI | AM16: =AJ16-AI16 -> 81064
B17: 12 | C17: =+PERBULAN!B17 -> NOPI HARIKA | D17: 1902014311880001 | E17: 97.228.387.3-305.000 | F17: JL KELAPA GADING RT. 017 RW. 07 KEL. PANGKAL LALANG KEC. TANJUNGPANDAN | G17: KARYAWAN PERAWATAN | H17: P | I17: TK/0 | J17: =IF(ISBLANK(I17),"",IF(OR(I17="TK/0",I17="TK/1",I17="K/0"),"TER A",IF(I17="K/3","TER C","TER B"))) -> TER A | K17: 1 | L17: 12 | M17: 3876600 | N17: 196428.32 | P17: 190071.64 | Q17: 0 | R17: =SUM(M17:Q17) -> 4263100 | S17: =+SETAHUN!J17 -> 3991100 | T17: =+SETAHUN!L17 -> 200000 | U17: 0 | V17: =+SETAHUN!G17+M17+N17 -> 48124097 | W17: 0 | X17: =+SETAHUN!W17+P17 -> 2277474.5 | Y17: 0 | Z17: 0 | AA17: =SUM(S17:U17) -> 4191100 | AB17: =SUM(V17:AA17) -> 54592672 | AC17: =ROUND(IF((AB17)*5%>6000000,6000000,(AB17)*5%),0) -> 2729634 | AD17: =('ASTEK 2% -DIISI SMPAI DESEMBER'!O135+'ASTEK 2% -DIISI SMPAI DESEMBER'!O16) -> 1404648 | AE17: =AB17-AC17-AD17 -> 50458390 | AF17: =IFERROR(VLOOKUP(I17,TARIF,3,FALSE),0) -> 54000000 | AG17: =ROUNDDOWN(IF(AE17<=AF17,0,IF(AE17>AF17,AE17-AF17)),-3) -> 0 | AH17: =IF(AG17>5000000000,AG17*35%-306000000,IF(AG17>500000000,AG17*30%-56000000,IF(AG17>250000000,AG17*25%-31000000,IF(AG17>60000000,AG17*15%-6000000,AG17*5%)))) -> 0 | AI17: =ROUND(IF(E17=0,AH17*120%,AH17),0) -> 0 | AJ17: =+'PAJAK JAN-NOV'!R14 -> 124548 | AK17: =IF(AH17<=AJ17,0,IF(AH17>AJ17,AH17-AJ17)) -> 0 | AL17: =+'PAJAK JAN-NOV'!B14 -> NOPI HARIKA | AM17: =AJ17-AI17 -> 124548
... B40: 35 | C40: =+PERBULAN!B40 -> DEDI NOPRIADI | D40: 1902040211800001 | E40: - | F40: AIK KALAK RT .007 RW. 004 DESA PELEPAK PUTE KEC. SIJUK | G40: HELPER | H40: L | I40: K/2 | J40: =IF(ISBLANK(I40),"",IF(OR(I40="TK/0",I40="TK/1",I40="K/0"),"TER A",IF(I40="K/3","TER C","TER B"))) -> TER B | K40: 1 | L40: 12 | M40: 4005820 | N40: 1927562.5 | P40: 188643.84 | Q40: 0 | R40: =SUM(M40:Q40) -> 6122026.3 | S40: =+SETAHUN!J40 -> 4061100 | T40: =+SETAHUN!L40 -> 900000 | U40: 0 | V40: =+SETAHUN!G40+M40+N40 -> 74638182 | W40: 0 | X40: =+SETAHUN!W40+P40 -> 2261657.3 | Y40: 0 | Z40: 0 | AA40: =SUM(S40:U40) -> 4961100 | AB40: =SUM(V40:AA40) -> 81860939 | AC40: =ROUND(IF((AB40)*5%>6000000,6000000,(AB40)*5%),0) -> 4093047 | AD40: =('ASTEK 2% -DIISI SMPAI DESEMBER'!O158+'ASTEK 2% -DIISI SMPAI DESEMBER'!O39) -> 1399158 | AE40: =AB40-AC40-AD40 -> 76368734 | AF40: =IFERROR(VLOOKUP(I40,TARIF,3,FALSE),0) -> 67500000 | AG40: =ROUNDDOWN(IF(AE40<=AF40,0,IF(AE40>AF40,AE40-AF40)),-3) -> 8868000 | AH40: =IF(AG40>5000000000,AG40*35%-306000000,IF(AG40>500000000,AG40*30%-56000000,IF(AG40>250000000,AG40*25%-31000000,IF(AG40>60000000,AG40*15%-6000000,AG40*5%)))) -> 443400 | AI40: =ROUND(IF(E40=0,AH40*120%,AH40),0) -> 443400 | AJ40: =+'PAJAK JAN-NOV'!R37 -> 438737 | AK40: =IF(AH40<=AJ40,0,IF(AH40>AJ40,AH40-AJ40)) -> 4663 | AL40: =+'PAJAK JAN-NOV'!B37 -> DEDI NOPRIADI | AM40: =AJ40-AI40 -> -4663
B41: 36 | C41: =+PERBULAN!B41 -> IRWANTO | D41: 1906042608880005 | E41: 97.228.308.9-305.000 | F41: DSN CENDIL RT. 005 RW. 002 DESA CENDIL KEC. KELAPA KAMPIT | G41: MANDOR | H41: L | I41: K/1 | J41: =IF(ISBLANK(I41),"",IF(OR(I41="TK/0",I41="TK/1",I41="K/0"),"TER A",IF(I41="K/3","TER C","TER B"))) -> TER B | K41: 1 | L41: 12 | M41: 3876600 | N41: 297500 | P41: 190071.64 | R41: =SUM(M41:Q41) -> 4364171.6 | S41: =+SETAHUN!J41 -> 4066600 | T41: =+SETAHUN!L41 -> 200000 | V41: =+SETAHUN!G41+M41+N41 -> 53135593 | X41: =+SETAHUN!W41+P41 -> 2278034.5 | Y41: 0 | Z41: 0 | AA41: =SUM(S41:U41) -> 4266600 | AB41: =SUM(V41:AA41) -> 59680228 | AC41: =ROUND(IF((AB41)*5%>6000000,6000000,(AB41)*5%),0) -> 2984011 | AD41: =('ASTEK 2% -DIISI SMPAI DESEMBER'!O159+'ASTEK 2% -DIISI SMPAI DESEMBER'!O40) -> 1404648 | AE41: =AB41-AC41-AD41 -> 55291569 | AF41: =IFERROR(VLOOKUP(I41,TARIF,3,FALSE),0) -> 63000000 | AG41: =ROUNDDOWN(IF(AE41<=AF41,0,IF(AE41>AF41,AE41-AF41)),-3) -> 0 | AH41: =IF(AG41>5000000000,AG41*35%-306000000,IF(AG41>500000000,AG41*30%-56000000,IF(AG41>250000000,AG41*25%-31000000,IF(AG41>60000000,AG41*15%-6000000,AG41*5%)))) -> 0 | AI41: =ROUND(IF(E41=0,AH41*120%,AH41),0) -> 0 | AJ41: =+'PAJAK JAN-NOV'!R38 -> 85372 | AK41: =IF(AH41<=AJ41,0,IF(AH41>AJ41,AH41-AJ41)) -> 0 | AL41: =+'PAJAK JAN-NOV'!B38 -> IRWANTO | AM41: =AJ41-AI41 -> 85372
B42: 37 | C42: =+PERBULAN!B42 -> ISRIN YUNUPITA | D42: 1906046301810003 | E42: 55.159.631.5-305.000 | F42: DSN JAWA RT. 001 RW. 001 DESA SENYUBUK KEC. KELAPA KAMPIT | G42: KARYAWAN PERAWATAN | H42: P | I42: TK/0 | J42: =IF(ISBLANK(I42),"",IF(OR(I42="TK/0",I42="TK/1",I42="K/0"),"TER A",IF(I42="K/3","TER C","TER B"))) -> TER A | K42: 1 | L42: 12 | M42: 3876600 | N42: 104000 | P42: 189394.04 | R42: =SUM(M42:Q42) -> 4169994 | S42: =+SETAHUN!J42 -> 3977100 | T42: =+SETAHUN!L42 -> 200000 | V42: =+SETAHUN!G42+M42+N42 -> 47479758 | X42: =+SETAHUN!W42+P42 -> 2269879.5 | Y42: 0 | Z42: 0 | AA42: =SUM(S42:U42) -> 4177100 | AB42: =SUM(V42:AA42) -> 53926737 | AC42: =ROUND(IF((AB42)*5%>6000000,6000000,(AB42)*5%),0) -> 2696337 | AD42: =('ASTEK 2% -DIISI SMPAI DESEMBER'!O160+'ASTEK 2% -DIISI SMPAI DESEMBER'!O41) -> 1402023 | AE42: =AB42-AC42-AD42 -> 49828377 | AF42: =IFERROR(VLOOKUP(I42,TARIF,3,FALSE),0) -> 54000000 | AG42: =ROUNDDOWN(IF(AE42<=AF42,0,IF(AE42>AF42,AE42-AF42)),-3) -> 0 | AH42: =IF(AG42>5000000000,AG42*35%-306000000,IF(AG42>500000000,AG42*30%-56000000,IF(AG42>250000000,AG42*25%-31000000,IF(AG42>60000000,AG42*15%-6000000,AG42*5%)))) -> 0 | AI42: =ROUND(IF(E42=0,AH42*120%,AH42),0) -> 0 | AJ42: =+'PAJAK JAN-NOV'!R39 -> 122147 | AK42: =IF(AH42<=AJ42,0,IF(AH42>AJ42,AH42-AJ42)) -> 0 | AL42: =+'PAJAK JAN-NOV'!B39 -> ISRIN YUNUPITA | AM42: =AJ42-AI42 -> 122147
B43: 38 | C43: =+PERBULAN!B43 -> ARYANI.K | D43: 1902055209790004 | E43: 75.660.309.8-305.000 | F43: JL. MANGGAR DSN PARIT GUNUNG RT. 006 RW. 003 DESA AIR BATU BUDING KEC. BADAU | G43: KARYAWAN PERAWATAN | H43: P | I43: TK/0 | J43: =IF(ISBLANK(I43),"",IF(OR(I43="TK/0",I43="TK/1",I43="K/0"),"TER A",IF(I43="K/3","TER C","TER B"))) -> TER A | K43: 1 | L43: 12 | M43: 3876600 | N43: 97500 | P43: 189079.44 | R43: =SUM(M43:Q43) -> 4163179.4 | S43: =+SETAHUN!J43 -> 3971100 | T43: =+SETAHUN!L43 -> 200000 | V43: =+SETAHUN!G43+M43+N43 -> 46879375 | X43: =+SETAHUN!W43+P43 -> 2266576.1 | Y43: 0 | Z43: 0 | AA43: =SUM(S43:U43) -> 4171100 | AB43: =SUM(V43:AA43) -> 53317051 | AC43: =ROUND(IF((AB43)*5%>6000000,6000000,(AB43)*5%),0) -> 2665853 | AD43: =('ASTEK 2% -DIISI SMPAI DESEMBER'!O161+'ASTEK 2% -DIISI SMPAI DESEMBER'!O42) -> 1400868 | AE43: =AB43-AC43-AD43 -> 49250330 | AF43: =IFERROR(VLOOKUP(I43,TARIF,3,FALSE),0) -> 54000000 | AG43: =ROUNDDOWN(IF(AE43<=AF43,0,IF(AE43>AF43,AE43-AF43)),-3) -> 0 | AH43: =IF(AG43>5000000000,AG43*35%-306000000,IF(AG43>500000000,AG43*30%-56000000,IF(AG43>250000000,AG43*25%-31000000,IF(AG43>60000000,AG43*15%-6000000,AG43*5%)))) -> 0 | AI43: =ROUND(IF(E43=0,AH43*120%,AH43),0) -> 0 | AJ43: =+'PAJAK JAN-NOV'!R40 -> 119992 | AK43: =IF(AH43<=AJ43,0,IF(AH43>AJ43,AH43-AJ43)) -> 0 | AL43: =+'PAJAK JAN-NOV'!B40 -> ARYANI.K | AM43: =AJ43-AI43 -> 119992
B44: 39 | C44: =+PERBULAN!B44 -> HARYANTI ( K ) | D44: 1906045411860001 | E44: 55.166.675.3-305.000 | F44: DSN SELINDANG RT. 007 RW. 002 DESA SENYUBUK KEC. KELAPA KAMPIT | G44: KARYAWAN PERAWATAN | H44: P | I44: TK/0 | J44: =IF(ISBLANK(I44),"",IF(OR(I44="TK/0",I44="TK/1",I44="K/0"),"TER A",IF(I44="K/3","TER C","TER B"))) -> TER A | K44: 1 | L44: 12 | M44: 3876600 | N44: 104000 | P44: 189394.04 | R44: =SUM(M44:Q44) -> 4169994 | S44: =+SETAHUN!J44 -> 3977100 | T44: =+SETAHUN!L44 -> 200000 | V44: =+SETAHUN!G44+M44+N44 -> 47348288 | X44: =+SETAHUN!W44+P44 -> 2269879.5 | Y44: 0 | Z44: 0 | AA44: =SUM(S44:U44) -> 4177100 | AB44: =SUM(V44:AA44) -> 53795267 | AC44: =ROUND(IF((AB44)*5%>6000000,6000000,(AB44)*5%),0) -> 2689763 | AD44: =('ASTEK 2% -DIISI SMPAI DESEMBER'!O162+'ASTEK 2% -DIISI SMPAI DESEMBER'!O43) -> 1402023 | AE44: =AB44-AC44-AD44 -> 49703481 | AF44: =IFERROR(VLOOKUP(I44,TARIF,3,FALSE),0) -> 54000000 | AG44: =ROUNDDOWN(IF(AE44<=AF44,0,IF(AE44>AF44,AE44-AF44)),-3) -> 0 | AH44: =IF(AG44>5000000000,AG44*35%-306000000,IF(AG44>500000000,AG44*30%-56000000,IF(AG44>250000000,AG44*25%-31000000,IF(AG44>60000000,AG44*15%-6000000,AG44*5%)))) -> 0 | AI44: =ROUND(IF(E44=0,AH44*120%,AH44),0) -> 0 | AJ44: =+'PAJAK JAN-NOV'!R41 -> 124119 | AK44: =IF(AH44<=AJ44,0,IF(AH44>AJ44,AH44-AJ44)) -> 0 | AL44: =+'PAJAK JAN-NOV'!B41 -> HARYANTI ( K ) | AM44: =AJ44-AI44 -> 124119
B45: 40 | C45: =+PERBULAN!B45 -> YUNIAR | D45: 1902056507790002 | E45: 97.228.320.4-305.000 | F45: DSN AIR BATU BUDING RT. 003 RW. 002 DESA AIR BATU BUDING KEC. BADAU | G45: KARYAWAN PERAWATAN | H45: P | I45: TK/0 | J45: =IF(ISBLANK(I45),"",IF(OR(I45="TK/0",I45="TK/1",I45="K/0"),"TER A",IF(I45="K/3","TER C","TER B"))) -> TER A | K45: 1 | L45: 12 | M45: 3747380 | N45: 119250 | P45: 190241.04 | R45: =SUM(M45:Q45) -> 4056871 | S45: =+SETAHUN!J45 -> 3998100 | T45: =+SETAHUN!L45 -> 200000 | V45: =+SETAHUN!G45+M45+N45 -> 47447817 | X45: =+SETAHUN!W45+P45 -> 2280030.9 | Y45: 0 | Z45: 0 | AA45: =SUM(S45:U45) -> 4198100 | AB45: =SUM(V45:AA45) -> 53925948 | AC45: =ROUND(IF((AB45)*5%>6000000,6000000,(AB45)*5%),0) -> 2696297 | AD45: =('ASTEK 2% -DIISI SMPAI DESEMBER'!O163+'ASTEK 2% -DIISI SMPAI DESEMBER'!O44) -> 1405278 | AE45: =AB45-AC45-AD45 -> 49824373 | AF45: =IFERROR(VLOOKUP(I45,TARIF,3,FALSE),0) -> 54000000 | AG45: =ROUNDDOWN(IF(AE45<=AF45,0,IF(AE45>AF45,AE45-AF45)),-3) -> 0 | AH45: =IF(AG45>5000000000,AG45*35%-306000000,IF(AG45>500000000,AG45*30%-56000000,IF(AG45>250000000,AG45*25%-31000000,IF(AG45>60000000,AG45*15%-6000000,AG45*5%)))) -> 0 | AI45: =ROUND(IF(E45=0,AH45*120%,AH45),0) -> 0 | AJ45: =+'PAJAK JAN-NOV'!R42 -> 124762 | AK45: =IF(AH45<=AJ45,0,IF(AH45>AJ45,AH45-AJ45)) -> 0 | AL45: =+'PAJAK JAN-NOV'!B42 -> YUNIAR | AM45: =AJ45-AI45 -> 124762
B46: 41 | C46: =+PERBULAN!B46 -> NOVELA SYAKUR | D46: 1906040711990003 | E46: - | F46: DSN CENDIL RT. 003 RW. 001 DESA CENDIL KEC. KELAPA KAMPIT | G46: KARYAWAN PERAWATAN | H46: L | I46: TK/0 | J46: =IF(ISBLANK(I46),"",IF(OR(I46="TK/0",I46="TK/1",I46="K/0"),"TER A",IF(I46="K/3","TER C","TER B"))) -> TER A | K46: 1 | L46: 12 | M46: 4005820 | N46: 93750 | P46: 188789.04 | R46: =SUM(M46:Q46) -> 4288359 | S46: =+SETAHUN!J46 -> 3965100 | T46: =+SETAHUN!L46 -> 200000 | V46: =+SETAHUN!G46+M46+N46 -> 53498549 | X46: =+SETAHUN!W46+P46 -> 2263898.9 | Y46: 0 | Z46: 0 | AA46: =SUM(S46:U46) -> 4165100 | AB46: =SUM(V46:AA46) -> 59927548 | AC46: =ROUND(IF((AB46)*5%>6000000,6000000,(AB46)*5%),0) -> 2996377 | AD46: =('ASTEK 2% -DIISI SMPAI DESEMBER'!O164+'ASTEK 2% -DIISI SMPAI DESEMBER'!O45) -> 1399878 | AE46: =AB46-AC46-AD46 -> 55531293 | AF46: =IFERROR(VLOOKUP(I46,TARIF,3,FALSE),0) -> 54000000 | AG46: =ROUNDDOWN(IF(AE46<=AF46,0,IF(AE46>AF46,AE46-AF46)),-3) -> 1531000 | AH46: =IF(AG46>5000000000,AG46*35%-306000000,IF(AG46>500000000,AG46*30%-56000000,IF(AG46>250000000,AG46*25%-31000000,IF(AG46>60000000,AG46*15%-6000000,AG46*5%)))) -> 76550 | AI46: =ROUND(IF(E46=0,AH46*120%,AH46),0) -> 76550 | AJ46: =+'PAJAK JAN-NOV'!R43 -> 183659 | AK46: =IF(AH46<=AJ46,0,IF(AH46>AJ46,AH46-AJ46)) -> 0 | AL46: =+'PAJAK JAN-NOV'!B43 -> NOVELA SYAKUR | AM46: =AJ46-AI46 -> 107109
B47: 42 | C47: =+PERBULAN!B47 -> KUDIN | D47: 5203050107700374 | E47: - | F47: DUSUN TIMBAK DESA KESIK KECAMATAN MASBAGIK | G47: KARYAWAN PERAWATAN | H47: L | I47: K/0 | J47: =IF(ISBLANK(I47),"",IF(OR(I47="TK/0",I47="TK/1",I47="K/0"),"TER A",IF(I47="K/3","TER C","TER B"))) -> TER A | K47: 1 | L47: 7 | R47: =SUM(M47:Q47) -> 0 | S47: =+SETAHUN!J47 -> 4005600 | T47: =+SETAHUN!L47 -> 600000 | V47: =+SETAHUN!G47+M47+N47 -> 24046668 | X47: =+SETAHUN!W47+P47 -> 1318583.3 | Y47: 0 | Z47: 0 | AA47: =SUM(S47:U47) -> 4605600 | AB47: =SUM(V47:AA47) -> 29970851 | AC47: =ROUND(IF((AB47)*5%>6000000,6000000,(AB47)*5%),0) -> 1498543 | AD47: =('ASTEK 2% -DIISI SMPAI DESEMBER'!O165+'ASTEK 2% -DIISI SMPAI DESEMBER'!O46) -> 814608 | AE47: =AB47-AC47-AD47 -> 27657700 | AF47: =IFERROR(VLOOKUP(I47,TARIF,3,FALSE),0) -> 58500000 | AG47: =ROUNDDOWN(IF(AE47<=AF47,0,IF(AE47>AF47,AE47-AF47)),-3) -> 0 | AH47: =IF(AG47>5000000000,AG47*35%-306000000,IF(AG47>500000000,AG47*30%-56000000,IF(AG47>250000000,AG47*25%-31000000,IF(AG47>60000000,AG47*15%-6000000,AG47*5%)))) -> 0 | AI47: =ROUND(IF(E47=0,AH47*120%,AH47),0) -> 0 | AJ47: =+'PAJAK JAN-NOV'!R44 -> 122993 | AK47: =IF(AH47<=AJ47,0,IF(AH47>AJ47,AH47-AJ47)) -> 0 | AL47: =+'PAJAK JAN-NOV'!B44 -> KUDIN | AM47: =AJ47-AI47 -> 122993
B48: 43 | C48: =+PERBULAN!B48 -> YULIATI | D48: 1902015110820006 | E48: - | F48: JL MANGGAR RT. 012 RW. 005 DS BULUH TUMBANG KEC TANJUNGPANDAN | G48: KARYAWAN PERAWATAN | H48: P | I48: TK/0 | J48: =IF(ISBLANK(I48),"",IF(OR(I48="TK/0",I48="TK/1",I48="K/0"),"TER A",IF(I48="K/3","TER C","TER B"))) -> TER A | K48: 1 | L48: 12 | M48: 3876600 | N48: 100500 | P48: 189224.64 | R48: =SUM(M48:Q48) -> 4166324.6 | S48: =+SETAHUN!J48 -> 3974100 | T48: =+SETAHUN!L48 -> 200000 | V48: =+SETAHUN!G48+M48+N48 -> 46780908 | X48: =+SETAHUN!W48+P48 -> 2268022.1 | Y48: 0 | Z48: 0 | AA48: =SUM(S48:U48) -> 4174100 | AB48: =SUM(V48:AA48) -> 53223030 | AC48: =ROUND(IF((AB48)*5%>6000000,6000000,(AB48)*5%),0) -> 2661151 | AD48: =('ASTEK 2% -DIISI SMPAI DESEMBER'!O166+'ASTEK 2% -DIISI SMPAI DESEMBER'!O47) -> 1401318 | AE48: =AB48-AC48-AD48 -> 49160561 | AF48: =IFERROR(VLOOKUP(I48,TARIF,3,FALSE),0) -> 54000000 | AG48: =ROUNDDOWN(IF(AE48<=AF48,0,IF(AE48>AF48,AE48-AF48)),-3) -> 0 | AH48: =IF(AG48>5000000000,AG48*35%-306000000,IF(AG48>500000000,AG48*30%-56000000,IF(AG48>250000000,AG48*25%-31000000,IF(AG48>60000000,AG48*15%-6000000,AG48*5%)))) -> 0 | AI48: =ROUND(IF(E48=0,AH48*120%,AH48),0) -> 0 | AJ48: =+'PAJAK JAN-NOV'!R45 -> 122055 | AK48: =IF(AH48<=AJ48,0,IF(AH48>AJ48,AH48-AJ48)) -> 0 | AL48: =+'PAJAK JAN-NOV'!B45 -> YULIATI | AM48: =AJ48-AI48 -> 122055
B49: 44 | C49: =+PERBULAN!B49 -> ROHAYA | D49: 1902014410800005 | E49: - | F49: JL RAYA BADAU PERAWAS II RT. 004 RW. 002 DESA BULUH TUMBANG KEC. TANJUNGPANDAN | G49: KARYAWAN PERAWATAN | H49: P | I49: TK/0 | J49: =IF(ISBLANK(I49),"",IF(OR(I49="TK/0",I49="TK/1",I49="K/0"),"TER A",IF(I49="K/3","TER C","TER B"))) -> TER A | K49: 1 | L49: 12 | M49: 4005820 | N49: 127750 | P49: 188934.24 | R49: =SUM(M49:Q49) -> 4322504.2 | S49: =+SETAHUN!J49 -> 3968100 | T49: =+SETAHUN!L49 -> 200000 | V49: =+SETAHUN!G49+M49+N49 -> 48564546 | X49: =+SETAHUN!W49+P49 -> 2264984.9 | Y49: 0 | Z49: 0 | AA49: =SUM(S49:U49) -> 4168100 | AB49: =SUM(V49:AA49) -> 54997631 | AC49: =ROUND(IF((AB49)*5%>6000000,6000000,(AB49)*5%),0) -> 2749882 | AD49: =('ASTEK 2% -DIISI SMPAI DESEMBER'!O167+'ASTEK 2% -DIISI SMPAI DESEMBER'!O48) -> 1400328 | AE49: =AB49-AC49-AD49 -> 50847421 | AF49: =IFERROR(VLOOKUP(I49,TARIF,3,FALSE),0) -> 54000000 | AG49: =ROUNDDOWN(IF(AE49<=AF49,0,IF(AE49>AF49,AE49-AF49)),-3) -> 0 | AH49: =IF(AG49>5000000000,AG49*35%-306000000,IF(AG49>500000000,AG49*30%-56000000,IF(AG49>250000000,AG49*25%-31000000,IF(AG49>60000000,AG49*15%-6000000,AG49*5%)))) -> 0 | AI49: =ROUND(IF(E49=0,AH49*120%,AH49),0) -> 0 | AJ49: =+'PAJAK JAN-NOV'!R46 -> 123844 | AK49: =IF(AH49<=AJ49,0,IF(AH49>AJ49,AH49-AJ49)) -> 0 | AL49: =+'PAJAK JAN-NOV'!B46 -> ROHAYA | AM49: =AJ49-AI49 -> 123844
B50: 45 | C50: =+PERBULAN!B50 -> ROSMIATI | D50: 1902044110800005 | E50: 75.694.421.1-305.000 | F50: JL JEND SUDIRMAN RT. 012 RW. 004 DS BULUH TUMBANG KEC TANJUNGPANDAN | G50: KARYAWAN PERAWATAN | H50: P | I50: TK/0 | J50: =IF(ISBLANK(I50),"",IF(OR(I50="TK/0",I50="TK/1",I50="K/0"),"TER A",IF(I50="K/3","TER C","TER B"))) -> TER A | K50: 1 | L50: 12 | M50: 4005820 | N50: 102750 | P50: 189224.64 | R50: =SUM(M50:Q50) -> 4297794.6 | S50: =+SETAHUN!J50 -> 3974100 | T50: =+SETAHUN!L50 -> 200000 | V50: =+SETAHUN!G50+M50+N50 -> 48221076 | X50: =+SETAHUN!W50+P50 -> 2267731.7 | Y50: 0 | Z50: 0 | AA50: =SUM(S50:U50) -> 4174100 | AB50: =SUM(V50:AA50) -> 54662908 | AC50: =ROUND(IF((AB50)*5%>6000000,6000000,(AB50)*5%),0) -> 2733145 | AD50: =('ASTEK 2% -DIISI SMPAI DESEMBER'!O168+'ASTEK 2% -DIISI SMPAI DESEMBER'!O49) -> 1401138 | AE50: =AB50-AC50-AD50 -> 50528625 | AF50: =IFERROR(VLOOKUP(I50,TARIF,3,FALSE),0) -> 54000000 | AG50: =ROUNDDOWN(IF(AE50<=AF50,0,IF(AE50>AF50,AE50-AF50)),-3) -> 0 | AH50: =IF(AG50>5000000000,AG50*35%-306000000,IF(AG50>500000000,AG50*30%-56000000,IF(AG50>250000000,AG50*25%-31000000,IF(AG50>60000000,AG50*15%-6000000,AG50*5%)))) -> 0 | AI50: =ROUND(IF(E50=0,AH50*120%,AH50),0) -> 0 | AJ50: =+'PAJAK JAN-NOV'!R47 -> 124027 | AK50: =IF(AH50<=AJ50,0,IF(AH50>AJ50,AH50-AJ50)) -> 0 | AL50: =+'PAJAK JAN-NOV'!B47 -> ROSMIATI | AM50: =AJ50-AI50 -> 124027
B51: 46 | C51: =+PERBULAN!B51 -> ROSMINI | D51: 1902016003970006 | E51: 75.694.309.8-305.000 | F51: JL MANGGAR RT. 017 RW. 005 DESA BULUH TUMBANG KEC. TANJUNGPANDAN | G51: KARYAWAN PERAWATAN | H51: P | I51: TK/0 | J51: =IF(ISBLANK(I51),"",IF(OR(I51="TK/0",I51="TK/1",I51="K/0"),"TER A",IF(I51="K/3","TER C","TER B"))) -> TER A | K51: 1 | L51: 12 | M51: 4005820 | N51: 96750 | P51: 188934.24 | R51: =SUM(M51:Q51) -> 4291504.2 | S51: =+SETAHUN!J51 -> 3968100 | T51: =+SETAHUN!L51 -> 200000 | V51: =+SETAHUN!G51+M51+N51 -> 48280547 | X51: =+SETAHUN!W51+P51 -> 2264549.3 | Y51: 0 | Z51: 0 | AA51: =SUM(S51:U51) -> 4168100 | AB51: =SUM(V51:AA51) -> 54713196 | AC51: =ROUND(IF((AB51)*5%>6000000,6000000,(AB51)*5%),0) -> 2735660 | AD51: =('ASTEK 2% -DIISI SMPAI DESEMBER'!O169+'ASTEK 2% -DIISI SMPAI DESEMBER'!O50) -> 1400058 | AE51: =AB51-AC51-AD51 -> 50577478 | AF51: =IFERROR(VLOOKUP(I51,TARIF,3,FALSE),0) -> 54000000 | AG51: =ROUNDDOWN(IF(AE51<=AF51,0,IF(AE51>AF51,AE51-AF51)),-3) -> 0 | AH51: =IF(AG51>5000000000,AG51*35%-306000000,IF(AG51>500000000,AG51*30%-56000000,IF(AG51>250000000,AG51*25%-31000000,IF(AG51>60000000,AG51*15%-6000000,AG51*5%)))) -> 0 | AI51: =ROUND(IF(E51=0,AH51*120%,AH51),0) -> 0 | AJ51: =+'PAJAK JAN-NOV'!R48 -> 123844 | AK51: =IF(AH51<=AJ51,0,IF(AH51>AJ51,AH51-AJ51)) -> 0 | AL51: =+'PAJAK JAN-NOV'!B48 -> ROSMINI | AM51: =AJ51-AI51 -> 123844
B52: 47 | C52: =+PERBULAN!B52 -> KURI | D52: 1902051707730004 | E52: 97.228.658.7-305.000 | F52: AIR BATU BUDING RT. 003 RW. 002 DESA AIR BATU BUDING KEC. BADAU | G52: KARYAWAN PERAWATAN | H52: L | I52: K/1 | J52: =IF(ISBLANK(I52),"",IF(OR(I52="TK/0",I52="TK/1",I52="K/0"),"TER A",IF(I52="K/3","TER C","TER B"))) -> TER B | K52: 1 | L52: 12 | M52: 3747380 | N52: 196300 | P52: 191935.04 | R52: =SUM(M52:Q52) -> 4135615 | S52: =+SETAHUN!J52 -> 4101600 | T52: =+SETAHUN!L52 -> 200000 | V52: =+SETAHUN!G52+M52+N52 -> 47354907 | X52: =+SETAHUN!W52+P52 -> 2296914.9 | Y52: 0 | Z52: 0 | AA52: =SUM(S52:U52) -> 4301600 | AB52: =SUM(V52:AA52) -> 53953422 | AC52: =ROUND(IF((AB52)*5%>6000000,6000000,(AB52)*5%),0) -> 2697671 | AD52: =('ASTEK 2% -DIISI SMPAI DESEMBER'!O170+'ASTEK 2% -DIISI SMPAI DESEMBER'!O51) -> 1411578 | AE52: =AB52-AC52-AD52 -> 49844173 | AF52: =IFERROR(VLOOKUP(I52,TARIF,3,FALSE),0) -> 63000000 | AG52: =ROUNDDOWN(IF(AE52<=AF52,0,IF(AE52>AF52,AE52-AF52)),-3) -> 0 | AH52: =IF(AG52>5000000000,AG52*35%-306000000,IF(AG52>500000000,AG52*30%-56000000,IF(AG52>250000000,AG52*25%-31000000,IF(AG52>60000000,AG52*15%-6000000,AG52*5%)))) -> 0 | AI52: =ROUND(IF(E52=0,AH52*120%,AH52),0) -> 0 | AJ52: =+'PAJAK JAN-NOV'!R49 -> 82604 | AK52: =IF(AH52<=AJ52,0,IF(AH52>AJ52,AH52-AJ52)) -> 0 | AL52: =+'PAJAK JAN-NOV'!B49 -> KURI | AM52: =AJ52-AI52 -> 82604
B53: 48 | C53: =+PERBULAN!B53 -> BASTIAR | D53: 1906041606760002 | E53: - | F53: DSN BUDING RT. 001 RW. 001 DESA BUDING KEC. KELAPA KAMPIT | G53: KARYAWAN PERAWATAN | H53: L | I53: K/1 | J53: =IF(ISBLANK(I53),"",IF(OR(I53="TK/0",I53="TK/1",I53="K/0"),"TER A",IF(I53="K/3","TER C","TER B"))) -> TER B | K53: 1 | L53: 12 | M53: 3876600 | N53: 153000 | P53: 188934.24 | R53: =SUM(M53:Q53) -> 4218534.2 | S53: =+SETAHUN!J53 -> 4026600 | T53: =+SETAHUN!L53 -> 200000 | V53: =+SETAHUN!G53+M53+N53 -> 45460886 | X53: =+SETAHUN!W53+P53 -> 2264404.1 | Y53: 0 | Z53: 0 | AA53: =SUM(S53:U53) -> 4226600 | AB53: =SUM(V53:AA53) -> 51951890 | AC53: =ROUND(IF((AB53)*5%>6000000,6000000,(AB53)*5%),0) -> 2597595 | AD53: =('ASTEK 2% -DIISI SMPAI DESEMBER'!O171+'ASTEK 2% -DIISI SMPAI DESEMBER'!O52) -> 1399968 | AE53: =AB53-AC53-AD53 -> 47954327 | AF53: =IFERROR(VLOOKUP(I53,TARIF,3,FALSE),0) -> 63000000 | AG53: =ROUNDDOWN(IF(AE53<=AF53,0,IF(AE53>AF53,AE53-AF53)),-3) -> 0 | AH53: =IF(AG53>5000000000,AG53*35%-306000000,IF(AG53>500000000,AG53*30%-56000000,IF(AG53>250000000,AG53*25%-31000000,IF(AG53>60000000,AG53*15%-6000000,AG53*5%)))) -> 0 | AI53: =ROUND(IF(E53=0,AH53*120%,AH53),0) -> 0 | AJ53: =+'PAJAK JAN-NOV'!R50 -> 81084 | AK53: =IF(AH53<=AJ53,0,IF(AH53>AJ53,AH53-AJ53)) -> 0 | AL53: =+'PAJAK JAN-NOV'!B50 -> BASTIAR | AM53: =AJ53-AI53 -> 81084
B54: 49 | C54: =+PERBULAN!B54 -> ADIYANSA | D54: 1902040909960002 | E54: - | F54: SUNGAI PADANG RT. 008 RW. 004 DESA SUNGAI PADANG KEC. SIJUK | G54: KARYAWAN PERAWATAN | H54: L | I54: K/1 | J54: =IF(ISBLANK(I54),"",IF(OR(I54="TK/0",I54="TK/1",I54="K/0"),"TER A",IF(I54="K/3","TER C","TER B"))) -> TER B | K54: 1 | L54: 12 | M54: 3876600 | N54: 187500 | P54: 188643.84 | R54: =SUM(M54:Q54) -> 4252743.8 | S54: =+SETAHUN!J54 -> 4034100 | T54: =+SETAHUN!L54 -> 200000 | V54: =+SETAHUN!G54+M54+N54 -> 48776318 | X54: =+SETAHUN!W54+P54 -> 2262067.7 | Y54: 0 | Z54: 0 | AA54: =SUM(S54:U54) -> 4234100 | AB54: =SUM(V54:AA54) -> 55272486 | AC54: =ROUND(IF((AB54)*5%>6000000,6000000,(AB54)*5%),0) -> 2763624 | AD54: =('ASTEK 2% -DIISI SMPAI DESEMBER'!O172+'ASTEK 2% -DIISI SMPAI DESEMBER'!O53) -> 1399338 | AE54: =AB54-AC54-AD54 -> 51109524 | AF54: =IFERROR(VLOOKUP(I54,TARIF,3,FALSE),0) -> 63000000 | AG54: =ROUNDDOWN(IF(AE54<=AF54,0,IF(AE54>AF54,AE54-AF54)),-3) -> 0 | AH54: =IF(AG54>5000000000,AG54*35%-306000000,IF(AG54>500000000,AG54*30%-56000000,IF(AG54>250000000,AG54*25%-31000000,IF(AG54>60000000,AG54*15%-6000000,AG54*5%)))) -> 0 | AI54: =ROUND(IF(E54=0,AH54*120%,AH54),0) -> 0 | AJ54: =+'PAJAK JAN-NOV'!R51 -> 83904 | AK54: =IF(AH54<=AJ54,0,IF(AH54>AJ54,AH54-AJ54)) -> 0 | AL54: =+'PAJAK JAN-NOV'!B51 -> ADIYANSA | AM54: =AJ54-AI54 -> 83904
B55: 50 | C55: =+PERBULAN!B55 -> RUDI SETIAWAN | D55: 1902052104980001 | E55: 12.751.440.4-305.000 | F55: JL. MANGGAR PARIT GUNUNG DS. AIR BATU BUDING KEC. BADAU KAB. BELITUNG | G55: KARYAWAN PERAWATAN | H55: L | I55: TK/0 | J55: =IF(ISBLANK(I55),"",IF(OR(I55="TK/0",I55="TK/1",I55="K/0"),"TER A",IF(I55="K/3","TER C","TER B"))) -> TER A | K55: 1 | L55: 12 | M55: 3876600 | N55: 75000 | P55: 187990.44 | R55: =SUM(M55:Q55) -> 4139590.4 | S55: =+SETAHUN!J55 -> 3949100 | T55: =+SETAHUN!L55 -> 200000 | V55: =+SETAHUN!G55+M55+N55 -> 46983815 | X55: =+SETAHUN!W55+P55 -> 2254302.3 | Y55: 0 | Z55: 0 | AA55: =SUM(S55:U55) -> 4149100 | AB55: =SUM(V55:AA55) -> 53387217 | AC55: =ROUND(IF((AB55)*5%>6000000,6000000,(AB55)*5%),0) -> 2669361 | AD55: =('ASTEK 2% -DIISI SMPAI DESEMBER'!O173+'ASTEK 2% -DIISI SMPAI DESEMBER'!O54) -> 1396533 | AE55: =AB55-AC55-AD55 -> 49321323 | AF55: =IFERROR(VLOOKUP(I55,TARIF,3,FALSE),0) -> 54000000 | AG55: =ROUNDDOWN(IF(AE55<=AF55,0,IF(AE55>AF55,AE55-AF55)),-3) -> 0 | AH55: =IF(AG55>5000000000,AG55*35%-306000000,IF(AG55>500000000,AG55*30%-56000000,IF(AG55>250000000,AG55*25%-31000000,IF(AG55>60000000,AG55*15%-6000000,AG55*5%)))) -> 0 | AI55: =ROUND(IF(E55=0,AH55*120%,AH55),0) -> 0 | AJ55: =+'PAJAK JAN-NOV'!R52 -> 121290 | AK55: =IF(AH55<=AJ55,0,IF(AH55>AJ55,AH55-AJ55)) -> 0 | AL55: =+'PAJAK JAN-NOV'!B52 -> RUDI SETIAWAN | AM55: =AJ55-AI55 -> 121290
B56: 51 | C56: =+PERBULAN!B56 -> MARYANTO | D56: 1906040106730002 | E56: 97.228.630.6-305.000 | F56: DSN BUDING RT. 003 RW. 001 DESA BUDING KEC. KELAPA KAMPIT | G56: KARYAWAN PERAWATAN | H56: L | I56: K/0 | J56: =IF(ISBLANK(I56),"",IF(OR(I56="TK/0",I56="TK/1",I56="K/0"),"TER A",IF(I56="K/3","TER C","TER B"))) -> TER A | K56: 1 | L56: 12 | M56: 3876600 | N56: 161500 | P56: 190071.64 | R56: =SUM(M56:Q56) -> 4228171.6 | S56: =+SETAHUN!J56 -> 4034600 | T56: =+SETAHUN!L56 -> 200000 | V56: =+SETAHUN!G56+M56+N56 -> 48766966 | X56: =+SETAHUN!W56+P56 -> 2276966.3 | Y56: 0 | Z56: 0 | AA56: =SUM(S56:U56) -> 4234600 | AB56: =SUM(V56:AA56) -> 55278533 | AC56: =ROUND(IF((AB56)*5%>6000000,6000000,(AB56)*5%),0) -> 2763927 | AD56: =('ASTEK 2% -DIISI SMPAI DESEMBER'!O174+'ASTEK 2% -DIISI SMPAI DESEMBER'!O55) -> 1404333 | AE56: =AB56-AC56-AD56 -> 51110273 | AF56: =IFERROR(VLOOKUP(I56,TARIF,3,FALSE),0) -> 58500000 | AG56: =ROUNDDOWN(IF(AE56<=AF56,0,IF(AE56>AF56,AE56-AF56)),-3) -> 0 | AH56: =IF(AG56>5000000000,AG56*35%-306000000,IF(AG56>500000000,AG56*30%-56000000,IF(AG56>250000000,AG56*25%-31000000,IF(AG56>60000000,AG56*15%-6000000,AG56*5%)))) -> 0 | AI56: =ROUND(IF(E56=0,AH56*120%,AH56),0) -> 0 | AJ56: =+'PAJAK JAN-NOV'!R53 -> 125874 | AK56: =IF(AH56<=AJ56,0,IF(AH56>AJ56,AH56-AJ56)) -> 0 | AL56: =+'PAJAK JAN-NOV'!B53 -> MARYANTO | AM56: =AJ56-AI56 -> 125874
B57: 52 | C57: =+PERBULAN!B57 -> SRI REJEKI | D57: 1902054407740002 | E57: 97.228.346.9-305.000 | F57: JL MANGGAR DSN PARIT GUNUNG RT. 005 RW. 003 DESA AIR BATU BUDING BADAU | G57: KARYAWAN PERAWATAN | H57: P | I57: TK/0 | J57: =IF(ISBLANK(I57),"",IF(OR(I57="TK/0",I57="TK/1",I57="K/0"),"TER A",IF(I57="K/3","TER C","TER B"))) -> TER A | K57: 1 | L57: 12 | M57: 4005820 | N57: 127250 | P57: 190410.44 | R57: =SUM(M57:Q57) -> 4323480.4 | S57: =+SETAHUN!J57 -> 3998100 | T57: =+SETAHUN!L57 -> 200000 | V57: =+SETAHUN!G57+M57+N57 -> 48382106 | X57: =+SETAHUN!W57+P57 -> 2280679.1 | Y57: 0 | Z57: 0 | AA57: =SUM(S57:U57) -> 4198100 | AB57: =SUM(V57:AA57) -> 54860885 | AC57: =ROUND(IF((AB57)*5%>6000000,6000000,(AB57)*5%),0) -> 2743044 | AD57: =('ASTEK 2% -DIISI SMPAI DESEMBER'!O175+'ASTEK 2% -DIISI SMPAI DESEMBER'!O56) -> 1405593 | AE57: =AB57-AC57-AD57 -> 50712248 | AF57: =IFERROR(VLOOKUP(I57,TARIF,3,FALSE),0) -> 54000000 | AG57: =ROUNDDOWN(IF(AE57<=AF57,0,IF(AE57>AF57,AE57-AF57)),-3) -> 0 | AH57: =IF(AG57>5000000000,AG57*35%-306000000,IF(AG57>500000000,AG57*30%-56000000,IF(AG57>250000000,AG57*25%-31000000,IF(AG57>60000000,AG57*15%-6000000,AG57*5%)))) -> 0 | AI57: =ROUND(IF(E57=0,AH57*120%,AH57),0) -> 0 | AJ57: =+'PAJAK JAN-NOV'!R54 -> 124762 | AK57: =IF(AH57<=AJ57,0,IF(AH57>AJ57,AH57-AJ57)) -> 0 | AL57: =+'PAJAK JAN-NOV'!B54 -> SRI REJEKI | AM57: =AJ57-AI57 -> 124762
B58: 53 | C58: =+PERBULAN!B58 -> SARTIKA | D58: 1902054508880002 | E58: 97.228.347.7-305.000 | F58: JL MANGGAR RT. 009 RW. 003 DESA KACANG BUTOR KEC. BADAU | G58: KARYAWAN PERAWATAN | H58: P | I58: TK/0 | J58: =IF(ISBLANK(I58),"",IF(OR(I58="TK/0",I58="TK/1",I58="K/0"),"TER A",IF(I58="K/3","TER C","TER B"))) -> TER A | K58: 1 | L58: 12 | M58: 4005820 | N58: 120250 | P58: 190071.64 | R58: =SUM(M58:Q58) -> 4316141.6 | S58: =+SETAHUN!J58 -> 3991100 | T58: =+SETAHUN!L58 -> 200000 | V58: =+SETAHUN!G58+M58+N58 -> 48561047 | X58: =+SETAHUN!W58+P58 -> 2276966.3 | Y58: 0 | Z58: 0 | AA58: =SUM(S58:U58) -> 4191100 | AB58: =SUM(V58:AA58) -> 55029114 | AC58: =ROUND(IF((AB58)*5%>6000000,6000000,(AB58)*5%),0) -> 2751456 | AD58: =('ASTEK 2% -DIISI SMPAI DESEMBER'!O176+'ASTEK 2% -DIISI SMPAI DESEMBER'!O57) -> 1404333 | AE58: =AB58-AC58-AD58 -> 50873325 | AF58: =IFERROR(VLOOKUP(I58,TARIF,3,FALSE),0) -> 54000000 | AG58: =ROUNDDOWN(IF(AE58<=AF58,0,IF(AE58>AF58,AE58-AF58)),-3) -> 0 | AH58: =IF(AG58>5000000000,AG58*35%-306000000,IF(AG58>500000000,AG58*30%-56000000,IF(AG58>250000000,AG58*25%-31000000,IF(AG58>60000000,AG58*15%-6000000,AG58*5%)))) -> 0 | AI58: =ROUND(IF(E58=0,AH58*120%,AH58),0) -> 0 | AJ58: =+'PAJAK JAN-NOV'!R55 -> 124548 | AK58: =IF(AH58<=AJ58,0,IF(AH58>AJ58,AH58-AJ58)) -> 0 | AL58: =+'PAJAK JAN-NOV'!B55 -> SARTIKA | AM58: =AJ58-AI58 -> 124548
B59: 54 | C59: =+PERBULAN!B59 -> MIRNA | D59: 1906044910940002 | E59: 55.161.258.3-305.000 | F59: DSN SELINDANG RT. 007 RW. 002 DESA SENYUBUK KEC. KELAPA KAMPIT | G59: KARYAWAN PERAWATAN | H59: P | I59: TK/0 | J59: =IF(ISBLANK(I59),"",IF(OR(I59="TK/0",I59="TK/1",I59="K/0"),"TER A",IF(I59="K/3","TER C","TER B"))) -> TER A | K59: 1 | L59: 12 | M59: 3876600 | N59: 104000 | P59: 189394.04 | R59: =SUM(M59:Q59) -> 4169994 | S59: =+SETAHUN!J59 -> 3977100 | T59: =+SETAHUN!L59 -> 200000 | V59: =+SETAHUN!G59+M59+N59 -> 46296528 | X59: =+SETAHUN!W59+P59 -> 2269879.5 | Y59: 0 | Z59: 0 | AA59: =SUM(S59:U59) -> 4177100 | AB59: =SUM(V59:AA59) -> 52743507 | AC59: =ROUND(IF((AB59)*5%>6000000,6000000,(AB59)*5%),0) -> 2637175 | AD59: =('ASTEK 2% -DIISI SMPAI DESEMBER'!O177+'ASTEK 2% -DIISI SMPAI DESEMBER'!O58) -> 1402023 | AE59: =AB59-AC59-AD59 -> 48704309 | AF59: =IFERROR(VLOOKUP(I59,TARIF,3,FALSE),0) -> 54000000 | AG59: =ROUNDDOWN(IF(AE59<=AF59,0,IF(AE59>AF59,AE59-AF59)),-3) -> 0 | AH59: =IF(AG59>5000000000,AG59*35%-306000000,IF(AG59>500000000,AG59*30%-56000000,IF(AG59>250000000,AG59*25%-31000000,IF(AG59>60000000,AG59*15%-6000000,AG59*5%)))) -> 0 | AI59: =ROUND(IF(E59=0,AH59*120%,AH59),0) -> 0 | AJ59: =+'PAJAK JAN-NOV'!R56 -> 124119 | AK59: =IF(AH59<=AJ59,0,IF(AH59>AJ59,AH59-AJ59)) -> 0 | AL59: =+'PAJAK JAN-NOV'!B56 -> MIRNA | AM59: =AJ59-AI59 -> 124119
... B63: 58 | C63: =+PERBULAN!B63 -> AGUSTIONO | D63: 1902013101810007 | E63: 97.237.680.0-305.000 | F63: JL MERDEKA NO. 37 RT. 009 RW. 002 KOTA TANJUNGPANDAN KEC. TANJUNGPANDAN | G63: KARYAWAN PERAWATAN | H63: L | I63: K/2 | J63: =IF(ISBLANK(I63),"",IF(OR(I63="TK/0",I63="TK/1",I63="K/0"),"TER A",IF(I63="K/3","TER C","TER B"))) -> TER B | K63: 1 | L63: 12 | M63: 4005820 | N63: 222550 | P63: 190071.64 | R63: =SUM(M63:Q63) -> 4418441.6 | S63: =+SETAHUN!J63 -> 4093600 | T63: =+SETAHUN!L63 -> 200000 | V63: =+SETAHUN!G63+M63+N63 -> 49522859 | X63: =+SETAHUN!W63+P63 -> 2278314.5 | Y63: 0 | Z63: 0 | AA63: =SUM(S63:U63) -> 4293600 | AB63: =SUM(V63:AA63) -> 56094774 | AC63: =ROUND(IF((AB63)*5%>6000000,6000000,(AB63)*5%),0) -> 2804739 | AD63: =('ASTEK 2% -DIISI SMPAI DESEMBER'!O181+'ASTEK 2% -DIISI SMPAI DESEMBER'!O62) -> 1404648 | AE63: =AB63-AC63-AD63 -> 51885387 | AF63: =IFERROR(VLOOKUP(I63,TARIF,3,FALSE),0) -> 67500000 | AG63: =ROUNDDOWN(IF(AE63<=AF63,0,IF(AE63>AF63,AE63-AF63)),-3) -> 0 | AH63: =IF(AG63>5000000000,AG63*35%-306000000,IF(AG63>500000000,AG63*30%-56000000,IF(AG63>250000000,AG63*25%-31000000,IF(AG63>60000000,AG63*15%-6000000,AG63*5%)))) -> 0 | AI63: =ROUND(IF(E63=0,AH63*120%,AH63),0) -> 0 | AJ63: =+'PAJAK JAN-NOV'!R60 -> 85116 | AK63: =IF(AH63<=AJ63,0,IF(AH63>AJ63,AH63-AJ63)) -> 0 | AL63: =+'PAJAK JAN-NOV'!B60 -> AGUSTIONO | AM63: =AJ63-AI63 -> 85116
B64: 59 | C64: =+PERBULAN!B64 -> TONGAM PARNINGTON SAMOSIR | D64: 1902011302790002 | E64: 97.237.703.0-305.000 | F64: JL MERPATI III NO. 150 PERUMNAS RT. 012 RW. 002 DESA AIK PELEMPANG JAYA KEC. TANJUNGPANDAN | G64: KARYAWAN PERAWATAN | H64: L | I64: K/3 | J64: =IF(ISBLANK(I64),"",IF(OR(I64="TK/0",I64="TK/1",I64="K/0"),"TER A",IF(I64="K/3","TER C","TER B"))) -> TER C | K64: 1 | L64: 12 | M64: 3747380 | N64: 204450 | O64: 4086600 | P64: 189732.84 | R64: =SUM(M64:Q64) -> 8228162.8 | S64: =+O64 -> 4086600 | T64: =+SETAHUN!L64 -> 200000 | V64: =+SETAHUN!G64+M64+N64 -> 46373315 | X64: =+SETAHUN!W64+P64 -> 2273084.1 | Y64: 0 | Z64: 0 | AA64: =SUM(S64:U64) -> 4286600 | AB64: =SUM(V64:AA64) -> 52932999 | AC64: =ROUND(IF((AB64)*5%>6000000,6000000,(AB64)*5%),0) -> 2646650 | AD64: =('ASTEK 2% -DIISI SMPAI DESEMBER'!O182+'ASTEK 2% -DIISI SMPAI DESEMBER'!O63) -> 1402968 | AE64: =AB64-AC64-AD64 -> 48883381 | AF64: =IFERROR(VLOOKUP(I64,TARIF,3,FALSE),0) -> 72000000 | AG64: =ROUNDDOWN(IF(AE64<=AF64,0,IF(AE64>AF64,AE64-AF64)),-3) -> 0 | AH64: =IF(AG64>5000000000,AG64*35%-306000000,IF(AG64>500000000,AG64*30%-56000000,IF(AG64>250000000,AG64*25%-31000000,IF(AG64>60000000,AG64*15%-6000000,AG64*5%)))) -> 0 | AI64: =ROUND(IF(E64=0,AH64*120%,AH64),0) -> 0 | AJ64: =+'PAJAK JAN-NOV'!R61 -> 0 | AK64: =IF(AH64<=AJ64,0,IF(AH64>AJ64,AH64-AJ64)) -> 0 | AL64: =+'PAJAK JAN-NOV'!B61 -> TONGAM PARNINGTON SAMOSIR | AM64: =AJ64-AI64 -> 0
B65: 60 | C65: =+PERBULAN!B65 -> ANUAR | D65: 1902050606870001 | E65: 97.387.489.4-305.000 | F65: JL MANGGAR RT. 007 RW. 002 DESA KACANG BUTOR KEC. BADAU | G65: KARYAWAN PERAWATAN | H65: L | I65: TK/0 | J65: =IF(ISBLANK(I65),"",IF(OR(I65="TK/0",I65="TK/1",I65="K/0"),"TER A",IF(I65="K/3","TER C","TER B"))) -> TER A | K65: 1 | L65: 12 | M65: 3747380 | N65: 115750 | P65: 190071.64 | R65: =SUM(M65:Q65) -> 4053201.6 | S65: =+SETAHUN!J65 -> 3994600 | T65: =+SETAHUN!L65 -> 200000 | V65: =+SETAHUN!G65+M65+N65 -> 47409319 | X65: =+SETAHUN!W65+P65 -> 2278314.5 | Y65: 0 | Z65: 0 | AA65: =SUM(S65:U65) -> 4194600 | AB65: =SUM(V65:AA65) -> 53882234 | AC65: =ROUND(IF((AB65)*5%>6000000,6000000,(AB65)*5%),0) -> 2694112 | AD65: =('ASTEK 2% -DIISI SMPAI DESEMBER'!O183+'ASTEK 2% -DIISI SMPAI DESEMBER'!O64) -> 1404648 | AE65: =AB65-AC65-AD65 -> 49783474 | AF65: =IFERROR(VLOOKUP(I65,TARIF,3,FALSE),0) -> 54000000 | AG65: =ROUNDDOWN(IF(AE65<=AF65,0,IF(AE65>AF65,AE65-AF65)),-3) -> 0 | AH65: =IF(AG65>5000000000,AG65*35%-306000000,IF(AG65>500000000,AG65*30%-56000000,IF(AG65>250000000,AG65*25%-31000000,IF(AG65>60000000,AG65*15%-6000000,AG65*5%)))) -> 0 | AI65: =ROUND(IF(E65=0,AH65*120%,AH65),0) -> 0 | AJ65: =+'PAJAK JAN-NOV'!R62 -> 122683 | AK65: =IF(AH65<=AJ65,0,IF(AH65>AJ65,AH65-AJ65)) -> 0 | AL65: =+'PAJAK JAN-NOV'!B62 -> ANUAR | AM65: =AJ65-AI65 -> 122683
B66: 61 | C66: =+PERBULAN!B66 -> YUNIAR ANDRIANTI | D66: 1906044706830002 | E66: 97.228.537.3-305.000 | F66: DSN CENDIL RT. 002 RW. 001 DESA CENDIL KEC. KELAPA KAMPIT | G66: KARYAWAN PERAWATAN | H66: P | I66: TK/0 | J66: =IF(ISBLANK(I66),"",IF(OR(I66="TK/0",I66="TK/1",I66="K/0"),"TER A",IF(I66="K/3","TER C","TER B"))) -> TER A | K66: 1 | L66: 12 | M66: 3747380 | N66: 115750 | P66: 190071.64 | R66: =SUM(M66:Q66) -> 4053201.6 | S66: =+SETAHUN!J66 -> 3991100 | T66: =+SETAHUN!L66 -> 200000 | V66: =+SETAHUN!G66+M66+N66 -> 44616947 | X66: =+SETAHUN!W66+P66 -> 2276966.3 | Y66: 0 | Z66: 0 | AA66: =SUM(S66:U66) -> 4191100 | AB66: =SUM(V66:AA66) -> 51085014 | AC66: =ROUND(IF((AB66)*5%>6000000,6000000,(AB66)*5%),0) -> 2554251 | AD66: =('ASTEK 2% -DIISI SMPAI DESEMBER'!O184+'ASTEK 2% -DIISI SMPAI DESEMBER'!O65) -> 1404333 | AE66: =AB66-AC66-AD66 -> 47126430 | AF66: =IFERROR(VLOOKUP(I66,TARIF,3,FALSE),0) -> 54000000 | AG66: =ROUNDDOWN(IF(AE66<=AF66,0,IF(AE66>AF66,AE66-AF66)),-3) -> 0 | AH66: =IF(AG66>5000000000,AG66*35%-306000000,IF(AG66>500000000,AG66*30%-56000000,IF(AG66>250000000,AG66*25%-31000000,IF(AG66>60000000,AG66*15%-6000000,AG66*5%)))) -> 0 | AI66: =ROUND(IF(E66=0,AH66*120%,AH66),0) -> 0 | AJ66: =+'PAJAK JAN-NOV'!R63 -> 116659 | AK66: =IF(AH66<=AJ66,0,IF(AH66>AJ66,AH66-AJ66)) -> 0 | AL66: =+'PAJAK JAN-NOV'!B63 -> YUNIAR ANDRIANTI | AM66: =AJ66-AI66 -> 116659
B67: 62 | C67: =+PERBULAN!B67 -> LISA JAYANTI | D67: 1906046903880004 | E67: 97-237-522-4-305-000 | F67: DSN. BUKIT JAYA RT 011/004 DESA BUDING KEC. KELAPA KAMPIT | G67: KARYAWAN PERAWATAN | H67: P | I67: TK/0 | J67: =IF(ISBLANK(I67),"",IF(OR(I67="TK/0",I67="TK/1",I67="K/0"),"TER A",IF(I67="K/3","TER C","TER B"))) -> TER A | K67: 1 | L67: 12 | M67: 3747380 | N67: 105250 | P67: 189563.44 | R67: =SUM(M67:Q67) -> 4042193.4 | S67: =+SETAHUN!J67 -> 3980600 | T67: =+SETAHUN!L67 -> 200000 | V67: =+SETAHUN!G67+M67+N67 -> 45276267 | X67: =+SETAHUN!W67+P67 -> 2271227.7 | Y67: 0 | Z67: 0 | AA67: =SUM(S67:U67) -> 4180600 | AB67: =SUM(V67:AA67) -> 51728094 | AC67: =ROUND(IF((AB67)*5%>6000000,6000000,(AB67)*5%),0) -> 2586405 | AD67: =('ASTEK 2% -DIISI SMPAI DESEMBER'!O185+'ASTEK 2% -DIISI SMPAI DESEMBER'!O66) -> 1402338 | AE67: =AB67-AC67-AD67 -> 47739351 | AF67: =IFERROR(VLOOKUP(I67,TARIF,3,FALSE),0) -> 54000000 | AG67: =ROUNDDOWN(IF(AE67<=AF67,0,IF(AE67>AF67,AE67-AF67)),-3) -> 0 | AH67: =IF(AG67>5000000000,AG67*35%-306000000,IF(AG67>500000000,AG67*30%-56000000,IF(AG67>250000000,AG67*25%-31000000,IF(AG67>60000000,AG67*15%-6000000,AG67*5%)))) -> 0 | AI67: =ROUND(IF(E67=0,AH67*120%,AH67),0) -> 0 | AJ67: =+'PAJAK JAN-NOV'!R64 -> 120282 | AK67: =IF(AH67<=AJ67,0,IF(AH67>AJ67,AH67-AJ67)) -> 0 | AL67: =+'PAJAK JAN-NOV'!B64 -> LISA JAYANTI | AM67: =AJ67-AI67 -> 120282
B68: 63 | C68: =+PERBULAN!B68 -> RUSDIN | D68: 1902052108790002 | E68: 97.228.326.1-305-000 | F68: DESA KACANG BUTOR RT/RW 003/001 KEC.BADAU | G68: KARYAWAN PERAWATAN | H68: L | I68: K/2 | J68: =IF(ISBLANK(I68),"",IF(OR(I68="TK/0",I68="TK/1",I68="K/0"),"TER A",IF(I68="K/3","TER C","TER B"))) -> TER B | K68: 1 | L68: 12 | M68: 3876600 | N68: 220500 | P68: 190241.04 | R68: =SUM(M68:Q68) -> 4287341 | S68: =+SETAHUN!J68 -> 4093600 | T68: =+SETAHUN!L68 -> 600000 | V68: =+SETAHUN!G68+M68+N68 -> 48987279 | X68: =+SETAHUN!W68+P68 -> 2278483.9 | Y68: 0 | Z68: 0 | AA68: =SUM(S68:U68) -> 4693600 | AB68: =SUM(V68:AA68) -> 55959363 | AC68: =ROUND(IF((AB68)*5%>6000000,6000000,(AB68)*5%),0) -> 2797968 | AD68: =('ASTEK 2% -DIISI SMPAI DESEMBER'!O186+'ASTEK 2% -DIISI SMPAI DESEMBER'!O67) -> 1404753 | AE68: =AB68-AC68-AD68 -> 51756642 | AF68: =IFERROR(VLOOKUP(I68,TARIF,3,FALSE),0) -> 67500000 | AG68: =ROUNDDOWN(IF(AE68<=AF68,0,IF(AE68>AF68,AE68-AF68)),-3) -> 0 | AH68: =IF(AG68>5000000000,AG68*35%-306000000,IF(AG68>500000000,AG68*30%-56000000,IF(AG68>250000000,AG68*25%-31000000,IF(AG68>60000000,AG68*15%-6000000,AG68*5%)))) -> 0 | AI68: =ROUND(IF(E68=0,AH68*120%,AH68),0) -> 0 | AJ68: =+'PAJAK JAN-NOV'!R65 -> 83768 | AK68: =IF(AH68<=AJ68,0,IF(AH68>AJ68,AH68-AJ68)) -> 0 | AL68: =+'PAJAK JAN-NOV'!B65 -> RUSDIN | AM68: =AJ68-AI68 -> 83768
B69: 64 | C69: =+PERBULAN!B69 -> FREDI S | D69: 1902041501990004 | E69: - | F69: JL. SIJUK AIR KALA RT.007/RW.004 DS. PELEPAK PUTE KEC. SIJUK KAB. BELITUNG | G69: KARYAWAN PERAWATAN | H69: L | I69: TK/0 | J69: =IF(ISBLANK(I69),"",IF(OR(I69="TK/0",I69="TK/1",I69="K/0"),"TER A",IF(I69="K/3","TER C","TER B"))) -> TER A | K69: 1 | L69: 8 | R69: =SUM(M69:Q69) -> 0 | S69: =+SETAHUN!J69 -> 3946600 | T69: =+SETAHUN!L69 -> 200000 | V69: =+SETAHUN!G69+M69+N69 -> 30698619 | X69: =+SETAHUN!W69+P69 -> 1502403.5 | Y69: 0 | Z69: 0 | AA69: =SUM(S69:U69) -> 4146600 | AB69: =SUM(V69:AA69) -> 36347623 | AC69: =ROUND(IF((AB69)*5%>6000000,6000000,(AB69)*5%),0) -> 1817381 | AD69: =('ASTEK 2% -DIISI SMPAI DESEMBER'!O187+'ASTEK 2% -DIISI SMPAI DESEMBER'!O68) -> 930666 | AE69: =AB69-AC69-AD69 -> 33599576 | AF69: =IFERROR(VLOOKUP(I69,TARIF,3,FALSE),0) -> 54000000 | AG69: =ROUNDDOWN(IF(AE69<=AF69,0,IF(AE69>AF69,AE69-AF69)),-3) -> 0 | AH69: =IF(AG69>5000000000,AG69*35%-306000000,IF(AG69>500000000,AG69*30%-56000000,IF(AG69>250000000,AG69*25%-31000000,IF(AG69>60000000,AG69*15%-6000000,AG69*5%)))) -> 0 | AI69: =ROUND(IF(E69=0,AH69*120%,AH69),0) -> 0 | AJ69: =+'PAJAK JAN-NOV'!R66 -> 123186 | AK69: =IF(AH69<=AJ69,0,IF(AH69>AJ69,AH69-AJ69)) -> 0 | AL69: =+'PAJAK JAN-NOV'!B66 -> FREDI S | AM69: =AJ69-AI69 -> 123186
B70: 65 | C70: =+PERBULAN!B70 -> ARIPDAN | D70: 1906040403860001 | E70: 97.228.611.6-305.000 | F70: DSN CENDIL RT. 005 RW. 002 DS CENDIL KEC KELAPA KAMPIT | G70: OPERATOR | H70: L | I70: K/2 | J70: =IF(ISBLANK(I70),"",IF(OR(I70="TK/0",I70="TK/1",I70="K/0"),"TER A",IF(I70="K/3","TER C","TER B"))) -> TER B | K70: 1 | L70: 12 | M70: 3488940 | N70: 277350 | P70: 190071.64 | R70: =SUM(M70:Q70) -> 3956361.6 | S70: =+SETAHUN!J70 -> 4090100 | T70: =+SETAHUN!L70 -> 200000 | V70: =+SETAHUN!G70+M70+N70 -> 61102173 | X70: =+SETAHUN!W70+P70 -> 2277614.5 | Y70: 0 | Z70: 0 | AA70: =SUM(S70:U70) -> 4290100 | AB70: =SUM(V70:AA70) -> 67669888 | AC70: =ROUND(IF((AB70)*5%>6000000,6000000,(AB70)*5%),0) -> 3383494 | AD70: =('ASTEK 2% -DIISI SMPAI DESEMBER'!O188+'ASTEK 2% -DIISI SMPAI DESEMBER'!O69) -> 1404648 | AE70: =AB70-AC70-AD70 -> 62881746 | AF70: =IFERROR(VLOOKUP(I70,TARIF,3,FALSE),0) -> 67500000 | AG70: =ROUNDDOWN(IF(AE70<=AF70,0,IF(AE70>AF70,AE70-AF70)),-3) -> 0 | AH70: =IF(AG70>5000000000,AG70*35%-306000000,IF(AG70>500000000,AG70*30%-56000000,IF(AG70>250000000,AG70*25%-31000000,IF(AG70>60000000,AG70*15%-6000000,AG70*5%)))) -> 0 | AI70: =ROUND(IF(E70=0,AH70*120%,AH70),0) -> 0 | AJ70: =+'PAJAK JAN-NOV'!R67 -> 186188 | AK70: =IF(AH70<=AJ70,0,IF(AH70>AJ70,AH70-AJ70)) -> 0 | AL70: =+'PAJAK JAN-NOV'!B67 -> ARIPDAN | AM70: =AJ70-AI70 -> 186188
B71: 66 | C71: =+PERBULAN!B71 -> DEDI PURWANTO | D71: 1902013008880007 | E71: 97.228.389.9-305.000 | F71: JL KELAPA GADING RT. 017 RW. 07 KEL. PANGKAL LALANG KEC. TANJUNGPANDAN | G71: HELPER | H71: L | I71: K/1 | J71: =IF(ISBLANK(I71),"",IF(OR(I71="TK/0",I71="TK/1",I71="K/0"),"TER A",IF(I71="K/3","TER C","TER B"))) -> TER B | K71: 1 | L71: 12 | M71: 4005820 | N71: 397556.64 | P71: 190071.64 | R71: =SUM(M71:Q71) -> 4593448.3 | S71: =+SETAHUN!J71 -> 4053100 | T71: =+SETAHUN!L71 -> 600000 | V71: =+SETAHUN!G71+M71+N71 -> 62040935 | X71: =+SETAHUN!W71+P71 -> 2278314.5 | Y71: 0 | Z71: 0 | AA71: =SUM(S71:U71) -> 4653100 | AB71: =SUM(V71:AA71) -> 68972349 | AC71: =ROUND(IF((AB71)*5%>6000000,6000000,(AB71)*5%),0) -> 3448617 | AD71: =('ASTEK 2% -DIISI SMPAI DESEMBER'!O189+'ASTEK 2% -DIISI SMPAI DESEMBER'!O70) -> 1404648 | AE71: =AB71-AC71-AD71 -> 64119084 | AF71: =IFERROR(VLOOKUP(I71,TARIF,3,FALSE),0) -> 63000000 | AG71: =ROUNDDOWN(IF(AE71<=AF71,0,IF(AE71>AF71,AE71-AF71)),-3) -> 1119000 | AH71: =IF(AG71>5000000000,AG71*35%-306000000,IF(AG71>500000000,AG71*30%-56000000,IF(AG71>250000000,AG71*25%-31000000,IF(AG71>60000000,AG71*15%-6000000,AG71*5%)))) -> 55950 | AI71: =ROUND(IF(E71=0,AH71*120%,AH71),0) -> 55950 | AJ71: =+'PAJAK JAN-NOV'!R68 -> 235341 | AK71: =IF(AH71<=AJ71,0,IF(AH71>AJ71,AH71-AJ71)) -> 0 | AL71: =+'PAJAK JAN-NOV'!B68 -> DEDI PURWANTO | AM71: =AJ71-AI71 -> 179391
B72: 67 | C72: =+PERBULAN!B72 -> HARSONO | D72: 1902040412870002 | E72: 54.921.172.0.305.000 | F72: JL RAYA PELEPAK PUTE RT.004 RW 002 DES PELEPAK PUTE KEC SIJUK | G72: MANDOR | H72: L | I72: K/2 | J72: =IF(ISBLANK(I72),"",IF(OR(I72="TK/0",I72="TK/1",I72="K/0"),"TER A",IF(I72="K/3","TER C","TER B"))) -> TER B | K72: 1 | L72: 12 | M72: 3876600 | N72: 1349038.5 | P72: 190071.64 | R72: =SUM(M72:Q72) -> 5415710.1 | S72: =+SETAHUN!J72 -> 4093600 | T72: =+SETAHUN!L72 -> 200000 | V72: =+SETAHUN!G72+M72+N72 -> 58932867 | X72: =+SETAHUN!W72+P72 -> 2278314.5 | Y72: 0 | Z72: 0 | AA72: =SUM(S72:U72) -> 4293600 | AB72: =SUM(V72:AA72) -> 65504781 | AC72: =ROUND(IF((AB72)*5%>6000000,6000000,(AB72)*5%),0) -> 3275239 | AD72: =('ASTEK 2% -DIISI SMPAI DESEMBER'!O190+'ASTEK 2% -DIISI SMPAI DESEMBER'!O71) -> 1404648 | AE72: =AB72-AC72-AD72 -> 60824894 | AF72: =IFERROR(VLOOKUP(I72,TARIF,3,FALSE),0) -> 67500000 | AG72: =ROUNDDOWN(IF(AE72<=AF72,0,IF(AE72>AF72,AE72-AF72)),-3) -> 0 | AH72: =IF(AG72>5000000000,AG72*35%-306000000,IF(AG72>500000000,AG72*30%-56000000,IF(AG72>250000000,AG72*25%-31000000,IF(AG72>60000000,AG72*15%-6000000,AG72*5%)))) -> 0 | AI72: =ROUND(IF(E72=0,AH72*120%,AH72),0) -> 0 | AJ72: =+'PAJAK JAN-NOV'!R69 -> 101026 | AK72: =IF(AH72<=AJ72,0,IF(AH72>AJ72,AH72-AJ72)) -> 0 | AL72: =+'PAJAK JAN-NOV'!B69 -> HARSONO | AM72: =AJ72-AI72 -> 101026
B73: 68 | C73: =+PERBULAN!B73 -> MIKO AGNESTA | D73: 1902050308010004 | E73: - | F73: JL MANGGAR RT.009 RW.003 DESA KACANG BUTOR KEC.BADAU | G73: KERANI | H73: L | I73: TK/0 | J73: =IF(ISBLANK(I73),"",IF(OR(I73="TK/0",I73="TK/1",I73="K/0"),"TER A",IF(I73="K/3","TER C","TER B"))) -> TER A | K73: 1 | L73: 12 | M73: 3876600 | N73: 1427692.3 | P73: 187748.44 | R73: =SUM(M73:Q73) -> 5492040.7 | S73: =+SETAHUN!J73 -> 1972050 | T73: =+SETAHUN!L73 -> 150000 | V73: =+SETAHUN!G73+M73+N73 -> 59715350 | X73: =+SETAHUN!W73+P73 -> 2252013.3 | Y73: 0 | Z73: 0 | AA73: =SUM(S73:U73) -> 2122050 | AB73: =SUM(V73:AA73) -> 64089414 | AC73: =ROUND(IF((AB73)*5%>6000000,6000000,(AB73)*5%),0) -> 3204471 | AD73: =('ASTEK 2% -DIISI SMPAI DESEMBER'!O191+'ASTEK 2% -DIISI SMPAI DESEMBER'!O72) -> 1395858 | AE73: =AB73-AC73-AD73 -> 59489085 | AF73: =IFERROR(VLOOKUP(I73,TARIF,3,FALSE),0) -> 54000000 | AG73: =ROUNDDOWN(IF(AE73<=AF73,0,IF(AE73>AF73,AE73-AF73)),-3) -> 5489000 | AH73: =IF(AG73>5000000000,AG73*35%-306000000,IF(AG73>500000000,AG73*30%-56000000,IF(AG73>250000000,AG73*25%-31000000,IF(AG73>60000000,AG73*15%-6000000,AG73*5%)))) -> 274450 | AI73: =ROUND(IF(E73=0,AH73*120%,AH73),0) -> 274450 | AJ73: =+'PAJAK JAN-NOV'!R70 -> 206648 | AK73: =IF(AH73<=AJ73,0,IF(AH73>AJ73,AH73-AJ73)) -> 67802 | AL73: =+'PAJAK JAN-NOV'!B70 -> MIKO AGNESTA | AM73: =AJ73-AI73 -> -67802
B74: 69 | C74: =+PERBULAN!B74 -> HERI GUNAWAN | D74: 1902042107900002 | E74: 50.500.537.1-305.000 | F74: DSN PESARAKAN RT. 007 RW. 003 DESA CENDIL KEC. KELAPA KAMPIT | G74: KARYAWAN PANEN | H74: L | I74: K/2 | J74: =IF(ISBLANK(I74),"",IF(OR(I74="TK/0",I74="TK/1",I74="K/0"),"TER A",IF(I74="K/3","TER C","TER B"))) -> TER B | K74: 1 | L74: 12 | M74: 3747380 | N74: 870263.93 | P74: 188789.04 | R74: =SUM(M74:Q74) -> 4806433 | S74: =+SETAHUN!J74 -> 4067100 | T74: =+SETAHUN!L74 -> 200000 | V74: =+SETAHUN!G74+M74+N74 -> 46799900 | X74: =+SETAHUN!W74+P74 -> 2264018.9 | Y74: 0 | Z74: 0 | AA74: =SUM(S74:U74) -> 4267100 | AB74: =SUM(V74:AA74) -> 53331019 | AC74: =ROUND(IF((AB74)*5%>6000000,6000000,(AB74)*5%),0) -> 2666551 | AD74: =('ASTEK 2% -DIISI SMPAI DESEMBER'!O192+'ASTEK 2% -DIISI SMPAI DESEMBER'!O73) -> 1399878 | AE74: =AB74-AC74-AD74 -> 49264590 | AF74: =IFERROR(VLOOKUP(I74,TARIF,3,FALSE),0) -> 67500000 | AG74: =ROUNDDOWN(IF(AE74<=AF74,0,IF(AE74>AF74,AE74-AF74)),-3) -> 0 | AH74: =IF(AG74>5000000000,AG74*35%-306000000,IF(AG74>500000000,AG74*30%-56000000,IF(AG74>250000000,AG74*25%-31000000,IF(AG74>60000000,AG74*15%-6000000,AG74*5%)))) -> 0 | AI74: =ROUND(IF(E74=0,AH74*120%,AH74),0) -> 0 | AJ74: =+'PAJAK JAN-NOV'!R71 -> 82003 | AK74: =IF(AH74<=AJ74,0,IF(AH74>AJ74,AH74-AJ74)) -> 0 | AL74: =+'PAJAK JAN-NOV'!B71 -> HERI GUNAWAN | AM74: =AJ74-AI74 -> 82003
B75: 70 | C75: =+PERBULAN!B75 -> LEPI ERWANSYAH | D75: 1902042812860001 | E75: - | F75: PELEPAK PUTIH RT. 004 RW. 002 DESA PELEPAK PUTE KEC. SIJUK | G75: KARYAWAN PANEN | H75: L | I75: K/2 | J75: =IF(ISBLANK(I75),"",IF(OR(I75="TK/0",I75="TK/1",I75="K/0"),"TER A",IF(I75="K/3","TER C","TER B"))) -> TER B | K75: 1 | L75: 12 | M75: 4005820 | N75: 1228576.4 | P75: 188934.24 | R75: =SUM(M75:Q75) -> 5423330.6 | S75: =+SETAHUN!J75 -> 4067100 | T75: =+SETAHUN!L75 -> 200000 | V75: =+SETAHUN!G75+M75+N75 -> 49655549 | X75: =+SETAHUN!W75+P75 -> 2264549.3 | Y75: 0 | Z75: 0 | AA75: =SUM(S75:U75) -> 4267100 | AB75: =SUM(V75:AA75) -> 56187199 | AC75: =ROUND(IF((AB75)*5%>6000000,6000000,(AB75)*5%),0) -> 2809360 | AD75: =('ASTEK 2% -DIISI SMPAI DESEMBER'!O193+'ASTEK 2% -DIISI SMPAI DESEMBER'!O74) -> 1400058 | AE75: =AB75-AC75-AD75 -> 51977781 | AF75: =IFERROR(VLOOKUP(I75,TARIF,3,FALSE),0) -> 67500000 | AG75: =ROUNDDOWN(IF(AE75<=AF75,0,IF(AE75>AF75,AE75-AF75)),-3) -> 0 | AH75: =IF(AG75>5000000000,AG75*35%-306000000,IF(AG75>500000000,AG75*30%-56000000,IF(AG75>250000000,AG75*25%-31000000,IF(AG75>60000000,AG75*15%-6000000,AG75*5%)))) -> 0 | AI75: =ROUND(IF(E75=0,AH75*120%,AH75),0) -> 0 | AJ75: =+'PAJAK JAN-NOV'!R72 -> 83683 | AK75: =IF(AH75<=AJ75,0,IF(AH75>AJ75,AH75-AJ75)) -> 0 | AL75: =+'PAJAK JAN-NOV'!B72 -> LEPI ERWANSYAH | AM75: =AJ75-AI75 -> 83683
B76: 71 | C76: =+PERBULAN!B76 -> NOVA RIZAL | D76: 1902042411770002 | E76: 95.590.256.4-305.000 | F76: DSN SIMPANG EMPAT RT. 011 RW. 006 DESA SIJUK KEC. SIJUK | G76: KARYAWAN PANEN | H76: L | I76: K/2 | J76: =IF(ISBLANK(I76),"",IF(OR(I76="TK/0",I76="TK/1",I76="K/0"),"TER A",IF(I76="K/3","TER C","TER B"))) -> TER B | K76: 1 | L76: 7 | R76: =SUM(M76:Q76) -> 0 | S76: =+SETAHUN!J76 -> 4067100 | T76: =+SETAHUN!L76 -> 200000 | V76: =+SETAHUN!G76+M76+N76 -> 23653497 | X76: =+SETAHUN!W76+P76 -> 1320313.7 | Y76: 0 | Z76: 0 | AA76: =SUM(S76:U76) -> 4267100 | AB76: =SUM(V76:AA76) -> 29240911 | AC76: =ROUND(IF((AB76)*5%>6000000,6000000,(AB76)*5%),0) -> 1462046 | AD76: =('ASTEK 2% -DIISI SMPAI DESEMBER'!O194+'ASTEK 2% -DIISI SMPAI DESEMBER'!O75) -> 814788 | AE76: =AB76-AC76-AD76 -> 26964077 | AF76: =IFERROR(VLOOKUP(I76,TARIF,3,FALSE),0) -> 67500000 | AG76: =ROUNDDOWN(IF(AE76<=AF76,0,IF(AE76>AF76,AE76-AF76)),-3) -> 0 | AH76: =IF(AG76>5000000000,AG76*35%-306000000,IF(AG76>500000000,AG76*30%-56000000,IF(AG76>250000000,AG76*25%-31000000,IF(AG76>60000000,AG76*15%-6000000,AG76*5%)))) -> 0 | AI76: =ROUND(IF(E76=0,AH76*120%,AH76),0) -> 0 | AJ76: =+'PAJAK JAN-NOV'!R73 -> 83630 | AK76: =IF(AH76<=AJ76,0,IF(AH76>AJ76,AH76-AJ76)) -> 0 | AL76: =+'PAJAK JAN-NOV'!B73 -> NOVA RIZAL | AM76: =AJ76-AI76 -> 83630
B77: 72 | C77: =+PERBULAN!B77 -> MASKUR | D77: 1902041312730001 | E77: - | F77: PELEPAK PUTE RT. 001 RW. 001 DESA PELEPAK PUTE KEC. SIJUK | G77: KARYAWAN PANEN | H77: L | I77: K/1 | J77: =IF(ISBLANK(I77),"",IF(OR(I77="TK/0",I77="TK/1",I77="K/0"),"TER A",IF(I77="K/3","TER C","TER B"))) -> TER B | K77: 1 | L77: 12 | M77: 3876600 | N77: 1606765.9 | P77: 188789.04 | R77: =SUM(M77:Q77) -> 5672155 | S77: =+SETAHUN!J77 -> 4040100 | T77: =+SETAHUN!L77 -> 200000 | V77: =+SETAHUN!G77+M77+N77 -> 51758048 | X77: =+SETAHUN!W77+P77 -> 2264018.9 | Y77: 0 | Z77: 0 | AA77: =SUM(S77:U77) -> 4240100 | AB77: =SUM(V77:AA77) -> 58262167 | AC77: =ROUND(IF((AB77)*5%>6000000,6000000,(AB77)*5%),0) -> 2913108 | AD77: =('ASTEK 2% -DIISI SMPAI DESEMBER'!O195+'ASTEK 2% -DIISI SMPAI DESEMBER'!O76) -> 1399878 | AE77: =AB77-AC77-AD77 -> 53949181 | AF77: =IFERROR(VLOOKUP(I77,TARIF,3,FALSE),0) -> 63000000 | AG77: =ROUNDDOWN(IF(AE77<=AF77,0,IF(AE77>AF77,AE77-AF77)),-3) -> 0 | AH77: =IF(AG77>5000000000,AG77*35%-306000000,IF(AG77>500000000,AG77*30%-56000000,IF(AG77>250000000,AG77*25%-31000000,IF(AG77>60000000,AG77*15%-6000000,AG77*5%)))) -> 0 | AI77: =ROUND(IF(E77=0,AH77*120%,AH77),0) -> 0 | AJ77: =+'PAJAK JAN-NOV'!R74 -> 84307 | AK77: =IF(AH77<=AJ77,0,IF(AH77>AJ77,AH77-AJ77)) -> 0 | AL77: =+'PAJAK JAN-NOV'!B74 -> MASKUR | AM77: =AJ77-AI77 -> 84307
B78: 73 | C78: =+PERBULAN!B78 -> SUTRISNO | D78: 1906041212900001 | E78: 97.228.621.5-305.000 | F78: DSN AIK KALAK RT. 006 RW. 003 DESA PELEPAK PUTE KEC. SIJUK | G78: KARYAWAN PANEN | H78: L | I78: K/0 | J78: =IF(ISBLANK(I78),"",IF(OR(I78="TK/0",I78="TK/1",I78="K/0"),"TER A",IF(I78="K/3","TER C","TER B"))) -> TER A | K78: 1 | L78: 12 | M78: 3747380 | N78: 1010720.1 | P78: 190241.04 | R78: =SUM(M78:Q78) -> 4948341.1 | S78: =+SETAHUN!J78 -> 4024600 | T78: =+SETAHUN!L78 -> 200000 | V78: =+SETAHUN!G78+M78+N78 -> 47134220 | X78: =+SETAHUN!W78+P78 -> 2279330.9 | Y78: 0 | Z78: 0 | AA78: =SUM(S78:U78) -> 4224600 | AB78: =SUM(V78:AA78) -> 53638151 | AC78: =ROUND(IF((AB78)*5%>6000000,6000000,(AB78)*5%),0) -> 2681908 | AD78: =('ASTEK 2% -DIISI SMPAI DESEMBER'!O196+'ASTEK 2% -DIISI SMPAI DESEMBER'!O77) -> 1405278 | AE78: =AB78-AC78-AD78 -> 49550965 | AF78: =IFERROR(VLOOKUP(I78,TARIF,3,FALSE),0) -> 58500000 | AG78: =ROUNDDOWN(IF(AE78<=AF78,0,IF(AE78>AF78,AE78-AF78)),-3) -> 0 | AH78: =IF(AG78>5000000000,AG78*35%-306000000,IF(AG78>500000000,AG78*30%-56000000,IF(AG78>250000000,AG78*25%-31000000,IF(AG78>60000000,AG78*15%-6000000,AG78*5%)))) -> 0 | AI78: =ROUND(IF(E78=0,AH78*120%,AH78),0) -> 0 | AJ78: =+'PAJAK JAN-NOV'!R75 -> 123950 | AK78: =IF(AH78<=AJ78,0,IF(AH78>AJ78,AH78-AJ78)) -> 0 | AL78: =+'PAJAK JAN-NOV'!B75 -> SUTRISNO | AM78: =AJ78-AI78 -> 123950
B79: 74 | C79: =+PERBULAN!B79 -> SUHARDI | D79: 1906041712820002 | E79: 54.907.601.6-305.000 | F79: DSN BUKIT DURIAN RT. 003 RW. 002 DESA MENTAWAK KEC. KELAPA KAMPIT | G79: KARYAWAN PANEN | H79: L | I79: K/1 | J79: =IF(ISBLANK(I79),"",IF(OR(I79="TK/0",I79="TK/1",I79="K/0"),"TER A",IF(I79="K/3","TER C","TER B"))) -> TER B | K79: 1 | L79: 11 | R79: =SUM(M79:Q79) -> 0 | S79: =+SETAHUN!J79 -> 4049100 | T79: =+SETAHUN!L79 -> 200000 | V79: =+SETAHUN!G79+M79+N79 -> 39064272 | X79: =+SETAHUN!W79+P79 -> 2079687.8 | Y79: 0 | Z79: 0 | AA79: =SUM(S79:U79) -> 4249100 | AB79: =SUM(V79:AA79) -> 45393060 | AC79: =ROUND(IF((AB79)*5%>6000000,6000000,(AB79)*5%),0) -> 2269653 | AD79: =('ASTEK 2% -DIISI SMPAI DESEMBER'!O197+'ASTEK 2% -DIISI SMPAI DESEMBER'!O78) -> 1284210 | AE79: =AB79-AC79-AD79 -> 41839197 | AF79: =IFERROR(VLOOKUP(I79,TARIF,3,FALSE),0) -> 63000000 | AG79: =ROUNDDOWN(IF(AE79<=AF79,0,IF(AE79>AF79,AE79-AF79)),-3) -> 0 | AH79: =IF(AG79>5000000000,AG79*35%-306000000,IF(AG79>500000000,AG79*30%-56000000,IF(AG79>250000000,AG79*25%-31000000,IF(AG79>60000000,AG79*15%-6000000,AG79*5%)))) -> 0 | AI79: =ROUND(IF(E79=0,AH79*120%,AH79),0) -> 0 | AJ79: =+'PAJAK JAN-NOV'!R76 -> 83274 | AK79: =IF(AH79<=AJ79,0,IF(AH79>AJ79,AH79-AJ79)) -> 0 | AL79: =+'PAJAK JAN-NOV'!B76 -> SUHARDI | AM79: =AJ79-AI79 -> 83274
B80: 75 | C80: =+PERBULAN!B80 -> RUSDI | D80: 1902050104820002 | E80: 97.228.549.8-305.000 | F80: DUSUN PARIT GUNUNG RT. 006 RW. 003 DESA AIR BATU BUDING KEC. BADAU | G80: KARYAWAN PANEN | H80: L | I80: K/2 | J80: =IF(ISBLANK(I80),"",IF(OR(I80="TK/0",I80="TK/1",I80="K/0"),"TER A",IF(I80="K/3","TER C","TER B"))) -> TER B | K80: 1 | L80: 12 | M80: 3747380 | N80: 1270129 | P80: 190241.04 | R80: =SUM(M80:Q80) -> 5207750.1 | S80: =+SETAHUN!J80 -> 4093600 | T80: =+SETAHUN!L80 -> 200000 | V80: =+SETAHUN!G80+M80+N80 -> 50341477 | X80: =+SETAHUN!W80+P80 -> 2279330.9 | Y80: 0 | Z80: 0 | AA80: =SUM(S80:U80) -> 4293600 | AB80: =SUM(V80:AA80) -> 56914408 | AC80: =ROUND(IF((AB80)*5%>6000000,6000000,(AB80)*5%),0) -> 2845720 | AD80: =('ASTEK 2% -DIISI SMPAI DESEMBER'!O198+'ASTEK 2% -DIISI SMPAI DESEMBER'!O79) -> 1405278 | AE80: =AB80-AC80-AD80 -> 52663410 | AF80: =IFERROR(VLOOKUP(I80,TARIF,3,FALSE),0) -> 67500000 | AG80: =ROUNDDOWN(IF(AE80<=AF80,0,IF(AE80>AF80,AE80-AF80)),-3) -> 0 | AH80: =IF(AG80>5000000000,AG80*35%-306000000,IF(AG80>500000000,AG80*30%-56000000,IF(AG80>250000000,AG80*25%-31000000,IF(AG80>60000000,AG80*15%-6000000,AG80*5%)))) -> 0 | AI80: =ROUND(IF(E80=0,AH80*120%,AH80),0) -> 0 | AJ80: =+'PAJAK JAN-NOV'!R77 -> 85816 | AK80: =IF(AH80<=AJ80,0,IF(AH80>AJ80,AH80-AJ80)) -> 0 | AL80: =+'PAJAK JAN-NOV'!B77 -> RUSDI | AM80: =AJ80-AI80 -> 85816
B81: 76 | C81: =+PERBULAN!B81 -> MASJONI | D81: 1906042404740004 | E81: 97.228.567.0-305.000 | F81: DSN CENDIL RT. 006 RW. 002 DESA CENDIL KEC. KELAPA KAMPIT | G81: KARYAWAN PANEN | H81: L | I81: K/1 | J81: =IF(ISBLANK(I81),"",IF(OR(I81="TK/0",I81="TK/1",I81="K/0"),"TER A",IF(I81="K/3","TER C","TER B"))) -> TER B | K81: 1 | L81: 12 | M81: 3747380 | N81: 192800 | P81: 191765.64 | R81: =SUM(M81:Q81) -> 4131945.6 | S81: =+SETAHUN!J81 -> 4101600 | T81: =+SETAHUN!L81 -> 200000 | V81: =+SETAHUN!G81+M81+N81 -> 48164217 | X81: =+SETAHUN!W81+P81 -> 2295898.5 | Y81: 0 | Z81: 0 | AA81: =SUM(S81:U81) -> 4301600 | AB81: =SUM(V81:AA81) -> 54761716 | AC81: =ROUND(IF((AB81)*5%>6000000,6000000,(AB81)*5%),0) -> 2738086 | AD81: =('ASTEK 2% -DIISI SMPAI DESEMBER'!O199+'ASTEK 2% -DIISI SMPAI DESEMBER'!O80) -> 1410948 | AE81: =AB81-AC81-AD81 -> 50612682 | AF81: =IFERROR(VLOOKUP(I81,TARIF,3,FALSE),0) -> 63000000 | AG81: =ROUNDDOWN(IF(AE81<=AF81,0,IF(AE81>AF81,AE81-AF81)),-3) -> 0 | AH81: =IF(AG81>5000000000,AG81*35%-306000000,IF(AG81>500000000,AG81*30%-56000000,IF(AG81>250000000,AG81*25%-31000000,IF(AG81>60000000,AG81*15%-6000000,AG81*5%)))) -> 0 | AI81: =ROUND(IF(E81=0,AH81*120%,AH81),0) -> 0 | AJ81: =+'PAJAK JAN-NOV'!R78 -> 85719 | AK81: =IF(AH81<=AJ81,0,IF(AH81>AJ81,AH81-AJ81)) -> 0 | AL81: =+'PAJAK JAN-NOV'!B78 -> MASJONI | AM81: =AJ81-AI81 -> 85719
B82: 77 | C82: =+PERBULAN!B82 -> ROSMAN | D82: 1902042505890006 | E82: 97.228.573.8-305.000 | F82: AIR KALA RT. 023 RW. 012 DESA SIJUK KEC. SIJUK | G82: KARYAWAN PANEN | H82: L | I82: K/2 | J82: =IF(ISBLANK(I82),"",IF(OR(I82="TK/0",I82="TK/1",I82="K/0"),"TER A",IF(I82="K/3","TER C","TER B"))) -> TER B | K82: 1 | L82: 12 | M82: 4005820 | N82: 1266367.8 | P82: 190071.64 | R82: =SUM(M82:Q82) -> 5462259.4 | S82: =+SETAHUN!J82 -> 4090100 | T82: =+SETAHUN!L82 -> 200000 | V82: =+SETAHUN!G82+M82+N82 -> 49609446 | X82: =+SETAHUN!W82+P82 -> 2277474.5 | Y82: 0 | Z82: 0 | AA82: =SUM(S82:U82) -> 4290100 | AB82: =SUM(V82:AA82) -> 56177020 | AC82: =ROUND(IF((AB82)*5%>6000000,6000000,(AB82)*5%),0) -> 2808851 | AD82: =('ASTEK 2% -DIISI SMPAI DESEMBER'!O200+'ASTEK 2% -DIISI SMPAI DESEMBER'!O81) -> 1404648 | AE82: =AB82-AC82-AD82 -> 51963521 | AF82: =IFERROR(VLOOKUP(I82,TARIF,3,FALSE),0) -> 67500000 | AG82: =ROUNDDOWN(IF(AE82<=AF82,0,IF(AE82>AF82,AE82-AF82)),-3) -> 0 | AH82: =IF(AG82>5000000000,AG82*35%-306000000,IF(AG82>500000000,AG82*30%-56000000,IF(AG82>250000000,AG82*25%-31000000,IF(AG82>60000000,AG82*15%-6000000,AG82*5%)))) -> 0 | AI82: =ROUND(IF(E82=0,AH82*120%,AH82),0) -> 0 | AJ82: =+'PAJAK JAN-NOV'!R79 -> 82874 | AK82: =IF(AH82<=AJ82,0,IF(AH82>AJ82,AH82-AJ82)) -> 0 | AL82: =+'PAJAK JAN-NOV'!B79 -> ROSMAN | AM82: =AJ82-AI82 -> 82874
B83: 78 | C83: =+PERBULAN!B83 -> SUMARTO EVENDI | D83: 1902040101860003 | E83: - | F83: JL BUDING RT. 23 RW. 012 DESA SIJUK KEC. SIJUK | G83: KARYAWAN PANEN | H83: L | I83: K/2 | J83: =IF(ISBLANK(I83),"",IF(OR(I83="TK/0",I83="TK/1",I83="K/0"),"TER A",IF(I83="K/3","TER C","TER B"))) -> TER B | K83: 1 | L83: 10 | R83: =SUM(M83:Q83) -> 0 | S83: =+SETAHUN!J83 -> 4067100 | T83: =+SETAHUN!L83 -> 200000 | V83: =+SETAHUN!G83+M83+N83 -> 36047371 | X83: =+SETAHUN!W83+P83 -> 1887621.6 | Y83: 0 | Z83: 0 | AA83: =SUM(S83:U83) -> 4267100 | AB83: =SUM(V83:AA83) -> 42202093 | AC83: =ROUND(IF((AB83)*5%>6000000,6000000,(AB83)*5%),0) -> 2110105 | AD83: =('ASTEK 2% -DIISI SMPAI DESEMBER'!O201+'ASTEK 2% -DIISI SMPAI DESEMBER'!O82) -> 1166202 | AE83: =AB83-AC83-AD83 -> 38925786 | AF83: =IFERROR(VLOOKUP(I83,TARIF,3,FALSE),0) -> 67500000 | AG83: =ROUNDDOWN(IF(AE83<=AF83,0,IF(AE83>AF83,AE83-AF83)),-3) -> 0 | AH83: =IF(AG83>5000000000,AG83*35%-306000000,IF(AG83>500000000,AG83*30%-56000000,IF(AG83>250000000,AG83*25%-31000000,IF(AG83>60000000,AG83*15%-6000000,AG83*5%)))) -> 0 | AI83: =ROUND(IF(E83=0,AH83*120%,AH83),0) -> 0 | AJ83: =+'PAJAK JAN-NOV'!R80 -> 83385 | AK83: =IF(AH83<=AJ83,0,IF(AH83>AJ83,AH83-AJ83)) -> 0 | AL83: =+'PAJAK JAN-NOV'!B80 -> SUMARTO EVENDI | AM83: =AJ83-AI83 -> 83385
B84: 79 | C84: =+PERBULAN!B84 -> HERMAN | D84: 1902050506840002 | E84: 84.484.558.6-305.000 | F84: JL MANGGAR PARIT GUNUNG RT. 006 RW. 003 DESA AIR BATU BUDING KEC. BADAU | G84: KARYAWAN PANEN | H84: L | I84: K/0 | J84: =IF(ISBLANK(I84),"",IF(OR(I84="TK/0",I84="TK/1",I84="K/0"),"TER A",IF(I84="K/3","TER C","TER B"))) -> TER A | K84: 1 | L84: 12 | M84: 4005820 | N84: 1203249 | P84: 188789.04 | R84: =SUM(M84:Q84) -> 5397858.1 | S84: =+SETAHUN!J84 -> 3995100 | T84: =+SETAHUN!L84 -> 200000 | V84: =+SETAHUN!G84+M84+N84 -> 50025226 | X84: =+SETAHUN!W84+P84 -> 2263393.7 | Y84: 0 | Z84: 0 | AA84: =SUM(S84:U84) -> 4195100 | AB84: =SUM(V84:AA84) -> 56483720 | AC84: =ROUND(IF((AB84)*5%>6000000,6000000,(AB84)*5%),0) -> 2824186 | AD84: =('ASTEK 2% -DIISI SMPAI DESEMBER'!O202+'ASTEK 2% -DIISI SMPAI DESEMBER'!O83) -> 1399788 | AE84: =AB84-AC84-AD84 -> 52259746 | AF84: =IFERROR(VLOOKUP(I84,TARIF,3,FALSE),0) -> 58500000 | AG84: =ROUNDDOWN(IF(AE84<=AF84,0,IF(AE84>AF84,AE84-AF84)),-3) -> 0 | AH84: =IF(AG84>5000000000,AG84*35%-306000000,IF(AG84>500000000,AG84*30%-56000000,IF(AG84>250000000,AG84*25%-31000000,IF(AG84>60000000,AG84*15%-6000000,AG84*5%)))) -> 0 | AI84: =ROUND(IF(E84=0,AH84*120%,AH84),0) -> 0 | AJ84: =+'PAJAK JAN-NOV'!R81 -> 124930 | AK84: =IF(AH84<=AJ84,0,IF(AH84>AJ84,AH84-AJ84)) -> 0 | AL84: =+'PAJAK JAN-NOV'!B81 -> HERMAN | AM84: =AJ84-AI84 -> 124930
B85: 80 | C85: =+PERBULAN!B85 -> ANDRES CAHYADI | D85: 1906041307970002 | E85: - | F85: DSN LIMAU MANIS RT. 015 RW. 006 DESA BUDING KEC. KELAPA KAMPIT | G85: KARYAWAN PANEN | H85: L | I85: K/2 | J85: =IF(ISBLANK(I85),"",IF(OR(I85="TK/0",I85="TK/1",I85="K/0"),"TER A",IF(I85="K/3","TER C","TER B"))) -> TER B | K85: 1 | L85: 12 | M85: 3747380 | N85: 999003.7 | P85: 188789.04 | R85: =SUM(M85:Q85) -> 4935172.7 | S85: =+SETAHUN!J85 -> 4064100 | T85: =+SETAHUN!L85 -> 200000 | V85: =+SETAHUN!G85+M85+N85 -> 46465398 | X85: =+SETAHUN!W85+P85 -> 2262812.9 | Y85: 0 | Z85: 0 | AA85: =SUM(S85:U85) -> 4264100 | AB85: =SUM(V85:AA85) -> 52992311 | AC85: =ROUND(IF((AB85)*5%>6000000,6000000,(AB85)*5%),0) -> 2649616 | AD85: =('ASTEK 2% -DIISI SMPAI DESEMBER'!O203+'ASTEK 2% -DIISI SMPAI DESEMBER'!O84) -> 1399428 | AE85: =AB85-AC85-AD85 -> 48943267 | AF85: =IFERROR(VLOOKUP(I85,TARIF,3,FALSE),0) -> 67500000 | AG85: =ROUNDDOWN(IF(AE85<=AF85,0,IF(AE85>AF85,AE85-AF85)),-3) -> 0 | AH85: =IF(AG85>5000000000,AG85*35%-306000000,IF(AG85>500000000,AG85*30%-56000000,IF(AG85>250000000,AG85*25%-31000000,IF(AG85>60000000,AG85*15%-6000000,AG85*5%)))) -> 0 | AI85: =ROUND(IF(E85=0,AH85*120%,AH85),0) -> 0 | AJ85: =+'PAJAK JAN-NOV'!R82 -> 82326 | AK85: =IF(AH85<=AJ85,0,IF(AH85>AJ85,AH85-AJ85)) -> 0 | AL85: =+'PAJAK JAN-NOV'!B82 -> ANDRES CAHYADI | AM85: =AJ85-AI85 -> 82326
B86: 81 | C86: =+PERBULAN!B86 -> SAMSIR | D86: 1902041103720002 | E86: - | F86: JL BUDING RT. 021 DESA SIJUK KEC. SIJUK | G86: KARYAWAN PANEN | H86: L | I86: K/0 | J86: =IF(ISBLANK(I86),"",IF(OR(I86="TK/0",I86="TK/1",I86="K/0"),"TER A",IF(I86="K/3","TER C","TER B"))) -> TER A | K86: 1 | L86: 11 | R86: =SUM(M86:Q86) -> 0 | S86: =+SETAHUN!J86 -> 4001100 | T86: =+SETAHUN!L86 -> 200000 | V86: =+SETAHUN!G86+M86+N86 -> 40110401 | X86: =+SETAHUN!W86+P86 -> 2076675.8 | Y86: 0 | Z86: 0 | AA86: =SUM(S86:U86) -> 4201100 | AB86: =SUM(V86:AA86) -> 46388177 | AC86: =ROUND(IF((AB86)*5%>6000000,6000000,(AB86)*5%),0) -> 2319409 | AD86: =('ASTEK 2% -DIISI SMPAI DESEMBER'!O204+'ASTEK 2% -DIISI SMPAI DESEMBER'!O85) -> 1283310 | AE86: =AB86-AC86-AD86 -> 42785458 | AF86: =IFERROR(VLOOKUP(I86,TARIF,3,FALSE),0) -> 58500000 | AG86: =ROUNDDOWN(IF(AE86<=AF86,0,IF(AE86>AF86,AE86-AF86)),-3) -> 0 | AH86: =IF(AG86>5000000000,AG86*35%-306000000,IF(AG86>500000000,AG86*30%-56000000,IF(AG86>250000000,AG86*25%-31000000,IF(AG86>60000000,AG86*15%-6000000,AG86*5%)))) -> 0 | AI86: =ROUND(IF(E86=0,AH86*120%,AH86),0) -> 0 | AJ86: =+'PAJAK JAN-NOV'!R83 -> 121060 | AK86: =IF(AH86<=AJ86,0,IF(AH86>AJ86,AH86-AJ86)) -> 0 | AL86: =+'PAJAK JAN-NOV'!B83 -> SAMSIR | AM86: =AJ86-AI86 -> 121060
B87: 82 | C87: =+PERBULAN!B87 -> FEBRIANSYAH | D87: 1902042102990003 | E87: - | F87: BUDING RT 007/003 DESA BUDING KECAMATAN KELAPA KAMPIT KABUPATEN BELITUNG | G87: KARYAWAN PANEN | H87: L | I87: K/1 | J87: =IF(ISBLANK(I87),"",IF(OR(I87="TK/0",I87="TK/1",I87="K/0"),"TER A",IF(I87="K/3","TER C","TER B"))) -> TER B | K87: 1 | L87: 5 | R87: =SUM(M87:Q87) -> 0 | S87: =+SETAHUN!J87 -> 4034100 | T87: =+SETAHUN!L87 -> 200000 | V87: =+SETAHUN!G87+M87+N87 -> 17475998 | X87: =+SETAHUN!W87+P87 -> 941737.2 | Y87: 0 | Z87: 0 | AA87: =SUM(S87:U87) -> 4234100 | AB87: =SUM(V87:AA87) -> 22651835 | AC87: =ROUND(IF((AB87)*5%>6000000,6000000,(AB87)*5%),0) -> 1132592 | AD87: =('ASTEK 2% -DIISI SMPAI DESEMBER'!O205+'ASTEK 2% -DIISI SMPAI DESEMBER'!O86) -> 581490 | AE87: =AB87-AC87-AD87 -> 20937753 | AF87: =IFERROR(VLOOKUP(I87,TARIF,3,FALSE),0) -> 63000000 | AG87: =ROUNDDOWN(IF(AE87<=AF87,0,IF(AE87>AF87,AE87-AF87)),-3) -> 0 | AH87: =IF(AG87>5000000000,AG87*35%-306000000,IF(AG87>500000000,AG87*30%-56000000,IF(AG87>250000000,AG87*25%-31000000,IF(AG87>60000000,AG87*15%-6000000,AG87*5%)))) -> 0 | AI87: =ROUND(IF(E87=0,AH87*120%,AH87),0) -> 0 | AJ87: =+'PAJAK JAN-NOV'!R84 -> 82793 | AK87: =IF(AH87<=AJ87,0,IF(AH87>AJ87,AH87-AJ87)) -> 0 | AL87: =+'PAJAK JAN-NOV'!B84 -> FEBRIANSYAH | AM87: =AJ87-AI87 -> 82793
B88: 83 | C88: =+PERBULAN!B88 -> WIDI JULIANSYAH | D88: 1906041407040001 | E88: - | F88: DSN. LIMAU MANIS RT.015/RW.008 DS. BUDING KEC. KELAPA KAMPIT KAB. BELITUNG TIMUR | G88: KARYAWAN PANEN | H88: L | I88: TK/0 | J88: =IF(ISBLANK(I88),"",IF(OR(I88="TK/0",I88="TK/1",I88="K/0"),"TER A",IF(I88="K/3","TER C","TER B"))) -> TER A | K88: 1 | L88: 12 | M88: 3618160 | N88: 547740.22 | P88: 187869.44 | R88: =SUM(M88:Q88) -> 4353769.7 | S88: =+SETAHUN!J88 -> 3946600 | T88: =+SETAHUN!L88 -> 200000 | V88: =+SETAHUN!G88+M88+N88 -> 44763628 | X88: =+SETAHUN!W88+P88 -> 2253460.3 | Y88: 0 | Z88: 0 | AA88: =SUM(S88:U88) -> 4146600 | AB88: =SUM(V88:AA88) -> 51163689 | AC88: =ROUND(IF((AB88)*5%>6000000,6000000,(AB88)*5%),0) -> 2558184 | AD88: =('ASTEK 2% -DIISI SMPAI DESEMBER'!O206+'ASTEK 2% -DIISI SMPAI DESEMBER'!O87) -> 1396383 | AE88: =AB88-AC88-AD88 -> 47209122 | AF88: =IFERROR(VLOOKUP(I88,TARIF,3,FALSE),0) -> 54000000 | AG88: =ROUNDDOWN(IF(AE88<=AF88,0,IF(AE88>AF88,AE88-AF88)),-3) -> 0 | AH88: =IF(AG88>5000000000,AG88*35%-306000000,IF(AG88>500000000,AG88*30%-56000000,IF(AG88>250000000,AG88*25%-31000000,IF(AG88>60000000,AG88*15%-6000000,AG88*5%)))) -> 0 | AI88: =ROUND(IF(E88=0,AH88*120%,AH88),0) -> 0 | AJ88: =+'PAJAK JAN-NOV'!R85 -> 119688 | AK88: =IF(AH88<=AJ88,0,IF(AH88>AJ88,AH88-AJ88)) -> 0 | AL88: =+'PAJAK JAN-NOV'!B85 -> WIDI JULIANSYAH | AM88: =AJ88-AI88 -> 119688
B89: 84 | C89: =+PERBULAN!B89 -> ANGGA NURDIANSYAH | D89: 1906041808970002 | E89: - | F89: DSN NIBUNG PUNGGUR RT. 004 RW. 002 DESA MENTAWAK KEC. KELAPA KAMPIT | G89: KARYAWAN PANEN | H89: L | I89: K/1 | J89: =IF(ISBLANK(I89),"",IF(OR(I89="TK/0",I89="TK/1",I89="K/0"),"TER A",IF(I89="K/3","TER C","TER B"))) -> TER B | K89: 1 | L89: 11 | R89: =SUM(M89:Q89) -> 0 | S89: =+SETAHUN!J89 -> 4028600 | T89: =+SETAHUN!L89 -> 200000 | V89: =+SETAHUN!G89+M89+N89 -> 43464431 | X89: =+SETAHUN!W89+P89 -> 2070047.8 | Y89: 0 | Z89: 0 | AA89: =SUM(S89:U89) -> 4228600 | AB89: =SUM(V89:AA89) -> 49763079 | AC89: =ROUND(IF((AB89)*5%>6000000,6000000,(AB89)*5%),0) -> 2488154 | AD89: =('ASTEK 2% -DIISI SMPAI DESEMBER'!O207+'ASTEK 2% -DIISI SMPAI DESEMBER'!O88) -> 1281210 | AE89: =AB89-AC89-AD89 -> 45993715 | AF89: =IFERROR(VLOOKUP(I89,TARIF,3,FALSE),0) -> 63000000 | AG89: =ROUNDDOWN(IF(AE89<=AF89,0,IF(AE89>AF89,AE89-AF89)),-3) -> 0 | AH89: =IF(AG89>5000000000,AG89*35%-306000000,IF(AG89>500000000,AG89*30%-56000000,IF(AG89>250000000,AG89*25%-31000000,IF(AG89>60000000,AG89*15%-6000000,AG89*5%)))) -> 0 | AI89: =ROUND(IF(E89=0,AH89*120%,AH89),0) -> 0 | AJ89: =+'PAJAK JAN-NOV'!R86 -> 140351 | AK89: =IF(AH89<=AJ89,0,IF(AH89>AJ89,AH89-AJ89)) -> 0 | AL89: =+'PAJAK JAN-NOV'!B86 -> ANGGA NURDIANSYAH | AM89: =AJ89-AI89 -> 140351
B90: 85 | C90: =+PERBULAN!B90 -> ISMAIL | D90: 5203183112870203 | E90: - | F90: SELAYAR DESA MENCEH KEC. SAKRA TIMUR KAB. LOMBOK TIMUR | G90: KARYAWAN PANEN | H90: L | I90: TK/0 | J90: =IF(ISBLANK(I90),"",IF(OR(I90="TK/0",I90="TK/1",I90="K/0"),"TER A",IF(I90="K/3","TER C","TER B"))) -> TER A | K90: 1 | L90: 12 | M90: 4005820 | N90: 995578 | P90: 187869.44 | R90: =SUM(M90:Q90) -> 5189267.4 | S90: =+SETAHUN!J90 -> 3946600 | T90: =+SETAHUN!L90 -> 200000 | V90: =+SETAHUN!G90+M90+N90 -> 51829403 | X90: =+SETAHUN!W90+P90 -> 2253581.3 | Y90: 0 | Z90: 0 | AA90: =SUM(S90:U90) -> 4146600 | AB90: =SUM(V90:AA90) -> 58229584 | AC90: =ROUND(IF((AB90)*5%>6000000,6000000,(AB90)*5%),0) -> 2911479 | AD90: =('ASTEK 2% -DIISI SMPAI DESEMBER'!O208+'ASTEK 2% -DIISI SMPAI DESEMBER'!O89) -> 1396458 | AE90: =AB90-AC90-AD90 -> 53921647 | AF90: =IFERROR(VLOOKUP(I90,TARIF,3,FALSE),0) -> 54000000 | AG90: =ROUNDDOWN(IF(AE90<=AF90,0,IF(AE90>AF90,AE90-AF90)),-3) -> 0 | AH90: =IF(AG90>5000000000,AG90*35%-306000000,IF(AG90>500000000,AG90*30%-56000000,IF(AG90>250000000,AG90*25%-31000000,IF(AG90>60000000,AG90*15%-6000000,AG90*5%)))) -> 0 | AI90: =ROUND(IF(E90=0,AH90*120%,AH90),0) -> 0 | AJ90: =+'PAJAK JAN-NOV'!R87 -> 194033 | AK90: =IF(AH90<=AJ90,0,IF(AH90>AJ90,AH90-AJ90)) -> 0 | AL90: =+'PAJAK JAN-NOV'!B87 -> ISMAIL | AM90: =AJ90-AI90 -> 194033
B91: 86 | C91: =+PERBULAN!B91 -> JOPI APRIAN HIDAYAT | D91: 5203012006960003 | E91: - | F91: KETANGGA TIMUR DS. KETANGGA JERAENG KEC. KERUAK KAB. LOMBOK TIMUR | G91: KARYAWAN PANEN | H91: L | I91: TK/0 | J91: =IF(ISBLANK(I91),"",IF(OR(I91="TK/0",I91="TK/1",I91="K/0"),"TER A",IF(I91="K/3","TER C","TER B"))) -> TER A | K91: 1 | L91: 11 | R91: =SUM(M91:Q91) -> 0 | S91: =+SETAHUN!J91 -> 3946600 | T91: =+SETAHUN!L91 -> 200000 | V91: =+SETAHUN!G91+M91+N91 -> 45949137 | X91: =+SETAHUN!W91+P91 -> 2065811.8 | Y91: 0 | Z91: 0 | AA91: =SUM(S91:U91) -> 4146600 | AB91: =SUM(V91:AA91) -> 52161549 | AC91: =ROUND(IF((AB91)*5%>6000000,6000000,(AB91)*5%),0) -> 2608077 | AD91: =('ASTEK 2% -DIISI SMPAI DESEMBER'!O209+'ASTEK 2% -DIISI SMPAI DESEMBER'!O90) -> 1280010 | AE91: =AB91-AC91-AD91 -> 48273462 | AF91: =IFERROR(VLOOKUP(I91,TARIF,3,FALSE),0) -> 54000000 | AG91: =ROUNDDOWN(IF(AE91<=AF91,0,IF(AE91>AF91,AE91-AF91)),-3) -> 0 | AH91: =IF(AG91>5000000000,AG91*35%-306000000,IF(AG91>500000000,AG91*30%-56000000,IF(AG91>250000000,AG91*25%-31000000,IF(AG91>60000000,AG91*15%-6000000,AG91*5%)))) -> 0 | AI91: =ROUND(IF(E91=0,AH91*120%,AH91),0) -> 0 | AJ91: =+'PAJAK JAN-NOV'!R88 -> 193058 | AK91: =IF(AH91<=AJ91,0,IF(AH91>AJ91,AH91-AJ91)) -> 0 | AL91: =+'PAJAK JAN-NOV'!B88 -> JOPI APRIAN HIDAYAT | AM91: =AJ91-AI91 -> 193058
B92: 87 | C92: =+PERBULAN!B92 -> BINTANG ADITYA REVALDO | D92: 1906040112060001 | E92: - | F92: DSN PEMALI RT.004/RW.002 DESA PEMBAHARUAN KECAMATAN KELAPA KAMPIT | G92: KARYAWAN PANEN | H92: L | I92: TK/0 | J92: =IF(ISBLANK(I92),"",IF(OR(I92="TK/0",I92="TK/1",I92="K/0"),"TER A",IF(I92="K/3","TER C","TER B"))) -> TER A | K92: 2 | L92: 5 | R92: =SUM(M92:Q92) -> 0 | S92: =+SETAHUN!J92 -> 323050 | T92: =+SETAHUN!L92 -> 0 | V92: =+SETAHUN!G92+M92+N92 -> 11450108 | X92: =+SETAHUN!W92+P92 -> 783073.2 | Y92: 0 | Z92: 0 | AA92: =SUM(S92:U92) -> 323050 | AB92: =SUM(V92:AA92) -> 12556231 | AC92: =ROUND(IF((AB92)*5%>6000000,6000000,(AB92)*5%),0) -> 627812 | AD92: =('ASTEK 2% -DIISI SMPAI DESEMBER'!O210+'ASTEK 2% -DIISI SMPAI DESEMBER'!O91) -> 581490 | AE92: =AB92-AC92-AD92 -> 11346929 | AF92: =IFERROR(VLOOKUP(I92,TARIF,3,FALSE),0) -> 54000000 | AG92: =ROUNDDOWN(IF(AE92<=AF92,0,IF(AE92>AF92,AE92-AF92)),-3) -> 0 | AH92: =IF(AG92>5000000000,AG92*35%-306000000,IF(AG92>500000000,AG92*30%-56000000,IF(AG92>250000000,AG92*25%-31000000,IF(AG92>60000000,AG92*15%-6000000,AG92*5%)))) -> 0 | AI92: =ROUND(IF(E92=0,AH92*120%,AH92),0) -> 0 | AJ92: =+'PAJAK JAN-NOV'!R89 -> 0 | AK92: =IF(AH92<=AJ92,0,IF(AH92>AJ92,AH92-AJ92)) -> 0 | AL92: =+'PAJAK JAN-NOV'!B89 -> BINTANG ADITYA REVALDO | AM92: =AJ92-AI92 -> 0
B93: 88 | C93: =+PERBULAN!B93 -> SOLEHAN | D93: 1902011011790003 | E93: - | F93: BULUH TUMBANG, RT/RW 005/003 KEC. TANJUNG PANDAN | G93: KARYAWAN PANEN | H93: L | I93: K/1 | J93: =IF(ISBLANK(I93),"",IF(OR(I93="TK/0",I93="TK/1",I93="K/0"),"TER A",IF(I93="K/3","TER C","TER B"))) -> TER B | K93: 1 | L93: 12 | M93: 4005820 | N93: 1196206.4 | P93: 188232.44 | R93: =SUM(M93:Q93) -> 5390258.9 | S93: =+SETAHUN!J93 -> 4026100 | T93: =+SETAHUN!L93 -> 200000 | V93: =+SETAHUN!G93+M93+N93 -> 52691490 | X93: =+SETAHUN!W93+P93 -> 2257559.3 | Y93: 0 | Z93: 0 | AA93: =SUM(S93:U93) -> 4226100 | AB93: =SUM(V93:AA93) -> 59175149 | AC93: =ROUND(IF((AB93)*5%>6000000,6000000,(AB93)*5%),0) -> 2958757 | AD93: =('ASTEK 2% -DIISI SMPAI DESEMBER'!O211+'ASTEK 2% -DIISI SMPAI DESEMBER'!O92) -> 1397808 | AE93: =AB93-AC93-AD93 -> 54818584 | AF93: =IFERROR(VLOOKUP(I93,TARIF,3,FALSE),0) -> 63000000 | AG93: =ROUNDDOWN(IF(AE93<=AF93,0,IF(AE93>AF93,AE93-AF93)),-3) -> 0 | AH93: =IF(AG93>5000000000,AG93*35%-306000000,IF(AG93>500000000,AG93*30%-56000000,IF(AG93>250000000,AG93*25%-31000000,IF(AG93>60000000,AG93*15%-6000000,AG93*5%)))) -> 0 | AI93: =ROUND(IF(E93=0,AH93*120%,AH93),0) -> 0 | AJ93: =+'PAJAK JAN-NOV'!R90 -> 138683 | AK93: =IF(AH93<=AJ93,0,IF(AH93>AJ93,AH93-AJ93)) -> 0 | AL93: =+'PAJAK JAN-NOV'!B90 -> SOLEHAN | AM93: =AJ93-AI93 -> 138683
B94: 89 | C94: =+PERBULAN!B94 -> WIRANTO | D94: 1906042207980002 | E94: - | F94: DSN AIR KELIK RT. 005 RW. 002 DESA AIR KELIK KEC. DAMAR | G94: KARYAWAN PANEN | H94: L | I94: K/0 | J94: =IF(ISBLANK(I94),"",IF(OR(I94="TK/0",I94="TK/1",I94="K/0"),"TER A",IF(I94="K/3","TER C","TER B"))) -> TER A | K94: 1 | L94: 12 | M94: 2713620 | N94: 131550 | P94: 188353.44 | R94: =SUM(M94:Q94) -> 3033523.4 | S94: =+SETAHUN!J94 -> 4000100 | T94: =+SETAHUN!L94 -> 200000 | V94: =+SETAHUN!G94+M94+N94 -> 45170599 | X94: =+SETAHUN!W94+P94 -> 2258885.3 | Y94: 0 | Z94: 0 | AA94: =SUM(S94:U94) -> 4200100 | AB94: =SUM(V94:AA94) -> 51629584 | AC94: =ROUND(IF((AB94)*5%>6000000,6000000,(AB94)*5%),0) -> 2581479 | AD94: =('ASTEK 2% -DIISI SMPAI DESEMBER'!O212+'ASTEK 2% -DIISI SMPAI DESEMBER'!O93) -> 1398258 | AE94: =AB94-AC94-AD94 -> 47649847 | AF94: =IFERROR(VLOOKUP(I94,TARIF,3,FALSE),0) -> 58500000 | AG94: =ROUNDDOWN(IF(AE94<=AF94,0,IF(AE94>AF94,AE94-AF94)),-3) -> 0 | AH94: =IF(AG94>5000000000,AG94*35%-306000000,IF(AG94>500000000,AG94*30%-56000000,IF(AG94>250000000,AG94*25%-31000000,IF(AG94>60000000,AG94*15%-6000000,AG94*5%)))) -> 0 | AI94: =ROUND(IF(E94=0,AH94*120%,AH94),0) -> 0 | AJ94: =+'PAJAK JAN-NOV'!R91 -> 162989 | AK94: =IF(AH94<=AJ94,0,IF(AH94>AJ94,AH94-AJ94)) -> 0 | AL94: =+'PAJAK JAN-NOV'!B91 -> WIRANTO | AM94: =AJ94-AI94 -> 162989
B95: 90 | C95: =+PERBULAN!B95 -> RUSDIANA | D95: 1902043009700001 | E95: 75.733.492.5-305.000 | F95: PELEPAK PUTE RT. 004 RW. 002 DESA PELEPAK PUTE KEC. SIJUK | H95: L | I95: K/1 | J95: =IF(ISBLANK(I95),"",IF(OR(I95="TK/0",I95="TK/1",I95="K/0"),"TER A",IF(I95="K/3","TER C","TER B"))) -> TER B | K95: 1 | L95: 9 | R95: =SUM(M95:Q95) -> 0 | S95: =+SETAHUN!J95 -> 4040100 | T95: =+SETAHUN!L95 -> 200000 | V95: =+SETAHUN!G95+M95+N95 -> 37379389 | X95: =+SETAHUN!W95+P95 -> 1697891.8 | Y95: 0 | Z95: 0 | AA95: =SUM(S95:U95) -> 4240100 | AB95: =SUM(V95:AA95) -> 43317380 | AC95: =ROUND(IF((AB95)*5%>6000000,6000000,(AB95)*5%),0) -> 2165869 | AD95: =('ASTEK 2% -DIISI SMPAI DESEMBER'!O213+'ASTEK 2% -DIISI SMPAI DESEMBER'!O94) -> 1048824 | AE95: =AB95-AC95-AD95 -> 40102687 | AF95: =IFERROR(VLOOKUP(I95,TARIF,3,FALSE),0) -> 63000000 | AG95: =ROUNDDOWN(IF(AE95<=AF95,0,IF(AE95>AF95,AE95-AF95)),-3) -> 0 | AH95: =IF(AG95>5000000000,AG95*35%-306000000,IF(AG95>500000000,AG95*30%-56000000,IF(AG95>250000000,AG95*25%-31000000,IF(AG95>60000000,AG95*15%-6000000,AG95*5%)))) -> 0 | AI95: =ROUND(IF(E95=0,AH95*120%,AH95),0) -> 0 | AJ95: =+'PAJAK JAN-NOV'!R92 -> 89258 | AK95: =IF(AH95<=AJ95,0,IF(AH95>AJ95,AH95-AJ95)) -> 0 | AL95: =+'PAJAK JAN-NOV'!B92 -> RUSDIANA | AM95: =AJ95-AI95 -> 89258
B96: 91 | C96: =+PERBULAN!B96 -> EDI ZULKARNADI | D96: 1906040102760001 | E96: 75.748.971.1.305.000 | F96: DSN CENDIL RT.004 RW.002 DESA CENDIL KEC KELAPA KAMPIT | G96: KARYAWAN PANEN | H96: L | I96: K/1 | J96: =IF(ISBLANK(I96),"",IF(OR(I96="TK/0",I96="TK/1",I96="K/0"),"TER A",IF(I96="K/3","TER C","TER B"))) -> TER B | K96: 1 | L96: 12 | M96: 3747380 | N96: 1914198 | P96: 188934.24 | R96: =SUM(M96:Q96) -> 5850512.2 | S96: =+SETAHUN!J96 -> 3998100 | T96: =+SETAHUN!L96 -> 600000 | V96: =+SETAHUN!G96+M96+N96 -> 54760334 | X96: =+SETAHUN!W96+P96 -> 2265370.1 | Y96: 0 | Z96: 0 | AA96: =SUM(S96:U96) -> 4598100 | AB96: =SUM(V96:AA96) -> 61623804 | AC96: =ROUND(IF((AB96)*5%>6000000,6000000,(AB96)*5%),0) -> 3081190 | AD96: =('ASTEK 2% -DIISI SMPAI DESEMBER'!O214+'ASTEK 2% -DIISI SMPAI DESEMBER'!O95) -> 1400418 | AE96: =AB96-AC96-AD96 -> 57142196 | AF96: =IFERROR(VLOOKUP(I96,TARIF,3,FALSE),0) -> 63000000 | AG96: =ROUNDDOWN(IF(AE96<=AF96,0,IF(AE96>AF96,AE96-AF96)),-3) -> 0 | AH96: =IF(AG96>5000000000,AG96*35%-306000000,IF(AG96>500000000,AG96*30%-56000000,IF(AG96>250000000,AG96*25%-31000000,IF(AG96>60000000,AG96*15%-6000000,AG96*5%)))) -> 0 | AI96: =ROUND(IF(E96=0,AH96*120%,AH96),0) -> 0 | AJ96: =+'PAJAK JAN-NOV'!R93 -> 85203 | AK96: =IF(AH96<=AJ96,0,IF(AH96>AJ96,AH96-AJ96)) -> 0 | AL96: =+'PAJAK JAN-NOV'!B93 -> EDI ZULKARNADI | AM96: =AJ96-AI96 -> 85203
B97: 92 | C97: =+PERBULAN!B97 -> ERLANDA | D97: 1902041612890005 | E97: - | F97: DSN.AIK KALAK DESA PEPEPAK PUTEH KEC .SIJUK | G97: KARYAWAN PANEN | H97: L | I97: K/2 | J97: =IF(ISBLANK(I97),"",IF(OR(I97="TK/0",I97="TK/1",I97="K/0"),"TER A",IF(I97="K/3","TER C","TER B"))) -> TER B | K97: 1 | L97: 12 | M97: 4005820 | N97: 1381016.1 | P97: 187990.44 | R97: =SUM(M97:Q97) -> 5574826.6 | S97: =+SETAHUN!J97 -> 4048100 | T97: =+SETAHUN!L97 -> 200000 | V97: =+SETAHUN!G97+M97+N97 -> 53057817 | X97: =+SETAHUN!W97+P97 -> 2254223.3 | Y97: 0 | Z97: 0 | AA97: =SUM(S97:U97) -> 4248100 | AB97: =SUM(V97:AA97) -> 59560141 | AC97: =ROUND(IF((AB97)*5%>6000000,6000000,(AB97)*5%),0) -> 2978007 | AD97: =('ASTEK 2% -DIISI SMPAI DESEMBER'!O215+'ASTEK 2% -DIISI SMPAI DESEMBER'!O96) -> 1396608 | AE97: =AB97-AC97-AD97 -> 55185526 | AF97: =IFERROR(VLOOKUP(I97,TARIF,3,FALSE),0) -> 67500000 | AG97: =ROUNDDOWN(IF(AE97<=AF97,0,IF(AE97>AF97,AE97-AF97)),-3) -> 0 | AH97: =IF(AG97>5000000000,AG97*35%-306000000,IF(AG97>500000000,AG97*30%-56000000,IF(AG97>250000000,AG97*25%-31000000,IF(AG97>60000000,AG97*15%-6000000,AG97*5%)))) -> 0 | AI97: =ROUND(IF(E97=0,AH97*120%,AH97),0) -> 0 | AJ97: =+'PAJAK JAN-NOV'!R94 -> 82508 | AK97: =IF(AH97<=AJ97,0,IF(AH97>AJ97,AH97-AJ97)) -> 0 | AL97: =+'PAJAK JAN-NOV'!B94 -> ERLANDA | AM97: =AJ97-AI97 -> 82508
B98: 93 | C98: =+PERBULAN!B98 -> SUNARDI | D98: 1906040508760001 | E98: - | F98: DSN.PESARAKAN RT.007 RW.003 DESA CENDIL KEC.KELAPA KAMPIT | G98: KARYAWAN PANEN | H98: L | I98: K/2 | J98: =IF(ISBLANK(I98),"",IF(OR(I98="TK/0",I98="TK/1",I98="K/0"),"TER A",IF(I98="K/3","TER C","TER B"))) -> TER B | K98: 1 | L98: 12 | M98: 3747380 | N98: 1563078 | P98: 188111.44 | R98: =SUM(M98:Q98) -> 5498569.4 | S98: =+SETAHUN!J98 -> 4053100 | T98: =+SETAHUN!L98 -> 200000 | V98: =+SETAHUN!G98+M98+N98 -> 54901738 | X98: =+SETAHUN!W98+P98 -> 2256633.3 | Y98: 0 | Z98: 0 | AA98: =SUM(S98:U98) -> 4253100 | AB98: =SUM(V98:AA98) -> 61411471 | AC98: =ROUND(IF((AB98)*5%>6000000,6000000,(AB98)*5%),0) -> 3070574 | AD98: =('ASTEK 2% -DIISI SMPAI DESEMBER'!O216+'ASTEK 2% -DIISI SMPAI DESEMBER'!O97) -> 1397358 | AE98: =AB98-AC98-AD98 -> 56943539 | AF98: =IFERROR(VLOOKUP(I98,TARIF,3,FALSE),0) -> 67500000 | AG98: =ROUNDDOWN(IF(AE98<=AF98,0,IF(AE98>AF98,AE98-AF98)),-3) -> 0 | AH98: =IF(AG98>5000000000,AG98*35%-306000000,IF(AG98>500000000,AG98*30%-56000000,IF(AG98>250000000,AG98*25%-31000000,IF(AG98>60000000,AG98*15%-6000000,AG98*5%)))) -> 0 | AI98: =ROUND(IF(E98=0,AH98*120%,AH98),0) -> 0 | AJ98: =+'PAJAK JAN-NOV'!R95 -> 87096 | AK98: =IF(AH98<=AJ98,0,IF(AH98>AJ98,AH98-AJ98)) -> 0 | AL98: =+'PAJAK JAN-NOV'!B95 -> SUNARDI | AM98: =AJ98-AI98 -> 87096
B99: 94 | C99: =+PERBULAN!B99 -> ANDRI GUNAWAN | D99: 1902011508010004 | E99: - | F99: JL.MANGGAR KACANG BUTOR RT.003 RW.001 DESA KACANG BUTOR KEC BADAU | G99: KARYAWAN PANEN | H99: L | I99: K/1 | J99: =IF(ISBLANK(I99),"",IF(OR(I99="TK/0",I99="TK/1",I99="K/0"),"TER A",IF(I99="K/3","TER C","TER B"))) -> TER B | K99: 3 | L99: 12 | M99: 3876600 | N99: 1048778.4 | P99: 187627.44 | R99: =SUM(M99:Q99) -> 5113005.9 | S99: =+SETAHUN!J99 -> 0 | T99: =+SETAHUN!L99 -> 0 | V99: =+SETAHUN!G99+M99+N99 -> 43091260 | X99: =+SETAHUN!W99+P99 -> 1876274.4 | Y99: 0 | Z99: 0 | AA99: =SUM(S99:U99) -> 0 | AB99: =SUM(V99:AA99) -> 44967535 | AC99: =ROUND(IF((AB99)*5%>6000000,6000000,(AB99)*5%),0) -> 2248377 | AD99: =('ASTEK 2% -DIISI SMPAI DESEMBER'!O217+'ASTEK 2% -DIISI SMPAI DESEMBER'!O98) -> 1162980 | AE99: =AB99-AC99-AD99 -> 41556178 | AF99: =IFERROR(VLOOKUP(I99,TARIF,3,FALSE),0) -> 63000000 | AG99: =ROUNDDOWN(IF(AE99<=AF99,0,IF(AE99>AF99,AE99-AF99)),-3) -> 0 | AH99: =IF(AG99>5000000000,AG99*35%-306000000,IF(AG99>500000000,AG99*30%-56000000,IF(AG99>250000000,AG99*25%-31000000,IF(AG99>60000000,AG99*15%-6000000,AG99*5%)))) -> 0 | AI99: =ROUND(IF(E99=0,AH99*120%,AH99),0) -> 0 | AJ99: =+'PAJAK JAN-NOV'!R96 -> 0 | AK99: =IF(AH99<=AJ99,0,IF(AH99>AJ99,AH99-AJ99)) -> 0 | AL99: =+'PAJAK JAN-NOV'!B96 -> ANDRI GUNAWAN | AM99: =AJ99-AI99 -> 0
B100: 95 | C100: =+PERBULAN!B100 -> JUPRI | D100: 5203120107650934 | E100: - | F100: MONTOR DAKOK DESA PENGADANGAN KEC.PRINGGASELA KAB LOMBOK TIMUR | G100: KARYAWAN PANEN | H100: L | I100: K/2 | J100: =IF(ISBLANK(I100),"",IF(OR(I100="TK/0",I100="TK/1",I100="K/0"),"TER A",IF(I100="K/3","TER C","TER B"))) -> TER B | K100: 1 | L100: 12 | M100: 3488940 | N100: 1069279.6 | P100: 188111.44 | R100: =SUM(M100:Q100) -> 4746331.1 | S100: =+SETAHUN!J100 -> 4050600 | T100: =+SETAHUN!L100 -> 200000 | V100: =+SETAHUN!G100+M100+N100 -> 52716248 | X100: =+SETAHUN!W100+P100 -> 2256333.3 | Y100: 0 | Z100: 0 | AA100: =SUM(S100:U100) -> 4250600 | AB100: =SUM(V100:AA100) -> 59223181 | AC100: =ROUND(IF((AB100)*5%>6000000,6000000,(AB100)*5%),0) -> 2961159 | AD100: =('ASTEK 2% -DIISI SMPAI DESEMBER'!O218+'ASTEK 2% -DIISI SMPAI DESEMBER'!O99) -> 1397376 | AE100: =AB100-AC100-AD100 -> 54864646 | AF100: =IFERROR(VLOOKUP(I100,TARIF,3,FALSE),0) -> 67500000 | AG100: =ROUNDDOWN(IF(AE100<=AF100,0,IF(AE100>AF100,AE100-AF100)),-3) -> 0 | AH100: =IF(AG100>5000000000,AG100*35%-306000000,IF(AG100>500000000,AG100*30%-56000000,IF(AG100>250000000,AG100*25%-31000000,IF(AG100>60000000,AG100*15%-6000000,AG100*5%)))) -> 0 | AI100: =ROUND(IF(E100=0,AH100*120%,AH100),0) -> 0 | AJ100: =+'PAJAK JAN-NOV'!R97 -> 85964 | AK100: =IF(AH100<=AJ100,0,IF(AH100>AJ100,AH100-AJ100)) -> 0 | AL100: =+'PAJAK JAN-NOV'!B97 -> JUPRI | AM100: =AJ100-AI100 -> 85964
B101: 96 | C101: =+PERBULAN!B101 -> RAMADHAN | D101: 1902051210050001 | E101: - | F101: JL.AIR KELUBI DALAM DESA LESUNG BATANG KEC.TANJUNG PANDAN | G101: KARYAWAN PANEN KHL | H101: L | I101: TK/0 | J101: =IF(ISBLANK(I101),"",IF(OR(I101="TK/0",I101="TK/1",I101="K/0"),"TER A",IF(I101="K/3","TER C","TER B"))) -> TER A | K101: 12 | L101: 12 | M101: 4005820 | N101: 959090 | P101: 187627.44 | R101: =SUM(M101:Q101) -> 5152537.4 | S101: =+SETAHUN!J101 -> 0 | T101: =+SETAHUN!L101 -> 0 | V101: =+SETAHUN!G101+M101+N101 -> 4964910 | X101: =+SETAHUN!W101+P101 -> 187627.44 | Y101: 0 | Z101: 0 | AA101: =SUM(S101:U101) -> 0 | AB101: =SUM(V101:AA101) -> 5152537.4 | AC101: =ROUND(IF((AB101)*5%>6000000,6000000,(AB101)*5%),0) -> 257627 | AD101: =('ASTEK 2% -DIISI SMPAI DESEMBER'!O219+'ASTEK 2% -DIISI SMPAI DESEMBER'!O100) -> 116298 | AE101: =AB101-AC101-AD101 -> 4778612.4 | AF101: =IFERROR(VLOOKUP(I101,TARIF,3,FALSE),0) -> 54000000 | AG101: =ROUNDDOWN(IF(AE101<=AF101,0,IF(AE101>AF101,AE101-AF101)),-3) -> 0 | AH101: =IF(AG101>5000000000,AG101*35%-306000000,IF(AG101>500000000,AG101*30%-56000000,IF(AG101>250000000,AG101*25%-31000000,IF(AG101>60000000,AG101*15%-6000000,AG101*5%)))) -> 0 | AI101: =ROUND(IF(E101=0,AH101*120%,AH101),0) -> 0 | AJ101: =+'PAJAK JAN-NOV'!R98 -> 0 | AK101: =IF(AH101<=AJ101,0,IF(AH101>AJ101,AH101-AJ101)) -> 0 | AL101: =+'PAJAK JAN-NOV'!B98 -> RAMADHAN | AM101: =AJ101-AI101 -> 0
B102: 97 | C102: =+PERBULAN!B102 -> RAFIANSYAH | D102: 1906041208020001 | E102: - | F102: JLN RAYA MANGGAR DUSUN BUDING RT 003.RW.001 KEC.KELAPA KAMPIT | G102: KARYAWAN PANEN KHL | H102: L | I102: TK/0 | J102: =IF(ISBLANK(I102),"",IF(OR(I102="TK/0",I102="TK/1",I102="K/0"),"TER A",IF(I102="K/3","TER C","TER B"))) -> TER A | K102: 12 | L102: 12 | M102: 4005820 | N102: 675762 | P102: 187627.44 | R102: =SUM(M102:Q102) -> 4869209.4 | S102: =+SETAHUN!J102 -> 0 | T102: =+SETAHUN!L102 -> 0 | V102: =+SETAHUN!G102+M102+N102 -> 4681582 | X102: =+SETAHUN!W102+P102 -> 187627.44 | Y102: 0 | Z102: 0 | AA102: =SUM(S102:U102) -> 0 | AB102: =SUM(V102:AA102) -> 4869209.4 | AC102: =ROUND(IF((AB102)*5%>6000000,6000000,(AB102)*5%),0) -> 243460 | AD102: =('ASTEK 2% -DIISI SMPAI DESEMBER'!O220+'ASTEK 2% -DIISI SMPAI DESEMBER'!O101) -> 116298 | AE102: =AB102-AC102-AD102 -> 4509451.4 | AF102: =IFERROR(VLOOKUP(I102,TARIF,3,FALSE),0) -> 54000000 | AG102: =ROUNDDOWN(IF(AE102<=AF102,0,IF(AE102>AF102,AE102-AF102)),-3) -> 0 | AH102: =IF(AG102>5000000000,AG102*35%-306000000,IF(AG102>500000000,AG102*30%-56000000,IF(AG102>250000000,AG102*25%-31000000,IF(AG102>60000000,AG102*15%-6000000,AG102*5%)))) -> 0 | AI102: =ROUND(IF(E102=0,AH102*120%,AH102),0) -> 0 | AJ102: =+'PAJAK JAN-NOV'!R99 -> 0 | AK102: =IF(AH102<=AJ102,0,IF(AH102>AJ102,AH102-AJ102)) -> 0 | AL102: =+'PAJAK JAN-NOV'!B99 -> RAFIANSYAH | AM102: =AJ102-AI102 -> 0
B103: 98 | C103: =+PERBULAN!B103 -> VIRGA | D103: 1906043110040001 | E103: - | F103: JLN BANDES 1 DUSUN CENDIL RT.005 RW.002 DESA CENDIL KEC KELAPA KAMPIT | G103: KARYAWAN PANEN KHL | H103: L | I103: TK/0 | J103: =IF(ISBLANK(I103),"",IF(OR(I103="TK/0",I103="TK/1",I103="K/0"),"TER A",IF(I103="K/3","TER C","TER B"))) -> TER A | K103: 12 | L103: 12 | M103: 4005820 | N103: 19250 | P103: 187627.44 | R103: =SUM(M103:Q103) -> 4212697.4 | S103: =+SETAHUN!J103 -> 0 | T103: =+SETAHUN!L103 -> 0 | V103: =+SETAHUN!G103+M103+N103 -> 4025070 | X103: =+SETAHUN!W103+P103 -> 187627.44 | Y103: 0 | Z103: 0 | AA103: =SUM(S103:U103) -> 0 | AB103: =SUM(V103:AA103) -> 4212697.4 | AC103: =ROUND(IF((AB103)*5%>6000000,6000000,(AB103)*5%),0) -> 210635 | AD103: =('ASTEK 2% -DIISI SMPAI DESEMBER'!O221+'ASTEK 2% -DIISI SMPAI DESEMBER'!O102) -> 116298 | AE103: =AB103-AC103-AD103 -> 3885764.4 | AF103: =IFERROR(VLOOKUP(I103,TARIF,3,FALSE),0) -> 54000000 | AG103: =ROUNDDOWN(IF(AE103<=AF103,0,IF(AE103>AF103,AE103-AF103)),-3) -> 0 | AH103: =IF(AG103>5000000000,AG103*35%-306000000,IF(AG103>500000000,AG103*30%-56000000,IF(AG103>250000000,AG103*25%-31000000,IF(AG103>60000000,AG103*15%-6000000,AG103*5%)))) -> 0 | AI103: =ROUND(IF(E103=0,AH103*120%,AH103),0) -> 0 | AJ103: =+'PAJAK JAN-NOV'!R100 -> 0 | AK103: =IF(AH103<=AJ103,0,IF(AH103>AJ103,AH103-AJ103)) -> 0 | AL103: =+'PAJAK JAN-NOV'!B100 -> VIRGA | AM103: =AJ103-AI103 -> 0
B104: 99 | C104: =+PERBULAN!B104 -> TARMIZI | D104: 1902041909920004 | E104: - | F104: JL.MENGKELING RT.003 RW.002 DESA AIR SELUMAR KEC.SIJUK | G104: KARYAWAN PANEN KHL | H104: L | I104: TK/1 | J104: =IF(ISBLANK(I104),"",IF(OR(I104="TK/0",I104="TK/1",I104="K/0"),"TER A",IF(I104="K/3","TER C","TER B"))) -> TER A | K104: 12 | L104: 12 | M104: 4005820 | N104: 880816 | P104: 187627.44 | R104: =SUM(M104:Q104) -> 5074263.4 | S104: =+SETAHUN!J104 -> 0 | T104: =+SETAHUN!L104 -> 0 | V104: =+SETAHUN!G104+M104+N104 -> 4886636 | X104: =+SETAHUN!W104+P104 -> 187627.44 | Y104: 0 | Z104: 0 | AA104: =SUM(S104:U104) -> 0 | AB104: =SUM(V104:AA104) -> 5074263.4 | AC104: =ROUND(IF((AB104)*5%>6000000,6000000,(AB104)*5%),0) -> 253713 | AD104: =('ASTEK 2% -DIISI SMPAI DESEMBER'!O222+'ASTEK 2% -DIISI SMPAI DESEMBER'!O103) -> 116298 | AE104: =AB104-AC104-AD104 -> 4704252.4 | AF104: =IFERROR(VLOOKUP(I104,TARIF,3,FALSE),0) -> 58500000 | AG104: =ROUNDDOWN(IF(AE104<=AF104,0,IF(AE104>AF104,AE104-AF104)),-3) -> 0 | AH104: =IF(AG104>5000000000,AG104*35%-306000000,IF(AG104>500000000,AG104*30%-56000000,IF(AG104>250000000,AG104*25%-31000000,IF(AG104>60000000,AG104*15%-6000000,AG104*5%)))) -> 0 | AI104: =ROUND(IF(E104=0,AH104*120%,AH104),0) -> 0 | AJ104: =+'PAJAK JAN-NOV'!R101 -> 0 | AK104: =IF(AH104<=AJ104,0,IF(AH104>AJ104,AH104-AJ104)) -> 0 | AL104: =+'PAJAK JAN-NOV'!B101 -> TARMIZI | AM104: =AJ104-AI104 -> 0
B105: 100 | C105: =+PERBULAN!B105 -> ANDREAS | D105: 1902051608040001 | E105: - | F105: AIR BEGANTUNG RT.009.RW.003 DESA KACANG BUTOR KEC KELAPA KAMPIT | G105: KARYAWAN PANEN KHL | H105: L | I105: TK/0 | J105: =IF(ISBLANK(I105),"",IF(OR(I105="TK/0",I105="TK/1",I105="K/0"),"TER A",IF(I105="K/3","TER C","TER B"))) -> TER A | K105: 12 | L105: 12 | M105: 2972060 | N105: 979372 | P105: 187627.44 | R105: =SUM(M105:Q105) -> 4139059.4 | S105: =+SETAHUN!J105 -> 0 | T105: =+SETAHUN!L105 -> 0 | V105: =+SETAHUN!G105+M105+N105 -> 3951432 | X105: =+SETAHUN!W105+P105 -> 187627.44 | Y105: 0 | Z105: 0 | AA105: =SUM(S105:U105) -> 0 | AB105: =SUM(V105:AA105) -> 4139059.4 | AC105: =ROUND(IF((AB105)*5%>6000000,6000000,(AB105)*5%),0) -> 206953 | AD105: =('ASTEK 2% -DIISI SMPAI DESEMBER'!O223+'ASTEK 2% -DIISI SMPAI DESEMBER'!O104) -> 116298 | AE105: =AB105-AC105-AD105 -> 3815808.4 | AF105: =IFERROR(VLOOKUP(I105,TARIF,3,FALSE),0) -> 54000000 | AG105: =ROUNDDOWN(IF(AE105<=AF105,0,IF(AE105>AF105,AE105-AF105)),-3) -> 0 | AH105: =IF(AG105>5000000000,AG105*35%-306000000,IF(AG105>500000000,AG105*30%-56000000,IF(AG105>250000000,AG105*25%-31000000,IF(AG105>60000000,AG105*15%-6000000,AG105*5%)))) -> 0 | AI105: =ROUND(IF(E105=0,AH105*120%,AH105),0) -> 0 | AJ105: =+'PAJAK JAN-NOV'!R102 -> 0 | AK105: =IF(AH105<=AJ105,0,IF(AH105>AJ105,AH105-AJ105)) -> 0 | AL105: =+'PAJAK JAN-NOV'!B102 -> ANDREAS | AM105: =AJ105-AI105 -> 0
B106: 101 | C106: =+PERBULAN!B106 -> 0 | R106: =SUM(M106:Q106) -> 0 | S106: =+SETAHUN!J106 -> 0 | T106: =+SETAHUN!L106 -> 0 | V106: =+SETAHUN!G106+M106+N106 -> 0 | X106: =+SETAHUN!W106+P106 -> 0 | Y106: 0 | Z106: 0 | AA106: =SUM(S106:U106) -> 0 | AB106: =SUM(V106:AA106) -> 0 | AC106: =ROUND(IF((AB106)*5%>6000000,6000000,(AB106)*5%),0) -> 0 | AD106: =('ASTEK 2% -DIISI SMPAI DESEMBER'!O224+'ASTEK 2% -DIISI SMPAI DESEMBER'!O105) -> 0 | AE106: =AB106-AC106-AD106 -> 0 | AF106: =IFERROR(VLOOKUP(I106,TARIF,3,FALSE),0) -> 0 | AG106: =ROUNDDOWN(IF(AE106<=AF106,0,IF(AE106>AF106,AE106-AF106)),-3) -> 0 | AH106: =IF(AG106>5000000000,AG106*35%-306000000,IF(AG106>500000000,AG106*30%-56000000,IF(AG106>250000000,AG106*25%-31000000,IF(AG106>60000000,AG106*15%-6000000,AG106*5%)))) -> 0 | AI106: =ROUND(IF(E106=0,AH106*120%,AH106),0) -> 0 | AJ106: =+'PAJAK JAN-NOV'!R103 -> 0 | AK106: =IF(AH106<=AJ106,0,IF(AH106>AJ106,AH106-AJ106)) -> 0 | AL106: =+'PAJAK JAN-NOV'!B103 -> 0 | AM106: =AJ106-AI106 -> 0
B107: 102 | C107: =+PERBULAN!B107 -> 0 | R107: =SUM(M107:Q107) -> 0 | S107: =+SETAHUN!J107 -> 0 | T107: =+SETAHUN!L107 -> 0 | V107: =+SETAHUN!G107+M107+N107 -> 0 | X107: =+SETAHUN!W107+P107 -> 0 | Y107: 0 | Z107: 0 | AA107: =SUM(S107:U107) -> 0 | AB107: =SUM(V107:AA107) -> 0 | AC107: =ROUND(IF((AB107)*5%>6000000,6000000,(AB107)*5%),0) -> 0 | AD107: =('ASTEK 2% -DIISI SMPAI DESEMBER'!O225+'ASTEK 2% -DIISI SMPAI DESEMBER'!O106) -> 0 | AE107: =AB107-AC107-AD107 -> 0 | AF107: =IFERROR(VLOOKUP(I107,TARIF,3,FALSE),0) -> 0 | AG107: =ROUNDDOWN(IF(AE107<=AF107,0,IF(AE107>AF107,AE107-AF107)),-3) -> 0 | AH107: =IF(AG107>5000000000,AG107*35%-306000000,IF(AG107>500000000,AG107*30%-56000000,IF(AG107>250000000,AG107*25%-31000000,IF(AG107>60000000,AG107*15%-6000000,AG107*5%)))) -> 0 | AI107: =ROUND(IF(E107=0,AH107*120%,AH107),0) -> 0 | AJ107: =+'PAJAK JAN-NOV'!R104 -> 0 | AK107: =IF(AH107<=AJ107,0,IF(AH107>AJ107,AH107-AJ107)) -> 0 | AL107: =+'PAJAK JAN-NOV'!B104 -> 0 | AM107: =AJ107-AI107 -> 0
B108: 103 | C108: =+PERBULAN!B108 -> 0 | R108: =SUM(M108:Q108) -> 0 | S108: =+SETAHUN!J108 -> 0 | T108: =+SETAHUN!L108 -> 0 | V108: =+SETAHUN!G108+M108+N108 -> 0 | X108: =+SETAHUN!W108+P108 -> 0 | Y108: 0 | Z108: 0 | AA108: =SUM(S108:U108) -> 0 | AB108: =SUM(V108:AA108) -> 0 | AC108: =ROUND(IF((AB108)*5%>6000000,6000000,(AB108)*5%),0) -> 0 | AD108: =('ASTEK 2% -DIISI SMPAI DESEMBER'!O226+'ASTEK 2% -DIISI SMPAI DESEMBER'!O107) -> 0 | AE108: =AB108-AC108-AD108 -> 0 | AF108: =IFERROR(VLOOKUP(I108,TARIF,3,FALSE),0) -> 0 | AG108: =ROUNDDOWN(IF(AE108<=AF108,0,IF(AE108>AF108,AE108-AF108)),-3) -> 0 | AH108: =IF(AG108>5000000000,AG108*35%-306000000,IF(AG108>500000000,AG108*30%-56000000,IF(AG108>250000000,AG108*25%-31000000,IF(AG108>60000000,AG108*15%-6000000,AG108*5%)))) -> 0 | AI108: =ROUND(IF(E108=0,AH108*120%,AH108),0) -> 0 | AJ108: =+'PAJAK JAN-NOV'!R105 -> 0 | AK108: =IF(AH108<=AJ108,0,IF(AH108>AJ108,AH108-AJ108)) -> 0 | AL108: =+'PAJAK JAN-NOV'!B105 -> 0 | AM108: =AJ108-AI108 -> 0
B109: 104 | C109: =+PERBULAN!B109 -> 0 | R109: =SUM(M109:Q109) -> 0 | S109: =+SETAHUN!J109 -> 0 | T109: =+SETAHUN!L109 -> 0 | V109: =+SETAHUN!G109+M109+N109 -> 0 | X109: =+SETAHUN!W109+P109 -> 0 | Y109: 0 | Z109: 0 | AA109: =SUM(S109:U109) -> 0 | AB109: =SUM(V109:AA109) -> 0 | AC109: =ROUND(IF((AB109)*5%>6000000,6000000,(AB109)*5%),0) -> 0 | AD109: =('ASTEK 2% -DIISI SMPAI DESEMBER'!O227+'ASTEK 2% -DIISI SMPAI DESEMBER'!O108) -> 0 | AE109: =AB109-AC109-AD109 -> 0 | AF109: =IFERROR(VLOOKUP(I109,TARIF,3,FALSE),0) -> 0 | AG109: =ROUNDDOWN(IF(AE109<=AF109,0,IF(AE109>AF109,AE109-AF109)),-3) -> 0 | AH109: =IF(AG109>5000000000,AG109*35%-306000000,IF(AG109>500000000,AG109*30%-56000000,IF(AG109>250000000,AG109*25%-31000000,IF(AG109>60000000,AG109*15%-6000000,AG109*5%)))) -> 0 | AI109: =ROUND(IF(E109=0,AH109*120%,AH109),0) -> 0 | AJ109: =+'PAJAK JAN-NOV'!R106 -> 0 | AK109: =IF(AH109<=AJ109,0,IF(AH109>AJ109,AH109-AJ109)) -> 0 | AL109: =+'PAJAK JAN-NOV'!B106 -> 0 | AM109: =AJ109-AI109 -> 0
B110: 105 | C110: =+PERBULAN!B110 -> 0 | R110: =SUM(M110:Q110) -> 0 | S110: =+SETAHUN!J110 -> 0 | T110: =+SETAHUN!L110 -> 0 | V110: =+SETAHUN!G110+M110+N110 -> 0 | X110: =+SETAHUN!W110+P110 -> 0 | Y110: 0 | Z110: 0 | AA110: =SUM(S110:U110) -> 0 | AB110: =SUM(V110:AA110) -> 0 | AC110: =ROUND(IF((AB110)*5%>6000000,6000000,(AB110)*5%),0) -> 0 | AD110: =('ASTEK 2% -DIISI SMPAI DESEMBER'!O228+'ASTEK 2% -DIISI SMPAI DESEMBER'!O109) -> 0 | AE110: =AB110-AC110-AD110 -> 0 | AF110: =IFERROR(VLOOKUP(I110,TARIF,3,FALSE),0) -> 0 | AG110: =ROUNDDOWN(IF(AE110<=AF110,0,IF(AE110>AF110,AE110-AF110)),-3) -> 0 | AH110: =IF(AG110>5000000000,AG110*35%-306000000,IF(AG110>500000000,AG110*30%-56000000,IF(AG110>250000000,AG110*25%-31000000,IF(AG110>60000000,AG110*15%-6000000,AG110*5%)))) -> 0 | AI110: =ROUND(IF(E110=0,AH110*120%,AH110),0) -> 0 | AJ110: =+'PAJAK JAN-NOV'!R107 -> 0 | AK110: =IF(AH110<=AJ110,0,IF(AH110>AJ110,AH110-AJ110)) -> 0 | AL110: =+'PAJAK JAN-NOV'!B107 -> 0 | AM110: =AJ110-AI110 -> 0
B111: 106 | C111: =+PERBULAN!B111 -> 0 | R111: =SUM(M111:Q111) -> 0 | S111: =+SETAHUN!J111 -> 0 | T111: =+SETAHUN!L111 -> 0 | V111: =+SETAHUN!G111+M111+N111 -> 0 | X111: =+SETAHUN!W111+P111 -> 0 | Y111: 0 | Z111: 0 | AA111: =SUM(S111:U111) -> 0 | AB111: =SUM(V111:AA111) -> 0 | AC111: =ROUND(IF((AB111)*5%>6000000,6000000,(AB111)*5%),0) -> 0 | AD111: =('ASTEK 2% -DIISI SMPAI DESEMBER'!O229+'ASTEK 2% -DIISI SMPAI DESEMBER'!O110) -> 0 | AE111: =AB111-AC111-AD111 -> 0 | AF111: =IFERROR(VLOOKUP(I111,TARIF,3,FALSE),0) -> 0 | AG111: =ROUNDDOWN(IF(AE111<=AF111,0,IF(AE111>AF111,AE111-AF111)),-3) -> 0 | AH111: =IF(AG111>5000000000,AG111*35%-306000000,IF(AG111>500000000,AG111*30%-56000000,IF(AG111>250000000,AG111*25%-31000000,IF(AG111>60000000,AG111*15%-6000000,AG111*5%)))) -> 0 | AI111: =ROUND(IF(E111=0,AH111*120%,AH111),0) -> 0 | AJ111: =+'PAJAK JAN-NOV'!R108 -> 0 | AK111: =IF(AH111<=AJ111,0,IF(AH111>AJ111,AH111-AJ111)) -> 0 | AL111: =+'PAJAK JAN-NOV'!B108 -> 0 | AM111: =AJ111-AI111 -> 0
B112: 107 | C112: =+PERBULAN!B112 -> 0 | R112: =SUM(M112:Q112) -> 0 | S112: =+SETAHUN!J112 -> 0 | T112: =+SETAHUN!L112 -> 0 | V112: =+SETAHUN!G112+M112+N112 -> 0 | X112: =+SETAHUN!W112+P112 -> 0 | Y112: 0 | Z112: 0 | AA112: =SUM(S112:U112) -> 0 | AB112: =SUM(V112:AA112) -> 0 | AC112: =ROUND(IF((AB112)*5%>6000000,6000000,(AB112)*5%),0) -> 0 | AD112: =('ASTEK 2% -DIISI SMPAI DESEMBER'!O230+'ASTEK 2% -DIISI SMPAI DESEMBER'!O111) -> 0 | AE112: =AB112-AC112-AD112 -> 0 | AF112: =IFERROR(VLOOKUP(I112,TARIF,3,FALSE),0) -> 0 | AG112: =ROUNDDOWN(IF(AE112<=AF112,0,IF(AE112>AF112,AE112-AF112)),-3) -> 0 | AH112: =IF(AG112>5000000000,AG112*35%-306000000,IF(AG112>500000000,AG112*30%-56000000,IF(AG112>250000000,AG112*25%-31000000,IF(AG112>60000000,AG112*15%-6000000,AG112*5%)))) -> 0 | AI112: =ROUND(IF(E112=0,AH112*120%,AH112),0) -> 0 | AJ112: =+'PAJAK JAN-NOV'!R109 -> 0 | AK112: =IF(AH112<=AJ112,0,IF(AH112>AJ112,AH112-AJ112)) -> 0 | AL112: =+'PAJAK JAN-NOV'!B109 -> 0 | AM112: =AJ112-AI112 -> 0
B113: 108 | C113: =+PERBULAN!B113 -> 0 | R113: =SUM(M113:Q113) -> 0 | S113: =+SETAHUN!J113 -> 0 | T113: =+SETAHUN!L113 -> 0 | V113: =+SETAHUN!G113+M113+N113 -> 0 | X113: =+SETAHUN!W113+P113 -> 0 | Y113: 0 | Z113: 0 | AA113: =SUM(S113:U113) -> 0 | AB113: =SUM(V113:AA113) -> 0 | AC113: =ROUND(IF((AB113)*5%>6000000,6000000,(AB113)*5%),0) -> 0 | AD113: =('ASTEK 2% -DIISI SMPAI DESEMBER'!O231+'ASTEK 2% -DIISI SMPAI DESEMBER'!O112) -> 0 | AE113: =AB113-AC113-AD113 -> 0 | AF113: =IFERROR(VLOOKUP(I113,TARIF,3,FALSE),0) -> 0 | AG113: =ROUNDDOWN(IF(AE113<=AF113,0,IF(AE113>AF113,AE113-AF113)),-3) -> 0 | AH113: =IF(AG113>5000000000,AG113*35%-306000000,IF(AG113>500000000,AG113*30%-56000000,IF(AG113>250000000,AG113*25%-31000000,IF(AG113>60000000,AG113*15%-6000000,AG113*5%)))) -> 0 | AI113: =ROUND(IF(E113=0,AH113*120%,AH113),0) -> 0 | AJ113: =+'PAJAK JAN-NOV'!R110 -> 0 | AK113: =IF(AH113<=AJ113,0,IF(AH113>AJ113,AH113-AJ113)) -> 0 | AL113: =+'PAJAK JAN-NOV'!B110 -> 0 | AM113: =AJ113-AI113 -> 0
B114: 109 | C114: =+PERBULAN!B114 -> 0 | R114: =SUM(M114:Q114) -> 0 | S114: =+SETAHUN!J114 -> 0 | T114: =+SETAHUN!L114 -> 0 | V114: =+SETAHUN!G114+M114+N114 -> 0 | X114: =+SETAHUN!W114+P114 -> 0 | Y114: 0 | Z114: 0 | AA114: =SUM(S114:U114) -> 0 | AB114: =SUM(V114:AA114) -> 0 | AC114: =ROUND(IF((AB114)*5%>6000000,6000000,(AB114)*5%),0) -> 0 | AD114: =('ASTEK 2% -DIISI SMPAI DESEMBER'!O232+'ASTEK 2% -DIISI SMPAI DESEMBER'!O113) -> 0 | AE114: =AB114-AC114-AD114 -> 0 | AF114: =IFERROR(VLOOKUP(I114,TARIF,3,FALSE),0) -> 0 | AG114: =ROUNDDOWN(IF(AE114<=AF114,0,IF(AE114>AF114,AE114-AF114)),-3) -> 0 | AH114: =IF(AG114>5000000000,AG114*35%-306000000,IF(AG114>500000000,AG114*30%-56000000,IF(AG114>250000000,AG114*25%-31000000,IF(AG114>60000000,AG114*15%-6000000,AG114*5%)))) -> 0 | AI114: =ROUND(IF(E114=0,AH114*120%,AH114),0) -> 0 | AJ114: =+'PAJAK JAN-NOV'!R111 -> 0 | AK114: =IF(AH114<=AJ114,0,IF(AH114>AJ114,AH114-AJ114)) -> 0 | AL114: =+'PAJAK JAN-NOV'!B111 -> 0 | AM114: =AJ114-AI114 -> 0
B115: 110 | C115: =+PERBULAN!B115 -> 0 | R115: =SUM(M115:Q115) -> 0 | S115: =+SETAHUN!J115 -> 0 | V115: =+SETAHUN!G115+M115+N115 -> 0 | X115: =+SETAHUN!W115+P115 -> 0 | Y115: 0 | Z115: 0 | AA115: =SUM(S115:U115) -> 0 | AB115: =SUM(V115:AA115) -> 0 | AC115: =ROUND(IF((AB115)*5%>6000000,6000000,(AB115)*5%),0) -> 0 | AD115: =('ASTEK 2% -DIISI SMPAI DESEMBER'!O233+'ASTEK 2% -DIISI SMPAI DESEMBER'!O114) -> 0 | AE115: =AB115-AC115-AD115 -> 0 | AF115: =IFERROR(VLOOKUP(I115,TARIF,3,FALSE),0) -> 0 | AG115: =ROUNDDOWN(IF(AE115<=AF115,0,IF(AE115>AF115,AE115-AF115)),-3) -> 0 | AH115: =IF(AG115>5000000000,AG115*35%-306000000,IF(AG115>500000000,AG115*30%-56000000,IF(AG115>250000000,AG115*25%-31000000,IF(AG115>60000000,AG115*15%-6000000,AG115*5%)))) -> 0 | AI115: =ROUND(IF(E115=0,AH115*120%,AH115),0) -> 0 | AJ115: =+'PAJAK JAN-NOV'!R112 -> 0 | AK115: =IF(AH115<=AJ115,0,IF(AH115>AJ115,AH115-AJ115)) -> 0 | AL115: =+'PAJAK JAN-NOV'!B112 -> 0 | AM115: =AJ115-AI115 -> 0
B116: 111 | C116: =+PERBULAN!B116 -> 0 | R116: =SUM(M116:Q116) -> 0 | S116: =+SETAHUN!J116 -> 0 | V116: =+SETAHUN!G116+M116+N116 -> 0 | X116: =+SETAHUN!W116+P116 -> 0 | Y116: 0 | Z116: 0 | AA116: =SUM(S116:U116) -> 0 | AB116: =SUM(V116:AA116) -> 0 | AC116: =ROUND(IF((AB116)*5%>6000000,6000000,(AB116)*5%),0) -> 0 | AD116: =('ASTEK 2% -DIISI SMPAI DESEMBER'!O234+'ASTEK 2% -DIISI SMPAI DESEMBER'!O115) -> 0 | AE116: =AB116-AC116-AD116 -> 0 | AF116: =IFERROR(VLOOKUP(I116,TARIF,3,FALSE),0) -> 0 | AG116: =ROUNDDOWN(IF(AE116<=AF116,0,IF(AE116>AF116,AE116-AF116)),-3) -> 0 | AH116: =IF(AG116>5000000000,AG116*35%-306000000,IF(AG116>500000000,AG116*30%-56000000,IF(AG116>250000000,AG116*25%-31000000,IF(AG116>60000000,AG116*15%-6000000,AG116*5%)))) -> 0 | AI116: =ROUND(IF(E116=0,AH116*120%,AH116),0) -> 0 | AJ116: =+'PAJAK JAN-NOV'!R113 -> 0 | AK116: =IF(AH116<=AJ116,0,IF(AH116>AJ116,AH116-AJ116)) -> 0 | AL116: =+'PAJAK JAN-NOV'!B113 -> 0 | AM116: =AJ116-AI116 -> 0
B117: 112 | C117: =+PERBULAN!B117 -> 0 | R117: =SUM(M117:Q117) -> 0 | S117: =+SETAHUN!J117 -> 0 | V117: =+SETAHUN!G117+M117+N117 -> 0 | X117: =+SETAHUN!W117+P117 -> 0 | Y117: 0 | Z117: 0 | AA117: =SUM(S117:U117) -> 0 | AB117: =SUM(V117:AA117) -> 0 | AC117: =ROUND(IF((AB117)*5%>6000000,6000000,(AB117)*5%),0) -> 0 | AD117: =('ASTEK 2% -DIISI SMPAI DESEMBER'!O235+'ASTEK 2% -DIISI SMPAI DESEMBER'!O116) -> 0 | AE117: =AB117-AC117-AD117 -> 0 | AF117: =IFERROR(VLOOKUP(I117,TARIF,3,FALSE),0) -> 0 | AG117: =ROUNDDOWN(IF(AE117<=AF117,0,IF(AE117>AF117,AE117-AF117)),-3) -> 0 | AH117: =IF(AG117>5000000000,AG117*35%-306000000,IF(AG117>500000000,AG117*30%-56000000,IF(AG117>250000000,AG117*25%-31000000,IF(AG117>60000000,AG117*15%-6000000,AG117*5%)))) -> 0 | AI117: =ROUND(IF(E117=0,AH117*120%,AH117),0) -> 0 | AJ117: =+'PAJAK JAN-NOV'!R114 -> 0 | AK117: =IF(AH117<=AJ117,0,IF(AH117>AJ117,AH117-AJ117)) -> 0 | AL117: =+'PAJAK JAN-NOV'!B114 -> 0 | AM117: =AJ117-AI117 -> 0
M118: =SUM(M6:M117) -> 341399240 | N118: =SUM(N6:N117) -> 43249151 | O118: =SUM(O6:O117) -> 4086600 | P118: =SUM(P6:P117) -> 16854618 | Q118: =SUM(Q6:Q117) -> 0 | R118: =SUM(R6:R117) -> 4.0558961e+08 | S118: =SUM(S6:S117) -> 370755925 | T118: =SUM(T6:T117) -> 23616667 | ... AK118: =SUM(AK6:AK117) -> 207494 | AM118: =SUM(AM6:AM117) -> 9442846
B120: Catatan :
B121: 1. yang berwarna adalah rumus
B122: 2. dalam hal terdapat tunjangan PPh, maka ceklis "enable iterative calculation" pada menu (option => formula => pada bagian kanan atas)
B123: 3. kolom pengurang JHT/JP tetap wajib diisi, sebagai pengurang pada masa pajak desember
B124: 4. komponen penghasilan bruto dapat disesuaikan/ditambahkan kolom, sesuai dengan kebutuhan masing2 perusahaan
B125: 5. perubahan status PTKP ditentukan keadaan awal tahun, misal nikah/punya anak ditanggal 2 januari 2024, maka berubah status PTKP nya tahun 2025 | AI125: =SUM(AI120:AI124) -> 0
B126: 6. PPh 21 terutang tersebut sudah memperhitungkan bagi yang tidak memiliki NPWP dengan jumlah PPh Terutang 20% lebih besar.
...

Sheet Jan'24
B1: PT. REBINMAS JAYA
B2: INCOME TAX ARTICLE 21 FOR JAN 2024
B3: PG 1B GUNUNG RUM
C4: yang berwarna ini rumus
B5: NO. | C5: NAMA KARYAWAN | D5: N I K / PASPOR | E5: N P W P | F5: A L A M A T | G5: JABATAN | H5: L/P | I5: PTKP | J5: TER | K5: Gaji Pokok | L5: Astek Ins (0,84%) | M5: BPJS KESEHATAN (4%) | N5: Transport Allow | O5: Rice Allow | P5: Structural Allow | Q5: Service Time Allow | R5: Tunjangan Stand - By | S5: Tunjangan PPh | T5: Others Kinerja | U5: THR | V5: EX-GRATIA | W5: Penghasilan Bruto | X5: Tarif TER | Y5: PPh 21 | Z5: PPh 21 Pot Jan'24 | AA5: Selisih | AB5: Keterangan
B6: 1 | C6: SAPAR WADI | D6: 5203011706860003 | E6: - | F6: DOLOP RT. 030 RW. 010 DESA DOLOPO KEC. DOLOPO KAB. MADIUN JAWA TIMUR | H6: L | I6: K/1 | J6: =IF(ISBLANK(I6),"",IF(OR(I6="TK/0",I6="TK/1",I6="K/0"),"TER A",IF(I6="K/3","TER C","TER B"))) -> TER B | K6: 6445846.2 | L6: 30576 | M6: 146100 | S6: 0 | W6: =SUM(K6:V6) -> 6622522.2 | X6: =IF($J6="TER A",VLOOKUP(W6,Ter_A,4,TRUE),IF($J6="TER B",VLOOKUP(W6,Ter_B,4,TRUE),VLOOKUP(W6,Ter_C,4,TRUE))) -> 0.005 | Y6: =ROUND(IF($E6=0,W6*X6*120%,W6*X6),0) -> 33113 | Z6: 55931.767 | AA6: =Z6-Y6 -> 22818.767 | AB6: Lebih Pot | AC6: =L6+M6 -> 176676
B7: 2 | C7: DAMSYAH | D7: 5203010203740001 | E7: - | F7: KETANGGA TIMUR DESA KETANGGA JERAENG KEC. KERUAK LOMBOK TIMUR | H7: L | I7: K/1 | J7: =IF(ISBLANK(I7),"",IF(OR(I7="TK/0",I7="TK/1",I7="K/0"),"TER A",IF(I7="K/3","TER C","TER B"))) -> TER B | K7: 7322994.2 | L7: 30576 | M7: 146100 | S7: 0 | W7: =SUM(K7:V7) -> 7499670.2 | X7: =IF($J7="TER A",VLOOKUP(W7,Ter_A,4,TRUE),IF($J7="TER B",VLOOKUP(W7,Ter_B,4,TRUE),VLOOKUP(W7,Ter_C,4,TRUE))) -> 0.01 | Y7: =ROUND(IF($E7=0,W7*X7*120%,W7*X7),0) -> 74997 | Z7: 105929.2 | AA7: =Z7-Y7 -> 30932.203 | AB7: Lebih Pot | AC7: =L7+M7 -> 176676
B8: 3 | C8: GASRA | D8: 5203041311750001 | E8: - | F8: BAGIK BONGKANG DESA DARMASARI KEC. SIKUR KAB. LOMBOK TIMUR | H8: L | I8: K/2 | J8: =IF(ISBLANK(I8),"",IF(OR(I8="TK/0",I8="TK/1",I8="K/0"),"TER A",IF(I8="K/3","TER C","TER B"))) -> TER B | K8: 5763360.2 | L8: 30576 | M8: 145800 | S8: 0 | W8: =SUM(K8:V8) -> 5939736.2 | X8: =IF($J8="TER A",VLOOKUP(W8,Ter_A,4,TRUE),IF($J8="TER B",VLOOKUP(W8,Ter_B,4,TRUE),VLOOKUP(W8,Ter_C,4,TRUE))) -> 0 | Y8: =ROUND(IF($E8=0,W8*X8*120%,W8*X8),0) -> 0 | Z8: 0 | AA8: =Z8-Y8 -> 0 | AC8: =L8+M8 -> 176376
B9: 4 | C9: JUMADIL | D9: 5203010107780410 | E9: - | F9: DASAN BARU DESA SENYIUR KEC. KERUAK KAB. LOMBOK TIMUR | H9: L | I9: K/2 | J9: =IF(ISBLANK(I9),"",IF(OR(I9="TK/0",I9="TK/1",I9="K/0"),"TER A",IF(I9="K/3","TER C","TER B"))) -> TER B | K9: 8294982.2 | L9: 30576 | M9: 145900 | S9: 0 | W9: =SUM(K9:V9) -> 8471458.2 | X9: =IF($J9="TER A",VLOOKUP(W9,Ter_A,4,TRUE),IF($J9="TER B",VLOOKUP(W9,Ter_B,4,TRUE),VLOOKUP(W9,Ter_C,4,TRUE))) -> 0.01 | Y9: =ROUND(IF($E9=0,W9*X9*120%,W9*X9),0) -> 84715 | Z9: 138821.12 | AA9: =Z9-Y9 -> 54106.119 | AB9: Lebih Pot | AC9: =L9+M9 -> 176476
B10: 5 | C10: ARYADI | D10: 1902051308710001 | E10: 972283717305000 | F10: DSN AIR BEGANTUNG RT. 009 RW. 003 DESA KACANG BUTOR KEC. BADAU | H10: L | I10: TK/0 | J10: =IF(ISBLANK(I10),"",IF(OR(I10="TK/0",I10="TK/1",I10="K/0"),"TER A",IF(I10="K/3","TER C","TER B"))) -> TER A | K10: 3725416.6 | L10: 30828 | M10: 148540 | S10: 0 | W10: =SUM(K10:V10) -> 3904784.6 | X10: =IF($J10="TER A",VLOOKUP(W10,Ter_A,4,TRUE),IF($J10="TER B",VLOOKUP(W10,Ter_B,4,TRUE),VLOOKUP(W10,Ter_C,4,TRUE))) -> 0 | Y10: =ROUND(IF($E10=0,W10*X10*120%,W10*X10),0) -> 0 | Z10: 0 | AA10: =Z10-Y10 -> 0 | AC10: =L10+M10 -> 179368 | AE10: =K10+'Feb''24'!K6+'Maret''24'!K6+'April ''24'!K6+'Mei ''24'!K6+'Juni ''24 '!K6+'Juli ''24'!K6+'Agust ''24 '!K6+'Sept ''24'!K6 -> 33452416
B11: 6 | C11: MARETA | D11: 1902055603990002 | E11: - | F11: KACANG BUTOR RT. 002 RW. 001 DESA KACANG BUTOR KEC. BADAU | H11: P | I11: TK/0 | J11: =IF(ISBLANK(I11),"",IF(OR(I11="TK/0",I11="TK/1",I11="K/0"),"TER A",IF(I11="K/3","TER C","TER B"))) -> TER A | K11: 5501678.4 | L11: 30576 | M11: 146200 | S11: 0 | W11: =SUM(K11:V11) -> 5678454.4 | X11: =IF($J11="TER A",VLOOKUP(W11,Ter_A,4,TRUE),IF($J11="TER B",VLOOKUP(W11,Ter_B,4,TRUE),VLOOKUP(W11,Ter_C,4,TRUE))) -> 0.005 | Y11: =ROUND(IF($E11=0,W11*X11*120%,W11*X11),0) -> 28392 | Z11: 47119.902 | AA11: =Z11-Y11 -> 18727.902 | AB11: Lebih Pot | AC11: =L11+M11 -> 176776
B12: 7 | C12: SUPRI | D12: 1902052505740001 | E12: 972283451305000 | F12: JL MANGGAR DSN AIR BEGANTUNG RT. 008 RW. 003 DESA KACANG BUTOR KEC. BADAU | H12: L | I12: TK/0 | J12: =IF(ISBLANK(I12),"",IF(OR(I12="TK/0",I12="TK/1",I12="K/0"),"TER A",IF(I12="K/3","TER C","TER B"))) -> TER A | K12: 3627416.6 | L12: 30576 | M12: 147340 | S12: 0 | W12: =SUM(K12:V12) -> 3805332.6 | X12: =IF($J12="TER A",VLOOKUP(W12,Ter_A,4,TRUE),IF($J12="TER B",VLOOKUP(W12,Ter_B,4,TRUE),VLOOKUP(W12,Ter_C,4,TRUE))) -> 0 | Y12: =ROUND(IF($E12=0,W12*X12*120%,W12*X12),0) -> 0 | Z12: 0 | AA12: =Z12-Y12 -> 0 | AC12: =L12+M12 -> 177916
B13: 8 | C13: BOBI SAPUTRA | D13: 1902050108950001 | E13: - | F13: JL MANGGAR DSN AIR BEGANTUNG RT. 009 RW. 003 DESA KACANG BUTOR KEC. BADAU | H13: L | I13: K/1 | J13: =IF(ISBLANK(I13),"",IF(OR(I13="TK/0",I13="TK/1",I13="K/0"),"TER A",IF(I13="K/3","TER C","TER B"))) -> TER B | K13: 3298666.6 | L13: 30576 | M13: 146680 | S13: 0 | W13: =SUM(K13:V13) -> 3475922.6 | X13: =IF($J13="TER A",VLOOKUP(W13,Ter_A,4,TRUE),IF($J13="TER B",VLOOKUP(W13,Ter_B,4,TRUE),VLOOKUP(W13,Ter_C,4,TRUE))) -> 0 | Y13: =ROUND(IF($E13=0,W13*X13*120%,W13*X13),0) -> 0 | Z13: 0 | AA13: =Z13-Y13 -> 0 | AC13: =L13+M13 -> 177256
B14: 9 | C14: ROTIA | D14: 1902056802760001 | E14: 972283634305000 | F14: JL MANGGAR DSN PARIT GUNUNG RT. 005 RW. 003 DESA AIR BATU BUDING BADAU | H14: P | I14: TK/0 | J14: =IF(ISBLANK(I14),"",IF(OR(I14="TK/0",I14="TK/1",I14="K/0"),"TER A",IF(I14="K/3","TER C","TER B"))) -> TER A | K14: 3881583.2 | L14: 30576 | M14: 147620 | S14: 0 | W14: =SUM(K14:V14) -> 4059779.2 | X14: =IF($J14="TER A",VLOOKUP(W14,Ter_A,4,TRUE),IF($J14="TER B",VLOOKUP(W14,Ter_B,4,TRUE),VLOOKUP(W14,Ter_C,4,TRUE))) -> 0 | Y14: =ROUND(IF($E14=0,W14*X14*120%,W14*X14),0) -> 0 | Z14: 0 | AA14: =Z14-Y14 -> 0 | AC14: =L14+M14 -> 178196
B15: 10 | C15: SURYANI | D15: 1902056503820002 | E15: 972283519305000 | F15: JL MANGGAR RT. 005 RW. 003 DESA AIR BATU BUDING KEC. BADAU | H15: P | I15: TK/0 | J15: =IF(ISBLANK(I15),"",IF(OR(I15="TK/0",I15="TK/1",I15="K/0"),"TER A",IF(I15="K/3","TER C","TER B"))) -> TER A | K15: 3878083.2 | L15: 30576 | M15: 147480 | S15: 0 | W15: =SUM(K15:V15) -> 4056139.2 | X15: =IF($J15="TER A",VLOOKUP(W15,Ter_A,4,TRUE),IF($J15="TER B",VLOOKUP(W15,Ter_B,4,TRUE),VLOOKUP(W15,Ter_C,4,TRUE))) -> 0 | Y15: =ROUND(IF($E15=0,W15*X15*120%,W15*X15),0) -> 0 | Z15: 0 | AA15: =Z15-Y15 -> 0 | AC15: =L15+M15 -> 178056
B16: 11 | C16: SAHINA YUNI | D16: 1902055002750002 | E16: 972283600305000 | F16: JL MANGGAR DSN PARIT GUNUNG RT. 006 RW. 003 DESA AIR BATU BUDING BADAU | H16: P | I16: TK/0 | J16: =IF(ISBLANK(I16),"",IF(OR(I16="TK/0",I16="TK/1",I16="K/0"),"TER A",IF(I16="K/3","TER C","TER B"))) -> TER A | K16: 3878083.2 | L16: 30576 | M16: 147480 | S16: 0 | W16: =SUM(K16:V16) -> 4056139.2 | X16: =IF($J16="TER A",VLOOKUP(W16,Ter_A,4,TRUE),IF($J16="TER B",VLOOKUP(W16,Ter_B,4,TRUE),VLOOKUP(W16,Ter_C,4,TRUE))) -> 0 | Y16: =ROUND(IF($E16=0,W16*X16*120%,W16*X16),0) -> 0 | Z16: 0 | AA16: =Z16-Y16 -> 0 | AC16: =L16+M16 -> 178056
B17: 12 | C17: NURLELA | D17: 1902056211790001 | E17: 972283840305000 | F17: JL MANGGAR RT. 008 RW. 003 DESA KACANG BUTOR KEC. BADAU | H17: P | I17: TK/0 | J17: =IF(ISBLANK(I17),"",IF(OR(I17="TK/0",I17="TK/1",I17="K/0"),"TER A",IF(I17="K/3","TER C","TER B"))) -> TER A | K17: 3892083.2 | L17: 30576 | M17: 148040 | S17: 0 | W17: =SUM(K17:V17) -> 4070699.2 | X17: =IF($J17="TER A",VLOOKUP(W17,Ter_A,4,TRUE),IF($J17="TER B",VLOOKUP(W17,Ter_B,4,TRUE),VLOOKUP(W17,Ter_C,4,TRUE))) -> 0 | Y17: =ROUND(IF($E17=0,W17*X17*120%,W17*X17),0) -> 0 | Z17: 0 | AA17: =Z17-Y17 -> 0 | AC17: =L17+M17 -> 178616
B18: 13 | C18: SUSINARTI | D18: 1902054107830040 | E18: 972283568305000 | F18: JL MANGGAR RT. 009 RW. 003 DESA KACANG BUTOR KEC. BADAU | H18: P | I18: TK/0 | J18: =IF(ISBLANK(I18),"",IF(OR(I18="TK/0",I18="TK/1",I18="K/0"),"TER A",IF(I18="K/3","TER C","TER B"))) -> TER A | K18: 3874583.2 | L18: 30576 | M18: 147340 | S18: 0 | W18: =SUM(K18:V18) -> 4052499.2 | X18: =IF($J18="TER A",VLOOKUP(W18,Ter_A,4,TRUE),IF($J18="TER B",VLOOKUP(W18,Ter_B,4,TRUE),VLOOKUP(W18,Ter_C,4,TRUE))) -> 0 | Y18: =ROUND(IF($E18=0,W18*X18*120%,W18*X18),0) -> 0 | Z18: 0 | AA18: =Z18-Y18 -> 0 | AC18: =L18+M18 -> 177916
B19: 14 | C19: JAHIMIN | D19: 1906040504710002 | E19: 972285605305000 | F19: DSN LIMAU MANIS RT. 012 RW. 005 DESA BUDING KEC. KELAPA KAMPIT | H19: L | I19: K/0 | J19: =IF(ISBLANK(I19),"",IF(OR(I19="TK/0",I19="TK/1",I19="K/0"),"TER A",IF(I19="K/3","TER C","TER B"))) -> TER A | K19: 3808999.9 | L19: 30576 | M19: 148040 | S19: 0 | W19: =SUM(K19:V19) -> 3987615.9 | X19: =IF($J19="TER A",VLOOKUP(W19,Ter_A,4,TRUE),IF($J19="TER B",VLOOKUP(W19,Ter_B,4,TRUE),VLOOKUP(W19,Ter_C,4,TRUE))) -> 0 | Y19: =ROUND(IF($E19=0,W19*X19*120%,W19*X19),0) -> 0 | Z19: 0 | AA19: =Z19-Y19 -> 0 | AC19: =L19+M19 -> 178616
B20: 15 | C20: RIZKY FUTRAWAN | D20: 1902050406950002 | E20: 651519217305000 | F20: JL MANGGAR RT. 002 RW. 001 DESA AIR BATU BUDING KEC. BADAU | H20: L | I20: TK/0 | J20: =IF(ISBLANK(I20),"",IF(OR(I20="TK/0",I20="TK/1",I20="K/0"),"TER A",IF(I20="K/3","TER C","TER B"))) -> TER A | K20: 3604916.6 | L20: 30576 | M20: 146440 | S20: 0 | W20: =SUM(K20:V20) -> 3781932.6 | X20: =IF($J20="TER A",VLOOKUP(W20,Ter_A,4,TRUE),IF($J20="TER B",VLOOKUP(W20,Ter_B,4,TRUE),VLOOKUP(W20,Ter_C,4,TRUE))) -> 0 | Y20: =ROUND(IF($E20=0,W20*X20*120%,W20*X20),0) -> 0 | Z20: 0 | AA20: =Z20-Y20 -> 0 | AC20: =L20+M20 -> 177016
B21: 16 | C21: USWATUL | D21: 1902055610940001 | E21: 551667553305000 | F21: JL KELAPA KAMPIT RT. 012 RW. 004 DESA KACANG BUTOR KEC. BADAU | H21: P | I21: TK/0 | J21: =IF(ISBLANK(I21),"",IF(OR(I21="TK/0",I21="TK/1",I21="K/0"),"TER A",IF(I21="K/3","TER C","TER B"))) -> TER A | K21: 3861083.2 | L21: 30576 | M21: 146800 | S21: 0 | W21: =SUM(K21:V21) -> 4038459.2 | X21: =IF($J21="TER A",VLOOKUP(W21,Ter_A,4,TRUE),IF($J21="TER B",VLOOKUP(W21,Ter_B,4,TRUE),VLOOKUP(W21,Ter_C,4,TRUE))) -> 0 | Y21: =ROUND(IF($E21=0,W21*X21*120%,W21*X21),0) -> 0 | Z21: 0 | AA21: =Z21-Y21 -> 0 | AC21: =L21+M21 -> 177376
B22: 17 | C22: GUSTAMI | D22: 1902040505720005 | E22: 551663800305000 | F22: DSN SIMPANG EMPAT RT. 014 RW. 007 DESA SIJUK KEC SIJUK | H22: L | I22: K/1 | J22: =IF(ISBLANK(I22),"",IF(OR(I22="TK/0",I22="TK/1",I22="K/0"),"TER A",IF(I22="K/3","TER C","TER B"))) -> TER B | K22: 4017897.9 | L22: 30576 | M22: 146800 | S22: 0 | W22: =SUM(K22:V22) -> 4195273.9 | X22: =IF($J22="TER A",VLOOKUP(W22,Ter_A,4,TRUE),IF($J22="TER B",VLOOKUP(W22,Ter_B,4,TRUE),VLOOKUP(W22,Ter_C,4,TRUE))) -> 0 | Y22: =ROUND(IF($E22=0,W22*X22*120%,W22*X22),0) -> 0 | Z22: 0 | AA22: =Z22-Y22 -> 0 | AC22: =L22+M22 -> 177376
B23: 18 | C23: AGUS TRIANTIKA | D23: 1906041908760003 | E23: - | F23: DSN MERDEKA RT. 001 RW. 001 DESA SENYUBUK KEC. KELAPA KAMPIT | H23: L | I23: K/2 | J23: =IF(ISBLANK(I23),"",IF(OR(I23="TK/0",I23="TK/1",I23="K/0"),"TER A",IF(I23="K/3","TER C","TER B"))) -> TER B | K23: 3822999.9 | L23: 30576 | M23: 146440 | S23: 0 | W23: =SUM(K23:V23) -> 4000015.9 | X23: =IF($J23="TER A",VLOOKUP(W23,Ter_A,4,TRUE),IF($J23="TER B",VLOOKUP(W23,Ter_B,4,TRUE),VLOOKUP(W23,Ter_C,4,TRUE))) -> 0 | Y23: =ROUND(IF($E23=0,W23*X23*120%,W23*X23),0) -> 0 | Z23: 0 | AA23: =Z23-Y23 -> 0 | AC23: =L23+M23 -> 177016
B24: 19 | C24: FIKA HOIRI | D24: 1902041110990001 | E24: - | F24: SUNGAI PADANG RT. 004 RW. 002 DESA SUNGAI PADANG KEC. SIJUK | H24: L | I24: K/1 | J24: =IF(ISBLANK(I24),"",IF(OR(I24="TK/0",I24="TK/1",I24="K/0"),"TER A",IF(I24="K/3","TER C","TER B"))) -> TER B | K24: 3782499.9 | L24: 30576 | M24: 145900 | S24: 0 | W24: =SUM(K24:V24) -> 3958975.9 | X24: =IF($J24="TER A",VLOOKUP(W24,Ter_A,4,TRUE),IF($J24="TER B",VLOOKUP(W24,Ter_B,4,TRUE),VLOOKUP(W24,Ter_C,4,TRUE))) -> 0 | Y24: =ROUND(IF($E24=0,W24*X24*120%,W24*X24),0) -> 0 | Z24: 0 | AA24: =Z24-Y24 -> 0 | AC24: =L24+M24 -> 176476
B25: 20 | C25: NOPI HARIKA | D25: 1902014311880001 | E25: 972283873305000 | F25: JL KELAPA GADING RT. 017 RW. 07 KEL. PANGKAL LALANG KEC. TANJUNGPANDAN | H25: P | I25: TK/0 | J25: =IF(ISBLANK(I25),"",IF(OR(I25="TK/0",I25="TK/1",I25="K/0"),"TER A",IF(I25="K/3","TER C","TER B"))) -> TER A | K25: 3750999.9 | L25: 30576 | M25: 147340 | S25: 0 | W25: =SUM(K25:V25) -> 3928915.9 | X25: =IF($J25="TER A",VLOOKUP(W25,Ter_A,4,TRUE),IF($J25="TER B",VLOOKUP(W25,Ter_B,4,TRUE),VLOOKUP(W25,Ter_C,4,TRUE))) -> 0 | Y25: =ROUND(IF($E25=0,W25*X25*120%,W25*X25),0) -> 0 | Z25: 0 | AA25: =Z25-Y25 -> 0 | AC25: =L25+M25 -> 177916
B26: 21 | C26: YULIANTI | D26: 1902054707770001 | E26: 972283766305000 | F26: JL MANGGAR RT. 004 RW. 002 DESAAIR BATU BUDING KEC. BADAU | H26: P | I26: TK/0 | J26: =IF(ISBLANK(I26),"",IF(OR(I26="TK/0",I26="TK/1",I26="K/0"),"TER A",IF(I26="K/3","TER C","TER B"))) -> TER A | K26: 3754499.9 | L26: 30576 | M26: 147480 | S26: 0 | W26: =SUM(K26:V26) -> 3932555.9 | X26: =IF($J26="TER A",VLOOKUP(W26,Ter_A,4,TRUE),IF($J26="TER B",VLOOKUP(W26,Ter_B,4,TRUE),VLOOKUP(W26,Ter_C,4,TRUE))) -> 0 | Y26: =ROUND(IF($E26=0,W26*X26*120%,W26*X26),0) -> 0 | Z26: 0 | AA26: =Z26-Y26 -> 0 | AC26: =L26+M26 -> 178056
B27: 22 | C27: SARI IRIANTI | D27: 1902055807810002 | E27: 758324628305000 | F27: JL. SISWA RT. 001 RW. 001 DESA AIR BATU BUDING KEC. BADAU | H27: P | I27: TK/0 | J27: =IF(ISBLANK(I27),"",IF(OR(I27="TK/0",I27="TK/1",I27="K/0"),"TER A",IF(I27="K/3","TER C","TER B"))) -> TER A | K27: 3731499.9 | L27: 30576 | M27: 146560 | S27: 0 | W27: =SUM(K27:V27) -> 3908635.9 | X27: =IF($J27="TER A",VLOOKUP(W27,Ter_A,4,TRUE),IF($J27="TER B",VLOOKUP(W27,Ter_B,4,TRUE),VLOOKUP(W27,Ter_C,4,TRUE))) -> 0 | Y27: =ROUND(IF($E27=0,W27*X27*120%,W27*X27),0) -> 0 | Z27: 0 | AA27: =Z27-Y27 -> 0 | AC27: =L27+M27 -> 177136
B28: 23 | C28: SUHERMAN | D28: 1902050605790003 | E28: 972376008305000 | F28: JL MANGGAR RT. 009 RW. 003 DESA KACANG BUTOR KEC. BADAU | H28: L | I28: K/2 | J28: =IF(ISBLANK(I28),"",IF(OR(I28="TK/0",I28="TK/1",I28="K/0"),"TER A",IF(I28="K/3","TER C","TER B"))) -> TER B | K28: 4652507.7 | L28: 30576 | M28: 148040 | S28: 0 | W28: =SUM(K28:V28) -> 4831123.7 | X28: =IF($J28="TER A",VLOOKUP(W28,Ter_A,4,TRUE),IF($J28="TER B",VLOOKUP(W28,Ter_B,4,TRUE),VLOOKUP(W28,Ter_C,4,TRUE))) -> 0 | Y28: =ROUND(IF($E28=0,W28*X28*120%,W28*X28),0) -> 0 | Z28: 0 | AA28: =Z28-Y28 -> 0 | AC28: =L28+M28 -> 178616
B29: 24 | C29: ROSNANI | D29: 1902054703800004 | E29: 972283576305000 | F29: JL MANGGAR RT. 004 RW. 002 DESA AIR BATU BUDING KEC. BADAU | H29: P | I29: TK/0 | J29: =IF(ISBLANK(I29),"",IF(OR(I29="TK/0",I29="TK/1",I29="K/0"),"TER A",IF(I29="K/3","TER C","TER B"))) -> TER A | K29: 3789560.6 | L29: 30576 | M29: 147620 | S29: 0 | W29: =SUM(K29:V29) -> 3967756.6 | X29: =IF($J29="TER A",VLOOKUP(W29,Ter_A,4,TRUE),IF($J29="TER B",VLOOKUP(W29,Ter_B,4,TRUE),VLOOKUP(W29,Ter_C,4,TRUE))) -> 0 | Y29: =ROUND(IF($E29=0,W29*X29*120%,W29*X29),0) -> 0 | Z29: 0 | AA29: =Z29-Y29 -> 0 | AC29: =L29+M29 -> 178196
B30: 25 | C30: ILYANA | D30: 1906044811760001 | E30: 972283816305000 | F30: DSN SELINDANG RT. 007 RW. 002 DESA SENYUBUK KEC. KELAPA KAMPIT | H30: P | I30: TK/0 | J30: =IF(ISBLANK(I30),"",IF(OR(I30="TK/0",I30="TK/1",I30="K/0"),"TER A",IF(I30="K/3","TER C","TER B"))) -> TER A | K30: 3874583.2 | L30: 30576 | M30: 147340 | S30: 0 | W30: =SUM(K30:V30) -> 4052499.2 | X30: =IF($J30="TER A",VLOOKUP(W30,Ter_A,4,TRUE),IF($J30="TER B",VLOOKUP(W30,Ter_B,4,TRUE),VLOOKUP(W30,Ter_C,4,TRUE))) -> 0 | Y30: =ROUND(IF($E30=0,W30*X30*120%,W30*X30),0) -> 0 | Z30: 0 | AA30: =Z30-Y30 -> 0 | AC30: =L30+M30 -> 177916
B31: 26 | C31: MERY YULIARTI | D31: 1906045807830002 | E31: 934708389305000 | F31: DSN LALANG RT. 002 RW. 001 DESA MENTAWAK KEC. KELAPA KAMPIT | H31: P | I31: TK/0 | J31: =IF(ISBLANK(I31),"",IF(OR(I31="TK/0",I31="TK/1",I31="K/0"),"TER A",IF(I31="K/3","TER C","TER B"))) -> TER A | K31: 3846083.2 | L31: 30576 | M31: 146200 | S31: 0 | W31: =SUM(K31:V31) -> 4022859.2 | X31: =IF($J31="TER A",VLOOKUP(W31,Ter_A,4,TRUE),IF($J31="TER B",VLOOKUP(W31,Ter_B,4,TRUE),VLOOKUP(W31,Ter_C,4,TRUE))) -> 0 | Y31: =ROUND(IF($E31=0,W31*X31*120%,W31*X31),0) -> 0 | Z31: 0 | AA31: =Z31-Y31 -> 0 | AC31: =L31+M31 -> 176776
B32: 27 | C32: YESI | D32: 1902054101870001 | E32: - | F32: JL MANGGAR RT. 007 RW. 002 DESA KACANG BUTOR KEC. BADAU | H32: P | I32: TK/0 | J32: =IF(ISBLANK(I32),"",IF(OR(I32="TK/0",I32="TK/1",I32="K/0"),"TER A",IF(I32="K/3","TER C","TER B"))) -> TER A | K32: 3877643.9 | L32: 30576 | M32: 146200 | S32: 0 | W32: =SUM(K32:V32) -> 4054419.9 | X32: =IF($J32="TER A",VLOOKUP(W32,Ter_A,4,TRUE),IF($J32="TER B",VLOOKUP(W32,Ter_B,4,TRUE),VLOOKUP(W32,Ter_C,4,TRUE))) -> 0 | Y32: =ROUND(IF($E32=0,W32*X32*120%,W32*X32),0) -> 0 | Z32: 0 | AA32: =Z32-Y32 -> 0 | AC32: =L32+M32 -> 176776
B33: 28 | C33: WAKINI | D33: 1902054701850001 | E33: - | F33: BUKIT INDAH RT. 011 RW. 004 DESA KACANG BUTOR KEC. BADAU | H33: P | I33: TK/0 | J33: =IF(ISBLANK(I33),"",IF(OR(I33="TK/0",I33="TK/1",I33="K/0"),"TER A",IF(I33="K/3","TER C","TER B"))) -> TER A | K33: 3877643.9 | L33: 30576 | M33: 146200 | S33: 0 | W33: =SUM(K33:V33) -> 4054419.9 | X33: =IF($J33="TER A",VLOOKUP(W33,Ter_A,4,TRUE),IF($J33="TER B",VLOOKUP(W33,Ter_B,4,TRUE),VLOOKUP(W33,Ter_C,4,TRUE))) -> 0 | Y33: =ROUND(IF($E33=0,W33*X33*120%,W33*X33),0) -> 0 | Z33: 0 | AA33: =Z33-Y33 -> 0 | AC33: =L33+M33 -> 176776
B34: 29 | C34: WITA SARI | D34: 1902054608920002 | E34: 842829244305000 | F34: DSN KEPAYANG RT. 007 RW. 002 DESA KACANG BUTOR KEC. BADAU | H34: P | I34: TK/0 | J34: =IF(ISBLANK(I34),"",IF(OR(I34="TK/0",I34="TK/1",I34="K/0"),"TER A",IF(I34="K/3","TER C","TER B"))) -> TER A | K34: 3877643.9 | L34: 30576 | M34: 146200 | S34: 0 | W34: =SUM(K34:V34) -> 4054419.9 | X34: =IF($J34="TER A",VLOOKUP(W34,Ter_A,4,TRUE),IF($J34="TER B",VLOOKUP(W34,Ter_B,4,TRUE),VLOOKUP(W34,Ter_C,4,TRUE))) -> 0 | Y34: =ROUND(IF($E34=0,W34*X34*120%,W34*X34),0) -> 0 | Z34: 0 | AA34: =Z34-Y34 -> 0 | AC34: =L34+M34 -> 176776
B35: 30 | C35: SARWANDI | D35: 1906040602930003 | E35: 972375141305000 | F35: DSN. LIMAU MANIS RT 012/005 DESA BUDING KEC. KELAPA KAMPIT | H35: L | I35: K/0 | J35: =IF(ISBLANK(I35),"",IF(OR(I35="TK/0",I35="TK/1",I35="K/0"),"TER A",IF(I35="K/3","TER C","TER B"))) -> TER A | K35: 3656066.6 | L35: 30576 | M35: 146920 | S35: 0 | W35: =SUM(K35:V35) -> 3833562.6 | X35: =IF($J35="TER A",VLOOKUP(W35,Ter_A,4,TRUE),IF($J35="TER B",VLOOKUP(W35,Ter_B,4,TRUE),VLOOKUP(W35,Ter_C,4,TRUE))) -> 0 | Y35: =ROUND(IF($E35=0,W35*X35*120%,W35*X35),0) -> 0 | Z35: 0 | AA35: =Z35-Y35 -> 0 | AC35: =L35+M35 -> 177496
B36: 31 | C36: ANI MARIA | D36: 1902055902890002 | E36: 972287411305000 | F36: DSN. KEPAYANG RT 007/002 DESA KACANG BUTOR KEC. BADAU | H36: P | I36: TK/0 | J36: =IF(ISBLANK(I36),"",IF(OR(I36="TK/0",I36="TK/1",I36="K/0"),"TER A",IF(I36="K/3","TER C","TER B"))) -> TER A | K36: 3750999.9 | L36: 30576 | M36: 147340 | S36: 0 | W36: =SUM(K36:V36) -> 3928915.9 | X36: =IF($J36="TER A",VLOOKUP(W36,Ter_A,4,TRUE),IF($J36="TER B",VLOOKUP(W36,Ter_B,4,TRUE),VLOOKUP(W36,Ter_C,4,TRUE))) -> 0 | Y36: =ROUND(IF($E36=0,W36*X36*120%,W36*X36),0) -> 0 | Z36: 0 | AA36: =Z36-Y36 -> 0 | AC36: =L36+M36 -> 177916
B37: 32 | C37: YULIARDI | D37: 1906041506880001 | E37: 972285076305000 | F37: DSN CENDIL RT. 004 RW. 002 DESA CENDIL KEC. KELAPA KAMPIT | H37: L | I37: K/2 | J37: =IF(ISBLANK(I37),"",IF(OR(I37="TK/0",I37="TK/1",I37="K/0"),"TER A",IF(I37="K/3","TER C","TER B"))) -> TER B | K37: 3722266.6 | L37: 30576 | M37: 147480 | S37: 0 | W37: =SUM(K37:V37) -> 3900322.6 | X37: =IF($J37="TER A",VLOOKUP(W37,Ter_A,4,TRUE),IF($J37="TER B",VLOOKUP(W37,Ter_B,4,TRUE),VLOOKUP(W37,Ter_C,4,TRUE))) -> 0 | Y37: =ROUND(IF($E37=0,W37*X37*120%,W37*X37),0) -> 0 | Z37: 0 | AA37: =Z37-Y37 -> 0 | AC37: =L37+M37 -> 178056
B38: 33 | C38: YADI | D38: 1902020610880001 | E38: - | F38: DSN PESARAKAN RT. 007 RW. 003 DESA CENDIL KEC. KELAPA KAMPIT | H38: L | I38: K/2 | J38: =IF(ISBLANK(I38),"",IF(OR(I38="TK/0",I38="TK/1",I38="K/0"),"TER A",IF(I38="K/3","TER C","TER B"))) -> TER B | K38: 3696266.6 | L38: 30576 | M38: 146440 | S38: 0 | W38: =SUM(K38:V38) -> 3873282.6 | X38: =IF($J38="TER A",VLOOKUP(W38,Ter_A,4,TRUE),IF($J38="TER B",VLOOKUP(W38,Ter_B,4,TRUE),VLOOKUP(W38,Ter_C,4,TRUE))) -> 0 | Y38: =ROUND(IF($E38=0,W38*X38*120%,W38*X38),0) -> 0 | Z38: 0 | AA38: =Z38-Y38 -> 0 | AC38: =L38+M38 -> 177016
B39: 34 | C39: YEKILIA | D39: 1902056810850002 | E39: 738217413305000 | F39: JL. MANGGAR RT. 011 RW. 004 DESA KACANG BUTOR KEC. BADAU | H39: P | I39: TK/0 | J39: =IF(ISBLANK(I39),"",IF(OR(I39="TK/0",I39="TK/1",I39="K/0"),"TER A",IF(I39="K/3","TER C","TER B"))) -> TER A | K39: 3846083.2 | L39: 30576 | M39: 146200 | S39: 0 | W39: =SUM(K39:V39) -> 4022859.2 | X39: =IF($J39="TER A",VLOOKUP(W39,Ter_A,4,TRUE),IF($J39="TER B",VLOOKUP(W39,Ter_B,4,TRUE),VLOOKUP(W39,Ter_C,4,TRUE))) -> 0 | Y39: =ROUND(IF($E39=0,W39*X39*120%,W39*X39),0) -> 0 | Z39: 0 | AA39: =Z39-Y39 -> 0 | AC39: =L39+M39 -> 176776
B40: 35 | C40: JUNARI | D40: 1906022710750003 | E40: 908657414305000 | F40: DSN AIR RUAK RT. 007 RW. 002 DESA SIMPANG TIGA KEC. SIMPANG RENGGIANG | H40: L | I40: K/2 | J40: =IF(ISBLANK(I40),"",IF(OR(I40="TK/0",I40="TK/1",I40="K/0"),"TER A",IF(I40="K/3","TER C","TER B"))) -> TER B | K40: 527933.32 | L40: 30576 | M40: 146440 | S40: 0 | W40: =SUM(K40:V40) -> 704949.32 | X40: =IF($J40="TER A",VLOOKUP(W40,Ter_A,4,TRUE),IF($J40="TER B",VLOOKUP(W40,Ter_B,4,TRUE),VLOOKUP(W40,Ter_C,4,TRUE))) -> 0 | Y40: =ROUND(IF($E40=0,W40*X40*120%,W40*X40),0) -> 0 | Z40: 0 | AA40: =Z40-Y40 -> 0 | AC40: =L40+M40 -> 177016
B41: 36 | C41: YETI PRIMA | D41: 1902014107830151 | E41: 972374375305000 | F41: JL JEND SUDIRMAN RT/RW 006/002 DESA PERAWAS KEC.TANJUNGPANDAN | H41: P | I41: TK/0 | J41: =IF(ISBLANK(I41),"",IF(OR(I41="TK/0",I41="TK/1",I41="K/0"),"TER A",IF(I41="K/3","TER C","TER B"))) -> TER A | K41: 3878083.2 | L41: 30576 | M41: 147480 | S41: 0 | W41: =SUM(K41:V41) -> 4056139.2 | X41: =IF($J41="TER A",VLOOKUP(W41,Ter_A,4,TRUE),IF($J41="TER B",VLOOKUP(W41,Ter_B,4,TRUE),VLOOKUP(W41,Ter_C,4,TRUE))) -> 0 | Y41: =ROUND(IF($E41=0,W41*X41*120%,W41*X41),0) -> 0 | Z41: 0 | AA41: =Z41-Y41 -> 0 | AC41: =L41+M41 -> 178056
B42: 37 | C42: PAIMIN | D42: 1902050405890002 | E42: 972283378305000 | F42: JL MANGGAR DSN BUKIT INDAH RT. 011 RW. 004 DESA KACANG BUTOR BADAU | H42: L | I42: K/1 | J42: =IF(ISBLANK(I42),"",IF(OR(I42="TK/0",I42="TK/1",I42="K/0"),"TER A",IF(I42="K/3","TER C","TER B"))) -> TER B | K42: 6944517.8 | L42: 30576 | M42: 147340 | S42: 0 | W42: =SUM(K42:V42) -> 7122433.8 | X42: =IF($J42="TER A",VLOOKUP(W42,Ter_A,4,TRUE),IF($J42="TER B",VLOOKUP(W42,Ter_B,4,TRUE),VLOOKUP(W42,Ter_C,4,TRUE))) -> 0.0075 | Y42: =ROUND(IF($E42=0,W42*X42*120%,W42*X42),0) -> 53418 | Z42: 70355.607 | AA42: =Z42-Y42 -> 16937.607 | AB42: Lebih Pot | AC42: =L42+M42 -> 177916
B43: 38 | C43: JHOHELMI | D43: 1902040802900001 | E43: 551663479305000 | F43: DSN SIMPANG EMPAT RT. 011 RW. 006 DESA SIJUK KEC KELAPA KAMPIT | H43: L | I43: K/1 | J43: =IF(ISBLANK(I43),"",IF(OR(I43="TK/0",I43="TK/1",I43="K/0"),"TER A",IF(I43="K/3","TER C","TER B"))) -> TER B | K43: 6905017.8 | L43: 30576 | M43: 146800 | S43: 0 | W43: =SUM(K43:V43) -> 7082393.8 | X43: =IF($J43="TER A",VLOOKUP(W43,Ter_A,4,TRUE),IF($J43="TER B",VLOOKUP(W43,Ter_B,4,TRUE),VLOOKUP(W43,Ter_C,4,TRUE))) -> 0.0075 | Y43: =ROUND(IF($E43=0,W43*X43*120%,W43*X43),0) -> 53118 | Z43: 68453.707 | AA43: =Z43-Y43 -> 15335.707 | AB43: Lebih Pot | AC43: =L43+M43 -> 177376
B44: 39 | C44: ARDIANTO | D44: 1902050202790001 | E44: 972283691305000 | F44: DSN AIR BEGANTUNG RT. 009 RW. 003 DESA KACANG BUTOR KEC. BADAU | H44: L | I44: K/2 | J44: =IF(ISBLANK(I44),"",IF(OR(I44="TK/0",I44="TK/1",I44="K/0"),"TER A",IF(I44="K/3","TER C","TER B"))) -> TER B | K44: 6497450.6 | L44: 30576 | M44: 148040 | S44: 0 | W44: =SUM(K44:V44) -> 6676066.6 | X44: =IF($J44="TER A",VLOOKUP(W44,Ter_A,4,TRUE),IF($J44="TER B",VLOOKUP(W44,Ter_B,4,TRUE),VLOOKUP(W44,Ter_C,4,TRUE))) -> 0.005 | Y44: =ROUND(IF($E44=0,W44*X44*120%,W44*X44),0) -> 33380 | Z44: 30403.164 | AA44: =Z44-Y44 -> -2976.8365 | AB44: Kurang Pot | AC44: =L44+M44 -> 178616
B45: 40 | C45: JUNI BASRI | D45: 1902051805780003 | E45: 972283709305000 | F45: DSN AIR BEGANTUNG RT. 009 RW. 003 DESA KACANG BUTOR KEC. BADAU | H45: L | I45: K/2 | J45: =IF(ISBLANK(I45),"",IF(OR(I45="TK/0",I45="TK/1",I45="K/0"),"TER A",IF(I45="K/3","TER C","TER B"))) -> TER B | K45: 6509486.5 | L45: 30576 | M45: 148040 | S45: 0 | W45: =SUM(K45:V45) -> 6688102.5 | X45: =IF($J45="TER A",VLOOKUP(W45,Ter_A,4,TRUE),IF($J45="TER B",VLOOKUP(W45,Ter_B,4,TRUE),VLOOKUP(W45,Ter_C,4,TRUE))) -> 0.005 | Y45: =ROUND(IF($E45=0,W45*X45*120%,W45*X45),0) -> 33441 | Z45: 30974.87 | AA45: =Z45-Y45 -> -2466.1303 | AB45: Kurang Pot | AC45: =L45+M45 -> 178616
J46: =IF(ISBLANK(I46),"",IF(OR(I46="TK/0",I46="TK/1",I46="K/0"),"TER A",IF(I46="K/3","TER C","TER B"))) | S46: =Y46 -> 0 | W46: =SUM(K46:V46) -> 0 | X46: =IF($J46="TER A",VLOOKUP(W46,Ter_A,4,TRUE),IF($J46="TER B",VLOOKUP(W46,Ter_B,4,TRUE),VLOOKUP(W46,Ter_C,4,TRUE))) -> 0 | Y46: =ROUND(IF($E46=0,W46*X46*120%,W46*X46),0) -> 0 | AC46: =L46+M46 -> 0
K47: =SUM(K6:K46) -> 1.7525001e+08 | L47: =SUM(L6:L46) -> 1223292 | M47: =SUM(M6:M46) -> 5878740 | N47: =SUM(N6:N46) -> 0 | O47: =SUM(O6:O46) -> 0 | P47: =SUM(P6:P46) -> 0 | Q47: =SUM(Q6:Q46) -> 0 | R47: =SUM(R6:R46) -> 0 | ... T47: =SUM(T6:T46) -> 0 | W47: =SUM(W6:W46) -> 1.8235205e+08 | X47: =SUM(X6:X46) -> 0.055 | Y47: =SUM(Y6:Y46) -> 394574 | Z47: =SUM(Z6:Z45) -> 547989.34 | AA47: =Z47-Y47 -> 153415.34
K48: =+'[3]PAJAK A AVB'!$F$50 -> 1.7525001e+08 | L48: ='[3]PAJAK A AVB'!$G$50 -> 1223292 | M48: =+'[3]PAJAK A AVB'!$H$50 -> 5878740 | N48: ='[4]Jan''24'!I35 -> 16575000 | O48: ='[4]Jan''24'!J35 -> 3820500 | P48: ='[4]Jan''24'!K35 -> 14700000 | Q48: ='[4]Jan''24'!L35 -> 1925000 | R48: ='[4]Jan''24'!M35 -> 400000 | T48: =+'[4]Jan''24'!$O$35 -> 2250000 | W48: =+'[3]PAJAK A AVB'!$K$50 -> 1.8235205e+08 | Z48: =+'[3]PAJAK B AVB'!$N$51 -> 547989.34
B49: Catatan :
B50: 1. yang berwarna adalah rumus
B51: 2. dalam hal terdapat tunjangan PPh, maka ceklis "enable iterative calculation" pada menu (option => formula => pada bagian kanan atas)
B52: 3. kolom pengurang JHT/JP tetap wajib diisi, sebagai pengurang pada masa pajak desember
B53: 4. komponen penghasilan bruto dapat disesuaikan/ditambahkan kolom, sesuai dengan kebutuhan masing2 perusahaan
B54: 5. perubahan status PTKP ditentukan keadaan awal tahun, misal nikah/punya anak ditanggal 2 januari 2024, maka berubah status PTKP nya tahun 2025
B55: 6. PPh 21 terutang tersebut sudah memperhitungkan bagi yang tidak memiliki NPWP dengan jumlah PPh Terutang 20% lebih besar.
B56: 7. untuk yang tidak mempunyai NPWP dapat diisi dengan angka Nol
B57: 8. untuk perhitungan pph 21 (THR, Bonus, Tantiem) rumus penghasilan brutonya dapat disesuaikan dengan masa pajak THR tersebut diberikan
B58: 9. khusus untuk perhitungan pph 21 masa pajak desember, dapat di cek kembali rumus total per komponen penghasilan brutonya (jika ada penambahan/pengurangan kolom)
B59: 10. untuk jan s.d nop dapat diduplicate sheetnya

Sheet Feb'24
B1: PT. REBINMAS JAYA
B2: INCOME TAX ARTICLE 21 FOR FEB 2024
B3: PGE 1B (GUNUNG RUM)
C4: yang berwarna ini rumus | Q4: T.Beras | R4: T.Jabatan | S4: Lembur
B5: NO. | C5: NAMA KARYAWAN | D5: N I K / PASPOR | E5: N P W P | F5: A L A M A T | G5: JABATAN | H5: L/P | I5: PTKP | J5: TER | K5: Gaji Pokok | L5: Astek Ins (0,84%) | M5: BPJS KESEHATAN (4%) | N5: Premi Transport | O5: PREMI TBS | P5: PREMI BERONDOL | Q5: Rice Allow | R5: Structural Allow | S5: Service Time Allow | T5: PREMI INCENTIVE | U5: Masa Kerja | V5: KONTANAN | W5: KOREKSI | X5: Lembur Bayar HK Penjagaan HGU | Y5: Bensin Patroli | Z5: POT. ALPA & POT. CTH ( CUTI TANPA HK ) | AA5: THR | AB5: Bonus | AC5: Penghasilan Bruto | AD5: Tarif TER | AE5: PPh 21 | AF5: PPh 21 Pot Jan'24 | AG5: Selisih | AH5: Ket
B6: 1 | C6: ARYADI | D6: 1902051308710001 | E6: 97.228.371.7-305.000 | F6: DSN AIR BEGANTUNG RT. 009 RW. 003 DESA KACANG BUTOR KEC. BADAU | G6: MANOR | H6: L | I6: TK/0 | J6: =IF(ISBLANK(I6),"",IF(OR(I6="TK/0",I6="TK/1",I6="K/0"),"TER A",IF(I6="K/3","TER C","TER B"))) -> TER A | K6: 3547666.6 | L6: =3670000*0.84% -> 30828 | M6: ='[5]MAINTENANCE-2'!$AP11 -> 148540 | Q6: ='[6]MAINTENANCE-2'!$X11 -> 60750 | R6: 60000 | S6: ='[6]MAINTENANCE-2'!$AH11 -> 0 | U6: 43500 | Z6: -244666.66 | AC6: =ROUNDDOWN(SUM(K6:AB6),0) -> 3646617 | AD6: =IF(J6="TER A",VLOOKUP(AC6,Ter_A,4,TRUE),IF(J6="TER B",VLOOKUP(AC6,Ter_B,4,TRUE),VLOOKUP(AC6,Ter_C,4,TRUE))) -> 0 | AE6: =ROUND(IF(E6=0,AC6*AD6*120%,AC6*AD6),0) -> 0 | AI6: =L6+M6 -> 179368 | AJ6: =SUM(N6:Z6) -> -80416.66 | AK6: =SUM(N6:Z6) -> -80416.66 | AL6: =AC6-K6-L6-M6 -> -80417.57 | AM6: =AC6-L6-M6 -> 3467249
B7: 2 | C7: MARETA | D7: 1902055603990002 | E7: - | F7: KACANG BUTOR RT. 002 RW. 001 DESA KACANG BUTOR KEC. BADAU | G7: KERANI DIVISI | H7: P | I7: TK/0 | J7: =IF(ISBLANK(I7),"",IF(OR(I7="TK/0",I7="TK/1",I7="K/0"),"TER A",IF(I7="K/3","TER C","TER B"))) -> TER A | K7: 3518666.6 | L7: =3640000*0.84% -> 30576 | M7: ='[5]MAINTENANCE-2'!$AP12 -> 146200 | Q7: ='[6]MAINTENANCE-2'!$X12 -> 63000 | R7: 38000 | S7: ='[6]MAINTENANCE-2'!$AH12 -> 1420231.1 | U7: 15000 | Z7: -121333.33 | AC7: =ROUNDDOWN(SUM(K7:AB7),0) -> 5110340 | AD7: =IF(J7="TER A",VLOOKUP(AC7,Ter_A,4,TRUE),IF(J7="TER B",VLOOKUP(AC7,Ter_B,4,TRUE),VLOOKUP(AC7,Ter_C,4,TRUE))) -> 0 | AE7: =ROUND(IF(E7=0,AC7*AD7*120%,AC7*AD7),0) -> 0 | AI7: =L7+M7 -> 176776 | AJ7: =SUM(N7:Z7) -> 1414897.7 | AK7: =SUM(N7:Z7) -> 1414897.7 | AL7: =AC7-K7-L7-M7 -> 1414897.4
B8: 3 | C8: SUPRI | D8: 1902052505740001 | E8: 97.228.345.1-305.000 | F8: JL MANGGAR DSN AIR BEGANTUNG RT. 008 RW. 003 DESA KACANG BUTOR KEC. BADAU | G8: KARYAWAN PERAWATAN | H8: L | I8: TK/0 | J8: =IF(ISBLANK(I8),"",IF(OR(I8="TK/0",I8="TK/1",I8="K/0"),"TER A",IF(I8="K/3","TER C","TER B"))) -> TER A | K8: 3518666.6 | L8: =3640000*0.84% -> 30576 | M8: ='[5]MAINTENANCE-2'!$AP13 -> 147480 | Q8: ='[6]MAINTENANCE-2'!$X13 -> 60750 | S8: ='[6]MAINTENANCE-2'!$AH13 -> 0 | U8: 47000 | Z8: -242666.66 | AC8: =ROUNDDOWN(SUM(K8:AB8),0) -> 3561805 | AD8: =IF(J8="TER A",VLOOKUP(AC8,Ter_A,4,TRUE),IF(J8="TER B",VLOOKUP(AC8,Ter_B,4,TRUE),VLOOKUP(AC8,Ter_C,4,TRUE))) -> 0 | AE8: =ROUND(IF(E8=0,AC8*AD8*120%,AC8*AD8),0) -> 0 | AI8: =L8+M8 -> 178056 | AJ8: =SUM(N8:Z8) -> -134916.66 | AK8: =SUM(N8:Z8) -> -134916.66 | AL8: =AC8-K8-L8-M8 -> -134917.57
B9: 4 | C9: BOBI SAPUTRA | D9: 1902050108950001 | E9: - | F9: JL MANGGAR DSN AIR BEGANTUNG RT. 009 RW. 003 DESA KACANG BUTOR KEC. BADAU | G9: KARYAWAN PERAWATAN | H9: L | I9: K/1 | J9: =IF(ISBLANK(I9),"",IF(OR(I9="TK/0",I9="TK/1",I9="K/0"),"TER A",IF(I9="K/3","TER C","TER B"))) -> TER B | K9: 3518666.6 | L9: =3640000*0.84% -> 30576 | M9: ='[5]MAINTENANCE-2'!$AP14 -> 146680 | Q9: ='[6]MAINTENANCE-2'!$X14 -> 121500 | S9: ='[6]MAINTENANCE-2'!$AH14 -> 0 | U9: 27000 | Z9: -242666.66 | AC9: =ROUNDDOWN(SUM(K9:AB9),0) -> 3601755 | AD9: =IF(J9="TER A",VLOOKUP(AC9,Ter_A,4,TRUE),IF(J9="TER B",VLOOKUP(AC9,Ter_B,4,TRUE),VLOOKUP(AC9,Ter_C,4,TRUE))) -> 0 | AE9: =ROUND(IF(E9=0,AC9*AD9*120%,AC9*AD9),0) -> 0 | AI9: =L9+M9 -> 177256 | AJ9: =SUM(N9:Z9) -> -94166.66 | AK9: =SUM(N9:Z9) -> -94166.66 | AL9: =AC9-K9-L9-M9 -> -94167.57
B10: 5 | C10: ROTIA | D10: 1902056802760001 | E10: 97.228.363.4-305.000 | F10: JL MANGGAR DSN PARIT GUNUNG RT. 005 RW. 003 DESA AIR BATU BUDING BADAU | G10: KARYAWAN PERAWATAN | H10: P | I10: TK/0 | J10: =IF(ISBLANK(I10),"",IF(OR(I10="TK/0",I10="TK/1",I10="K/0"),"TER A",IF(I10="K/3","TER C","TER B"))) -> TER A | K10: 3518666.6 | L10: =3640000*0.84% -> 30576 | M10: ='[5]MAINTENANCE-2'!$AP15 -> 147620 | Q10: ='[6]MAINTENANCE-2'!$X15 -> 65250 | S10: ='[6]MAINTENANCE-2'!$AH15 -> 0 | U10: 50500 | Z10: 0 | AC10: =ROUNDDOWN(SUM(K10:AB10),0) -> 3812612 | AD10: =IF(J10="TER A",VLOOKUP(AC10,Ter_A,4,TRUE),IF(J10="TER B",VLOOKUP(AC10,Ter_B,4,TRUE),VLOOKUP(AC10,Ter_C,4,TRUE))) -> 0 | AE10: =ROUND(IF(E10=0,AC10*AD10*120%,AC10*AD10),0) -> 0 | AI10: =L10+M10 -> 178196 | AJ10: =SUM(N10:Z10) -> 115750 | AK10: =SUM(N10:Z10) -> 115750 | AL10: =AC10-K10-L10-M10 -> 115749.43
B11: 6 | C11: SURYANI | D11: 1902056503820002 | E11: 97.228.351.9-305.000 | F11: JL MANGGAR RT. 005 RW. 003 DESA AIR BATU BUDING KEC. BADAU | G11: KARYAWAN PERAWATAN | H11: P | I11: TK/0 | J11: =IF(ISBLANK(I11),"",IF(OR(I11="TK/0",I11="TK/1",I11="K/0"),"TER A",IF(I11="K/3","TER C","TER B"))) -> TER A | K11: 3518666.6 | L11: =3640000*0.84% -> 30576 | M11: ='[5]MAINTENANCE-2'!$AP16 -> 147620 | Q11: ='[6]MAINTENANCE-2'!$X16 -> 65250 | S11: ='[6]MAINTENANCE-2'!$AH16 -> 0 | U11: 50500 | Z11: 0 | AC11: =ROUNDDOWN(SUM(K11:AB11),0) -> 3812612 | AD11: =IF(J11="TER A",VLOOKUP(AC11,Ter_A,4,TRUE),IF(J11="TER B",VLOOKUP(AC11,Ter_B,4,TRUE),VLOOKUP(AC11,Ter_C,4,TRUE))) -> 0 | AE11: =ROUND(IF(E11=0,AC11*AD11*120%,AC11*AD11),0) -> 0 | AI11: =L11+M11 -> 178196 | AJ11: =SUM(N11:Z11) -> 115750 | AK11: =SUM(N11:Z11) -> 115750 | AL11: =AC11-K11-L11-M11 -> 115749.43
B12: 7 | C12: SAHINA YUNI | D12: 1902055002750002 | E12: 97.228.360.0-305.000 | F12: JL MANGGAR DSN PARIT GUNUNG RT. 006 RW. 003 DESA AIR BATU BUDING BADAU | G12: KARYAWAN PERAWATAN | H12: P | I12: TK/0 | J12: =IF(ISBLANK(I12),"",IF(OR(I12="TK/0",I12="TK/1",I12="K/0"),"TER A",IF(I12="K/3","TER C","TER B"))) -> TER A | K12: 3518666.6 | L12: =3640000*0.84% -> 30576 | M12: ='[5]MAINTENANCE-2'!$AP17 -> 147480 | Q12: ='[6]MAINTENANCE-2'!$X17 -> 65250 | S12: ='[6]MAINTENANCE-2'!$AH17 -> 0 | U12: 47000 | Z12: 0 | AC12: =ROUNDDOWN(SUM(K12:AB12),0) -> 3808972 | AD12: =IF(J12="TER A",VLOOKUP(AC12,Ter_A,4,TRUE),IF(J12="TER B",VLOOKUP(AC12,Ter_B,4,TRUE),VLOOKUP(AC12,Ter_C,4,TRUE))) -> 0 | AE12: =ROUND(IF(E12=0,AC12*AD12*120%,AC12*AD12),0) -> 0 | AI12: =L12+M12 -> 178056 | AJ12: =SUM(N12:Z12) -> 112250 | AK12: =SUM(N12:Z12) -> 112250 | AL12: =AC12-K12-L12-M12 -> 112249.43
B13: 8 | C13: NURLELA | D13: 1902056211790001 | E13: 97.228.384.0-305.000 | F13: JL MANGGAR RT. 008 RW. 003 DESA KACANG BUTOR KEC. BADAU | G13: KARYAWAN PERAWATAN | H13: P | I13: TK/0 | J13: =IF(ISBLANK(I13),"",IF(OR(I13="TK/0",I13="TK/1",I13="K/0"),"TER A",IF(I13="K/3","TER C","TER B"))) -> TER A | K13: 3518666.6 | L13: =3640000*0.84% -> 30576 | M13: ='[5]MAINTENANCE-2'!$AP18 -> 148040 | Q13: ='[6]MAINTENANCE-2'!$X18 -> 65250 | S13: ='[6]MAINTENANCE-2'!$AH18 -> 0 | U13: 61000 | Z13: 0 | AC13: =ROUNDDOWN(SUM(K13:AB13),0) -> 3823532 | AD13: =IF(J13="TER A",VLOOKUP(AC13,Ter_A,4,TRUE),IF(J13="TER B",VLOOKUP(AC13,Ter_B,4,TRUE),VLOOKUP(AC13,Ter_C,4,TRUE))) -> 0 | AE13: =ROUND(IF(E13=0,AC13*AD13*120%,AC13*AD13),0) -> 0 | AI13: =L13+M13 -> 178616 | AJ13: =SUM(N13:Z13) -> 126250 | AK13: =SUM(N13:Z13) -> 126250 | AL13: =AC13-K13-L13-M13 -> 126249.43
B14: 9 | C14: SUSINARTI | D14: 1902054107830040 | E14: 97.228.356.8-305.000 | F14: JL MANGGAR RT. 009 RW. 003 DESA KACANG BUTOR KEC. BADAU | G14: KARYAWAN PERAWATAN | H14: P | I14: TK/0 | J14: =IF(ISBLANK(I14),"",IF(OR(I14="TK/0",I14="TK/1",I14="K/0"),"TER A",IF(I14="K/3","TER C","TER B"))) -> TER A | K14: 3518666.6 | L14: =3640000*0.84% -> 30576 | M14: ='[5]MAINTENANCE-2'!$AP19 -> 147340 | Q14: ='[6]MAINTENANCE-2'!$X19 -> 65250 | S14: ='[6]MAINTENANCE-2'!$AH19 -> 0 | U14: 43500 | Z14: 0 | AC14: =ROUNDDOWN(SUM(K14:AB14),0) -> 3805332 | AD14: =IF(J14="TER A",VLOOKUP(AC14,Ter_A,4,TRUE),IF(J14="TER B",VLOOKUP(AC14,Ter_B,4,TRUE),VLOOKUP(AC14,Ter_C,4,TRUE))) -> 0 | AE14: =ROUND(IF(E14=0,AC14*AD14*120%,AC14*AD14),0) -> 0 | AI14: =L14+M14 -> 177916 | AJ14: =SUM(N14:Z14) -> 108750 | AK14: =SUM(N14:Z14) -> 108750 | AL14: =AC14-K14-L14-M14 -> 108749.43
B15: 10 | C15: JAHIMIN | D15: 1906040504710002 | E15: 97.228.560.5-305.000 | F15: DSN LIMAU MANIS RT. 012 RW. 005 DESA BUDING KEC. KELAPA KAMPIT | G15: KARYAWAN PERAWATAN | H15: L | I15: K/0 | J15: =IF(ISBLANK(I15),"",IF(OR(I15="TK/0",I15="TK/1",I15="K/0"),"TER A",IF(I15="K/3","TER C","TER B"))) -> TER A | K15: 3518666.6 | L15: =3640000*0.84% -> 30576 | M15: ='[5]MAINTENANCE-2'!$AP20 -> 148040 | Q15: ='[6]MAINTENANCE-2'!$X20 -> 104400 | S15: ='[6]MAINTENANCE-2'!$AH20 -> 0 | U15: 61000 | Z15: 0 | AC15: =ROUNDDOWN(SUM(K15:AB15),0) -> 3862682 | AD15: =IF(J15="TER A",VLOOKUP(AC15,Ter_A,4,TRUE),IF(J15="TER B",VLOOKUP(AC15,Ter_B,4,TRUE),VLOOKUP(AC15,Ter_C,4,TRUE))) -> 0 | AE15: =ROUND(IF(E15=0,AC15*AD15*120%,AC15*AD15),0) -> 0 | AI15: =L15+M15 -> 178616 | AJ15: =SUM(N15:Z15) -> 165400 | AK15: =SUM(N15:Z15) -> 165400 | AL15: =AC15-K15-L15-M15 -> 165399.43
B16: 11 | C16: RIZKY FUTRAWAN | D16: 1902050406950002 | E16: 65.151.921.7-305.000 | F16: JL MANGGAR RT. 002 RW. 001 DESA AIR BATU BUDING KEC. BADAU | G16: KARYAWAN PERAWATAN | H16: L | I16: TK/0 | J16: =IF(ISBLANK(I16),"",IF(OR(I16="TK/0",I16="TK/1",I16="K/0"),"TER A",IF(I16="K/3","TER C","TER B"))) -> TER A | K16: 3518666.6 | L16: =3640000*0.84% -> 30576 | M16: ='[5]MAINTENANCE-2'!$AP21 -> 146440 | Q16: ='[6]MAINTENANCE-2'!$X21 -> 60750 | S16: ='[6]MAINTENANCE-2'!$AH21 -> 0 | U16: 21000 | Z16: -242666.66 | AC16: =ROUNDDOWN(SUM(K16:AB16),0) -> 3534765 | AD16: =IF(J16="TER A",VLOOKUP(AC16,Ter_A,4,TRUE),IF(J16="TER B",VLOOKUP(AC16,Ter_B,4,TRUE),VLOOKUP(AC16,Ter_C,4,TRUE))) -> 0 | AE16: =ROUND(IF(E16=0,AC16*AD16*120%,AC16*AD16),0) -> 0 | AI16: =L16+M16 -> 177016 | AJ16: =SUM(N16:Z16) -> -160916.66 | AK16: =SUM(N16:Z16) -> -160916.66 | AL16: =AC16-K16-L16-M16 -> -160917.57
B17: 12 | C17: USWATUL | D17: 1902055610940001 | E17: 55.166.755.3-305.000 | F17: JL KELAPA KAMPIT RT. 012 RW. 004 DESA KACANG BUTOR KEC. BADAU | G17: KARYAWAN PERAWATAN | H17: P | I17: TK/0 | J17: =IF(ISBLANK(I17),"",IF(OR(I17="TK/0",I17="TK/1",I17="K/0"),"TER A",IF(I17="K/3","TER C","TER B"))) -> TER A | K17: 3518666.6 | L17: =3640000*0.84% -> 30576 | M17: ='[5]MAINTENANCE-2'!$AP22 -> 146800 | Q17: ='[6]MAINTENANCE-2'!$X22 -> 65250 | S17: ='[6]MAINTENANCE-2'!$AH22 -> 0 | U17: 30000 | Z17: 0 | AC17: =ROUNDDOWN(SUM(K17:AB17),0) -> 3791292 | AD17: =IF(J17="TER A",VLOOKUP(AC17,Ter_A,4,TRUE),IF(J17="TER B",VLOOKUP(AC17,Ter_B,4,TRUE),VLOOKUP(AC17,Ter_C,4,TRUE))) -> 0 | AE17: =ROUND(IF(E17=0,AC17*AD17*120%,AC17*AD17),0) -> 0 | AI17: =L17+M17 -> 177376 | AJ17: =SUM(N17:Z17) -> 95250 | AK17: =SUM(N17:Z17) -> 95250 | AL17: =AC17-K17-L17-M17 -> 95249.43
B18: 13 | C18: GUSTAMI | D18: 1902040505720005 | E18: 55.166.380.0-305.000 | F18: DSN SIMPANG EMPAT RT. 014 RW. 007 DESA SIJUK KEC SIJUK | G18: KARYAWAN PERAWATAN | H18: L | I18: K/1 | J18: =IF(ISBLANK(I18),"",IF(OR(I18="TK/0",I18="TK/1",I18="K/0"),"TER A",IF(I18="K/3","TER C","TER B"))) -> TER B | K18: 3518666.6 | L18: =3640000*0.84% -> 30576 | M18: ='[5]MAINTENANCE-2'!$AP23 -> 146800 | N18: 33900 | Q18: ='[6]MAINTENANCE-2'!$X23 -> 126000 | S18: ='[6]MAINTENANCE-2'!$AH23 -> 147283.22 | U18: 30000 | Z18: -121333.33 | AC18: =ROUNDDOWN(SUM(K18:AB18),0) -> 3911892 | AD18: =IF(J18="TER A",VLOOKUP(AC18,Ter_A,4,TRUE),IF(J18="TER B",VLOOKUP(AC18,Ter_B,4,TRUE),VLOOKUP(AC18,Ter_C,4,TRUE))) -> 0 | AE18: =ROUND(IF(E18=0,AC18*AD18*120%,AC18*AD18),0) -> 0 | AI18: =L18+M18 -> 177376 | AJ18: =SUM(N18:Z18) -> 215849.89 | AK18: =SUM(N18:Z18) -> 215849.89 | AL18: =AC18-K18-L18-M18 -> 215849.43
B19: 14 | C19: AGUS TRIANTIKA | D19: 1906041908760003 | E19: - | F19: DSN MERDEKA RT. 001 RW. 001 DESA SENYUBUK KEC. KELAPA KAMPIT | G19: KARYAWAN PERAWATAN | H19: L | I19: K/2 | J19: =IF(ISBLANK(I19),"",IF(OR(I19="TK/0",I19="TK/1",I19="K/0"),"TER A",IF(I19="K/3","TER C","TER B"))) -> TER B | K19: 3518666.6 | L19: =3640000*0.84% -> 30576 | M19: ='[5]MAINTENANCE-2'!$AP24 -> 146440 | Q19: ='[6]MAINTENANCE-2'!$X24 -> 151200 | S19: ='[6]MAINTENANCE-2'!$AH24 -> 0 | U19: 21000 | Z19: -121333.33 | AC19: =ROUNDDOWN(SUM(K19:AB19),0) -> 3746549 | AD19: =IF(J19="TER A",VLOOKUP(AC19,Ter_A,4,TRUE),IF(J19="TER B",VLOOKUP(AC19,Ter_B,4,TRUE),VLOOKUP(AC19,Ter_C,4,TRUE))) -> 0 | AE19: =ROUND(IF(E19=0,AC19*AD19*120%,AC19*AD19),0) -> 0 | AI19: =L19+M19 -> 177016 | AJ19: =SUM(N19:Z19) -> 50866.67 | AK19: =SUM(N19:Z19) -> 50866.67 | AL19: =AC19-K19-L19-M19 -> 50866.43
B20: 15 | C20: FIKA HOIRI | D20: 1902041110990001 | E20: - | F20: SUNGAI PADANG RT. 004 RW. 002 DESA SUNGAI PADANG KEC. SIJUK | G20: KARYAWAN PERAWATAN | H20: L | I20: K/1 | J20: =IF(ISBLANK(I20),"",IF(OR(I20="TK/0",I20="TK/1",I20="K/0"),"TER A",IF(I20="K/3","TER C","TER B"))) -> TER B | K20: 3518666.6 | L20: =3640000*0.84% -> 30576 | M20: ='[5]MAINTENANCE-2'!$AP25 -> 145900 | Q20: ='[6]MAINTENANCE-2'!$X25 -> 130500 | S20: ='[6]MAINTENANCE-2'!$AH25 -> 0 | U20: 7500 | Z20: 0 | AC20: =ROUNDDOWN(SUM(K20:AB20),0) -> 3833142 | AD20: =IF(J20="TER A",VLOOKUP(AC20,Ter_A,4,TRUE),IF(J20="TER B",VLOOKUP(AC20,Ter_B,4,TRUE),VLOOKUP(AC20,Ter_C,4,TRUE))) -> 0 | AE20: =ROUND(IF(E20=0,AC20*AD20*120%,AC20*AD20),0) -> 0 | AI20: =L20+M20 -> 176476 | AJ20: =SUM(N20:Z20) -> 138000 | AK20: =SUM(N20:Z20) -> 138000 | AL20: =AC20-K20-L20-M20 -> 137999.43
B21: 16 | C21: NOPI HARIKA | D21: 1902014311880001 | E21: 97.228.387.3-305.000 | F21: JL KELAPA GADING RT. 017 RW. 07 KEL. PANGKAL LALANG KEC. TANJUNGPANDAN | G21: KARYAWAN PERAWATAN | H21: P | I21: TK/0 | J21: =IF(ISBLANK(I21),"",IF(OR(I21="TK/0",I21="TK/1",I21="K/0"),"TER A",IF(I21="K/3","TER C","TER B"))) -> TER A | K21: 3518666.6 | L21: =3640000*0.84% -> 30576 | M21: ='[5]MAINTENANCE-2'!$AP26 -> 147340 | Q21: ='[6]MAINTENANCE-2'!$X26 -> 65250 | S21: ='[6]MAINTENANCE-2'!$AH26 -> 0 | U21: 43500 | Z21: 0 | AC21: =ROUNDDOWN(SUM(K21:AB21),0) -> 3805332 | AD21: =IF(J21="TER A",VLOOKUP(AC21,Ter_A,4,TRUE),IF(J21="TER B",VLOOKUP(AC21,Ter_B,4,TRUE),VLOOKUP(AC21,Ter_C,4,TRUE))) -> 0 | AE21: =ROUND(IF(E21=0,AC21*AD21*120%,AC21*AD21),0) -> 0 | AI21: =L21+M21 -> 177916 | AJ21: =SUM(N21:Z21) -> 108750 | AK21: =SUM(N21:Z21) -> 108750 | AL21: =AC21-K21-L21-M21 -> 108749.43
B22: 17 | C22: YULIANTI | D22: 1902054707770001 | E22: 97.228.376.6-305.000 | F22: JL MANGGAR RT. 004 RW. 002 DESAAIR BATU BUDING KEC. BADAU | G22: KARYAWAN PERAWATAN | H22: P | I22: TK/0 | J22: =IF(ISBLANK(I22),"",IF(OR(I22="TK/0",I22="TK/1",I22="K/0"),"TER A",IF(I22="K/3","TER C","TER B"))) -> TER A | K22: 3518666.6 | L22: =3640000*0.84% -> 30576 | M22: ='[5]MAINTENANCE-2'!$AP27 -> 147620 | Q22: ='[6]MAINTENANCE-2'!$X27 -> 65250 | S22: ='[6]MAINTENANCE-2'!$AH27 -> 0 | U22: 50500 | Z22: 0 | AC22: =ROUNDDOWN(SUM(K22:AB22),0) -> 3812612 | AD22: =IF(J22="TER A",VLOOKUP(AC22,Ter_A,4,TRUE),IF(J22="TER B",VLOOKUP(AC22,Ter_B,4,TRUE),VLOOKUP(AC22,Ter_C,4,TRUE))) -> 0 | AE22: =ROUND(IF(E22=0,AC22*AD22*120%,AC22*AD22),0) -> 0 | AI22: =L22+M22 -> 178196 | AJ22: =SUM(N22:Z22) -> 115750 | AK22: =SUM(N22:Z22) -> 115750 | AL22: =AC22-K22-L22-M22 -> 115749.43
B23: 18 | C23: SARI IRIANTI | D23: 1902055807810002 | E23: 75.832.462.8-305.000 | F23: JL. SISWA RT. 001 RW. 001 DESA AIR BATU BUDING KEC. BADAU | G23: KARYAWAN PERAWATAN | H23: P | I23: TK/0 | J23: =IF(ISBLANK(I23),"",IF(OR(I23="TK/0",I23="TK/1",I23="K/0"),"TER A",IF(I23="K/3","TER C","TER B"))) -> TER A | K23: 3518666.6 | L23: =3640000*0.84% -> 30576 | M23: ='[5]MAINTENANCE-2'!$AP28 -> 146560 | Q23: ='[6]MAINTENANCE-2'!$X28 -> 65250 | S23: ='[6]MAINTENANCE-2'!$AH28 -> 0 | U23: 24000 | Z23: 0 | AC23: =ROUNDDOWN(SUM(K23:AB23),0) -> 3785052 | AD23: =IF(J23="TER A",VLOOKUP(AC23,Ter_A,4,TRUE),IF(J23="TER B",VLOOKUP(AC23,Ter_B,4,TRUE),VLOOKUP(AC23,Ter_C,4,TRUE))) -> 0 | AE23: =ROUND(IF(E23=0,AC23*AD23*120%,AC23*AD23),0) -> 0 | AI23: =L23+M23 -> 177136 | AJ23: =SUM(N23:Z23) -> 89250 | AK23: =SUM(N23:Z23) -> 89250 | AL23: =AC23-K23-L23-M23 -> 89249.43
B24: 19 | C24: SUHERMAN | D24: 1902050605790003 | E24: 97.237.600.8-305.000 | F24: JL MANGGAR RT. 009 RW. 003 DESA KACANG BUTOR KEC. BADAU | G24: KARYAWAN PERAWATAN | H24: L | I24: K/2 | J24: =IF(ISBLANK(I24),"",IF(OR(I24="TK/0",I24="TK/1",I24="K/0"),"TER A",IF(I24="K/3","TER C","TER B"))) -> TER B | K24: 3518666.6 | L24: =3640000*0.84% -> 30576 | M24: ='[5]MAINTENANCE-2'!$AP29 -> 148040 | Q24: ='[6]MAINTENANCE-2'!$X29 -> 156600 | S24: ='[6]MAINTENANCE-2'!$AH29 -> 568092.42 | U24: 61000 | Z24: 0 | AC24: =ROUNDDOWN(SUM(K24:AB24),0) -> 4482974 | AD24: =IF(J24="TER A",VLOOKUP(AC24,Ter_A,4,TRUE),IF(J24="TER B",VLOOKUP(AC24,Ter_B,4,TRUE),VLOOKUP(AC24,Ter_C,4,TRUE))) -> 0 | AE24: =ROUND(IF(E24=0,AC24*AD24*120%,AC24*AD24),0) -> 0 | AI24: =L24+M24 -> 178616 | AJ24: =SUM(N24:Z24) -> 785692.42 | AK24: =SUM(N24:Z24) -> 785692.42 | AL24: =AC24-K24-L24-M24 -> 785691.43
B25: 20 | C25: ROSNANI | D25: 1902054703800004 | E25: 97.228.357.6-305.000 | F25: JL MANGGAR RT. 004 RW. 002 DESA AIR BATU BUDING KEC. BADAU | G25: KARYAWAN PERAWATAN | H25: P | I25: TK/0 | J25: =IF(ISBLANK(I25),"",IF(OR(I25="TK/0",I25="TK/1",I25="K/0"),"TER A",IF(I25="K/3","TER C","TER B"))) -> TER A | K25: 3518666.6 | L25: =3640000*0.84% -> 30576 | M25: ='[5]MAINTENANCE-2'!$AP30 -> 147620 | Q25: ='[6]MAINTENANCE-2'!$X30 -> 65250 | S25: ='[6]MAINTENANCE-2'!$AH30 -> 31560.69 | U25: 50500 | Z25: 0 | AC25: =ROUNDDOWN(SUM(K25:AB25),0) -> 3844173 | AD25: =IF(J25="TER A",VLOOKUP(AC25,Ter_A,4,TRUE),IF(J25="TER B",VLOOKUP(AC25,Ter_B,4,TRUE),VLOOKUP(AC25,Ter_C,4,TRUE))) -> 0 | AE25: =ROUND(IF(E25=0,AC25*AD25*120%,AC25*AD25),0) -> 0 | AI25: =L25+M25 -> 178196 | AJ25: =SUM(N25:Z25) -> 147310.69 | AK25: =SUM(N25:Z25) -> 147310.69 | AL25: =AC25-K25-L25-M25 -> 147310.43
B26: 21 | C26: ILYANA | D26: 1906044811760001 | E26: 97.228.381.6-305.000 | F26: DSN SELINDANG RT. 007 RW. 002 DESA SENYUBUK KEC. KELAPA KAMPIT | G26: KARYAWAN PERAWATAN | H26: P | I26: TK/0 | J26: =IF(ISBLANK(I26),"",IF(OR(I26="TK/0",I26="TK/1",I26="K/0"),"TER A",IF(I26="K/3","TER C","TER B"))) -> TER A | K26: 3518666.6 | L26: =3640000*0.84% -> 30576 | M26: ='[5]MAINTENANCE-2'!$AP31 -> 147340 | Q26: ='[6]MAINTENANCE-2'!$X31 -> 60750 | S26: ='[6]MAINTENANCE-2'!$AH31 -> 0 | U26: 43500 | Z26: -242666.66 | AC26: =ROUNDDOWN(SUM(K26:AB26),0) -> 3558165 | AD26: =IF(J26="TER A",VLOOKUP(AC26,Ter_A,4,TRUE),IF(J26="TER B",VLOOKUP(AC26,Ter_B,4,TRUE),VLOOKUP(AC26,Ter_C,4,TRUE))) -> 0 | AE26: =ROUND(IF(E26=0,AC26*AD26*120%,AC26*AD26),0) -> 0 | AI26: =L26+M26 -> 177916 | AJ26: =SUM(N26:Z26) -> -138416.66 | AK26: =SUM(N26:Z26) -> -138416.66 | AL26: =AC26-K26-L26-M26 -> -138417.57
B27: 22 | C27: MERY JULIARTI | D27: 1906045807830002 | E27: 93.470.838.9-305.000 | F27: DSN LALANG RT. 002 RW. 001 DESA MENTAWAK KEC. KELAPA KAMPIT | G27: KARYAWAN PERAWATAN | H27: P | I27: TK/0 | J27: =IF(ISBLANK(I27),"",IF(OR(I27="TK/0",I27="TK/1",I27="K/0"),"TER A",IF(I27="K/3","TER C","TER B"))) -> TER A | K27: 3518666.6 | L27: =3640000*0.84% -> 30576 | M27: ='[5]MAINTENANCE-2'!$AP32 -> 146200 | Q27: ='[6]MAINTENANCE-2'!$X32 -> 65250 | S27: ='[6]MAINTENANCE-2'!$AH32 -> 0 | U27: 15000 | Z27: 0 | AC27: =ROUNDDOWN(SUM(K27:AB27),0) -> 3775692 | AD27: =IF(J27="TER A",VLOOKUP(AC27,Ter_A,4,TRUE),IF(J27="TER B",VLOOKUP(AC27,Ter_B,4,TRUE),VLOOKUP(AC27,Ter_C,4,TRUE))) -> 0 | AE27: =ROUND(IF(E27=0,AC27*AD27*120%,AC27*AD27),0) -> 0 | AI27: =L27+M27 -> 176776 | AJ27: =SUM(N27:Z27) -> 80250 | AK27: =SUM(N27:Z27) -> 80250 | AL27: =AC27-K27-L27-M27 -> 80249.43
B28: 23 | C28: YESI | D28: 1902054101870001 | E28: - | F28: JL MANGGAR RT. 007 RW. 002 DESA KACANG BUTOR KEC. BADAU | G28: KARYAWAN PERAWATAN | H28: P | I28: TK/0 | J28: =IF(ISBLANK(I28),"",IF(OR(I28="TK/0",I28="TK/1",I28="K/0"),"TER A",IF(I28="K/3","TER C","TER B"))) -> TER A | K28: 3518666.6 | L28: =3640000*0.84% -> 30576 | M28: ='[5]MAINTENANCE-2'!$AP33 -> 146200 | Q28: ='[6]MAINTENANCE-2'!$X33 -> 65250 | S28: ='[6]MAINTENANCE-2'!$AH33 -> 31560.69 | U28: 15000 | Z28: 0 | AC28: =ROUNDDOWN(SUM(K28:AB28),0) -> 3807253 | AD28: =IF(J28="TER A",VLOOKUP(AC28,Ter_A,4,TRUE),IF(J28="TER B",VLOOKUP(AC28,Ter_B,4,TRUE),VLOOKUP(AC28,Ter_C,4,TRUE))) -> 0 | AE28: =ROUND(IF(E28=0,AC28*AD28*120%,AC28*AD28),0) -> 0 | AI28: =L28+M28 -> 176776 | AJ28: =SUM(N28:Z28) -> 111810.69 | AK28: =SUM(N28:Z28) -> 111810.69 | AL28: =AC28-K28-L28-M28 -> 111810.43
B29: 24 | C29: WAKINI | D29: 1902054701850001 | E29: - | F29: BUKIT INDAH RT. 011 RW. 004 DESA KACANG BUTOR KEC. BADAU | G29: KARYAWAN PERAWATAN | H29: P | I29: TK/0 | J29: =IF(ISBLANK(I29),"",IF(OR(I29="TK/0",I29="TK/1",I29="K/0"),"TER A",IF(I29="K/3","TER C","TER B"))) -> TER A | K29: 3518666.6 | L29: =3640000*0.84% -> 30576 | M29: ='[5]MAINTENANCE-2'!$AP34 -> 146200 | Q29: ='[6]MAINTENANCE-2'!$X34 -> 65250 | S29: ='[6]MAINTENANCE-2'!$AH34 -> 31560.69 | U29: 15000 | Z29: 0 | AC29: =ROUNDDOWN(SUM(K29:AB29),0) -> 3807253 | AD29: =IF(J29="TER A",VLOOKUP(AC29,Ter_A,4,TRUE),IF(J29="TER B",VLOOKUP(AC29,Ter_B,4,TRUE),VLOOKUP(AC29,Ter_C,4,TRUE))) -> 0 | AE29: =ROUND(IF(E29=0,AC29*AD29*120%,AC29*AD29),0) -> 0 | AI29: =L29+M29 -> 176776 | AJ29: =SUM(N29:Z29) -> 111810.69 | AK29: =SUM(N29:Z29) -> 111810.69 | AL29: =AC29-K29-L29-M29 -> 111810.43
B30: 25 | C30: WITA SARI | D30: 1902054608920002 | E30: 84.282.924.4-305.000 | F30: DSN KEPAYANG RT. 007 RW. 002 DESA KACANG BUTOR KEC. BADAU | G30: KARYAWAN PERAWATAN | H30: P | I30: TK/0 | J30: =IF(ISBLANK(I30),"",IF(OR(I30="TK/0",I30="TK/1",I30="K/0"),"TER A",IF(I30="K/3","TER C","TER B"))) -> TER A | K30: 3518666.6 | L30: =3640000*0.84% -> 30576 | M30: ='[5]MAINTENANCE-2'!$AP35 -> 146200 | Q30: ='[6]MAINTENANCE-2'!$X35 -> 65250 | S30: ='[6]MAINTENANCE-2'!$AH35 -> 31560.69 | U30: 15000 | Z30: 0 | AC30: =ROUNDDOWN(SUM(K30:AB30),0) -> 3807253 | AD30: =IF(J30="TER A",VLOOKUP(AC30,Ter_A,4,TRUE),IF(J30="TER B",VLOOKUP(AC30,Ter_B,4,TRUE),VLOOKUP(AC30,Ter_C,4,TRUE))) -> 0 | AE30: =ROUND(IF(E30=0,AC30*AD30*120%,AC30*AD30),0) -> 0 | AI30: =L30+M30 -> 176776 | AJ30: =SUM(N30:Z30) -> 111810.69 | AK30: =SUM(N30:Z30) -> 111810.69 | AL30: =AC30-K30-L30-M30 -> 111810.43
... B35: 30 | C35: YEKILIA | D35: 1902056810850002 | E35: 73.821.741.3.305.000 | F35: JL. MANGGAR RT. 011 RW. 004 DESA KACANG BUTOR KEC. BADAU | G35: KARYAWAN PERAWATAN | H35: P | I35: TK/0 | J35: =IF(ISBLANK(I35),"",IF(OR(I35="TK/0",I35="TK/1",I35="K/0"),"TER A",IF(I35="K/3","TER C","TER B"))) -> TER A | K35: 3518666.6 | L35: =3640000*0.84% -> 30576 | M35: ='[5]MAINTENANCE-2'!$AP40 -> 146200 | Q35: ='[6]MAINTENANCE-2'!$X40 -> 63000 | S35: ='[6]MAINTENANCE-2'!$AH40 -> 0 | U35: 15000 | Z35: -121333.33 | AC35: =ROUNDDOWN(SUM(K35:AB35),0) -> 3652109 | AD35: =IF(J35="TER A",VLOOKUP(AC35,Ter_A,4,TRUE),IF(J35="TER B",VLOOKUP(AC35,Ter_B,4,TRUE),VLOOKUP(AC35,Ter_C,4,TRUE))) -> 0 | AE35: =ROUND(IF(E35=0,AC35*AD35*120%,AC35*AD35),0) -> 0 | AI35: =L35+M35 -> 176776 | AJ35: =SUM(N35:Z35) -> -43333.33 | AK35: =SUM(N35:Z35) -> -43333.33 | AL35: =AC35-K35-L35-M35 -> -43333.57
B36: 31 | C36: YETI PRIMA | D36: 1902014107830151 | E36: 97.237.437.5.305.000 | F36: JL JEND SUDIRMAN RT/RW 006/002 DESA PERAWAS KEC.TANJUNGPANDAN | G36: KARYAWAN PERAWATAN | H36: P | I36: TK/0 | J36: =IF(ISBLANK(I36),"",IF(OR(I36="TK/0",I36="TK/1",I36="K/0"),"TER A",IF(I36="K/3","TER C","TER B"))) -> TER A | K36: 3518666.6 | L36: =3640000*0.84% -> 30576 | M36: ='[5]MAINTENANCE-2'!$AP41 -> 147480 | Q36: ='[6]MAINTENANCE-2'!$X41 -> 65250 | S36: ='[6]MAINTENANCE-2'!$AH41 -> 0 | U36: 47000 | AC36: =ROUNDDOWN(SUM(K36:AB36),0) -> 3808972 | AD36: =IF(J36="TER A",VLOOKUP(AC36,Ter_A,4,TRUE),IF(J36="TER B",VLOOKUP(AC36,Ter_B,4,TRUE),VLOOKUP(AC36,Ter_C,4,TRUE))) -> 0 | AE36: =ROUND(IF(E36=0,AC36*AD36*120%,AC36*AD36),0) -> 0 | AI36: =L36+M36 -> 178056 | AJ36: =SUM(N36:Z36) -> 112250 | AK36: =SUM(N36:Z36) -> 112250 | AL36: =AC36-K36-L36-M36 -> 112249.43
B37: 32 | C37: NOVI SUHAIDI | D37: 1902011511890006 | E37: 97.228.313.9-305.000 | F37: Jl Air Serkuk Rt. 028 Rw. 011 Desa Air Saga Kec. Tanjungpandan | G37: KARYAWAN PERAWATAN | H37: L | I37: K/2 | J37: =IF(ISBLANK(I37),"",IF(OR(I37="TK/0",I37="TK/1",I37="K/0"),"TER A",IF(I37="K/3","TER C","TER B"))) -> TER B | K37: 3591166.6 | L37: =3715000*0.84% -> 31206 | M37: ='[5]MAINTENANCE-2'!$AP42 -> 150340 | Q37: ='[6]MAINTENANCE-2'!$X42 -> 151200 | S37: ='[6]MAINTENANCE-2'!$AH42 -> 257787.86 | U37: 43500 | Z37: -123833.33 | AC37: =ROUNDDOWN(SUM(K37:AB37),0) -> 4101367 | AD37: =IF(J37="TER A",VLOOKUP(AC37,Ter_A,4,TRUE),IF(J37="TER B",VLOOKUP(AC37,Ter_B,4,TRUE),VLOOKUP(AC37,Ter_C,4,TRUE))) -> 0 | AE37: =ROUND(IF(E37=0,AC37*AD37*120%,AC37*AD37),0) -> 0 | AI37: =L37+M37 -> 181546 | AJ37: =SUM(N37:Z37) -> 328654.53 | AK37: =SUM(N37:Z37) -> 328654.53 | AL37: =AC37-K37-L37-M37 -> 328654.43
B38: 33 | C38: PAIMIN | D38: 1902050405890002 | E38: 97.228.337.8-305.000 | F38: JL MANGGAR DSN BUKIT INDAH RT. 011 RW. 004 DESA KACANG BUTOR BADAU | G38: OPERATOR | H38: L | I38: K/1 | J38: =IF(ISBLANK(I38),"",IF(OR(I38="TK/0",I38="TK/1",I38="K/0"),"TER A",IF(I38="K/3","TER C","TER B"))) -> TER B | K38: 3518666.6 | L38: =3640000*0.84% -> 30576 | M38: =[5]TRANSPORT!$AJ11 -> 147340 | N38: 1367270 | Q38: =[6]TRANSPORT!$T11 -> 130500 | R38: 63000 | S38: =[6]TRANSPORT!$AA11 -> 915260.01 | U38: 43500 | AC38: =ROUNDDOWN(SUM(K38:AB38),0) -> 6216112 | AD38: =IF(J38="TER A",VLOOKUP(AC38,Ter_A,4,TRUE),IF(J38="TER B",VLOOKUP(AC38,Ter_B,4,TRUE),VLOOKUP(AC38,Ter_C,4,TRUE))) -> 0.0025 | AE38: =ROUND(IF(E38=0,AC38*AD38*120%,AC38*AD38),0) -> 15540 | AI38: =L38+M38 -> 177916 | AJ38: =SUM(N38:Z38) -> 2519530 | AK38: =SUM(N38:Z38) -> 2519530 | AL38: =AC38-K38-L38-M38 -> 2519529.4
B39: 34 | C39: JHOHELMI | D39: 1902040802900001 | E39: 55.166.347.9-305.000 | F39: DSN SIMPANG EMPAT RT. 011 RW. 006 DESA SIJUK KEC KELAPA KAMPIT | G39: HELPER | H39: L | I39: K/1 | J39: =IF(ISBLANK(I39),"",IF(OR(I39="TK/0",I39="TK/1",I39="K/0"),"TER A",IF(I39="K/3","TER C","TER B"))) -> TER B | K39: 3518666.6 | L39: =3640000*0.84% -> 30576 | M39: =[5]TRANSPORT!$AJ12 -> 146800 | N39: 1155090 | Q39: =[6]TRANSPORT!$T12 -> 130500 | R39: 40000 | S39: =[6]TRANSPORT!$AA12 -> 925780.24 | U39: 30000 | AC39: =ROUNDDOWN(SUM(K39:AB39),0) -> 5977412 | AD39: =IF(J39="TER A",VLOOKUP(AC39,Ter_A,4,TRUE),IF(J39="TER B",VLOOKUP(AC39,Ter_B,4,TRUE),VLOOKUP(AC39,Ter_C,4,TRUE))) -> 0 | AE39: =ROUND(IF(E39=0,AC39*AD39*120%,AC39*AD39),0) -> 0 | AI39: =L39+M39 -> 177376 | AJ39: =SUM(N39:Z39) -> 2281370.2 | AK39: =SUM(N39:Z39) -> 2281370.2 | AL39: =AC39-K39-L39-M39 -> 2281369.4
B40: 35 | C40: ARDIANTO | D40: 1902050202790001 | E40: 97.228.369.1-305.000 | F40: DSN AIR BEGANTUNG RT. 009 RW. 003 DESA KACANG BUTOR KEC. BADAU | G40: OPERATOR | H40: L | I40: K/2 | J40: =IF(ISBLANK(I40),"",IF(OR(I40="TK/0",I40="TK/1",I40="K/0"),"TER A",IF(I40="K/3","TER C","TER B"))) -> TER B | K40: 3518666.6 | L40: =3640000*0.84% -> 30576 | M40: =[5]TRANSPORT!$AJ13 -> 148040 | N40: 1406825 | Q40: =[6]TRANSPORT!$T13 -> 156600 | R40: 66000 | S40: =[6]TRANSPORT!$AA13 -> 1031422.5 | U40: 61000 | AC40: =ROUNDDOWN(SUM(K40:AB40),0) -> 6419130 | AD40: =IF(J40="TER A",VLOOKUP(AC40,Ter_A,4,TRUE),IF(J40="TER B",VLOOKUP(AC40,Ter_B,4,TRUE),VLOOKUP(AC40,Ter_C,4,TRUE))) -> 0.0025 | AE40: =ROUND(IF(E40=0,AC40*AD40*120%,AC40*AD40),0) -> 16048 | AI40: =L40+M40 -> 178616 | AJ40: =SUM(N40:Z40) -> 2721847.5 | AK40: =SUM(N40:Z40) -> 2721847.5 | AL40: =AC40-K40-L40-M40 -> 2721847.4
B41: 36 | C41: JUNI BASRI | D41: 1902051805780003 | E41: 97.228.370.9-305.000 | F41: DSN AIR BEGANTUNG RT. 009 RW. 003 DESA KACANG BUTOR KEC. BADAU | G41: HELPER | H41: L | I41: K/2 | J41: =IF(ISBLANK(I41),"",IF(OR(I41="TK/0",I41="TK/1",I41="K/0"),"TER A",IF(I41="K/3","TER C","TER B"))) -> TER B | K41: 3518666.6 | L41: =3640000*0.84% -> 30576 | M41: =[5]TRANSPORT!$AJ14 -> 148040 | N41: 1238825 | Q41: =[6]TRANSPORT!$T14 -> 156600 | R41: 42000 | S41: =[6]TRANSPORT!$AA14 -> 957340.93 | U41: 61000 | AC41: =ROUNDDOWN(SUM(K41:AB41),0) -> 6153048 | AD41: =IF(J41="TER A",VLOOKUP(AC41,Ter_A,4,TRUE),IF(J41="TER B",VLOOKUP(AC41,Ter_B,4,TRUE),VLOOKUP(AC41,Ter_C,4,TRUE))) -> 0 | AE41: =ROUND(IF(E41=0,AC41*AD41*120%,AC41*AD41),0) -> 0 | AI41: =L41+M41 -> 178616 | AJ41: =SUM(N41:Z41) -> 2455765.9 | AK41: =SUM(N41:Z41) -> 2455765.9 | AL41: =AC41-K41-L41-M41 -> 2455765.4
B42: 37 | C42: SAPAR WADI | D42: 5203011706860003 | E42: - | F42: DOLOP RT. 030 RW. 010 DESA DOLOPO KEC. DOLOPO KAB. MADIUN JAWA TIMUR | G42: KARYAWAN PANEN | H42: L | I42: K/1 | J42: =IF(ISBLANK(I42),"",IF(OR(I42="TK/0",I42="TK/1",I42="K/0"),"TER A",IF(I42="K/3","TER C","TER B"))) -> TER B | K42: 3518666.6 | L42: =3640000*0.84% -> 30576 | M42: =[5]HARVESTING!$AS11 -> 146100 | P42: 147000 | Q42: =[6]HARVESTING!$X11 -> 130500 | U42: 12500 | V42: 94290 | AC42: =ROUNDDOWN(SUM(K42:AB42),0) -> 4079632 | AD42: =IF(J42="TER A",VLOOKUP(AC42,Ter_A,4,TRUE),IF(J42="TER B",VLOOKUP(AC42,Ter_B,4,TRUE),VLOOKUP(AC42,Ter_C,4,TRUE))) -> 0 | AE42: =ROUND(IF(E42=0,AC42*AD42*120%,AC42*AD42),0) -> 0 | AI42: =L42+M42 -> 176676 | AJ42: =SUM(N42:Z42) -> 384290 | AK42: =SUM(N42:Z42) -> 384290 | AL42: =AC42-K42-L42-M42 -> 384289.43
B43: 38 | C43: DAMSYAH | D43: 5203010203740001 | E43: - | F43: KETANGGA TIMUR DESA KETANGGA JERAENG KEC. KERUAK LOMBOK TIMUR | G43: KARYAWAN PANEN | H43: L | I43: K/1 | J43: =IF(ISBLANK(I43),"",IF(OR(I43="TK/0",I43="TK/1",I43="K/0"),"TER A",IF(I43="K/3","TER C","TER B"))) -> TER B | K43: 3518666.6 | L43: =3640000*0.84% -> 30576 | M43: =[5]HARVESTING!$AS12 -> 146100 | O43: 305747 | P43: 152250 | Q43: =[6]HARVESTING!$X12 -> 130500 | U43: 12500 | V43: 347550 | AC43: =ROUNDDOWN(SUM(K43:AB43),0) -> 4643889 | AD43: =IF(J43="TER A",VLOOKUP(AC43,Ter_A,4,TRUE),IF(J43="TER B",VLOOKUP(AC43,Ter_B,4,TRUE),VLOOKUP(AC43,Ter_C,4,TRUE))) -> 0 | AE43: =ROUND(IF(E43=0,AC43*AD43*120%,AC43*AD43),0) -> 0 | AI43: =L43+M43 -> 176676 | AJ43: =SUM(N43:Z43) -> 948547 | AK43: =SUM(N43:Z43) -> 948547 | AL43: =AC43-K43-L43-M43 -> 948546.43
B44: 39 | J44: =IF(ISBLANK(I44),"",IF(OR(I44="TK/0",I44="TK/1",I44="K/0"),"TER A",IF(I44="K/3","TER C","TER B"))) | AC44: =ROUNDDOWN(SUM(K44:AB44),0) -> 0 | AD44: =IF(J44="TER A",VLOOKUP(AC44,Ter_A,4,TRUE),IF(J44="TER B",VLOOKUP(AC44,Ter_B,4,TRUE),VLOOKUP(AC44,Ter_C,4,TRUE))) -> 0 | AE44: =ROUND(IF(E44=0,AC44*AD44*120%,AC44*AD44),0) -> 0 | AG44: =AF44-AE44 -> 0 | AI44: =AC44-L44-M44 -> 0 | AJ44: =AI44+L44+M44 -> 0
B45: 40 | J45: =IF(ISBLANK(I45),"",IF(OR(I45="TK/0",I45="TK/1",I45="K/0"),"TER A",IF(I45="K/3","TER C","TER B"))) | AC45: =ROUNDDOWN(SUM(K45:AB45),0) -> 0 | AD45: =IF(J45="TER A",VLOOKUP(AC45,Ter_A,4,TRUE),IF(J45="TER B",VLOOKUP(AC45,Ter_B,4,TRUE),VLOOKUP(AC45,Ter_C,4,TRUE))) -> 0 | AE45: =ROUND(IF(E45=0,AC45*AD45*120%,AC45*AD45),0) -> 0 | AG45: =AF45-AE45 -> 0 | AI45: =AC45-L45-M45 -> 0 | AJ45: =AI45+L45+M45 -> 0
B46: 41 | J46: =IF(ISBLANK(I46),"",IF(OR(I46="TK/0",I46="TK/1",I46="K/0"),"TER A",IF(I46="K/3","TER C","TER B"))) | AC46: =ROUNDDOWN(SUM(K46:AB46),0) -> 0 | AD46: =IF(J46="TER A",VLOOKUP(AC46,Ter_A,4,TRUE),IF(J46="TER B",VLOOKUP(AC46,Ter_B,4,TRUE),VLOOKUP(AC46,Ter_C,4,TRUE))) -> 0 | AE46: =ROUND(IF(E46=0,AC46*AD46*120%,AC46*AD46),0) -> 0 | AG46: =AF46-AE46 -> 0 | AI46: =AC46-L46-M46 -> 0 | AJ46: =AI46+L46+M46 -> 0
B47: 42 | J47: =IF(ISBLANK(I47),"",IF(OR(I47="TK/0",I47="TK/1",I47="K/0"),"TER A",IF(I47="K/3","TER C","TER B"))) | AC47: =ROUNDDOWN(SUM(K47:AB47),0) -> 0 | AD47: =IF(J47="TER A",VLOOKUP(AC47,Ter_A,4,TRUE),IF(J47="TER B",VLOOKUP(AC47,Ter_B,4,TRUE),VLOOKUP(AC47,Ter_C,4,TRUE))) -> 0 | AE47: =ROUND(IF(E47=0,AC47*AD47*120%,AC47*AD47),0) -> 0 | AG47: =AF47-AE47 -> 0 | AI47: =AC47-L47-M47 -> 0 | AJ47: =AI47+L47+M47 -> 0
B48: 43 | J48: =IF(ISBLANK(I48),"",IF(OR(I48="TK/0",I48="TK/1",I48="K/0"),"TER A",IF(I48="K/3","TER C","TER B"))) | AC48: =ROUNDDOWN(SUM(K48:AB48),0) -> 0 | AD48: =IF(J48="TER A",VLOOKUP(AC48,Ter_A,4,TRUE),IF(J48="TER B",VLOOKUP(AC48,Ter_B,4,TRUE),VLOOKUP(AC48,Ter_C,4,TRUE))) -> 0 | AE48: =ROUND(IF(E48=0,AC48*AD48*120%,AC48*AD48),0) -> 0 | AG48: =AF48-AE48 -> 0 | AI48: =AC48-L48-M48 -> 0 | AJ48: =AI48+L48+M48 -> 0
B49: 44 | J49: =IF(ISBLANK(I49),"",IF(OR(I49="TK/0",I49="TK/1",I49="K/0"),"TER A",IF(I49="K/3","TER C","TER B"))) | AC49: =ROUNDDOWN(SUM(K49:AB49),0) -> 0 | AD49: =IF(J49="TER A",VLOOKUP(AC49,Ter_A,4,TRUE),IF(J49="TER B",VLOOKUP(AC49,Ter_B,4,TRUE),VLOOKUP(AC49,Ter_C,4,TRUE))) -> 0 | AE49: =ROUND(IF(E49=0,AC49*AD49*120%,AC49*AD49),0) -> 0 | AG49: =AF49-AE49 -> 0 | AI49: =AC49-L49-M49 -> 0 | AJ49: =AI49+L49+M49 -> 0
B50: 45 | J50: =IF(ISBLANK(I50),"",IF(OR(I50="TK/0",I50="TK/1",I50="K/0"),"TER A",IF(I50="K/3","TER C","TER B"))) | AC50: =ROUNDDOWN(SUM(K50:AB50),0) -> 0 | AD50: =IF(J50="TER A",VLOOKUP(AC50,Ter_A,4,TRUE),IF(J50="TER B",VLOOKUP(AC50,Ter_B,4,TRUE),VLOOKUP(AC50,Ter_C,4,TRUE))) -> 0 | AE50: =ROUND(IF(E50=0,AC50*AD50*120%,AC50*AD50),0) -> 0 | AG50: =AF50-AE50 -> 0 | AI50: =AC50-L50-M50 -> 0 | AJ50: =AI50+L50+M50 -> 0
B51: 46 | J51: =IF(ISBLANK(I51),"",IF(OR(I51="TK/0",I51="TK/1",I51="K/0"),"TER A",IF(I51="K/3","TER C","TER B"))) | AC51: =ROUNDDOWN(SUM(K51:AB51),0) -> 0 | AD51: =IF(J51="TER A",VLOOKUP(AC51,Ter_A,4,TRUE),IF(J51="TER B",VLOOKUP(AC51,Ter_B,4,TRUE),VLOOKUP(AC51,Ter_C,4,TRUE))) -> 0 | AE51: =ROUND(IF(E51=0,AC51*AD51*120%,AC51*AD51),0) -> 0 | AG51: =AF51-AE51 -> 0 | AI51: =AC51-L51-M51 -> 0 | AJ51: =AI51+L51+M51 -> 0
B52: 47 | J52: =IF(ISBLANK(I52),"",IF(OR(I52="TK/0",I52="TK/1",I52="K/0"),"TER A",IF(I52="K/3","TER C","TER B"))) | AC52: =ROUNDDOWN(SUM(K52:AB52),0) -> 0 | AD52: =IF(J52="TER A",VLOOKUP(AC52,Ter_A,4,TRUE),IF(J52="TER B",VLOOKUP(AC52,Ter_B,4,TRUE),VLOOKUP(AC52,Ter_C,4,TRUE))) -> 0 | AE52: =ROUND(IF(E52=0,AC52*AD52*120%,AC52*AD52),0) -> 0 | AG52: =AF52-AE52 -> 0 | AI52: =AC52-L52-M52 -> 0 | AJ52: =AI52+L52+M52 -> 0
B53: 48 | J53: =IF(ISBLANK(I53),"",IF(OR(I53="TK/0",I53="TK/1",I53="K/0"),"TER A",IF(I53="K/3","TER C","TER B"))) | AC53: =ROUNDDOWN(SUM(K53:AB53),0) -> 0 | AD53: =IF(J53="TER A",VLOOKUP(AC53,Ter_A,4,TRUE),IF(J53="TER B",VLOOKUP(AC53,Ter_B,4,TRUE),VLOOKUP(AC53,Ter_C,4,TRUE))) -> 0 | AE53: =ROUND(IF(E53=0,AC53*AD53*120%,AC53*AD53),0) -> 0 | AG53: =AF53-AE53 -> 0 | AI53: =AC53-L53-M53 -> 0 | AJ53: =AI53+L53+M53 -> 0
B54: 49 | J54: =IF(ISBLANK(I54),"",IF(OR(I54="TK/0",I54="TK/1",I54="K/0"),"TER A",IF(I54="K/3","TER C","TER B"))) | AC54: =ROUNDDOWN(SUM(K54:AB54),0) -> 0 | AD54: =IF(J54="TER A",VLOOKUP(AC54,Ter_A,4,TRUE),IF(J54="TER B",VLOOKUP(AC54,Ter_B,4,TRUE),VLOOKUP(AC54,Ter_C,4,TRUE))) -> 0 | AE54: =ROUND(IF(E54=0,AC54*AD54*120%,AC54*AD54),0) -> 0 | AG54: =AF54-AE54 -> 0 | AI54: =AC54-L54-M54 -> 0 | AJ54: =AI54+L54+M54 -> 0
B55: 50 | J55: =IF(ISBLANK(I55),"",IF(OR(I55="TK/0",I55="TK/1",I55="K/0"),"TER A",IF(I55="K/3","TER C","TER B"))) | AC55: =ROUNDDOWN(SUM(K55:AB55),0) -> 0 | AD55: =IF(J55="TER A",VLOOKUP(AC55,Ter_A,4,TRUE),IF(J55="TER B",VLOOKUP(AC55,Ter_B,4,TRUE),VLOOKUP(AC55,Ter_C,4,TRUE))) -> 0 | AE55: =ROUND(IF(E55=0,AC55*AD55*120%,AC55*AD55),0) -> 0 | AG55: =AF55-AE55 -> 0 | AI55: =AC55-L55-M55 -> 0 | AJ55: =AI55+L55+M55 -> 0
... B89: 84 | J89: =IF(ISBLANK(I89),"",IF(OR(I89="TK/0",I89="TK/1",I89="K/0"),"TER A",IF(I89="K/3","TER C","TER B"))) | AC89: =ROUNDDOWN(SUM(K89:AB89),0) -> 0 | AD89: =IF(J89="TER A",VLOOKUP(AC89,Ter_A,4,TRUE),IF(J89="TER B",VLOOKUP(AC89,Ter_B,4,TRUE),VLOOKUP(AC89,Ter_C,4,TRUE))) -> 0 | AE89: =ROUND(IF(E89=0,AC89*AD89*120%,AC89*AD89),0) -> 0 | AG89: =AF89-AE89 -> 0 | AI89: =AC89-L89-M89 -> 0 | AJ89: =AI89+L89+M89 -> 0
AG90: =AF90-AE90 -> 0 | AI90: =AC90-L90-M90 -> 0 | AJ90: =AI90+L90+M90 -> 0
K91: =SUM(K6:K90) -> 1.3381083e+08 | L91: =SUM(L6:L90) -> 1162770 | M91: =SUM(M6:M90) -> 5591360 | N91: =SUM(N6:N90) -> 5201910 | O91: =SUM(O6:O90) -> 305747 | P91: =SUM(P6:P90) -> 299250 | Q91: =SUM(Q6:Q90) -> 3579750 | R91: =SUM(R6:R90) -> 309000 | ... AE91: =SUM(AE6:AE90) -> 31588 | AI91: =SUM(AI6:AI90) -> 6754130 | AJ91: =SUM(AJ6:AJ90) -> 15293438
K92: 1.3381083e+08 | M92: 5591360 | N92: 5201910 | O92: 305747 | P92: 299250 | Q92: 3579750 | R92: =[6]HARVESTING!$AA28 -> 309000 | S92: =[6]HARVESTING!$AH$27 -> 6349441 | U92: 1359000 | AC92: =[6]TRANSPORT!AE15+[6]HARVESTING!AN13+'[6]MAINTENANCE-2'!AK43+L91+M91 -> 1.558584e+08
B93: Catatan :
B94: 1. yang berwarna adalah rumus
B95: 2. dalam hal terdapat tunjangan PPh, maka ceklis "enable iterative calculation" pada menu (option => formula => pada bagian kanan atas)
B96: 3. kolom pengurang JHT/JP tetap wajib diisi, sebagai pengurang pada masa pajak desember
B97: 4. komponen penghasilan bruto dapat disesuaikan/ditambahkan kolom, sesuai dengan kebutuhan masing2 perusahaan
B98: 5. perubahan status PTKP ditentukan keadaan awal tahun, misal nikah/punya anak ditanggal 2 januari 2024, maka berubah status PTKP nya tahun 2025
B99: 6. PPh 21 terutang tersebut sudah memperhitungkan bagi yang tidak memiliki NPWP dengan jumlah PPh Terutang 20% lebih besar.
B100: 7. untuk yang tidak mempunyai NPWP dapat diisi dengan angka Nol
B101: 8. untuk perhitungan pph 21 (THR, Bonus, Tantiem) rumus penghasilan brutonya dapat disesuaikan dengan masa pajak THR tersebut diberikan
B102: 9. khusus untuk perhitungan pph 21 masa pajak desember, dapat di cek kembali rumus total per komponen penghasilan brutonya (jika ada penambahan/pengurangan kolom)
B103: 10. untuk jan s.d nop dapat diduplicate sheetnya
AC106: =AC91-AC92 -> -20.76 | AI106: =AI91-AI37 -> 6572584

Sheet Feb'24 THR
B1: PT. REBINMAS JAYA
B2: INCOME TAX ARTICLE 21 FOR FEB 2024
B3: PGE 1B (GUNUNG RUM)
C4: yang berwarna ini rumus | Q4: T.Beras | R4: T.Jabatan | S4: Lembur
B5: NO. | C5: NAMA KARYAWAN | D5: N I K / PASPOR | E5: N P W P | F5: A L A M A T | G5: JABATAN | H5: L/P | I5: PTKP | J5: TER | K5: Gaji Pokok | L5: Astek Ins (0,84%) | M5: BPJS KESEHATAN (4%) | N5: Premi Transport | O5: PREMI TBS | P5: PREMI BERONDOL | Q5: Rice Allow | R5: Structural Allow | S5: Service Time Allow | T5: PREMI INCENTIVE | U5: Masa Kerja | V5: KONTANAN | W5: KOREKSI | X5: Lembur Bayar HK Penjagaan HGU | Y5: Bensin Patroli | Z5: POT. ALPA & POT. CTH ( CUTI TANPA HK ) | AA5: THR | AB5: Bonus | AC5: Penghasilan Bruto | AD5: Tarif TER | AE5: PPh 21 Gaji + THR | AF5: PPH 21 GAJI FEBRUARI 2024 | AG5: PPH 21 THR
B6: 1 | C6: ARYADI | D6: 1902051308710001 | E6: 97.228.371.7-305.000 | F6: DSN AIR BEGANTUNG RT. 009 RW. 003 DESA KACANG BUTOR KEC. BADAU | G6: MANOR | H6: L | I6: TK/0 | J6: =IF(ISBLANK(I6),"",IF(OR(I6="TK/0",I6="TK/1",I6="K/0"),"TER A",IF(I6="K/3","TER C","TER B"))) -> TER A | K6: 3547666.6 | L6: =3670000*0.84% -> 30828 | M6: ='[7]MAINTENANCE-2'!$AP11 -> 148540 | Q6: ='[8]MAINTENANCE-2'!$X11 -> 60750 | R6: 60000 | S6: 0 | U6: 43500 | Z6: -244666.66 | AA6: =[9]MAINTENANCE!O10 -> 3780999.9 | AC6: =ROUNDDOWN(SUM(K6:AB6),0) -> 7427617 | AD6: =IF(J6="TER A",VLOOKUP(AC6,Ter_A,4,TRUE),IF(J6="TER B",VLOOKUP(AC6,Ter_B,4,TRUE),VLOOKUP(AC6,Ter_C,4,TRUE))) -> 0.0125 | AE6: =ROUNDDOWN(IF(E6=0,AC6*AD6*120%,AC6*AD6),0) -> 92845 | AF6: ='[10]Feb''24'!AE6 -> 0 | AG6: =AE6-AF6 -> 92845 | AH6: 3467249.9 | AI6: =AH6+L6+M6+AA6 -> 7427617.8 | AJ6: =AI6-AC6 -> 0.81
B7: 2 | C7: MARETA | D7: 1902055603990002 | E7: - | F7: KACANG BUTOR RT. 002 RW. 001 DESA KACANG BUTOR KEC. BADAU | G7: KERANI DIVISI | H7: P | I7: TK/0 | J7: =IF(ISBLANK(I7),"",IF(OR(I7="TK/0",I7="TK/1",I7="K/0"),"TER A",IF(I7="K/3","TER C","TER B"))) -> TER A | K7: 3518666.6 | L7: =3640000*0.84% -> 30576 | M7: ='[7]MAINTENANCE-2'!$AP12 -> 146200 | Q7: ='[8]MAINTENANCE-2'!$X12 -> 63000 | R7: 38000 | S7: 1420231.1 | U7: 15000 | Z7: -121333.33 | AA7: =[9]MAINTENANCE!O11 -> 3722499.9 | AC7: =ROUNDDOWN(SUM(K7:AB7),0) -> 8832840 | AD7: =IF(J7="TER A",VLOOKUP(AC7,Ter_A,4,TRUE),IF(J7="TER B",VLOOKUP(AC7,Ter_B,4,TRUE),VLOOKUP(AC7,Ter_C,4,TRUE))) -> 0.0175 | AE7: =ROUNDDOWN(IF(E7=0,AC7*AD7*120%,AC7*AD7),0) -> 154574 | AF7: ='[10]Feb''24'!AE7 -> 0 | AG7: =AE7-AF7 -> 154574 | AH7: 4933564.3 | AI7: =AH7+L7+M7+AA7 -> 8832840.2 | AJ7: =AI7-AC7 -> 0.19
B8: 3 | C8: SUPRI | D8: 1902052505740001 | E8: 97.228.345.1-305.000 | F8: JL MANGGAR DSN AIR BEGANTUNG RT. 008 RW. 003 DESA KACANG BUTOR KEC. BADAU | G8: KARYAWAN PERAWATAN | H8: L | I8: TK/0 | J8: =IF(ISBLANK(I8),"",IF(OR(I8="TK/0",I8="TK/1",I8="K/0"),"TER A",IF(I8="K/3","TER C","TER B"))) -> TER A | K8: 3518666.6 | L8: =3640000*0.84% -> 30576 | M8: ='[7]MAINTENANCE-2'!$AP13 -> 147480 | Q8: ='[8]MAINTENANCE-2'!$X13 -> 60750 | S8: 0 | U8: 47000 | Z8: -242666.66 | AA8: =[9]MAINTENANCE!O12 -> 3754499.9 | AC8: =ROUNDDOWN(SUM(K8:AB8),0) -> 7316305 | AD8: =IF(J8="TER A",VLOOKUP(AC8,Ter_A,4,TRUE),IF(J8="TER B",VLOOKUP(AC8,Ter_B,4,TRUE),VLOOKUP(AC8,Ter_C,4,TRUE))) -> 0.0125 | AE8: =ROUNDDOWN(IF(E8=0,AC8*AD8*120%,AC8*AD8),0) -> 91453 | AF8: ='[10]Feb''24'!AE8 -> 0 | AG8: =AE8-AF8 -> 91453 | AH8: 3383749.9 | AI8: =AH8+L8+M8+AA8 -> 7316305.8 | AJ8: =AI8-AC8 -> 0.81
B9: 4 | C9: BOBI SAPUTRA | D9: 1902050108950001 | E9: - | F9: JL MANGGAR DSN AIR BEGANTUNG RT. 009 RW. 003 DESA KACANG BUTOR KEC. BADAU | G9: KARYAWAN PERAWATAN | H9: L | I9: K/1 | J9: =IF(ISBLANK(I9),"",IF(OR(I9="TK/0",I9="TK/1",I9="K/0"),"TER A",IF(I9="K/3","TER C","TER B"))) -> TER B | K9: 3518666.6 | L9: =3640000*0.84% -> 30576 | M9: ='[7]MAINTENANCE-2'!$AP14 -> 146680 | Q9: ='[8]MAINTENANCE-2'!$X14 -> 121500 | S9: 0 | U9: 27000 | Z9: -242666.66 | AA9: =[9]MAINTENANCE!O13 -> 3801999.9 | AC9: =ROUNDDOWN(SUM(K9:AB9),0) -> 7403755 | AD9: =IF(J9="TER A",VLOOKUP(AC9,Ter_A,4,TRUE),IF(J9="TER B",VLOOKUP(AC9,Ter_B,4,TRUE),VLOOKUP(AC9,Ter_C,4,TRUE))) -> 0.01 | AE9: =ROUNDDOWN(IF(E9=0,AC9*AD9*120%,AC9*AD9),0) -> 74037 | AF9: ='[10]Feb''24'!AE9 -> 0 | AG9: =AE9-AF9 -> 74037 | AH9: 3424499.9 | AI9: =AH9+L9+M9+AA9 -> 7403755.8 | AJ9: =AI9-AC9 -> 0.81
B10: 5 | C10: ROTIA | D10: 1902056802760001 | E10: 97.228.363.4-305.000 | F10: JL MANGGAR DSN PARIT GUNUNG RT. 005 RW. 003 DESA AIR BATU BUDING BADAU | G10: KARYAWAN PERAWATAN | H10: P | I10: TK/0 | J10: =IF(ISBLANK(I10),"",IF(OR(I10="TK/0",I10="TK/1",I10="K/0"),"TER A",IF(I10="K/3","TER C","TER B"))) -> TER A | K10: 3518666.6 | L10: =3640000*0.84% -> 30576 | M10: ='[7]MAINTENANCE-2'!$AP15 -> 147620 | Q10: ='[8]MAINTENANCE-2'!$X15 -> 65250 | S10: 0 | U10: 50500 | Z10: 0 | AA10: =[9]MAINTENANCE!O14 -> 3757999.9 | AC10: =ROUNDDOWN(SUM(K10:AB10),0) -> 7570612 | AD10: =IF(J10="TER A",VLOOKUP(AC10,Ter_A,4,TRUE),IF(J10="TER B",VLOOKUP(AC10,Ter_B,4,TRUE),VLOOKUP(AC10,Ter_C,4,TRUE))) -> 0.015 | AE10: =ROUNDDOWN(IF(E10=0,AC10*AD10*120%,AC10*AD10),0) -> 113559 | AF10: ='[10]Feb''24'!AE10 -> 0 | AG10: =AE10-AF10 -> 113559 | AH10: 3634416.6 | AI10: =AH10+L10+M10+AA10 -> 7570612.5 | AJ10: =AI10-AC10 -> 0.47
B11: 6 | C11: SURYANI | D11: 1902056503820002 | E11: 97.228.351.9-305.000 | F11: JL MANGGAR RT. 005 RW. 003 DESA AIR BATU BUDING KEC. BADAU | G11: KARYAWAN PERAWATAN | H11: P | I11: TK/0 | J11: =IF(ISBLANK(I11),"",IF(OR(I11="TK/0",I11="TK/1",I11="K/0"),"TER A",IF(I11="K/3","TER C","TER B"))) -> TER A | K11: 3518666.6 | L11: =3640000*0.84% -> 30576 | M11: ='[7]MAINTENANCE-2'!$AP16 -> 147620 | Q11: ='[8]MAINTENANCE-2'!$X16 -> 65250 | S11: 0 | U11: 50500 | Z11: 0 | AA11: =[9]MAINTENANCE!O15 -> 3757999.9 | AC11: =ROUNDDOWN(SUM(K11:AB11),0) -> 7570612 | AD11: =IF(J11="TER A",VLOOKUP(AC11,Ter_A,4,TRUE),IF(J11="TER B",VLOOKUP(AC11,Ter_B,4,TRUE),VLOOKUP(AC11,Ter_C,4,TRUE))) -> 0.015 | AE11: =ROUNDDOWN(IF(E11=0,AC11*AD11*120%,AC11*AD11),0) -> 113559 | AF11: ='[10]Feb''24'!AE11 -> 0 | AG11: =AE11-AF11 -> 113559 | AH11: 3634416.6 | AI11: =AH11+L11+M11+AA11 -> 7570612.5 | AJ11: =AI11-AC11 -> 0.47
B12: 7 | C12: SAHINA YUNI | D12: 1902055002750002 | E12: 97.228.360.0-305.000 | F12: JL MANGGAR DSN PARIT GUNUNG RT. 006 RW. 003 DESA AIR BATU BUDING BADAU | G12: KARYAWAN PERAWATAN | H12: P | I12: TK/0 | J12: =IF(ISBLANK(I12),"",IF(OR(I12="TK/0",I12="TK/1",I12="K/0"),"TER A",IF(I12="K/3","TER C","TER B"))) -> TER A | K12: 3518666.6 | L12: =3640000*0.84% -> 30576 | M12: ='[7]MAINTENANCE-2'!$AP17 -> 147480 | Q12: ='[8]MAINTENANCE-2'!$X17 -> 65250 | S12: 0 | U12: 47000 | Z12: 0 | AA12: =[9]MAINTENANCE!O16 -> 3754499.9 | AC12: =ROUNDDOWN(SUM(K12:AB12),0) -> 7563472 | AD12: =IF(J12="TER A",VLOOKUP(AC12,Ter_A,4,TRUE),IF(J12="TER B",VLOOKUP(AC12,Ter_B,4,TRUE),VLOOKUP(AC12,Ter_C,4,TRUE))) -> 0.015 | AE12: =ROUNDDOWN(IF(E12=0,AC12*AD12*120%,AC12*AD12),0) -> 113452 | AF12: ='[10]Feb''24'!AE12 -> 0 | AG12: =AE12-AF12 -> 113452 | AH12: 3630916.6 | AI12: =AH12+L12+M12+AA12 -> 7563472.5 | AJ12: =AI12-AC12 -> 0.47
