Workbook
Name februari: TARIF!#REF!
Name februari: TARIF!#REF!
Name PH: [1]TARIF!#REF!
Name PH: TARIF!#REF!
Name PTKP: [1]TARIF!#REF!
Name PTKP: TARIF!#REF!
Name TARIF: [2]TARIF!$S$18:$U$25
Name Ter_A: [1]TARIF!$B$3:$E$46
Name Ter_A: TARIF!$B$3:$E$46
Name Ter_B: [1]TARIF!$H$3:$K$42
Name Ter_B: TARIF!$H$3:$K$42
Name Ter_C: [1]TARIF!$N$3:$Q$43
Name Ter_C: TARIF!$N$3:$Q$43

Sheet TARIF
A1: PTKP (TK/0, TK/1, K/0) | G1: PTKP (TK/2, TK/3, K/1, K/2) | M1: PTKP (K/3) | S1: HARIAN
A2: No | B2: Lapisan Penghasilan bruto (Rp.) | E2: TER A | G2: No | H2: Lapisan Penghasilan bruto (Rp.) | K2: TER B | M2: No | N2: Lapisan Penghasilan bruto (Rp.) | Q2: TER C | S2: Penghasilan Bruto | V2: Tarif
A3: 1 | B3: 0 | C3: s.d | D3: 5400000 | E3: 0 | G3: 1 | H3: 0 | I3: s.d | J3: 6200000 | K3: 0 | M3: 1 | N3: 0 | O3: s.d | P3: 6600000 | Q3: 0 | S3: 0 | T3: s.d | U3: 450000 | V3: 0
A4: =A3+1 -> 2 | B4: =D3+1 -> 5400001 | C4: s.d | D4: 5650000 | E4: 0.0025 | G4: =G3+1 -> 2 | H4: =J3+1 -> 6200001 | I4: s.d | J4: 6500000 | K4: 0.0025 | M4: =M3+1 -> 2 | N4: =P3+1 -> 6600001 | O4: s.d | P4: 6950000 | Q4: 0.0025 | S4: 450001 | T4: s.d | U4: 2500000 | V4: 0.005
A5: =A4+1 -> 3 | B5: =D4+1 -> 5650001 | C5: s.d | D5: 5950000 | E5: 0.005 | G5: =G4+1 -> 3 | H5: =J4+1 -> 6500001 | I5: s.d | J5: 6850000 | K5: 0.005 | M5: =M4+1 -> 3 | N5: =P4+1 -> 6950001 | O5: s.d | P5: 7350000 | Q5: 0.005
A6: =A5+1 -> 4 | B6: =D5+1 -> 5950001 | C6: s.d | D6: 6300000 | E6: 0.0075 | G6: =G5+1 -> 4 | H6: =J5+1 -> 6850001 | I6: s.d | J6: 7300000 | K6: 0.0075 | M6: =M5+1 -> 4 | N6: =P5+1 -> 7350001 | O6: s.d | P6: 7800000 | Q6: 0.0075
A7: =A6+1 -> 5 | B7: =D6+1 -> 6300001 | C7: s.d | D7: 6750000 | E7: 0.01 | G7: =G6+1 -> 5 | H7: =J6+1 -> 7300001 | I7: s.d | J7: 9200000 | K7: 0.01 | M7: =M6+1 -> 5 | N7: =P6+1 -> 7800001 | O7: s.d | P7: 8850000 | Q7: 0.01 | S7: TARIF PASAL 17 WPOP
A8: =A7+1 -> 6 | B8: =D7+1 -> 6750001 | C8: s.d | D8: 7500000 | E8: 0.0125 | G8: =G7+1 -> 6 | H8: =J7+1 -> 9200001 | I8: s.d | J8: 10750000 | K8: 0.015 | M8: =M7+1 -> 6 | N8: =P7+1 -> 8850001 | O8: s.d | P8: 9800000 | Q8: 0.0125 | S8: Lapisan PKP | V8: Tarif
A9: =A8+1 -> 7 | B9: =D8+1 -> 7500001 | C9: s.d | D9: 8550000 | E9: 0.015 | G9: =G8+1 -> 7 | H9: =J8+1 -> 10750001 | I9: s.d | J9: 11250000 | K9: 0.02 | M9: =M8+1 -> 7 | N9: =P8+1 -> 9800001 | O9: s.d | P9: 10950000 | Q9: 0.015 | S9: 0 | T9: s.d | U9: 60000000 | V9: 0.05
A10: =A9+1 -> 8 | B10: =D9+1 -> 8550001 | C10: s.d | D10: 9650000 | E10: 0.0175 | G10: =G9+1 -> 8 | H10: =J9+1 -> 11250001 | I10: s.d | J10: 11600000 | K10: 0.025 | M10: =M9+1 -> 8 | N10: =P9+1 -> 10950001 | O10: s.d | P10: 11200000 | Q10: 0.0175 | S10: =U9+1 -> 60000001 | T10: s.d | U10: 250000000 | V10: 0.15
A11: =A10+1 -> 9 | B11: =D10+1 -> 9650001 | C11: s.d | D11: 10050000 | E11: 0.02 | G11: =G10+1 -> 9 | H11: =J10+1 -> 11600001 | I11: s.d | J11: 12600000 | K11: 0.03 | M11: =M10+1 -> 9 | N11: =P10+1 -> 11200001 | O11: s.d | P11: 12050000 | Q11: 0.02 | S11: =U10+1 -> 250000001 | T11: s.d | U11: 500000000 | V11: 0.25
A12: =A11+1 -> 10 | B12: =D11+1 -> 10050001 | C12: s.d | D12: 10350000 | E12: 0.0225 | G12: =G11+1 -> 10 | H12: =J11+1 -> 12600001 | I12: s.d | J12: 13600000 | K12: 0.04 | M12: =M11+1 -> 10 | N12: =P11+1 -> 12050001 | O12: s.d | P12: 12950000 | Q12: 0.03 | S12: =U11+1 -> 500000001 | T12: s.d | U12: 5000000000 | V12: 0.3
A13: =A12+1 -> 11 | B13: =D12+1 -> 10350001 | C13: s.d | D13: 10700000 | E13: 0.025 | G13: =G12+1 -> 11 | H13: =J12+1 -> 13600001 | I13: s.d | J13: 14950000 | K13: 0.05 | M13: =M12+1 -> 11 | N13: =P12+1 -> 12950001 | O13: s.d | P13: 14150000 | Q13: 0.04 | S13: =U12+1 -> 5000000001 | T13: s.d | U13: ~~ | V13: 0.35
A14: =A13+1 -> 12 | B14: =D13+1 -> 10700001 | C14: s.d | D14: 11050000 | E14: 0.03 | G14: =G13+1 -> 12 | H14: =J13+1 -> 14950001 | I14: s.d | J14: 16400000 | K14: 0.06 | M14: =M13+1 -> 12 | N14: =P13+1 -> 14150001 | O14: s.d | P14: 1550000 | Q14: 0.05
A15: =A14+1 -> 13 | B15: =D14+1 -> 11050001 | C15: s.d | D15: 11600000 | E15: 0.035 | G15: =G14+1 -> 13 | H15: =J14+1 -> 16400001 | I15: s.d | J15: 18450000 | K15: 0.07 | M15: =M14+1 -> 13 | N15: =P14+1 -> 1550001 | O15: s.d | P15: 17050000 | Q15: 0.06
A16: =A15+1 -> 14 | B16: =D15+1 -> 11600001 | C16: s.d | D16: 12500000 | E16: 0.04 | G16: =G15+1 -> 14 | H16: =J15+1 -> 18450001 | I16: s.d | J16: 21850000 | K16: 0.08 | M16: =M15+1 -> 14 | N16: =P15+1 -> 17050001 | O16: s.d | P16: 19500000 | Q16: 0.07 | S16: PTKP
A17: =A16+1 -> 15 | B17: =D16+1 -> 12500001 | C17: s.d | D17: 13750000 | E17: 0.05 | G17: =G16+1 -> 15 | H17: =J16+1 -> 21850001 | I17: s.d | J17: 26000000 | K17: 0.09 | M17: =M16+1 -> 15 | N17: =P16+1 -> 19500001 | O17: s.d | P17: 22700000 | Q17: 0.08 | S17: Status | U17: Jumlah
A18: =A17+1 -> 16 | B18: =D17+1 -> 13750001 | C18: s.d | D18: 15100000 | E18: 0.06 | G18: =G17+1 -> 16 | H18: =J17+1 -> 26000001 | I18: s.d | J18: 27700000 | K18: 0.1 | M18: =M17+1 -> 16 | N18: =P17+1 -> 22700001 | O18: s.d | P18: 26600000 | Q18: 0.09 | S18: TK/0 | U18: 54000000
A19: =A18+1 -> 17 | B19: =D18+1 -> 15100001 | C19: s.d | D19: 16950000 | E19: 0.07 | G19: =G18+1 -> 17 | H19: =J18+1 -> 27700001 | I19: s.d | J19: 29350000 | K19: 0.11 | M19: =M18+1 -> 17 | N19: =P18+1 -> 26600001 | O19: s.d | P19: 28100000 | Q19: 0.1 | S19: TK/1 | U19: 58500000
A20: =A19+1 -> 18 | B20: =D19+1 -> 16950001 | C20: s.d | D20: 19750000 | E20: 0.08 | G20: =G19+1 -> 18 | H20: =J19+1 -> 29350001 | I20: s.d | J20: 31450000 | K20: 0.12 | M20: =M19+1 -> 18 | N20: =P19+1 -> 28100001 | O20: s.d | P20: 30100000 | Q20: 0.11 | S20: TK/2 | U20: 63000000
A21: =A20+1 -> 19 | B21: =D20+1 -> 19750001 | C21: s.d | D21: 24150000 | E21: 0.09 | G21: =G20+1 -> 19 | H21: =J20+1 -> 31450001 | I21: s.d | J21: 33950000 | K21: 0.13 | M21: =M20+1 -> 19 | N21: =P20+1 -> 30100001 | O21: s.d | P21: 32600000 | Q21: 0.12 | S21: TK/3 | U21: 67500000
A22: =A21+1 -> 20 | B22: =D21+1 -> 24150001 | C22: s.d | D22: 26450000 | E22: 0.1 | G22: =G21+1 -> 20 | H22: =J21+1 -> 33950001 | I22: s.d | J22: 37100000 | K22: 0.14 | M22: =M21+1 -> 20 | N22: =P21+1 -> 32600001 | O22: s.d | P22: 35400000 | Q22: 0.13 | S22: K/0 | U22: 58500000
A23: =A22+1 -> 21 | B23: =D22+1 -> 26450001 | C23: s.d | D23: 28000000 | E23: 0.11 | G23: =G22+1 -> 21 | H23: =J22+1 -> 37100001 | I23: s.d | J23: 41100000 | K23: 0.15 | M23: =M22+1 -> 21 | N23: =P22+1 -> 35400001 | O23: s.d | P23: 38900000 | Q23: 0.14 | S23: K/1 | U23: 63000000
A24: =A23+1 -> 22 | B24: =D23+1 -> 28000001 | C24: s.d | D24: 30050000 | E24: 0.12 | G24: =G23+1 -> 22 | H24: =J23+1 -> 41100001 | I24: s.d | J24: 45800000 | K24: 0.16 | M24: =M23+1 -> 22 | N24: =P23+1 -> 38900001 | O24: s.d | P24: 43000000 | Q24: 0.15 | S24: K/2 | U24: 67500000
A25: =A24+1 -> 23 | B25: =D24+1 -> 30050001 | C25: s.d | D25: 32400000 | E25: 0.13 | G25: =G24+1 -> 23 | H25: =J24+1 -> 45800001 | I25: s.d | J25: 49500000 | K25: 0.17 | M25: =M24+1 -> 23 | N25: =P24+1 -> 43000001 | O25: s.d | P25: 47400000 | Q25: 0.16 | S25: K/3 | U25: 72000000
A26: =A25+1 -> 24 | B26: =D25+1 -> 32400001 | C26: s.d | D26: 35400000 | E26: 0.14 | G26: =G25+1 -> 24 | H26: =J25+1 -> 49500001 | I26: s.d | J26: 53800000 | K26: 0.18 | M26: =M25+1 -> 24 | N26: =P25+1 -> 47400001 | O26: s.d | P26: 51200000 | Q26: 0.17
A27: =A26+1 -> 25 | B27: =D26+1 -> 35400001 | C27: s.d | D27: 39100000 | E27: 0.15 | G27: =G26+1 -> 25 | H27: =J26+1 -> 53800001 | I27: s.d | J27: 58500000 | K27: 0.19 | M27: =M26+1 -> 25 | N27: =P26+1 -> 51200001 | O27: s.d | P27: 55800000 | Q27: 0.18
A28: =A27+1 -> 26 | B28: =D27+1 -> 39100001 | C28: s.d | D28: 43850000 | E28: 0.16 | G28: =G27+1 -> 26 | H28: =J27+1 -> 58500001 | I28: s.d | J28: 64000000 | K28: 0.2 | M28: =M27+1 -> 26 | N28: =P27+1 -> 55800001 | O28: s.d | P28: 60400000 | Q28: 0.19
A29: =A28+1 -> 27 | B29: =D28+1 -> 43850001 | C29: s.d | D29: 47800000 | E29: 0.17 | G29: =G28+1 -> 27 | H29: =J28+1 -> 64000001 | I29: s.d | J29: 71000000 | K29: 0.21 | M29: =M28+1 -> 27 | N29: =P28+1 -> 60400001 | O29: s.d | P29: 66700000 | Q29: 0.2
A30: =A29+1 -> 28 | B30: =D29+1 -> 47800001 | C30: s.d | D30: 51400000 | E30: 0.18 | G30: =G29+1 -> 28 | H30: =J29+1 -> 71000001 | I30: s.d | J30: 80000000 | K30: 0.22 | M30: =M29+1 -> 28 | N30: =P29+1 -> 66700001 | O30: s.d | P30: 74500000 | Q30: 0.21
A31: =A30+1 -> 29 | B31: =D30+1 -> 51400001 | C31: s.d | D31: 56300000 | E31: 0.19 | G31: =G30+1 -> 29 | H31: =J30+1 -> 80000001 | I31: s.d | J31: 93000000 | K31: 0.23 | M31: =M30+1 -> 29 | N31: =P30+1 -> 74500001 | O31: s.d | P31: 83200000 | Q31: 0.22
A32: =A31+1 -> 30 | B32: =D31+1 -> 56300001 | C32: s.d | D32: 62200000 | E32: 0.2 | G32: =G31+1 -> 30 | H32: =J31+1 -> 93000001 | I32: s.d | J32: 109000000 | K32: 0.24 | M32: =M31+1 -> 30 | N32: =P31+1 -> 83200001 | O32: s.d | P32: 95600000 | Q32: 0.23
A33: =A32+1 -> 31 | B33: =D32+1 -> 62200001 | C33: s.d | D33: 68600000 | E33: 0.21 | G33: =G32+1 -> 31 | H33: =J32+1 -> 109000001 | I33: s.d | J33: 129000000 | K33: 0.25 | M33: =M32+1 -> 31 | N33: =P32+1 -> 95600001 | O33: s.d | P33: 110000000 | Q33: 0.24
A34: =A33+1 -> 32 | B34: =D33+1 -> 68600001 | C34: s.d | D34: 77500000 | E34: 0.22 | G34: =G33+1 -> 32 | H34: =J33+1 -> 129000001 | I34: s.d | J34: 163000000 | K34: 0.26 | M34: =M33+1 -> 32 | N34: =P33+1 -> 110000001 | O34: s.d | P34: 134000000 | Q34: 0.25
A35: =A34+1 -> 33 | B35: =D34+1 -> 77500001 | C35: s.d | D35: 89000000 | E35: 0.23 | G35: =G34+1 -> 33 | H35: =J34+1 -> 163000001 | I35: s.d | J35: 211000000 | K35: 0.27 | M35: =M34+1 -> 33 | N35: =P34+1 -> 134000001 | O35: s.d | P35: 169000000 | Q35: 0.26
A36: =A35+1 -> 34 | B36: =D35+1 -> 89000001 | C36: s.d | D36: 103000000 | E36: 0.24 | G36: =G35+1 -> 34 | H36: =J35+1 -> 211000001 | I36: s.d | J36: 374000000 | K36: 0.28 | M36: =M35+1 -> 34 | N36: =P35+1 -> 169000001 | O36: s.d | P36: 221000000 | Q36: 0.27
A37: =A36+1 -> 35 | B37: =D36+1 -> 103000001 | C37: s.d | D37: 125000000 | E37: 0.25 | G37: =G36+1 -> 35 | H37: =J36+1 -> 374000001 | I37: s.d | J37: 459000000 | K37: 0.29 | M37: =M36+1 -> 35 | N37: =P36+1 -> 221000001 | O37: s.d | P37: 390000000 | Q37: 0.28
... A41: =A40+1 -> 39 | B41: =D40+1 -> 337000001 | C41: s.d | D41: 454000000 | E41: 0.29 | G41: =G40+1 -> 39 | H41: =J40+1 -> 957000001 | I41: s.d | J41: 1405000000 | K41: 0.33 | M41: =M40+1 -> 39 | N41: =P40+1 -> 709000001 | O41: s.d | P41: 965000000 | Q41: 0.32
A42: =A41+1 -> 40 | B42: =D41+1 -> 454000001 | C42: s.d | D42: 550000000 | E42: 0.3 | G42: =G41+1 -> 40 | H42: =J41+1 -> 1405000001 | I42: s.d | J42: ~~ | K42: 0.34 | M42: =M41+1 -> 40 | N42: =P41+1 -> 965000001 | O42: s.d | P42: 1419000000 | Q42: 0.33
A43: =A42+1 -> 41 | B43: =D42+1 -> 550000001 | C43: s.d | D43: 695000000 | E43: 0.31 | M43: =M42+1 -> 41 | N43: =P42+1 -> 1419000001 | O43: s.d | P43: ~~ | Q43: 0.34
A44: =A43+1 -> 42 | B44: =D43+1 -> 695000001 | C44: s.d | D44: 910000000 | E44: 0.32
A45: =A44+1 -> 43 | B45: =D44+1 -> 910000001 | C45: s.d | D45: 1400000000 | E45: 0.33
A46: =A45+1 -> 44 | B46: =D45+1 -> 1400000001 | C46: s.d | D46: ~~ | E46: 0.34
J55: 20000000
J56: =J61 -> 1739130.4
J57: =SUM(J55:J56) -> 21739130
J61: =J57*8% -> 1739130.4

Sheet Des
C1: yang berwarna ini rumus
B2: Nomor Urut | C2: NAMA KARYAWAN | D2: N I K / PASPOR | E2: N P W P | F2: A L A M A T | G2: JABATAN | H2: STATUS KARYAWAN | M2: DESEMBER | R2: PENGHASILAN TIDAK TERATUR | U2: TOTAL GAJI POKOK | V2: TOTAL TUNJANGAN LAINNYA | W2: TOTAL PREMI ASURANSI | X2: TOTAL TUNJANGAN PPH | Y2: TOTAL NATURA / KENIKMATAN | Z2: TOTAL THR, BONUS, TANTIEM | AA2: PENGHASILAN BRUTO SETAHUN | AB2: PENGURANG | AD2: PENGHASILAN NETTO SETAHUN | AE2: P T K P | AF2: P K P | AG2: PPH PASAL 21 | AI2: PPH PASAL 21 JAN S.D NOP | AJ2: PPH PASAL 21 DESEMBER
M3: Gaji Pokok | N3: Total Tunjangan | O3: Premi JKK, JKM, Kes | P3: Tunjangan PPh | Q3: Penghasilan Bruto | R3: T H R | S3: B O N U S | T3: TANTIEM
H4: L/P | I4: PTKP | J4: TER | K4: MASA KERJA | AB4: BIAYA JABATAN | AC4: TOTAL IURAN JHT/THT/JP | AG4: SETAHUN | AH4: INCLUDE NON NPWP
B5: 1 | C5: 2 | D5: 3 | E5: 4 | F5: 5 | G5: 6 | H5: 7 | I5: 8 | J5: 9 | K5: 10 | L5: 11 | M5: 12 | N5: 13 | O5: 14 | P5: 15 | Q5: 16 | R5: 17 | S5: 18 | T5: 19 | U5: 20 | V5: 21 | W5: 22 | X5: 23 | Y5: 24 | Z5: 25 | AA5: 26 | AB5: 27 | AC5: 27 | AD5: 29 | AE5: 30 | AF5: 31 | AG5: 32 | AH5: 33 | AI5: 34 | AJ5: 35
B6: 1 | C6: =+PERBULAN!B6 -> GUNAWAN | D6: 1902040612940006 | E6: 66.907.954.3-305.000 | F6: AIR BATU BUDING RT. 002 RW. 001 DESA AIR BATU BUDING KEC. BADAU | G6: KRANI DIVISI | H6: L | I6: K/2 | J6: =IF(ISBLANK(I6),"",IF(OR(I6="TK/0",I6="TK/1",I6="K/0"),"TER A",IF(I6="K/3","TER C","TER B"))) -> TER B | K6: 1 | L6: 12 | M6: =31*129220 -> 4005820 | N6: 3740804.1 | O6: 189224.64 | P6: 0 | Q6: =SUM(M6:P6) -> 7935848.7 | R6: =+SETAHUN!H7 -> 4073100 | S6: =+SETAHUN!K7 -> 900000 | T6: 0 | U6: =+SETAHUN!F7+M6+N6 -> 88602848 | V6: 0 | W6: =+SETAHUN!U7+O6 -> 2268022.1 | X6: 0 | Y6: 0 | Z6: =SUM(R6:T6) -> 4973100 | AA6: =SUM(U6:Z6) -> 95843970 | AB6: =ROUND(IF((AA6)*5%>6000000,6000000,(AA6)*5%),0) -> 4792198 | AC6: =('ASTEK+PENSIUN-DIISI SMPAI DES'!O95+'ASTEK+PENSIUN-DIISI SMPAI DES'!O9) -> 1401336 | AD6: =AA6-AB6-AC6 -> 89650436 | AE6: =IFERROR(VLOOKUP(I6,TARIF,3,FALSE),0) -> 67500000 | AF6: =ROUNDDOWN(IF(AD6<=AE6,0,IF(AD6>AE6,AD6-AE6)),-3) -> 22150000 | AG6: =IF(AF6>5000000000,AF6*35%-306000000,IF(AF6>500000000,AF6*30%-56000000,IF(AF6>250000000,AF6*25%-31000000,IF(AF6>60000000,AF6*15%-6000000,AF6*5%)))) -> 1107500 | AH6: =ROUND(IF(E6=0,AG6*120%,AG6),0) -> 1107500 | AI6: =+'PAJAK JAN-NOV'!R3 -> 999664 | AJ6: =IF(AG6<=AI6,0,IF(AG6>AI6,AG6-AI6)) -> 107836 | AK6: =+'PAJAK JAN-NOV'!B3 -> GUNAWAN | AL6: =AI6-AH6 -> -107836
B7: 2 | C7: =+PERBULAN!B7 -> RILYANI | D7: 1906041207760003 | E7: 97.228.586.0-305.000 | F7: DSN CENDIL RT. 002 RW. 001 DS CENDIL KEC. KELAPA KAMPIT | G7: MANDOR PERAWATAN | H7: L | I7: K/0 | J7: =IF(ISBLANK(I7),"",IF(OR(I7="TK/0",I7="TK/1",I7="K/0"),"TER A",IF(I7="K/3","TER C","TER B"))) -> TER A | K7: 1 | L7: 12 | M7: =31*129220 -> 4005820 | N7: 273750 | O7: 191935.04 | P7: 0 | Q7: =SUM(M7:P7) -> 4471505 | R7: =+SETAHUN!H8 -> 4063100 | S7: =+SETAHUN!K8 -> 600000 | T7: 0 | U7: =+SETAHUN!F8+M7+N7 -> 50377447 | V7: 0 | W7: =+SETAHUN!U8+O7 -> 2297614.9 | X7: 0 | Y7: 0 | Z7: =SUM(R7:T7) -> 4663100 | AA7: =SUM(U7:Z7) -> 57338162 | AB7: =ROUND(IF((AA7)*5%>6000000,6000000,(AA7)*5%),0) -> 2866908 | AC7: =('ASTEK+PENSIUN-DIISI SMPAI DES'!O96+'ASTEK+PENSIUN-DIISI SMPAI DES'!O10) -> 1411596 | AD7: =AA7-AB7-AC7 -> 53059658 | AE7: =IFERROR(VLOOKUP(I7,TARIF,3,FALSE),0) -> 58500000 | AF7: =ROUNDDOWN(IF(AD7<=AE7,0,IF(AD7>AE7,AD7-AE7)),-3) -> 0 | AG7: =IF(AF7>5000000000,AF7*35%-306000000,IF(AF7>500000000,AF7*30%-56000000,IF(AF7>250000000,AF7*25%-31000000,IF(AF7>60000000,AF7*15%-6000000,AF7*5%)))) -> 0 | AH7: =ROUND(IF(E7=0,AG7*120%,AG7),0) -> 0 | AI7: =+'PAJAK JAN-NOV'!R4 -> 128008 | AJ7: =IF(AG7<=AI7,0,IF(AG7>AI7,AG7-AI7)) -> 0 | AK7: =+'PAJAK JAN-NOV'!B4 -> RILYANI | AL7: =AI7-AH7 -> 128008
B8: 3 | C8: =+PERBULAN!B8 -> JUNAIDI | D8: 1902010107770126 | E8: 97.228.531.6-305.000 | F8: KELEKAK USANG RT. 056 RW. 018 DESA PERAWAS KEC. TANJUNGPANDAN | G8: KARY PERAWATAN | H8: L | I8: K/0 | J8: =IF(ISBLANK(I8),"",IF(OR(I8="TK/0",I8="TK/1",I8="K/0"),"TER A",IF(I8="K/3","TER C","TER B"))) -> TER A | K8: 1 | L8: 12 | M8: =31*129220 -> 4005820 | N8: 1492919.3 | O8: 192104.44 | P8: 0 | Q8: =SUM(M8:P8) -> 5690843.8 | R8: =+SETAHUN!H9 -> 4066600 | S8: =+SETAHUN!K9 -> 900000 | T8: 0 | U8: =+SETAHUN!F9+M8+N8 -> 51550446 | V8: 0 | W8: =+SETAHUN!U9+O8 -> 2299331.3 | X8: 0 | Y8: 0 | Z8: =SUM(R8:T8) -> 4966600 | AA8: =SUM(U8:Z8) -> 58816378 | AB8: =ROUND(IF((AA8)*5%>6000000,6000000,(AA8)*5%),0) -> 2940819 | AC8: =('ASTEK+PENSIUN-DIISI SMPAI DES'!O97+'ASTEK+PENSIUN-DIISI SMPAI DES'!O11) -> 1412226 | AD8: =AA8-AB8-AC8 -> 54463333 | AE8: =IFERROR(VLOOKUP(I8,TARIF,3,FALSE),0) -> 58500000 | AF8: =ROUNDDOWN(IF(AD8<=AE8,0,IF(AD8>AE8,AD8-AE8)),-3) -> 0 | AG8: =IF(AF8>5000000000,AF8*35%-306000000,IF(AF8>500000000,AF8*30%-56000000,IF(AF8>250000000,AF8*25%-31000000,IF(AF8>60000000,AF8*15%-6000000,AF8*5%)))) -> 0 | AH8: =ROUND(IF(E8=0,AG8*120%,AG8),0) -> 0 | AI8: =+'PAJAK JAN-NOV'!R5 -> 126855 | AJ8: =IF(AG8<=AI8,0,IF(AG8>AI8,AG8-AI8)) -> 0 | AK8: =+'PAJAK JAN-NOV'!B5 -> JUNAIDI | AL8: =AI8-AH8 -> 126855
B9: 4 | C9: =+PERBULAN!B9 -> UMIYATI | D9: 1902055904700002 | E9: 97.228.520.9-305.000 | F9: JL. MANGGAR DSN BUKIT INDAH RT. 011 RW. 004 KACANG BUTOR BADAU | G9: KARY PERAWATAN | H9: P | I9: TK/0 | J9: =IF(ISBLANK(I9),"",IF(OR(I9="TK/0",I9="TK/1",I9="K/0"),"TER A",IF(I9="K/3","TER C","TER B"))) -> TER A | K9: 1 | L9: 4 | P9: 0 | Q9: =SUM(M9:P9) -> 0 | R9: =+SETAHUN!H10 -> 4036600 | S9: =+SETAHUN!K10 -> 0 | T9: 0 | U9: =+SETAHUN!F10+M9+N9 -> 14668728 | V9: 0 | W9: =+SETAHUN!U10+O9 -> 764049.76 | X9: 0 | Y9: 0 | Z9: =SUM(R9:T9) -> 4036600 | AA9: =SUM(U9:Z9) -> 19469378 | AB9: =ROUND(IF((AA9)*5%>6000000,6000000,(AA9)*5%),0) -> 973469 | AC9: =('ASTEK+PENSIUN-DIISI SMPAI DES'!O98+'ASTEK+PENSIUN-DIISI SMPAI DES'!O12) -> 465192 | AD9: =AA9-AB9-AC9 -> 18030717 | AE9: =IFERROR(VLOOKUP(I9,TARIF,3,FALSE),0) -> 54000000 | AF9: =ROUNDDOWN(IF(AD9<=AE9,0,IF(AD9>AE9,AD9-AE9)),-3) -> 0 | AG9: =IF(AF9>5000000000,AF9*35%-306000000,IF(AF9>500000000,AF9*30%-56000000,IF(AF9>250000000,AF9*25%-31000000,IF(AF9>60000000,AF9*15%-6000000,AF9*5%)))) -> 0 | AH9: =ROUND(IF(E9=0,AG9*120%,AG9),0) -> 0 | AI9: =+'PAJAK JAN-NOV'!R6 -> 125940 | AJ9: =IF(AG9<=AI9,0,IF(AG9>AI9,AG9-AI9)) -> 0 | AK9: =+'PAJAK JAN-NOV'!B6 -> UMIYATI | AL9: =AI9-AH9 -> 125940
B10: 5 | C10: =+PERBULAN!B10 -> ASUNTI | D10: 1902044606740003 | E10: 97.228.555.5-305.000 | F10: PELEPAK PUTIH RT. 022 RW. 011 DESA SIJUK KEC. SIJUK | G10: KARY PERAWATAN | H10: P | I10: TK/0 | J10: =IF(ISBLANK(I10),"",IF(OR(I10="TK/0",I10="TK/1",I10="K/0"),"TER A",IF(I10="K/3","TER C","TER B"))) -> TER A | K10: 1 | L10: 12 | M10: =31*129220 -> 4005820 | N10: 120250 | O10: 190071.64 | P10: 0 | Q10: =SUM(M10:P10) -> 4316141.6 | R10: =+SETAHUN!H11 -> 3991100 | S10: =+SETAHUN!K11 -> 200000 | T10: 0 | U10: =+SETAHUN!F11+M10+N10 -> 48436579 | V10: 0 | W10: =+SETAHUN!U11+O10 -> 2277305.1 | X10: 0 | Y10: 0 | Z10: =SUM(R10:T10) -> 4191100 | AA10: =SUM(U10:Z10) -> 54904984 | AB10: =ROUND(IF((AA10)*5%>6000000,6000000,(AA10)*5%),0) -> 2745249 | AC10: =('ASTEK+PENSIUN-DIISI SMPAI DES'!O99+'ASTEK+PENSIUN-DIISI SMPAI DES'!O13) -> 1404561 | AD10: =AA10-AB10-AC10 -> 50755174 | AE10: =IFERROR(VLOOKUP(I10,TARIF,3,FALSE),0) -> 54000000 | AF10: =ROUNDDOWN(IF(AD10<=AE10,0,IF(AD10>AE10,AD10-AE10)),-3) -> 0 | AG10: =IF(AF10>5000000000,AF10*35%-306000000,IF(AF10>500000000,AF10*30%-56000000,IF(AF10>250000000,AF10*25%-31000000,IF(AF10>60000000,AF10*15%-6000000,AF10*5%)))) -> 0 | AH10: =ROUND(IF(E10=0,AG10*120%,AG10),0) -> 0 | AI10: =+'PAJAK JAN-NOV'!R7 -> 124548 | AJ10: =IF(AG10<=AI10,0,IF(AG10>AI10,AG10-AI10)) -> 0 | AK10: =+'PAJAK JAN-NOV'!B7 -> ASUNTI | AL10: =AI10-AH10 -> 124548
B11: 6 | C11: =+PERBULAN!B11 -> JONI | D11: 1906040406810003 | E11: 97.387.455.5-305.000 | F11: DSN CENDIL RT. 001 RW. 001 DESA CENDIL KEC. KELAPA KAMPIT | G11: KARY PERAWATAN | H11: L | I11: K/1 | J11: =IF(ISBLANK(I11),"",IF(OR(I11="TK/0",I11="TK/1",I11="K/0"),"TER A",IF(I11="K/3","TER C","TER B"))) -> TER B | K11: 1 | L11: 12 | M11: =30*129220 -> 3876600 | N11: 193500 | O11: 190241.04 | P11: 0 | Q11: =SUM(M11:P11) -> 4260341 | R11: =+SETAHUN!H12 -> 4066600 | S11: =+SETAHUN!K12 -> 600000 | T11: 0 | U11: =+SETAHUN!F12+M11+N11 -> 48949417 | V11: 0 | W11: =+SETAHUN!U12+O11 -> 2279330.9 | X11: 0 | Y11: 0 | Z11: =SUM(R11:T11) -> 4666600 | AA11: =SUM(U11:Z11) -> 55895348 | AB11: =ROUND(IF((AA11)*5%>6000000,6000000,(AA11)*5%),0) -> 2794767 | AC11: =('ASTEK+PENSIUN-DIISI SMPAI DES'!O100+'ASTEK+PENSIUN-DIISI SMPAI DES'!O14) -> 1405296 | AD11: =AA11-AB11-AC11 -> 51695285 | AE11: =IFERROR(VLOOKUP(I11,TARIF,3,FALSE),0) -> 63000000 | AF11: =ROUNDDOWN(IF(AD11<=AE11,0,IF(AD11>AE11,AD11-AE11)),-3) -> 0 | AG11: =IF(AF11>5000000000,AF11*35%-306000000,IF(AF11>500000000,AF11*30%-56000000,IF(AF11>250000000,AF11*25%-31000000,IF(AF11>60000000,AF11*15%-6000000,AF11*5%)))) -> 0 | AH11: =ROUND(IF(E11=0,AG11*120%,AG11),0) -> 0 | AI11: =+'PAJAK JAN-NOV'!R8 -> 84567 | AJ11: =IF(AG11<=AI11,0,IF(AG11>AI11,AG11-AI11)) -> 0 | AK11: =+'PAJAK JAN-NOV'!B8 -> JONI | AL11: =AI11-AH11 -> 84567
B12: 7 | C12: =+PERBULAN!B12 -> THAHA.S | D12: 1906040903840002 | E12: 97.387.456.3-305.000 | F12: DSN CENDIL RT. 003 RW. 001 DESA CENDIL KEC. KELAPA KAMPIT | G12: KARY PERAWATAN | H12: L | I12: K/1 | J12: =IF(ISBLANK(I12),"",IF(OR(I12="TK/0",I12="TK/1",I12="K/0"),"TER A",IF(I12="K/3","TER C","TER B"))) -> TER B | K12: 1 | L12: 12 | M12: =31*129220 -> 4005820 | N12: 198150 | O12: 190241.04 | P12: 0 | Q12: =SUM(M12:P12) -> 4394211 | R12: =+SETAHUN!H13 -> 4066600 | S12: =+SETAHUN!K13 -> 200000 | T12: 0 | U12: =+SETAHUN!F13+M12+N12 -> 49484897 | V12: 0 | W12: =+SETAHUN!U13+O12 -> 2279330.9 | X12: 0 | Y12: 0 | Z12: =SUM(R12:T12) -> 4266600 | AA12: =SUM(U12:Z12) -> 56030828 | AB12: =ROUND(IF((AA12)*5%>6000000,6000000,(AA12)*5%),0) -> 2801541 | AC12: =('ASTEK+PENSIUN-DIISI SMPAI DES'!O101+'ASTEK+PENSIUN-DIISI SMPAI DES'!O15) -> 1405296 | AD12: =AA12-AB12-AC12 -> 51823991 | AE12: =IFERROR(VLOOKUP(I12,TARIF,3,FALSE),0) -> 63000000 | AF12: =ROUNDDOWN(IF(AD12<=AE12,0,IF(AD12>AE12,AD12-AE12)),-3) -> 0 | AG12: =IF(AF12>5000000000,AF12*35%-306000000,IF(AF12>500000000,AF12*30%-56000000,IF(AF12>250000000,AF12*25%-31000000,IF(AF12>60000000,AF12*15%-6000000,AF12*5%)))) -> 0 | AH12: =ROUND(IF(E12=0,AG12*120%,AG12),0) -> 0 | AI12: =+'PAJAK JAN-NOV'!R9 -> 84567 | AJ12: =IF(AG12<=AI12,0,IF(AG12>AI12,AG12-AI12)) -> 0 | AK12: =+'PAJAK JAN-NOV'!B9 -> THAHA.S | AL12: =AI12-AH12 -> 84567
B13: 8 | C13: =+PERBULAN!B13 -> ALEX | D13: 1902040407910001 | E13: 66.907.949.3-305.000 | F13: JL AIR SERKUK RT. 029 RW. 012 DESA AIR SAGA KEC. TANJUNGPANDAN | G13: KARY PERAWATAN | H13: L | I13: K/2 | J13: =IF(ISBLANK(I13),"",IF(OR(I13="TK/0",I13="TK/1",I13="K/0"),"TER A",IF(I13="K/3","TER C","TER B"))) -> TER B | K13: 1 | L13: 12 | M13: =30*129220 -> 3876600 | N13: 199500 | O13: 189224.64 | P13: 0 | Q13: =SUM(M13:P13) -> 4265324.6 | R13: =+SETAHUN!H14 -> 4073100 | S13: =+SETAHUN!K14 -> 200000 | T13: 0 | U13: =+SETAHUN!F14+M13+N13 -> 48749778 | V13: 0 | W13: =+SETAHUN!U14+O13 -> 2268022.1 | X13: 0 | Y13: 0 | Z13: =SUM(R13:T13) -> 4273100 | AA13: =SUM(U13:Z13) -> 55290900 | AB13: =ROUND(IF((AA13)*5%>6000000,6000000,(AA13)*5%),0) -> 2764545 | AC13: =('ASTEK+PENSIUN-DIISI SMPAI DES'!O102+'ASTEK+PENSIUN-DIISI SMPAI DES'!O16) -> 1401336 | AD13: =AA13-AB13-AC13 -> 51125019 | AE13: =IFERROR(VLOOKUP(I13,TARIF,3,FALSE),0) -> 67500000 | AF13: =ROUNDDOWN(IF(AD13<=AE13,0,IF(AD13>AE13,AD13-AE13)),-3) -> 0 | AG13: =IF(AF13>5000000000,AF13*35%-306000000,IF(AF13>500000000,AF13*30%-56000000,IF(AF13>250000000,AF13*25%-31000000,IF(AF13>60000000,AF13*15%-6000000,AF13*5%)))) -> 0 | AH13: =ROUND(IF(E13=0,AG13*120%,AG13),0) -> 0 | AI13: =+'PAJAK JAN-NOV'!R10 -> 84698 | AJ13: =IF(AG13<=AI13,0,IF(AG13>AI13,AG13-AI13)) -> 0 | AK13: =+'PAJAK JAN-NOV'!B10 -> ALEX | AL13: =AI13-AH13 -> 84698
B14: 9 | C14: =+PERBULAN!B14 -> SANDY | D14: 1902041602890001 | E14: 66.907.964.2-305.000 | F14: JL SIJUK RT. 022 RW. 008 DESA AIR SERUK KEC. SIJUK | G14: KARY PERAWATAN | H14: L | I14: K/1 | J14: =IF(ISBLANK(I14),"",IF(OR(I14="TK/0",I14="TK/1",I14="K/0"),"TER A",IF(I14="K/3","TER C","TER B"))) -> TER B | K14: 1 | L14: 12 | M14: =28*129220 -> 3618160 | N14: 163200 | O14: 189224.64 | P14: 0 | Q14: =SUM(M14:P14) -> 3970584.6 | R14: =+SETAHUN!H15 -> 4046100 | S14: =+SETAHUN!K15 -> 200000 | T14: 0 | U14: =+SETAHUN!F15+M14+N14 -> 48158938 | V14: 0 | W14: =+SETAHUN!U15+O14 -> 2268022.1 | X14: 0 | Y14: 0 | Z14: =SUM(R14:T14) -> 4246100 | AA14: =SUM(U14:Z14) -> 54673060 | AB14: =ROUND(IF((AA14)*5%>6000000,6000000,(AA14)*5%),0) -> 2733653 | AC14: =('ASTEK+PENSIUN-DIISI SMPAI DES'!O103+'ASTEK+PENSIUN-DIISI SMPAI DES'!O17) -> 1401336 | AD14: =AA14-AB14-AC14 -> 50538071 | AE14: =IFERROR(VLOOKUP(I14,TARIF,3,FALSE),0) -> 63000000 | AF14: =ROUNDDOWN(IF(AD14<=AE14,0,IF(AD14>AE14,AD14-AE14)),-3) -> 0 | AG14: =IF(AF14>5000000000,AF14*35%-306000000,IF(AF14>500000000,AF14*30%-56000000,IF(AF14>250000000,AF14*25%-31000000,IF(AF14>60000000,AF14*15%-6000000,AF14*5%)))) -> 0 | AH14: =ROUND(IF(E14=0,AG14*120%,AG14),0) -> 0 | AI14: =+'PAJAK JAN-NOV'!R11 -> 84149 | AJ14: =IF(AG14<=AI14,0,IF(AG14>AI14,AG14-AI14)) -> 0 | AK14: =+'PAJAK JAN-NOV'!B11 -> SANDY | AL14: =AI14-AH14 -> 84149
B15: 10 | C15: =+PERBULAN!B15 -> ANTON | D15: 1906042004880003 | E15: 97.228.589.4-305.000 | F15: DSN CENDIL RT. 004 RW. 002 DESA CENDIL KEC. KELAPA KAMPIT | G15: KARY PERAWATAN | H15: L | I15: K/1 | J15: =IF(ISBLANK(I15),"",IF(OR(I15="TK/0",I15="TK/1",I15="K/0"),"TER A",IF(I15="K/3","TER C","TER B"))) -> TER B | K15: 1 | L15: 12 | M15: =30*129220 -> 3876600 | N15: 193500 | O15: 190241.04 | P15: 0 | Q15: =SUM(M15:P15) -> 4260341 | R15: =+SETAHUN!H16 -> 4066600 | S15: =+SETAHUN!K16 -> 200000 | T15: 0 | U15: =+SETAHUN!F16+M15+N15 -> 49083287 | V15: 0 | W15: =+SETAHUN!U16+O15 -> 2279330.9 | X15: 0 | Y15: 0 | Z15: =SUM(R15:T15) -> 4266600 | AA15: =SUM(U15:Z15) -> 55629218 | AB15: =ROUND(IF((AA15)*5%>6000000,6000000,(AA15)*5%),0) -> 2781461 | AC15: =('ASTEK+PENSIUN-DIISI SMPAI DES'!O104+'ASTEK+PENSIUN-DIISI SMPAI DES'!O18) -> 1405296 | AD15: =AA15-AB15-AC15 -> 51442461 | AE15: =IFERROR(VLOOKUP(I15,TARIF,3,FALSE),0) -> 63000000 | AF15: =ROUNDDOWN(IF(AD15<=AE15,0,IF(AD15>AE15,AD15-AE15)),-3) -> 0 | AG15: =IF(AF15>5000000000,AF15*35%-306000000,IF(AF15>500000000,AF15*30%-56000000,IF(AF15>250000000,AF15*25%-31000000,IF(AF15>60000000,AF15*15%-6000000,AF15*5%)))) -> 0 | AH15: =ROUND(IF(E15=0,AG15*120%,AG15),0) -> 0 | AI15: =+'PAJAK JAN-NOV'!R12 -> 84567 | AJ15: =IF(AG15<=AI15,0,IF(AG15>AI15,AG15-AI15)) -> 0 | AK15: =+'PAJAK JAN-NOV'!B12 -> ANTON | AL15: =AI15-AH15 -> 84567
B16: 11 | C16: =+PERBULAN!B16 -> EKA NOPIYANTI | D16: 1906045111850004 | E16: 97.228.554.8.305.000 | F16: DSN SELINDANG RT. 005 RW. 002 DESA SENYUBUK KEC. KELAPA KAMPIT | G16: KARY PERAWATAN | H16: P | I16: TK/0 | J16: =IF(ISBLANK(I16),"",IF(OR(I16="TK/0",I16="TK/1",I16="K/0"),"TER A",IF(I16="K/3","TER C","TER B"))) -> TER A | K16: 1 | L16: 12 | M16: =31*129220 -> 4005820 | N16: 180700 | O16: 190071.64 | P16: 0 | Q16: =SUM(M16:P16) -> 4376591.6 | R16: =+SETAHUN!H17 -> 3991100 | S16: =+SETAHUN!K17 -> 600000 | T16: 0 | U16: =+SETAHUN!F17+M16+N16 -> 48974379 | V16: 0 | W16: =+SETAHUN!U17+O16 -> 2277474.5 | X16: 0 | Y16: 0 | Z16: =SUM(R16:T16) -> 4591100 | AA16: =SUM(U16:Z16) -> 55842954 | AB16: =ROUND(IF((AA16)*5%>6000000,6000000,(AA16)*5%),0) -> 2792148 | AC16: =('ASTEK+PENSIUN-DIISI SMPAI DES'!O105+'ASTEK+PENSIUN-DIISI SMPAI DES'!O19) -> 1404666 | AD16: =AA16-AB16-AC16 -> 51646140 | AE16: =IFERROR(VLOOKUP(I16,TARIF,3,FALSE),0) -> 54000000 | AF16: =ROUNDDOWN(IF(AD16<=AE16,0,IF(AD16>AE16,AD16-AE16)),-3) -> 0 | AG16: =IF(AF16>5000000000,AF16*35%-306000000,IF(AF16>500000000,AF16*30%-56000000,IF(AF16>250000000,AF16*25%-31000000,IF(AF16>60000000,AF16*15%-6000000,AF16*5%)))) -> 0 | AH16: =ROUND(IF(E16=0,AG16*120%,AG16),0) -> 0 | AI16: =+'PAJAK JAN-NOV'!R13 -> 124548 | AJ16: =IF(AG16<=AI16,0,IF(AG16>AI16,AG16-AI16)) -> 0 | AK16: =+'PAJAK JAN-NOV'!B13 -> EKA NOPIYANTI | AL16: =AI16-AH16 -> 124548
B17: 12 | C17: =+PERBULAN!B17 -> JUMIATI | D17: 1902054212790002 | E17: 84.484.558.6-305.000 | F17: JL MANGGAR DSN PARIT GUNUNG RT. 006 RW. 003 DS AIR BATU BUDING BADAU | G17: KARY PERAWATAN | H17: P | I17: TK/0 | J17: =IF(ISBLANK(I17),"",IF(OR(I17="TK/0",I17="TK/1",I17="K/0"),"TER A",IF(I17="K/3","TER C","TER B"))) -> TER A | K17: 1 | L17: 12 | M17: =31*129220 -> 4005820 | N17: 123750 | O17: 190241.04 | P17: 0 | Q17: =SUM(M17:P17) -> 4319811 | R17: =+SETAHUN!H18 -> 3994600 | S17: =+SETAHUN!K18 -> 600000 | T17: 0 | U17: =+SETAHUN!F18+M17+N17 -> 48613547 | V17: 0 | W17: =+SETAHUN!U18+O17 -> 2279330.9 | X17: 0 | Y17: 0 | Z17: =SUM(R17:T17) -> 4594600 | AA17: =SUM(U17:Z17) -> 55487478 | AB17: =ROUND(IF((AA17)*5%>6000000,6000000,(AA17)*5%),0) -> 2774374 | AC17: =('ASTEK+PENSIUN-DIISI SMPAI DES'!O106+'ASTEK+PENSIUN-DIISI SMPAI DES'!O20) -> 1405296 | AD17: =AA17-AB17-AC17 -> 51307808 | AE17: =IFERROR(VLOOKUP(I17,TARIF,3,FALSE),0) -> 54000000 | AF17: =ROUNDDOWN(IF(AD17<=AE17,0,IF(AD17>AE17,AD17-AE17)),-3) -> 0 | AG17: =IF(AF17>5000000000,AF17*35%-306000000,IF(AF17>500000000,AF17*30%-56000000,IF(AF17>250000000,AF17*25%-31000000,IF(AF17>60000000,AF17*15%-6000000,AF17*5%)))) -> 0 | AH17: =ROUND(IF(E17=0,AG17*120%,AG17),0) -> 0 | AI17: =+'PAJAK JAN-NOV'!R14 -> 124655 | AJ17: =IF(AG17<=AI17,0,IF(AG17>AI17,AG17-AI17)) -> 0 | AK17: =+'PAJAK JAN-NOV'!B14 -> JUMIATI | AL17: =AI17-AH17 -> 124655
B18: 13 | C18: =+PERBULAN!B18 -> SUPARDI | D18: 1906042707890002 | E18: 54.921.755.2-305.000 | F18: DSN BUKIT DURIAN RW. 003 RW. 002 DESA MENTAWAK KEC. KELAPA KAMPIT | G18: KARY PERAWATAN | H18: L | I18: K/2 | J18: =IF(ISBLANK(I18),"",IF(OR(I18="TK/0",I18="TK/1",I18="K/0"),"TER A",IF(I18="K/3","TER C","TER B"))) -> TER B | K18: 1 | L18: 12 | M18: =28*129220 -> 3618160 | N18: 188400 | O18: 189224.64 | P18: 0 | Q18: =SUM(M18:P18) -> 3995784.6 | R18: =+SETAHUN!H19 -> 4076100 | S18: =+SETAHUN!K19 -> 600000 | T18: 0 | U18: =+SETAHUN!F19+M18+N18 -> 49883945 | V18: 0 | W18: =+SETAHUN!U19+O18 -> 2269032.5 | X18: 0 | Y18: 0 | Z18: =SUM(R18:T18) -> 4676100 | AA18: =SUM(U18:Z18) -> 56829078 | AB18: =ROUND(IF((AA18)*5%>6000000,6000000,(AA18)*5%),0) -> 2841454 | AC18: =('ASTEK+PENSIUN-DIISI SMPAI DES'!O107+'ASTEK+PENSIUN-DIISI SMPAI DES'!O21) -> 1401516 | AD18: =AA18-AB18-AC18 -> 52586108 | AE18: =IFERROR(VLOOKUP(I18,TARIF,3,FALSE),0) -> 67500000 | AF18: =ROUNDDOWN(IF(AD18<=AE18,0,IF(AD18>AE18,AD18-AE18)),-3) -> 0 | AG18: =IF(AF18>5000000000,AF18*35%-306000000,IF(AF18>500000000,AF18*30%-56000000,IF(AF18>250000000,AF18*25%-31000000,IF(AF18>60000000,AF18*15%-6000000,AF18*5%)))) -> 0 | AH18: =ROUND(IF(E18=0,AG18*120%,AG18),0) -> 0 | AI18: =+'PAJAK JAN-NOV'!R15 -> 86328 | AJ18: =IF(AG18<=AI18,0,IF(AG18>AI18,AG18-AI18)) -> 0 | AK18: =+'PAJAK JAN-NOV'!B15 -> SUPARDI | AL18: =AI18-AH18 -> 86328
B19: 14 | C19: =+PERBULAN!B19 -> PARDI | D19: 1906041404700001 | E19: 97.228.536.5-305.000 | F19: DSN CENDIL RT. 005 RW. 002 DESA CENDIL KEC. KELAPA KAMPIT | G19: KARY PERAWATAN | H19: L | I19: K/1 | J19: =IF(ISBLANK(I19),"",IF(OR(I19="TK/0",I19="TK/1",I19="K/0"),"TER A",IF(I19="K/3","TER C","TER B"))) -> TER B | K19: 1 | L19: 4 | P19: 0 | Q19: =SUM(M19:P19) -> 0 | R19: =+SETAHUN!H20 -> 4101600 | S19: =+SETAHUN!K20 -> 0 | T19: 0 | U19: =+SETAHUN!F20+M19+N19 -> 13967588 | V19: 0 | W19: =+SETAHUN!U20+O19 -> 763209.76 | X19: 0 | Y19: 0 | Z19: =SUM(R19:T19) -> 4101600 | AA19: =SUM(U19:Z19) -> 18832398 | AB19: =ROUND(IF((AA19)*5%>6000000,6000000,(AA19)*5%),0) -> 941620 | AC19: =('ASTEK+PENSIUN-DIISI SMPAI DES'!O108+'ASTEK+PENSIUN-DIISI SMPAI DES'!O22) -> 465192 | AD19: =AA19-AB19-AC19 -> 17425586 | AE19: =IFERROR(VLOOKUP(I19,TARIF,3,FALSE),0) -> 63000000 | AF19: =ROUNDDOWN(IF(AD19<=AE19,0,IF(AD19>AE19,AD19-AE19)),-3) -> 0 | AG19: =IF(AF19>5000000000,AF19*35%-306000000,IF(AF19>500000000,AF19*30%-56000000,IF(AF19>250000000,AF19*25%-31000000,IF(AF19>60000000,AF19*15%-6000000,AF19*5%)))) -> 0 | AH19: =ROUND(IF(E19=0,AG19*120%,AG19),0) -> 0 | AI19: =+'PAJAK JAN-NOV'!R16 -> 85281 | AJ19: =IF(AG19<=AI19,0,IF(AG19>AI19,AG19-AI19)) -> 0 | AK19: =+'PAJAK JAN-NOV'!B16 -> PARDI | AL19: =AI19-AH19 -> 85281
B20: 15 | C20: =+PERBULAN!B20 -> SUMARDI | D20: 1906040306730003 | E20: 97.387.452.2-305.000 | F20: DSN CENDIL RT. 001 RW. 001 DESA CENDIL KEC. KELAPA KAMPIT | G20: KARY PERAWATAN | H20: L | I20: K/2 | J20: =IF(ISBLANK(I20),"",IF(OR(I20="TK/0",I20="TK/1",I20="K/0"),"TER A",IF(I20="K/3","TER C","TER B"))) -> TER B | K20: 1 | L20: 12 | M20: =31*129220 -> 4005820 | N20: 222550 | O20: 190071.64 | P20: 0 | Q20: =SUM(M20:P20) -> 4418441.6 | R20: =+SETAHUN!H21 -> 4090100 | S20: =+SETAHUN!K21 -> 600000 | T20: 0 | U20: =+SETAHUN!F21+M20+N20 -> 49774899 | V20: 0 | W20: =+SETAHUN!U21+O20 -> 2277614.5 | X20: 0 | Y20: 0 | Z20: =SUM(R20:T20) -> 4690100 | AA20: =SUM(U20:Z20) -> 56742614 | AB20: =ROUND(IF((AA20)*5%>6000000,6000000,(AA20)*5%),0) -> 2837131 | AC20: =('ASTEK+PENSIUN-DIISI SMPAI DES'!O109+'ASTEK+PENSIUN-DIISI SMPAI DES'!O23) -> 1404666 | AD20: =AA20-AB20-AC20 -> 52500817 | AE20: =IFERROR(VLOOKUP(I20,TARIF,3,FALSE),0) -> 67500000 | AF20: =ROUNDDOWN(IF(AD20<=AE20,0,IF(AD20>AE20,AD20-AE20)),-3) -> 0 | AG20: =IF(AF20>5000000000,AF20*35%-306000000,IF(AF20>500000000,AF20*30%-56000000,IF(AF20>250000000,AF20*25%-31000000,IF(AF20>60000000,AF20*15%-6000000,AF20*5%)))) -> 0 | AH20: =ROUND(IF(E20=0,AG20*120%,AG20),0) -> 0 | AI20: =+'PAJAK JAN-NOV'!R17 -> 85045 | AJ20: =IF(AG20<=AI20,0,IF(AG20>AI20,AG20-AI20)) -> 0 | AK20: =+'PAJAK JAN-NOV'!B17 -> SUMARDI | AL20: =AI20-AH20 -> 85045
B21: 16 | C21: =+PERBULAN!B21 -> WIDODO JP | D21: 1902041503800003 | E21: 97.237.824.4-305.000 | F21: DSN SUNGAI PADANG RT. 005 RW. 003 DESA SUNGAI PADANG KEC. SIJUK | G21: KARY PERAWATAN | H21: L | I21: TK/0 | J21: =IF(ISBLANK(I21),"",IF(OR(I21="TK/0",I21="TK/1",I21="K/0"),"TER A",IF(I21="K/3","TER C","TER B"))) -> TER A | K21: 1 | L21: 12 | M21: =31*129220 -> 4005820 | N21: 546003.74 | O21: 190071.64 | P21: 0 | Q21: =SUM(M21:P21) -> 4741895.4 | R21: =+SETAHUN!H22 -> 3991100 | S21: =+SETAHUN!K22 -> 600000 | T21: 0 | U21: =+SETAHUN!F22+M21+N21 -> 67584502 | V21: 0 | W21: =+SETAHUN!U22+O21 -> 2277614.5 | X21: 0 | Y21: 0 | Z21: =SUM(R21:T21) -> 4591100 | AA21: =SUM(U21:Z21) -> 74453216 | AB21: =ROUND(IF((AA21)*5%>6000000,6000000,(AA21)*5%),0) -> 3722661 | AC21: =('ASTEK+PENSIUN-DIISI SMPAI DES'!O110+'ASTEK+PENSIUN-DIISI SMPAI DES'!O24) -> 1404666 | AD21: =AA21-AB21-AC21 -> 69325889 | AE21: =IFERROR(VLOOKUP(I21,TARIF,3,FALSE),0) -> 54000000 | AF21: =ROUNDDOWN(IF(AD21<=AE21,0,IF(AD21>AE21,AD21-AE21)),-3) -> 15325000 | AG21: =IF(AF21>5000000000,AF21*35%-306000000,IF(AF21>500000000,AF21*30%-56000000,IF(AF21>250000000,AF21*25%-31000000,IF(AF21>60000000,AF21*15%-6000000,AF21*5%)))) -> 766250 | AH21: =ROUND(IF(E21=0,AG21*120%,AG21),0) -> 766250 | AI21: =+'PAJAK JAN-NOV'!R18 -> 619855 | AJ21: =IF(AG21<=AI21,0,IF(AG21>AI21,AG21-AI21)) -> 146395 | AK21: =+'PAJAK JAN-NOV'!B18 -> WIDODO JP | AL21: =AI21-AH21 -> -146395
B22: 17 | C22: =+PERBULAN!B22 -> ASBI ALGIFARI | D22: 1902040303980007 | E22: - | F22: JL SIJUK RT. 016 RW. 007 DESA AIR SELUMAR KEC. SIJUK | G22: KARY PERAWATAN | H22: L | I22: K/1 | J22: =IF(ISBLANK(I22),"",IF(OR(I22="TK/0",I22="TK/1",I22="K/0"),"TER A",IF(I22="K/3","TER C","TER B"))) -> TER B | K22: 1 | L22: 12 | M22: =28*129220 -> 3618160 | N22: 151200 | O22: 188643.84 | P22: 0 | Q22: =SUM(M22:P22) -> 3958003.8 | R22: =+SETAHUN!H23 -> 4034100 | S22: =+SETAHUN!K23 -> 200000 | T22: 0 | U22: =+SETAHUN!F23+M22+N22 -> 48534590 | V22: 0 | W22: =+SETAHUN!U23+O22 -> 2261947.7 | X22: 0 | Y22: 0 | Z22: =SUM(R22:T22) -> 4234100 | AA22: =SUM(U22:Z22) -> 55030638 | AB22: =ROUND(IF((AA22)*5%>6000000,6000000,(AA22)*5%),0) -> 2751532 | AC22: =('ASTEK+PENSIUN-DIISI SMPAI DES'!O111+'ASTEK+PENSIUN-DIISI SMPAI DES'!O25) -> 1399356 | AD22: =AA22-AB22-AC22 -> 50879750 | AE22: =IFERROR(VLOOKUP(I22,TARIF,3,FALSE),0) -> 63000000 | AF22: =ROUNDDOWN(IF(AD22<=AE22,0,IF(AD22>AE22,AD22-AE22)),-3) -> 0 | AG22: =IF(AF22>5000000000,AF22*35%-306000000,IF(AF22>500000000,AF22*30%-56000000,IF(AF22>250000000,AF22*25%-31000000,IF(AF22>60000000,AF22*15%-6000000,AF22*5%)))) -> 0 | AH22: =ROUND(IF(E22=0,AG22*120%,AG22),0) -> 0 | AI22: =+'PAJAK JAN-NOV'!R19 -> 84688 | AJ22: =IF(AG22<=AI22,0,IF(AG22>AI22,AG22-AI22)) -> 0 | AK22: =+'PAJAK JAN-NOV'!B19 -> ASBI ALGIFARI | AL22: =AI22-AH22 -> 84688
B23: 18 | C23: =+PERBULAN!B23 -> YANDI | D23: 1902050502910003 | E23: - | F23: PARANG BULUH RT. 015 RW. 007 DESA MEMBALONG KEC. MEMBALONG | G23: KARY PERAWATAN | H23: L | I23: K/0 | J23: =IF(ISBLANK(I23),"",IF(OR(I23="TK/0",I23="TK/1",I23="K/0"),"TER A",IF(I23="K/3","TER C","TER B"))) -> TER A | K23: 1 | L23: 12 | M23: =30*129220 -> 3876600 | N23: 144000 | O23: 189224.64 | P23: 0 | Q23: =SUM(M23:P23) -> 4209824.6 | R23: =+SETAHUN!H24 -> 4020600 | S23: =+SETAHUN!K24 -> 200000 | T23: 0 | U23: =+SETAHUN!F24+M23+N23 -> 48509939 | V23: 0 | W23: =+SETAHUN!U24+O23 -> 2269032.5 | X23: 0 | Y23: 0 | Z23: =SUM(R23:T23) -> 4220600 | AA23: =SUM(U23:Z23) -> 54999572 | AB23: =ROUND(IF((AA23)*5%>6000000,6000000,(AA23)*5%),0) -> 2749979 | AC23: =('ASTEK+PENSIUN-DIISI SMPAI DES'!O112+'ASTEK+PENSIUN-DIISI SMPAI DES'!O26) -> 1401516 | AD23: =AA23-AB23-AC23 -> 50848077 | AE23: =IFERROR(VLOOKUP(I23,TARIF,3,FALSE),0) -> 58500000 | AF23: =ROUNDDOWN(IF(AD23<=AE23,0,IF(AD23>AE23,AD23-AE23)),-3) -> 0 | AG23: =IF(AF23>5000000000,AF23*35%-306000000,IF(AF23>500000000,AF23*30%-56000000,IF(AF23>250000000,AF23*25%-31000000,IF(AF23>60000000,AF23*15%-6000000,AF23*5%)))) -> 0 | AH23: =ROUND(IF(E23=0,AG23*120%,AG23),0) -> 0 | AI23: =+'PAJAK JAN-NOV'!R20 -> 125446 | AJ23: =IF(AG23<=AI23,0,IF(AG23>AI23,AG23-AI23)) -> 0 | AK23: =+'PAJAK JAN-NOV'!B20 -> YANDI | AL23: =AI23-AH23 -> 125446
B24: 19 | C24: =+PERBULAN!B24 -> RIDHO AFRIZAL | D24: 1902040112910004 | E24: - | F24: JL SIJUK RT. 004 RW. 002 DESA AIR SERUK KEC. SIJUK | G24: KARY PERAWATAN | H24: L | I24: K/1 | J24: =IF(ISBLANK(I24),"",IF(OR(I24="TK/0",I24="TK/1",I24="K/0"),"TER A",IF(I24="K/3","TER C","TER B"))) -> TER B | K24: 1 | L24: 12 | M24: =31*129220 -> 4005820 | N24: 1810227 | O24: 189224.64 | P24: 0 | Q24: =SUM(M24:P24) -> 6005271.6 | R24: =+SETAHUN!H25 -> 4046100 | S24: =+SETAHUN!K25 -> 600000 | T24: 0 | U24: =+SETAHUN!F25+M24+N24 -> 67473969 | V24: 0 | W24: =+SETAHUN!U25+O24 -> 2268022.1 | X24: 0 | Y24: 0 | Z24: =SUM(R24:T24) -> 4646100 | AA24: =SUM(U24:Z24) -> 74388091 | AB24: =ROUND(IF((AA24)*5%>6000000,6000000,(AA24)*5%),0) -> 3719405 | AC24: =('ASTEK+PENSIUN-DIISI SMPAI DES'!O113+'ASTEK+PENSIUN-DIISI SMPAI DES'!O27) -> 1401336 | AD24: =AA24-AB24-AC24 -> 69267350 | AE24: =IFERROR(VLOOKUP(I24,TARIF,3,FALSE),0) -> 63000000 | AF24: =ROUNDDOWN(IF(AD24<=AE24,0,IF(AD24>AE24,AD24-AE24)),-3) -> 6267000 | AG24: =IF(AF24>5000000000,AF24*35%-306000000,IF(AF24>500000000,AF24*30%-56000000,IF(AF24>250000000,AF24*25%-31000000,IF(AF24>60000000,AF24*15%-6000000,AF24*5%)))) -> 313350 | AH24: =ROUND(IF(E24=0,AG24*120%,AG24),0) -> 313350 | AI24: =+'PAJAK JAN-NOV'!R21 -> 288231 | AJ24: =IF(AG24<=AI24,0,IF(AG24>AI24,AG24-AI24)) -> 25119 | AK24: =+'PAJAK JAN-NOV'!B21 -> RIDHO AFRIZAL | AL24: =AI24-AH24 -> -25119
B25: 20 | C25: =+PERBULAN!B25 -> APRIZAL | D25: 1902042708930002 | E25: - | F25: JL BUDING RT. 021 RW. 011 DESA PELEPAK PUTIH KEC. SIJUK | G25: KARY PERAWATAN | H25: L | I25: K/1 | J25: =IF(ISBLANK(I25),"",IF(OR(I25="TK/0",I25="TK/1",I25="K/0"),"TER A",IF(I25="K/3","TER C","TER B"))) -> TER B | K25: 1 | L25: 12 | M25: =31*129220 -> 4005820 | N25: 177150 | O25: 189224.64 | P25: 0 | Q25: =SUM(M25:P25) -> 4372194.6 | R25: =+SETAHUN!H26 -> 4046100 | S25: =+SETAHUN!K26 -> 600000 | T25: 0 | U25: =+SETAHUN!F26+M25+N25 -> 49386754 | V25: 0 | W25: =+SETAHUN!U26+O25 -> 2268022.1 | X25: 0 | Y25: 0 | Z25: =SUM(R25:T25) -> 4646100 | AA25: =SUM(U25:Z25) -> 56300876 | AB25: =ROUND(IF((AA25)*5%>6000000,6000000,(AA25)*5%),0) -> 2815044 | AC25: =('ASTEK+PENSIUN-DIISI SMPAI DES'!O114+'ASTEK+PENSIUN-DIISI SMPAI DES'!O28) -> 1401336 | AD25: =AA25-AB25-AC25 -> 52084496 | AE25: =IFERROR(VLOOKUP(I25,TARIF,3,FALSE),0) -> 63000000 | AF25: =ROUNDDOWN(IF(AD25<=AE25,0,IF(AD25>AE25,AD25-AE25)),-3) -> 0 | AG25: =IF(AF25>5000000000,AF25*35%-306000000,IF(AF25>500000000,AF25*30%-56000000,IF(AF25>250000000,AF25*25%-31000000,IF(AF25>60000000,AF25*15%-6000000,AF25*5%)))) -> 0 | AH25: =ROUND(IF(E25=0,AG25*120%,AG25),0) -> 0 | AI25: =+'PAJAK JAN-NOV'!R22 -> 84149 | AJ25: =IF(AG25<=AI25,0,IF(AG25>AI25,AG25-AI25)) -> 0 | AK25: =+'PAJAK JAN-NOV'!B22 -> APRIZAL | AL25: =AI25-AH25 -> 84149
B26: 21 | C26: =+PERBULAN!B26 -> ERRY SAPUTRA | D26: 1906041502890002 | E26: - | F26: DSN CENDIL RT. 005 RW. 002 DS CENDIL KEC. KELAPA KAMPIT | G26: KARY PERAWATAN | H26: L | I26: K/1 | J26: =IF(ISBLANK(I26),"",IF(OR(I26="TK/0",I26="TK/1",I26="K/0"),"TER A",IF(I26="K/3","TER C","TER B"))) -> TER B | K26: 1 | L26: 12 | M26: =30*129220 -> 3876600 | N26: 193500 | O26: 190241.04 | P26: 0 | Q26: =SUM(M26:P26) -> 4260341 | R26: =+SETAHUN!H27 -> 4066600 | S26: =+SETAHUN!K27 -> 600000 | T26: 0 | U26: =+SETAHUN!F27+M26+N26 -> 49065789 | V26: 0 | W26: =+SETAHUN!U27+O26 -> 2278483.9 | X26: 0 | Y26: 0 | Z26: =SUM(R26:T26) -> 4666600 | AA26: =SUM(U26:Z26) -> 56010873 | AB26: =ROUND(IF((AA26)*5%>6000000,6000000,(AA26)*5%),0) -> 2800544 | AC26: =('ASTEK+PENSIUN-DIISI SMPAI DES'!O115+'ASTEK+PENSIUN-DIISI SMPAI DES'!O29) -> 1404771 | AD26: =AA26-AB26-AC26 -> 51805558 | AE26: =IFERROR(VLOOKUP(I26,TARIF,3,FALSE),0) -> 63000000 | AF26: =ROUNDDOWN(IF(AD26<=AE26,0,IF(AD26>AE26,AD26-AE26)),-3) -> 0 | AG26: =IF(AF26>5000000000,AF26*35%-306000000,IF(AF26>500000000,AF26*30%-56000000,IF(AF26>250000000,AF26*25%-31000000,IF(AF26>60000000,AF26*15%-6000000,AF26*5%)))) -> 0 | AH26: =ROUND(IF(E26=0,AG26*120%,AG26),0) -> 0 | AI26: =+'PAJAK JAN-NOV'!R23 -> 84567 | AJ26: =IF(AG26<=AI26,0,IF(AG26>AI26,AG26-AI26)) -> 0 | AK26: =+'PAJAK JAN-NOV'!B23 -> ERRY SAPUTRA | AL26: =AI26-AH26 -> 84567
B27: 22 | C27: =+PERBULAN!B27 -> ARWANDI | D27: 1902050203790001 | E27: 97.228.565.4-305.000 | F27: JL MANGGAR RT. 008 RW. 003 DESA KACANG BUTOR KEC. BADAU | G27: OPERATOR | H27: L | I27: K/1 | J27: =IF(ISBLANK(I27),"",IF(OR(I27="TK/0",I27="TK/1",I27="K/0"),"TER A",IF(I27="K/3","TER C","TER B"))) -> TER B | K27: 1 | L27: 12 | M27: =31*129220 -> 4005820 | N27: 3229137.2 | O27: 192104.44 | P27: 0 | Q27: =SUM(M27:P27) -> 7427061.7 | R27: =+SETAHUN!H28 -> 4091600 | S27: =+SETAHUN!K28 -> 900000 | T27: 0 | U27: =+SETAHUN!F28+M27+N27 -> 94178256 | V27: 0 | W27: =+SETAHUN!U28+O27 -> 2299051.3 | X27: 0 | Y27: 0 | Z27: =SUM(R27:T27) -> 4991600 | AA27: =SUM(U27:Z27) -> 1.0146891e+08 | AB27: =ROUND(IF((AA27)*5%>6000000,6000000,(AA27)*5%),0) -> 5073445 | AC27: =('ASTEK+PENSIUN-DIISI SMPAI DES'!O116+'ASTEK+PENSIUN-DIISI SMPAI DES'!O30) -> 1412226 | AD27: =AA27-AB27-AC27 -> 94983237 | AE27: =IFERROR(VLOOKUP(I27,TARIF,3,FALSE),0) -> 63000000 | AF27: =ROUNDDOWN(IF(AD27<=AE27,0,IF(AD27>AE27,AD27-AE27)),-3) -> 31983000 | AG27: =IF(AF27>5000000000,AF27*35%-306000000,IF(AF27>500000000,AF27*30%-56000000,IF(AF27>250000000,AF27*25%-31000000,IF(AF27>60000000,AF27*15%-6000000,AF27*5%)))) -> 1599150 | AH27: =ROUND(IF(E27=0,AG27*120%,AG27),0) -> 1599150 | AI27: =+'PAJAK JAN-NOV'!R24 -> 1256040 | AJ27: =IF(AG27<=AI27,0,IF(AG27>AI27,AG27-AI27)) -> 343110 | AK27: =+'PAJAK JAN-NOV'!B24 -> ARWANDI | AL27: =AI27-AH27 -> -343110
B28: 23 | C28: =+PERBULAN!B28 -> RENDI PERJAYA | D28: 1902042302890003 | E28: 66.907.958.4-305.000 | F28: DSN CENDIL RT. 006 RW. 002 DESA CENDIL KEC. KELAPA KAMPIT | G28: HELPER | H28: L | I28: K/1 | J28: =IF(ISBLANK(I28),"",IF(OR(I28="TK/0",I28="TK/1",I28="K/0"),"TER A",IF(I28="K/3","TER C","TER B"))) -> TER B | K28: 1 | L28: 12 | M28: =31*129220 -> 4005820 | N28: 3274935.4 | O28: 189224.64 | P28: 0 | Q28: =SUM(M28:P28) -> 7469980.1 | R28: =+SETAHUN!H29 -> 4032600 | S28: =+SETAHUN!K29 -> 600000 | T28: 0 | U28: =+SETAHUN!F29+M28+N28 -> 89596834 | V28: 0 | W28: =+SETAHUN!U29+O28 -> 2268022.1 | X28: 0 | Y28: 0 | Z28: =SUM(R28:T28) -> 4632600 | AA28: =SUM(U28:Z28) -> 96497456 | AB28: =ROUND(IF((AA28)*5%>6000000,6000000,(AA28)*5%),0) -> 4824873 | AC28: =('ASTEK+PENSIUN-DIISI SMPAI DES'!O117+'ASTEK+PENSIUN-DIISI SMPAI DES'!O31) -> 1401336 | AD28: =AA28-AB28-AC28 -> 90271247 | AE28: =IFERROR(VLOOKUP(I28,TARIF,3,FALSE),0) -> 63000000 | AF28: =ROUNDDOWN(IF(AD28<=AE28,0,IF(AD28>AE28,AD28-AE28)),-3) -> 27271000 | AG28: =IF(AF28>5000000000,AF28*35%-306000000,IF(AF28>500000000,AF28*30%-56000000,IF(AF28>250000000,AF28*25%-31000000,IF(AF28>60000000,AF28*15%-6000000,AF28*5%)))) -> 1363550 | AH28: =ROUND(IF(E28=0,AG28*120%,AG28),0) -> 1363550 | AI28: =+'PAJAK JAN-NOV'!R25 -> 1074158 | AJ28: =IF(AG28<=AI28,0,IF(AG28>AI28,AG28-AI28)) -> 289392 | AK28: =+'PAJAK JAN-NOV'!B25 -> RENDI PERJAYA | AL28: =AI28-AH28 -> -289392
B29: 24 | C29: =+PERBULAN!B29 -> ANDI | D29: 1906041805780002 | E29: 97.228.598.5-305.000 | F29: DSN PESARAKAN RT. 008 RW. 003 DESA CENDIL KEC. KELAPA KAMPIT | G29: OPERATOR | H29: L | I29: K/1 | J29: =IF(ISBLANK(I29),"",IF(OR(I29="TK/0",I29="TK/1",I29="K/0"),"TER A",IF(I29="K/3","TER C","TER B"))) -> TER B | K29: 1 | L29: 12 | M29: =31*129220 -> 4005820 | N29: 3167221.2 | O29: 191935.04 | P29: 0 | Q29: =SUM(M29:P29) -> 7364976.2 | R29: =+SETAHUN!H30 -> 4101600 | S29: =+SETAHUN!K30 -> 900000 | T29: 0 | U29: =+SETAHUN!F30+M29+N29 -> 86782226 | V29: 0 | W29: =+SETAHUN!U30+O29 -> 2297054.9 | X29: 0 | Y29: 0 | Z29: =SUM(R29:T29) -> 5001600 | AA29: =SUM(U29:Z29) -> 94080881 | AB29: =ROUND(IF((AA29)*5%>6000000,6000000,(AA29)*5%),0) -> 4704044 | AC29: =('ASTEK+PENSIUN-DIISI SMPAI DES'!O118+'ASTEK+PENSIUN-DIISI SMPAI DES'!O32) -> 1411596 | AD29: =AA29-AB29-AC29 -> 87965241 | AE29: =IFERROR(VLOOKUP(I29,TARIF,3,FALSE),0) -> 63000000 | AF29: =ROUNDDOWN(IF(AD29<=AE29,0,IF(AD29>AE29,AD29-AE29)),-3) -> 24965000 | AG29: =IF(AF29>5000000000,AF29*35%-306000000,IF(AF29>500000000,AF29*30%-56000000,IF(AF29>250000000,AF29*25%-31000000,IF(AF29>60000000,AF29*15%-6000000,AF29*5%)))) -> 1248250 | AH29: =ROUND(IF(E29=0,AG29*120%,AG29),0) -> 1248250 | AI29: =+'PAJAK JAN-NOV'!R26 -> 975428 | AJ29: =IF(AG29<=AI29,0,IF(AG29>AI29,AG29-AI29)) -> 272822 | AK29: =+'PAJAK JAN-NOV'!B26 -> ANDI | AL29: =AI29-AH29 -> -272822
B30: 25 | C30: =+PERBULAN!B30 -> JULI | D30: 1902051805780002 | E30: 97.228.607.4-305.000 | F30: JL MANGGAR RT. 009 RW. 003 DESA KACANG BUTOR KEC. BADAU | G30: HELPER | H30: L | I30: K/2 | J30: =IF(ISBLANK(I30),"",IF(OR(I30="TK/0",I30="TK/1",I30="K/0"),"TER A",IF(I30="K/3","TER C","TER B"))) -> TER B | K30: 1 | L30: 12 | M30: =31*129220 -> 4005820 | N30: 3320969 | O30: 192104.44 | P30: 0 | Q30: =SUM(M30:P30) -> 7518893.4 | R30: =+SETAHUN!H31 -> 4135600 | S30: =+SETAHUN!K31 -> 900000 | T30: 0 | U30: =+SETAHUN!F31+M30+N30 -> 88243416 | V30: 0 | W30: =+SETAHUN!U31+O30 -> 2299331.3 | X30: 0 | Y30: 0 | Z30: =SUM(R30:T30) -> 5035600 | AA30: =SUM(U30:Z30) -> 95578347 | AB30: =ROUND(IF((AA30)*5%>6000000,6000000,(AA30)*5%),0) -> 4778917 | AC30: =('ASTEK+PENSIUN-DIISI SMPAI DES'!O119+'ASTEK+PENSIUN-DIISI SMPAI DES'!O33) -> 1412226 | AD30: =AA30-AB30-AC30 -> 89387204 | AE30: =IFERROR(VLOOKUP(I30,TARIF,3,FALSE),0) -> 67500000 | AF30: =ROUNDDOWN(IF(AD30<=AE30,0,IF(AD30>AE30,AD30-AE30)),-3) -> 21887000 | AG30: =IF(AF30>5000000000,AF30*35%-306000000,IF(AF30>500000000,AF30*30%-56000000,IF(AF30>250000000,AF30*25%-31000000,IF(AF30>60000000,AF30*15%-6000000,AF30*5%)))) -> 1094350 | AH30: =ROUND(IF(E30=0,AG30*120%,AG30),0) -> 1094350 | AI30: =+'PAJAK JAN-NOV'!R27 -> 1059558 | AJ30: =IF(AG30<=AI30,0,IF(AG30>AI30,AG30-AI30)) -> 34792 | AK30: =+'PAJAK JAN-NOV'!B27 -> JULI | AL30: =AI30-AH30 -> -34792
B31: 26 | C31: =+PERBULAN!B31 -> DICKY PRATAMA | D31: 1902043110000001 | E31: - | F31: PELEPAK PUTE RT.003/002 DESA PELEPAK PUTE KEC. SIJUK KAB. BELITUNG | G31: KRANI PANEN | H31: L | I31: K/0 | J31: =IF(ISBLANK(I31),"",IF(OR(I31="TK/0",I31="TK/1",I31="K/0"),"TER A",IF(I31="K/3","TER C","TER B"))) -> TER A | K31: 1 | L31: 12 | M31: =31*129220 -> 4005820 | N31: 986085 | O31: 187869.44 | P31: 0 | Q31: =SUM(M31:P31) -> 5179774.4 | R31: =+SETAHUN!H32 -> 3990100 | S31: =+SETAHUN!K32 -> 200000 | T31: 0 | U31: =+SETAHUN!F32+M31+N31 -> 68136916 | V31: 0 | W31: =+SETAHUN!U32+O31 -> 2253881.3 | X31: 0 | Y31: 0 | Z31: =SUM(R31:T31) -> 4190100 | AA31: =SUM(U31:Z31) -> 74580897 | AB31: =ROUND(IF((AA31)*5%>6000000,6000000,(AA31)*5%),0) -> 3729045 | AC31: =('ASTEK+PENSIUN-DIISI SMPAI DES'!O120+'ASTEK+PENSIUN-DIISI SMPAI DES'!O34) -> 1396476 | AD31: =AA31-AB31-AC31 -> 69455376 | AE31: =IFERROR(VLOOKUP(I31,TARIF,3,FALSE),0) -> 58500000 | AF31: =ROUNDDOWN(IF(AD31<=AE31,0,IF(AD31>AE31,AD31-AE31)),-3) -> 10955000 | AG31: =IF(AF31>5000000000,AF31*35%-306000000,IF(AF31>500000000,AF31*30%-56000000,IF(AF31>250000000,AF31*25%-31000000,IF(AF31>60000000,AF31*15%-6000000,AF31*5%)))) -> 547750 | AH31: =ROUND(IF(E31=0,AG31*120%,AG31),0) -> 547750 | AI31: =+'PAJAK JAN-NOV'!R28 -> 540900 | AJ31: =IF(AG31<=AI31,0,IF(AG31>AI31,AG31-AI31)) -> 6850 | AK31: =+'PAJAK JAN-NOV'!B28 -> DICKY PRATAMA | AL31: =AI31-AH31 -> -6850
B32: 27 | C32: =+PERBULAN!B32 -> SUIP | D32: 1902040107800096 | E32: - | F32: AIR KALA RT. 023 RW. 012 DESA SIJUK KEC. SIJUK | G32: PEMANEN | H32: L | I32: K/1 | J32: =IF(ISBLANK(I32),"",IF(OR(I32="TK/0",I32="TK/1",I32="K/0"),"TER A",IF(I32="K/3","TER C","TER B"))) -> TER B | K32: 1 | L32: 12 | M32: =30*129220 -> 3876600 | N32: 609048.18 | O32: 188789.04 | P32: 0 | Q32: =SUM(M32:P32) -> 4674437.2 | R32: =+SETAHUN!H33 -> 4037100 | S32: =+SETAHUN!K33 -> 900000 | T32: 0 | U32: =+SETAHUN!F33+M32+N32 -> 57389357 | V32: 0 | W32: =+SETAHUN!U33+O32 -> 2262958.1 | X32: 0 | Y32: 0 | Z32: =SUM(R32:T32) -> 4937100 | AA32: =SUM(U32:Z32) -> 64589415 | AB32: =ROUND(IF((AA32)*5%>6000000,6000000,(AA32)*5%),0) -> 3229471 | AC32: =('ASTEK+PENSIUN-DIISI SMPAI DES'!O121+'ASTEK+PENSIUN-DIISI SMPAI DES'!O35) -> 1399536 | AD32: =AA32-AB32-AC32 -> 59960408 | AE32: =IFERROR(VLOOKUP(I32,TARIF,3,FALSE),0) -> 63000000 | AF32: =ROUNDDOWN(IF(AD32<=AE32,0,IF(AD32>AE32,AD32-AE32)),-3) -> 0 | AG32: =IF(AF32>5000000000,AF32*35%-306000000,IF(AF32>500000000,AF32*30%-56000000,IF(AF32>250000000,AF32*25%-31000000,IF(AF32>60000000,AF32*15%-6000000,AF32*5%)))) -> 0 | AH32: =ROUND(IF(E32=0,AG32*120%,AG32),0) -> 0 | AI32: =+'PAJAK JAN-NOV'!R29 -> 142479 | AJ32: =IF(AG32<=AI32,0,IF(AG32>AI32,AG32-AI32)) -> 0 | AK32: =+'PAJAK JAN-NOV'!B29 -> SUIP | AL32: =AI32-AH32 -> 142479
B33: 28 | C33: =+PERBULAN!B33 -> ROBIN DINATA | D33: 1902042012900001 | E33: - | F33: JL BUDING AIK KALAK RT. 023 RW. 012 DESA SIJUK KEC. SIJUK | G33: PEMANEN | H33: L | I33: K/2 | J33: =IF(ISBLANK(I33),"",IF(OR(I33="TK/0",I33="TK/1",I33="K/0"),"TER A",IF(I33="K/3","TER C","TER B"))) -> TER B | K33: 1 | L33: 12 | M33: =31*129220 -> 4005820 | N33: 568147.56 | O33: 188789.04 | P33: 0 | Q33: =SUM(M33:P33) -> 4762756.6 | R33: =+SETAHUN!H34 -> 4064100 | S33: =+SETAHUN!K34 -> 900000 | T33: 0 | U33: =+SETAHUN!F34+M33+N33 -> 60296919 | V33: 0 | W33: =+SETAHUN!U34+O33 -> 2262958.1 | X33: 0 | Y33: 0 | Z33: =SUM(R33:T33) -> 4964100 | AA33: =SUM(U33:Z33) -> 67523977 | AB33: =ROUND(IF((AA33)*5%>6000000,6000000,(AA33)*5%),0) -> 3376199 | AC33: =('ASTEK+PENSIUN-DIISI SMPAI DES'!O122+'ASTEK+PENSIUN-DIISI SMPAI DES'!O36) -> 1399536 | AD33: =AA33-AB33-AC33 -> 62748242 | AE33: =IFERROR(VLOOKUP(I33,TARIF,3,FALSE),0) -> 67500000 | AF33: =ROUNDDOWN(IF(AD33<=AE33,0,IF(AD33>AE33,AD33-AE33)),-3) -> 0 | AG33: =IF(AF33>5000000000,AF33*35%-306000000,IF(AF33>500000000,AF33*30%-56000000,IF(AF33>250000000,AF33*25%-31000000,IF(AF33>60000000,AF33*15%-6000000,AF33*5%)))) -> 0 | AH33: =ROUND(IF(E33=0,AG33*120%,AG33),0) -> 0 | AI33: =+'PAJAK JAN-NOV'!R30 -> 178300 | AJ33: =IF(AG33<=AI33,0,IF(AG33>AI33,AG33-AI33)) -> 0 | AK33: =+'PAJAK JAN-NOV'!B30 -> ROBIN DINATA | AL33: =AI33-AH33 -> 178300
B34: 29 | C34: =+PERBULAN!B34 -> SAPARUDIN | D34: 1902040501800001 | E34: - | F34: PELEPAK PUTE RT. 003 RW. 002 DESA PELEPAK PUTE KEC. SIJUK | G34: PEMANEN | H34: L | I34: K/2 | J34: =IF(ISBLANK(I34),"",IF(OR(I34="TK/0",I34="TK/1",I34="K/0"),"TER A",IF(I34="K/3","TER C","TER B"))) -> TER B | K34: 1 | L34: 12 | M34: =31*129220 -> 4005820 | N34: 991017.68 | O34: 188643.84 | P34: 0 | Q34: =SUM(M34:P34) -> 5185481.5 | R34: =+SETAHUN!H35 -> 4061100 | S34: =+SETAHUN!K35 -> 200000 | T34: 0 | U34: =+SETAHUN!F35+M34+N34 -> 61322460 | V34: 0 | W34: =+SETAHUN!U35+O34 -> 2262067.7 | X34: 0 | Y34: 0 | Z34: =SUM(R34:T34) -> 4261100 | AA34: =SUM(U34:Z34) -> 67845628 | AB34: =ROUND(IF((AA34)*5%>6000000,6000000,(AA34)*5%),0) -> 3392281 | AC34: =('ASTEK+PENSIUN-DIISI SMPAI DES'!O123+'ASTEK+PENSIUN-DIISI SMPAI DES'!O37) -> 1399356 | AD34: =AA34-AB34-AC34 -> 63053991 | AE34: =IFERROR(VLOOKUP(I34,TARIF,3,FALSE),0) -> 67500000 | AF34: =ROUNDDOWN(IF(AD34<=AE34,0,IF(AD34>AE34,AD34-AE34)),-3) -> 0 | AG34: =IF(AF34>5000000000,AF34*35%-306000000,IF(AF34>500000000,AF34*30%-56000000,IF(AF34>250000000,AF34*25%-31000000,IF(AF34>60000000,AF34*15%-6000000,AF34*5%)))) -> 0 | AH34: =ROUND(IF(E34=0,AG34*120%,AG34),0) -> 0 | AI34: =+'PAJAK JAN-NOV'!R31 -> 141756 | AJ34: =IF(AG34<=AI34,0,IF(AG34>AI34,AG34-AI34)) -> 0 | AK34: =+'PAJAK JAN-NOV'!B31 -> SAPARUDIN | AL34: =AI34-AH34 -> 141756
B35: 30 | C35: =+PERBULAN!B35 -> SULTAN | D35: 2101092010780001 | E35: - | F35: KAMPUNG HILIR RT. 005 RW. 002 DESA KAMPUNG HILIR KEC. TAMBELAN | G35: PEMANEN | H35: L | I35: K/2 | J35: =IF(ISBLANK(I35),"",IF(OR(I35="TK/0",I35="TK/1",I35="K/0"),"TER A",IF(I35="K/3","TER C","TER B"))) -> TER B | K35: 1 | L35: 12 | M35: =31*129220 -> 4005820 | N35: 165150 | O35: 188643.84 | P35: 0 | Q35: =SUM(M35:P35) -> 4359613.8 | R35: =+SETAHUN!H36 -> 4061100 | S35: =+SETAHUN!K36 -> 200000 | T35: 0 | U35: =+SETAHUN!F36+M35+N35 -> 53392578 | V35: 0 | W35: =+SETAHUN!U36+O35 -> 2261802.5 | X35: 0 | Y35: 0 | Z35: =SUM(R35:T35) -> 4261100 | AA35: =SUM(U35:Z35) -> 59915481 | AB35: =ROUND(IF((AA35)*5%>6000000,6000000,(AA35)*5%),0) -> 2995774 | AC35: =('ASTEK+PENSIUN-DIISI SMPAI DES'!O124+'ASTEK+PENSIUN-DIISI SMPAI DES'!O38) -> 1399266 | AD35: =AA35-AB35-AC35 -> 55520441 | AE35: =IFERROR(VLOOKUP(I35,TARIF,3,FALSE),0) -> 67500000 | AF35: =ROUNDDOWN(IF(AD35<=AE35,0,IF(AD35>AE35,AD35-AE35)),-3) -> 0 | AG35: =IF(AF35>5000000000,AF35*35%-306000000,IF(AF35>500000000,AF35*30%-56000000,IF(AF35>250000000,AF35*25%-31000000,IF(AF35>60000000,AF35*15%-6000000,AF35*5%)))) -> 0 | AH35: =ROUND(IF(E35=0,AG35*120%,AG35),0) -> 0 | AI35: =+'PAJAK JAN-NOV'!R32 -> 89541 | AJ35: =IF(AG35<=AI35,0,IF(AG35>AI35,AG35-AI35)) -> 0 | AK35: =+'PAJAK JAN-NOV'!B32 -> SULTAN | AL35: =AI35-AH35 -> 89541
B36: 31 | C36: =+PERBULAN!B36 -> MANSUR | D36: 5203011105710001 | E36: - | F36: KETANGGA BARAT DESA KETANGGA JERAENG KEC. KERUAK KAB. LOMBOK TIMUR | G36: PEMANEN | H36: L | I36: K/1 | J36: =IF(ISBLANK(I36),"",IF(OR(I36="TK/0",I36="TK/1",I36="K/0"),"TER A",IF(I36="K/3","TER C","TER B"))) -> TER B | K36: 1 | L36: 12 | M36: =30*129220 -> 3876600 | N36: 404500 | O36: 188353.44 | P36: 0 | Q36: =SUM(M36:P36) -> 4469453.4 | R36: =+SETAHUN!H37 -> 4028600 | S36: =+SETAHUN!K37 -> 900000 | T36: 0 | U36: =+SETAHUN!F37+M36+N36 -> 58236384 | V36: 0 | W36: =+SETAHUN!U37+O36 -> 2258280.3 | X36: 0 | Y36: 0 | Z36: =SUM(R36:T36) -> 4928600 | AA36: =SUM(U36:Z36) -> 65423264 | AB36: =ROUND(IF((AA36)*5%>6000000,6000000,(AA36)*5%),0) -> 3271163 | AC36: =('ASTEK+PENSIUN-DIISI SMPAI DES'!O125+'ASTEK+PENSIUN-DIISI SMPAI DES'!O39) -> 1397901 | AD36: =AA36-AB36-AC36 -> 60754200 | AE36: =IFERROR(VLOOKUP(I36,TARIF,3,FALSE),0) -> 63000000 | AF36: =ROUNDDOWN(IF(AD36<=AE36,0,IF(AD36>AE36,AD36-AE36)),-3) -> 0 | AG36: =IF(AF36>5000000000,AF36*35%-306000000,IF(AF36>500000000,AF36*30%-56000000,IF(AF36>250000000,AF36*25%-31000000,IF(AF36>60000000,AF36*15%-6000000,AF36*5%)))) -> 0 | AH36: =ROUND(IF(E36=0,AG36*120%,AG36),0) -> 0 | AI36: =+'PAJAK JAN-NOV'!R33 -> 190495 | AJ36: =IF(AG36<=AI36,0,IF(AG36>AI36,AG36-AI36)) -> 0 | AK36: =+'PAJAK JAN-NOV'!B33 -> MANSUR | AL36: =AI36-AH36 -> 190495
B37: 32 | C37: =+PERBULAN!B37 -> RIDUAN | D37: 1906042202840002 | E37: - | F37: DSN PESARAKAN RT. 007 RW. 003 DESA CENDIL KEC. KELAPA KAMPIT | G37: PEMANEN | H37: L | I37: K/1 | J37: =IF(ISBLANK(I37),"",IF(OR(I37="TK/0",I37="TK/1",I37="K/0"),"TER A",IF(I37="K/3","TER C","TER B"))) -> TER B | K37: 1 | L37: 12 | M37: =31*129220 -> 4005820 | N37: 579057.67 | O37: 188232 | P37: 0 | Q37: =SUM(M37:P37) -> 4773109.7 | R37: =+SETAHUN!H38 -> 4026100 | S37: =+SETAHUN!K38 -> 900000 | T37: 0 | U37: =+SETAHUN!F38+M37+N37 -> 54547409 | V37: 0 | W37: =+SETAHUN!U38+O37 -> 2257437.8 | X37: 0 | Y37: 0 | Z37: =SUM(R37:T37) -> 4926100 | AA37: =SUM(U37:Z37) -> 61730947 | AB37: =ROUND(IF((AA37)*5%>6000000,6000000,(AA37)*5%),0) -> 3086547 | AC37: =('ASTEK+PENSIUN-DIISI SMPAI DES'!O126+'ASTEK+PENSIUN-DIISI SMPAI DES'!O40) -> 1397751 | AD37: =AA37-AB37-AC37 -> 57246649 | AE37: =IFERROR(VLOOKUP(I37,TARIF,3,FALSE),0) -> 63000000 | AF37: =ROUNDDOWN(IF(AD37<=AE37,0,IF(AD37>AE37,AD37-AE37)),-3) -> 0 | AG37: =IF(AF37>5000000000,AF37*35%-306000000,IF(AF37>500000000,AF37*30%-56000000,IF(AF37>250000000,AF37*25%-31000000,IF(AF37>60000000,AF37*15%-6000000,AF37*5%)))) -> 0 | AH37: =ROUND(IF(E37=0,AG37*120%,AG37),0) -> 0 | AI37: =+'PAJAK JAN-NOV'!R34 -> 91417 | AJ37: =IF(AG37<=AI37,0,IF(AG37>AI37,AG37-AI37)) -> 0 | AK37: =+'PAJAK JAN-NOV'!B34 -> RIDUAN | AL37: =AI37-AH37 -> 91417
B38: 33 | C38: =+PERBULAN!B38 -> SONJA PRIYOGA | D38: 1902041606020001 | E38: - | F38: JL RAYA PELEPAK PUTE RT. 007 RW. 004 DESA PELEPAK PUTE KEC. SIJUK | G38: PEMANEN | H38: L | I38: K/1 | J38: =IF(ISBLANK(I38),"",IF(OR(I38="TK/0",I38="TK/1",I38="K/0"),"TER A",IF(I38="K/3","TER C","TER B"))) -> TER B | K38: 1 | L38: 12 | M38: =31*129220 -> 4005820 | N38: 705180 | O38: 188111 | P38: 0 | Q38: =SUM(M38:P38) -> 4899111 | R38: =+SETAHUN!H39 -> 4023600 | S38: =+SETAHUN!K39 -> 900000 | T38: 0 | U38: =+SETAHUN!F39+M38+N38 -> 63842756 | V38: 0 | W38: =+SETAHUN!U39+O38 -> 2256432.8 | X38: 0 | Y38: 0 | Z38: =SUM(R38:T38) -> 4923600 | AA38: =SUM(U38:Z38) -> 71022789 | AB38: =ROUND(IF((AA38)*5%>6000000,6000000,(AA38)*5%),0) -> 3551139 | AC38: =('ASTEK+PENSIUN-DIISI SMPAI DES'!O127+'ASTEK+PENSIUN-DIISI SMPAI DES'!O41) -> 1397376 | AD38: =AA38-AB38-AC38 -> 66074274 | AE38: =IFERROR(VLOOKUP(I38,TARIF,3,FALSE),0) -> 63000000 | AF38: =ROUNDDOWN(IF(AD38<=AE38,0,IF(AD38>AE38,AD38-AE38)),-3) -> 3074000 | AG38: =IF(AF38>5000000000,AF38*35%-306000000,IF(AF38>500000000,AF38*30%-56000000,IF(AF38>250000000,AF38*25%-31000000,IF(AF38>60000000,AF38*15%-6000000,AF38*5%)))) -> 153700 | AH38: =ROUND(IF(E38=0,AG38*120%,AG38),0) -> 153700 | AI38: =+'PAJAK JAN-NOV'!R35 -> 250470 | AJ38: =IF(AG38<=AI38,0,IF(AG38>AI38,AG38-AI38)) -> 0 | AK38: =+'PAJAK JAN-NOV'!B35 -> SONJA PRIYOGA | AL38: =AI38-AH38 -> 96770
B39: 34 | C39: =+PERBULAN!B39 -> M.FAUZI | D39: 5203191607970006 | E39: 04.977.083.7-305.000 | F39: PERUM AIR PUTIH RT. 014 RW. 006 DESA BUDING KEC. KELAPA KAMPIT | G39: PEMANEN | H39: L | I39: TK/0 | J39: =IF(ISBLANK(I39),"",IF(OR(I39="TK/0",I39="TK/1",I39="K/0"),"TER A",IF(I39="K/3","TER C","TER B"))) -> TER A | K39: 1 | L39: 3 | P39: 0 | Q39: =SUM(M39:P39) -> 0 | R39: =+SETAHUN!H40 -> 3951600 | S39: =+SETAHUN!K40 -> 0 | T39: 0 | U39: =+SETAHUN!F40+M39+N39 -> 9156277.7 | V39: 0 | W39: =+SETAHUN!U40+O39 -> 563782.32 | X39: 0 | Y39: 0 | Z39: =SUM(R39:T39) -> 3951600 | AA39: =SUM(U39:Z39) -> 13671660 | AB39: =ROUND(IF((AA39)*5%>6000000,6000000,(AA39)*5%),0) -> 683583 | AC39: =('ASTEK+PENSIUN-DIISI SMPAI DES'!O128+'ASTEK+PENSIUN-DIISI SMPAI DES'!O42) -> 348894 | AD39: =AA39-AB39-AC39 -> 12639183 | AE39: =IFERROR(VLOOKUP(I39,TARIF,3,FALSE),0) -> 54000000 | AF39: =ROUNDDOWN(IF(AD39<=AE39,0,IF(AD39>AE39,AD39-AE39)),-3) -> 0 | AG39: =IF(AF39>5000000000,AF39*35%-306000000,IF(AF39>500000000,AF39*30%-56000000,IF(AF39>250000000,AF39*25%-31000000,IF(AF39>60000000,AF39*15%-6000000,AF39*5%)))) -> 0 | AH39: =ROUND(IF(E39=0,AG39*120%,AG39),0) -> 0 | AI39: =+'PAJAK JAN-NOV'!R36 -> 0 | AJ39: =IF(AG39<=AI39,0,IF(AG39>AI39,AG39-AI39)) -> 0 | AK39: =+'PAJAK JAN-NOV'!B36 -> M.FAUZI | AL39: =AI39-AH39 -> 0
B40: 35 | C40: =+PERBULAN!B40 -> DANI | D40: 5203100101860014 | E40: - | F40: GOTONG ROYONG RT.004/RW.001 DESA BAGIK PAYUNG SELATAN LOMBOK TIMUR | G40: PEMANEN | H40: L | I40: K/1 | J40: =IF(ISBLANK(I40),"",IF(OR(I40="TK/0",I40="TK/1",I40="K/0"),"TER A",IF(I40="K/3","TER C","TER B"))) -> TER B | K40: 1 | L40: 3 | P40: 0 | Q40: =SUM(M40:P40) -> 0 | R40: =+SETAHUN!H41 -> 4021100 | S40: =+SETAHUN!K41 -> 600000 | T40: 0 | U40: =+SETAHUN!F41+M40+N40 -> 12401586 | V40: 0 | W40: =+SETAHUN!U41+O40 -> 563482.32 | X40: 0 | Y40: 0 | Z40: =SUM(R40:T40) -> 4621100 | AA40: =SUM(U40:Z40) -> 17586168 | AB40: =ROUND(IF((AA40)*5%>6000000,6000000,(AA40)*5%),0) -> 879308 | AC40: =('ASTEK+PENSIUN-DIISI SMPAI DES'!O129+'ASTEK+PENSIUN-DIISI SMPAI DES'!O43) -> 348894 | AD40: =AA40-AB40-AC40 -> 16357966 | AE40: =IFERROR(VLOOKUP(I40,TARIF,3,FALSE),0) -> 63000000 | AF40: =ROUNDDOWN(IF(AD40<=AE40,0,IF(AD40>AE40,AD40-AE40)),-3) -> 0 | AG40: =IF(AF40>5000000000,AF40*35%-306000000,IF(AF40>500000000,AF40*30%-56000000,IF(AF40>250000000,AF40*25%-31000000,IF(AF40>60000000,AF40*15%-6000000,AF40*5%)))) -> 0 | AH40: =ROUND(IF(E40=0,AG40*120%,AG40),0) -> 0 | AI40: =+'PAJAK JAN-NOV'!R37 -> 52407 | AJ40: =IF(AG40<=AI40,0,IF(AG40>AI40,AG40-AI40)) -> 0 | AK40: =+'PAJAK JAN-NOV'!B37 -> DANI | AL40: =AI40-AH40 -> 52407
B41: 36 | C41: =+PERBULAN!B41 -> AHAP | D41: 5203093112730223 | E41: - | F41: KEKUANG RT. 003 DESA TOYA KEC. AIKMEL KAB. LOMBOK TIMUR | G41: PEMANEN | H41: L | I41: K/1 | J41: =IF(ISBLANK(I41),"",IF(OR(I41="TK/0",I41="TK/1",I41="K/0"),"TER A",IF(I41="K/3","TER C","TER B"))) -> TER B | K41: 1 | L41: 12 | M41: =31*129220 -> 4005820 | N41: 909465 | O41: 187869.44 | P41: 0 | Q41: =SUM(M41:P41) -> 5103154.4 | R41: =+SETAHUN!H42 -> 4021100 | S41: =+SETAHUN!K42 -> 900000 | T41: 0 | U41: =+SETAHUN!F42+M41+N41 -> 64605297 | V41: 0 | W41: =+SETAHUN!U42+O41 -> 2254181.3 | X41: 0 | Y41: 0 | Z41: =SUM(R41:T41) -> 4921100 | AA41: =SUM(U41:Z41) -> 71780578 | AB41: =ROUND(IF((AA41)*5%>6000000,6000000,(AA41)*5%),0) -> 3589029 | AC41: =('ASTEK+PENSIUN-DIISI SMPAI DES'!O130+'ASTEK+PENSIUN-DIISI SMPAI DES'!O44) -> 1396476 | AD41: =AA41-AB41-AC41 -> 66795073 | AE41: =IFERROR(VLOOKUP(I41,TARIF,3,FALSE),0) -> 63000000 | AF41: =ROUNDDOWN(IF(AD41<=AE41,0,IF(AD41>AE41,AD41-AE41)),-3) -> 3795000 | AG41: =IF(AF41>5000000000,AF41*35%-306000000,IF(AF41>500000000,AF41*30%-56000000,IF(AF41>250000000,AF41*25%-31000000,IF(AF41>60000000,AF41*15%-6000000,AF41*5%)))) -> 189750 | AH41: =ROUND(IF(E41=0,AG41*120%,AG41),0) -> 189750 | AI41: =+'PAJAK JAN-NOV'!R38 -> 222068 | AJ41: =IF(AG41<=AI41,0,IF(AG41>AI41,AG41-AI41)) -> 0 | AK41: =+'PAJAK JAN-NOV'!B38 -> AHAP | AL41: =AI41-AH41 -> 32318
B42: 37 | C42: =+PERBULAN!B42 -> IHSAN | D42: 5203013112000044 | E42: - | F42: LINGKOK RAMBEN DESA KETANGGA JERAENG KEC,KERUAK LOMBOK TIMUR | G42: PEMANEN | H42: L | I42: TK/0 | J42: =IF(ISBLANK(I42),"",IF(OR(I42="TK/0",I42="TK/1",I42="K/0"),"TER A",IF(I42="K/3","TER C","TER B"))) -> TER A | K42: 1 | L42: 12 | M42: =31*129220 -> 4005820 | N42: 384365.44 | O42: 187748.44 | P42: 0 | Q42: =SUM(M42:P42) -> 4577933.9 | R42: =+SETAHUN!H43 -> 3946600 | S42: =+SETAHUN!K43 -> 0 | T42: 0 | U42: =+SETAHUN!F43+M42+N42 -> 59628648 | V42: 0 | W42: =+SETAHUN!U43+O42 -> 2252855.3 | X42: 0 | Y42: 0 | Z42: =SUM(R42:T42) -> 3946600 | AA42: =SUM(U42:Z42) -> 65828103 | AB42: =ROUND(IF((AA42)*5%>6000000,6000000,(AA42)*5%),0) -> 3291405 | AC42: =('ASTEK+PENSIUN-DIISI SMPAI DES'!O131+'ASTEK+PENSIUN-DIISI SMPAI DES'!O45) -> 1396026 | AD42: =AA42-AB42-AC42 -> 61140672 | AE42: =IFERROR(VLOOKUP(I42,TARIF,3,FALSE),0) -> 54000000 | AF42: =ROUNDDOWN(IF(AD42<=AE42,0,IF(AD42>AE42,AD42-AE42)),-3) -> 7140000 | AG42: =IF(AF42>5000000000,AF42*35%-306000000,IF(AF42>500000000,AF42*30%-56000000,IF(AF42>250000000,AF42*25%-31000000,IF(AF42>60000000,AF42*15%-6000000,AF42*5%)))) -> 357000 | AH42: =ROUND(IF(E42=0,AG42*120%,AG42),0) -> 357000 | AI42: =+'PAJAK JAN-NOV'!R39 -> 339162 | AJ42: =IF(AG42<=AI42,0,IF(AG42>AI42,AG42-AI42)) -> 17838 | AK42: =+'PAJAK JAN-NOV'!B39 -> IHSAN | AL42: =AI42-AH42 -> -17838
B43: 38 | C43: =+PERBULAN!B43 -> BAGUSTIN | D43: 5203010508010003 | E43: - | F43: LINGKOK RAMBEN DESA KETANGGA JERAENG KEC,KERUAK LOMBOK TIMUR | G43: PEMANEN | H43: L | I43: TK/0 | J43: =IF(ISBLANK(I43),"",IF(OR(I43="TK/0",I43="TK/1",I43="K/0"),"TER A",IF(I43="K/3","TER C","TER B"))) -> TER A | K43: 1 | L43: 3 | P43: 0 | Q43: =SUM(M43:P43) -> 0 | R43: =+SETAHUN!H44 -> 3946600 | S43: =+SETAHUN!K44 -> 0 | T43: 0 | U43: =+SETAHUN!F44+M43+N43 -> 10712872 | V43: 0 | W43: =+SETAHUN!U44+O43 -> 563182.32 | X43: 0 | Y43: 0 | Z43: =SUM(R43:T43) -> 3946600 | AA43: =SUM(U43:Z43) -> 15222654 | AB43: =ROUND(IF((AA43)*5%>6000000,6000000,(AA43)*5%),0) -> 761133 | AC43: =('ASTEK+PENSIUN-DIISI SMPAI DES'!O132+'ASTEK+PENSIUN-DIISI SMPAI DES'!O46) -> 348894 | AD43: =AA43-AB43-AC43 -> 14112627 | AE43: =IFERROR(VLOOKUP(I43,TARIF,3,FALSE),0) -> 54000000 | AF43: =ROUNDDOWN(IF(AD43<=AE43,0,IF(AD43>AE43,AD43-AE43)),-3) -> 0 | AG43: =IF(AF43>5000000000,AF43*35%-306000000,IF(AF43>500000000,AF43*30%-56000000,IF(AF43>250000000,AF43*25%-31000000,IF(AF43>60000000,AF43*15%-6000000,AF43*5%)))) -> 0 | AH43: =ROUND(IF(E43=0,AG43*120%,AG43),0) -> 0 | AI43: =+'PAJAK JAN-NOV'!R40 -> 65159 | AJ43: =IF(AG43<=AI43,0,IF(AG43>AI43,AG43-AI43)) -> 0 | AK43: =+'PAJAK JAN-NOV'!B40 -> BAGUSTIN | AL43: =AI43-AH43 -> 65159
B44: 39 | C44: =+PERBULAN!B44 -> HELDI SAPUTRA | D44: 5203011606000002 | E44: - | F44: LINGKOK RAMBEN DESA KETANGGA JERAENG KEC,KERUAK LOMBOK TIMUR | G44: PEMANEN | H44: L | I44: K/2 | J44: =IF(ISBLANK(I44),"",IF(OR(I44="TK/0",I44="TK/1",I44="K/0"),"TER A",IF(I44="K/3","TER C","TER B"))) -> TER B | K44: 1 | L44: 3 | P44: 0 | Q44: =SUM(M44:P44) -> 0 | R44: =+SETAHUN!H45 -> 4045600 | S44: =+SETAHUN!K45 -> 0 | T44: 0 | U44: =+SETAHUN!F45+M44+N44 -> 10392729 | V44: 0 | W44: =+SETAHUN!U45+O44 -> 563182.32 | X44: 0 | Y44: 0 | Z44: =SUM(R44:T44) -> 4045600 | AA44: =SUM(U44:Z44) -> 15001511 | AB44: =ROUND(IF((AA44)*5%>6000000,6000000,(AA44)*5%),0) -> 750076 | AC44: =('ASTEK+PENSIUN-DIISI SMPAI DES'!O133+'ASTEK+PENSIUN-DIISI SMPAI DES'!O47) -> 348894 | AD44: =AA44-AB44-AC44 -> 13902541 | AE44: =IFERROR(VLOOKUP(I44,TARIF,3,FALSE),0) -> 67500000 | AF44: =ROUNDDOWN(IF(AD44<=AE44,0,IF(AD44>AE44,AD44-AE44)),-3) -> 0 | AG44: =IF(AF44>5000000000,AF44*35%-306000000,IF(AF44>500000000,AF44*30%-56000000,IF(AF44>250000000,AF44*25%-31000000,IF(AF44>60000000,AF44*15%-6000000,AF44*5%)))) -> 0 | AH44: =ROUND(IF(E44=0,AG44*120%,AG44),0) -> 0 | AI44: =+'PAJAK JAN-NOV'!R41 -> 32738 | AJ44: =IF(AG44<=AI44,0,IF(AG44>AI44,AG44-AI44)) -> 0 | AK44: =+'PAJAK JAN-NOV'!B41 -> HELDI SAPUTRA | AL44: =AI44-AH44 -> 32738
B45: 40 | C45: =+PERBULAN!B45 -> HARTONO | D45: 5208020107880044 | E45: - | F45: DSN KARANG KATES RT 003 RW 001 DESA GONDANG KEC.GANGGA LOMBOK UTARA | G45: PEMANEN | H45: L | I45: TK/0 | J45: =IF(ISBLANK(I45),"",IF(OR(I45="TK/0",I45="TK/1",I45="K/0"),"TER A",IF(I45="K/3","TER C","TER B"))) -> TER A | K45: 1 | L45: 3 | P45: 0 | Q45: =SUM(M45:P45) -> 0 | R45: =+SETAHUN!H46 -> 3946600 | S45: =+SETAHUN!K46 -> 0 | T45: 0 | U45: =+SETAHUN!F46+M45+N45 -> 11979461 | V45: 0 | W45: =+SETAHUN!U46+O45 -> 563082.32 | X45: 0 | Y45: 0 | Z45: =SUM(R45:T45) -> 3946600 | AA45: =SUM(U45:Z45) -> 16489143 | AB45: =ROUND(IF((AA45)*5%>6000000,6000000,(AA45)*5%),0) -> 824457 | AC45: =('ASTEK+PENSIUN-DIISI SMPAI DES'!O134+'ASTEK+PENSIUN-DIISI SMPAI DES'!O48) -> 348894 | AD45: =AA45-AB45-AC45 -> 15315792 | AE45: =IFERROR(VLOOKUP(I45,TARIF,3,FALSE),0) -> 54000000 | AF45: =ROUNDDOWN(IF(AD45<=AE45,0,IF(AD45>AE45,AD45-AE45)),-3) -> 0 | AG45: =IF(AF45>5000000000,AF45*35%-306000000,IF(AF45>500000000,AF45*30%-56000000,IF(AF45>250000000,AF45*25%-31000000,IF(AF45>60000000,AF45*15%-6000000,AF45*5%)))) -> 0 | AH45: =ROUND(IF(E45=0,AG45*120%,AG45),0) -> 0 | AI45: =+'PAJAK JAN-NOV'!R42 -> 86491 | AJ45: =IF(AG45<=AI45,0,IF(AG45>AI45,AG45-AI45)) -> 0 | AK45: =+'PAJAK JAN-NOV'!B42 -> HARTONO | AL45: =AI45-AH45 -> 86491
B46: 41 | C46: =+PERBULAN!B46 -> QISTAHAM | D46: 5203011208840003 | E46: - | F46: LINGKOK RAMBEN DESA KETANGGA JERAENG KEC,KERUAK LOMBOK TIMUR | G46: PEMANEN | H46: L | I46: K/3 | J46: =IF(ISBLANK(I46),"",IF(OR(I46="TK/0",I46="TK/1",I46="K/0"),"TER A",IF(I46="K/3","TER C","TER B"))) -> TER C | K46: 1 | L46: 12 | M46: =31*129220 -> 4005820 | N46: 1126952 | O46: 187748.44 | P46: 0 | Q46: =SUM(M46:P46) -> 5320520.4 | R46: =+SETAHUN!H47 -> 4045600 | S46: =+SETAHUN!K47 -> 750000 | T46: 0 | U46: =+SETAHUN!F47+M46+N46 -> 94198963 | V46: 0 | W46: =+SETAHUN!U47+O46 -> 2252755.3 | X46: 0 | Y46: 0 | Z46: =SUM(R46:T46) -> 4795600 | AA46: =SUM(U46:Z46) -> 1.0124732e+08 | AB46: =ROUND(IF((AA46)*5%>6000000,6000000,(AA46)*5%),0) -> 5062366 | AC46: =('ASTEK+PENSIUN-DIISI SMPAI DES'!O135+'ASTEK+PENSIUN-DIISI SMPAI DES'!O49) -> 1396026 | AD46: =AA46-AB46-AC46 -> 94788926 | AE46: =IFERROR(VLOOKUP(I46,TARIF,3,FALSE),0) -> 72000000 | AF46: =ROUNDDOWN(IF(AD46<=AE46,0,IF(AD46>AE46,AD46-AE46)),-3) -> 22788000 | AG46: =IF(AF46>5000000000,AF46*35%-306000000,IF(AF46>500000000,AF46*30%-56000000,IF(AF46>250000000,AF46*25%-31000000,IF(AF46>60000000,AF46*15%-6000000,AF46*5%)))) -> 1139400 | AH46: =ROUND(IF(E46=0,AG46*120%,AG46),0) -> 1139400 | AI46: =+'PAJAK JAN-NOV'!R43 -> 1500621 | AJ46: =IF(AG46<=AI46,0,IF(AG46>AI46,AG46-AI46)) -> 0 | AK46: =+'PAJAK JAN-NOV'!B43 -> QISTAHAM | AL46: =AI46-AH46 -> 361221
B47: 42 | C47: =+PERBULAN!B47 -> JAYADI | D47: 5203011708840005 | E47: - | F47: LINGKOK RAMBEN DESA KETANGGA JERAENG KEC,KERUAK LOMBOK TIMUR | G47: PEMANEN | H47: L | I47: K/2 | J47: =IF(ISBLANK(I47),"",IF(OR(I47="TK/0",I47="TK/1",I47="K/0"),"TER A",IF(I47="K/3","TER C","TER B"))) -> TER B | K47: 1 | L47: 12 | M47: =31*129220 -> 4005820 | N47: 1444290 | O47: 187748.44 | P47: 0 | Q47: =SUM(M47:P47) -> 5637858.4 | R47: =+SETAHUN!H48 -> 4045600 | S47: =+SETAHUN!K48 -> 450000 | T47: 0 | U47: =+SETAHUN!F48+M47+N47 -> 66687898 | V47: 0 | W47: =+SETAHUN!U48+O47 -> 2252655.3 | X47: 0 | Y47: 0 | Z47: =SUM(R47:T47) -> 4495600 | AA47: =SUM(U47:Z47) -> 73436153 | AB47: =ROUND(IF((AA47)*5%>6000000,6000000,(AA47)*5%),0) -> 3671808 | AC47: =('ASTEK+PENSIUN-DIISI SMPAI DES'!O136+'ASTEK+PENSIUN-DIISI SMPAI DES'!O50) -> 1396026 | AD47: =AA47-AB47-AC47 -> 68368319 | AE47: =IFERROR(VLOOKUP(I47,TARIF,3,FALSE),0) -> 67500000 | AF47: =ROUNDDOWN(IF(AD47<=AE47,0,IF(AD47>AE47,AD47-AE47)),-3) -> 868000 | AG47: =IF(AF47>5000000000,AF47*35%-306000000,IF(AF47>500000000,AF47*30%-56000000,IF(AF47>250000000,AF47*25%-31000000,IF(AF47>60000000,AF47*15%-6000000,AF47*5%)))) -> 43400 | AH47: =ROUND(IF(E47=0,AG47*120%,AG47),0) -> 43400 | AI47: =+'PAJAK JAN-NOV'!R44 -> 396326 | AJ47: =IF(AG47<=AI47,0,IF(AG47>AI47,AG47-AI47)) -> 0 | AK47: =+'PAJAK JAN-NOV'!B44 -> JAYADI | AL47: =AI47-AH47 -> 352926
B48: 43 | C48: =+PERBULAN!B48 -> MUHAMAD AMIN | D48: 5203193112860139 | E48: - | F48: GUBUK MAJLOK,BUNG TIANG,SAKRA BARAT LOMBOK TIMUR | G48: PEMANEN | H48: L | I48: K/3 | J48: =IF(ISBLANK(I48),"",IF(OR(I48="TK/0",I48="TK/1",I48="K/0"),"TER A",IF(I48="K/3","TER C","TER B"))) -> TER C | K48: 1 | L48: 12 | M48: =31*129220 -> 4005820 | N48: 740307 | O48: 187748.44 | P48: 0 | Q48: =SUM(M48:P48) -> 4933875.4 | R48: =+SETAHUN!H49 -> 3369250 | S48: =+SETAHUN!K49 -> 525000 | T48: 0 | U48: =+SETAHUN!F49+M48+N48 -> 61739458 | V48: 0 | W48: =+SETAHUN!U49+O48 -> 2252455.3 | X48: 0 | Y48: 0 | Z48: =SUM(R48:T48) -> 3894250 | AA48: =SUM(U48:Z48) -> 67886163 | AB48: =ROUND(IF((AA48)*5%>6000000,6000000,(AA48)*5%),0) -> 3394308 | AC48: =('ASTEK+PENSIUN-DIISI SMPAI DES'!O137+'ASTEK+PENSIUN-DIISI SMPAI DES'!O51) -> 1396026 | AD48: =AA48-AB48-AC48 -> 63095829 | AE48: =IFERROR(VLOOKUP(I48,TARIF,3,FALSE),0) -> 72000000 | AF48: =ROUNDDOWN(IF(AD48<=AE48,0,IF(AD48>AE48,AD48-AE48)),-3) -> 0 | AG48: =IF(AF48>5000000000,AF48*35%-306000000,IF(AF48>500000000,AF48*30%-56000000,IF(AF48>250000000,AF48*25%-31000000,IF(AF48>60000000,AF48*15%-6000000,AF48*5%)))) -> 0 | AH48: =ROUND(IF(E48=0,AG48*120%,AG48),0) -> 0 | AI48: =+'PAJAK JAN-NOV'!R45 -> 120667 | AJ48: =IF(AG48<=AI48,0,IF(AG48>AI48,AG48-AI48)) -> 0 | AK48: =+'PAJAK JAN-NOV'!B45 -> MUHAMAD AMIN | AL48: =AI48-AH48 -> 120667
B49: 44 | C49: =+PERBULAN!B49 -> SAMSUL HADI | D49: 5203073112860170 | E49: - | F49: DASAN KETANGGA,KEMBANG SARI,SELON LOMBOK TIMUR | G49: PEMANEN | H49: L | I49: K/2 | J49: =IF(ISBLANK(I49),"",IF(OR(I49="TK/0",I49="TK/1",I49="K/0"),"TER A",IF(I49="K/3","TER C","TER B"))) -> TER B | K49: 1 | L49: 12 | M49: =31*129220 -> 4005820 | N49: 2188996 | O49: 187748.44 | P49: 0 | Q49: =SUM(M49:P49) -> 6382564.4 | R49: =+SETAHUN!H50 -> 1347700 | S49: =+SETAHUN!K50 -> 150000 | T49: 0 | U49: =+SETAHUN!F50+M49+N49 -> 95786613 | V49: 0 | W49: =+SETAHUN!U50+O49 -> 2251771.3 | X49: 0 | Y49: 0 | Z49: =SUM(R49:T49) -> 1497700 | AA49: =SUM(U49:Z49) -> 99536084 | AB49: =ROUND(IF((AA49)*5%>6000000,6000000,(AA49)*5%),0) -> 4976804 | AC49: =('ASTEK+PENSIUN-DIISI SMPAI DES'!O138+'ASTEK+PENSIUN-DIISI SMPAI DES'!O52) -> 1395726 | AD49: =AA49-AB49-AC49 -> 93163554 | AE49: =IFERROR(VLOOKUP(I49,TARIF,3,FALSE),0) -> 67500000 | AF49: =ROUNDDOWN(IF(AD49<=AE49,0,IF(AD49>AE49,AD49-AE49)),-3) -> 25663000 | AG49: =IF(AF49>5000000000,AF49*35%-306000000,IF(AF49>500000000,AF49*30%-56000000,IF(AF49>250000000,AF49*25%-31000000,IF(AF49>60000000,AF49*15%-6000000,AF49*5%)))) -> 1283150 | AH49: =ROUND(IF(E49=0,AG49*120%,AG49),0) -> 1283150 | AI49: =+'PAJAK JAN-NOV'!R46 -> 1473975 | AJ49: =IF(AG49<=AI49,0,IF(AG49>AI49,AG49-AI49)) -> 0 | AK49: =+'PAJAK JAN-NOV'!B46 -> SAMSUL HADI | AL49: =AI49-AH49 -> 190825
B50: 45 | C50: =+PERBULAN!B50 -> SAPARUDIN | D50: 5202010703770002 | E50: - | F50: BATU APIT DESA GERUNUNG KEC PRAYA LOMBOK TENGAH | G50: PEMANEN | H50: L | I50: K/3 | J50: =IF(ISBLANK(I50),"",IF(OR(I50="TK/0",I50="TK/1",I50="K/0"),"TER A",IF(I50="K/3","TER C","TER B"))) -> TER C | K50: 1 | L50: 12 | M50: =31*129220 -> 4005820 | N50: 920872 | O50: 187748.44 | P50: 0 | Q50: =SUM(M50:P50) -> 5114440.4 | R50: =+SETAHUN!H51 -> 1347700 | S50: =+SETAHUN!K51 -> 150000 | T50: 0 | U50: =+SETAHUN!F51+M50+N50 -> 63846028 | V50: 0 | W50: =+SETAHUN!U51+O50 -> 2251771.3 | X50: 0 | Y50: 0 | Z50: =SUM(R50:T50) -> 1497700 | AA50: =SUM(U50:Z50) -> 67595499 | AB50: =ROUND(IF((AA50)*5%>6000000,6000000,(AA50)*5%),0) -> 3379775 | AC50: =('ASTEK+PENSIUN-DIISI SMPAI DES'!O139+'ASTEK+PENSIUN-DIISI SMPAI DES'!O53) -> 1395726 | AD50: =AA50-AB50-AC50 -> 62819998 | AE50: =IFERROR(VLOOKUP(I50,TARIF,3,FALSE),0) -> 72000000 | AF50: =ROUNDDOWN(IF(AD50<=AE50,0,IF(AD50>AE50,AD50-AE50)),-3) -> 0 | AG50: =IF(AF50>5000000000,AF50*35%-306000000,IF(AF50>500000000,AF50*30%-56000000,IF(AF50>250000000,AF50*25%-31000000,IF(AF50>60000000,AF50*15%-6000000,AF50*5%)))) -> 0 | AH50: =ROUND(IF(E50=0,AG50*120%,AG50),0) -> 0 | AI50: =+'PAJAK JAN-NOV'!R47 -> 52843 | AJ50: =IF(AG50<=AI50,0,IF(AG50>AI50,AG50-AI50)) -> 0 | AK50: =+'PAJAK JAN-NOV'!B47 -> SAPARUDIN | AL50: =AI50-AH50 -> 52843
B51: 46 | C51: =+PERBULAN!B51 -> MUHAMAD FAUZI | D51: 5201081401870001 | E51: - | F51: DSN BENGKEL BARAT,DESA BENGKEL KEC LABUAPI,LOMBOK BARAT | G51: PEMANEN | H51: L | I51: TK/0 | J51: =IF(ISBLANK(I51),"",IF(OR(I51="TK/0",I51="TK/1",I51="K/0"),"TER A",IF(I51="K/3","TER C","TER B"))) -> TER A | K51: 1 | L51: 3 | P51: 0 | Q51: =SUM(M51:P51) -> 0 | R51: =+SETAHUN!H52 -> 1314700 | S51: =+SETAHUN!K52 -> 0 | T51: 0 | U51: =+SETAHUN!F52+M51+N51 -> 9322433.7 | V51: 0 | W51: =+SETAHUN!U52+O51 -> 562882.32 | X51: 0 | Y51: 0 | Z51: =SUM(R51:T51) -> 1314700 | AA51: =SUM(U51:Z51) -> 11200016 | AB51: =ROUND(IF((AA51)*5%>6000000,6000000,(AA51)*5%),0) -> 560001 | AC51: =('ASTEK+PENSIUN-DIISI SMPAI DES'!O140+'ASTEK+PENSIUN-DIISI SMPAI DES'!O54) -> 348894 | AD51: =AA51-AB51-AC51 -> 10291121 | AE51: =IFERROR(VLOOKUP(I51,TARIF,3,FALSE),0) -> 54000000 | AF51: =ROUNDDOWN(IF(AD51<=AE51,0,IF(AD51>AE51,AD51-AE51)),-3) -> 0 | AG51: =IF(AF51>5000000000,AF51*35%-306000000,IF(AF51>500000000,AF51*30%-56000000,IF(AF51>250000000,AF51*25%-31000000,IF(AF51>60000000,AF51*15%-6000000,AF51*5%)))) -> 0 | AH51: =ROUND(IF(E51=0,AG51*120%,AG51),0) -> 0 | AI51: =+'PAJAK JAN-NOV'!R48 -> 0 | AJ51: =IF(AG51<=AI51,0,IF(AG51>AI51,AG51-AI51)) -> 0 | AK51: =+'PAJAK JAN-NOV'!B48 -> MUHAMAD FAUZI | AL51: =AI51-AH51 -> 0
B52: 47 | C52: =+PERBULAN!B52 -> MAHYUDIN | D52: 5.2020131e+15 | E52: - | F52: LENDANG GENDIS DESA GERUNUNG PRAYA LOMBOK TENGAH | G52: PEMANEN | H52: L | I52: K/1 | J52: =IF(ISBLANK(I52),"",IF(OR(I52="TK/0",I52="TK/1",I52="K/0"),"TER A",IF(I52="K/3","TER C","TER B"))) -> TER B | K52: 1 | L52: 3 | P52: 0 | Q52: =SUM(M52:P52) -> 0 | R52: =+SETAHUN!H53 -> 1338700 | S52: =+SETAHUN!K53 -> 0 | T52: 0 | U52: =+SETAHUN!F53+M52+N52 -> 10112866 | V52: 0 | W52: =+SETAHUN!U53+O52 -> 562882.32 | X52: 0 | Y52: 0 | Z52: =SUM(R52:T52) -> 1338700 | AA52: =SUM(U52:Z52) -> 12014448 | AB52: =ROUND(IF((AA52)*5%>6000000,6000000,(AA52)*5%),0) -> 600722 | AC52: =('ASTEK+PENSIUN-DIISI SMPAI DES'!O141+'ASTEK+PENSIUN-DIISI SMPAI DES'!O55) -> 348894 | AD52: =AA52-AB52-AC52 -> 11064832 | AE52: =IFERROR(VLOOKUP(I52,TARIF,3,FALSE),0) -> 63000000 | AF52: =ROUNDDOWN(IF(AD52<=AE52,0,IF(AD52>AE52,AD52-AE52)),-3) -> 0 | AG52: =IF(AF52>5000000000,AF52*35%-306000000,IF(AF52>500000000,AF52*30%-56000000,IF(AF52>250000000,AF52*25%-31000000,IF(AF52>60000000,AF52*15%-6000000,AF52*5%)))) -> 0 | AH52: =ROUND(IF(E52=0,AG52*120%,AG52),0) -> 0 | AI52: =+'PAJAK JAN-NOV'!R49 -> 0 | AJ52: =IF(AG52<=AI52,0,IF(AG52>AI52,AG52-AI52)) -> 0 | AK52: =+'PAJAK JAN-NOV'!B49 -> MAHYUDIN | AL52: =AI52-AH52 -> 0
B53: 48 | C53: =+PERBULAN!B53 -> ASRI | D53: 5203120107891221 | E53: - | F53: MONTOR DAKOK,PEGADANGAN,PRINGGASELA,LOMBOK TIMUR | G53: PEMANEN | H53: L | I53: TK/0 | J53: =IF(ISBLANK(I53),"",IF(OR(I53="TK/0",I53="TK/1",I53="K/0"),"TER A",IF(I53="K/3","TER C","TER B"))) -> TER A | K53: 1 | L53: 9 | P53: 0 | Q53: =SUM(M53:P53) -> 0 | R53: =+SETAHUN!H54 -> 986025 | S53: =+SETAHUN!K54 -> 75000 | T53: 0 | U53: =+SETAHUN!F54+M53+N53 -> 42556659 | V53: 0 | W53: =+SETAHUN!U54+O53 -> 1688647 | X53: 0 | Y53: 0 | Z53: =SUM(R53:T53) -> 1061025 | AA53: =SUM(U53:Z53) -> 45306331 | AB53: =ROUND(IF((AA53)*5%>6000000,6000000,(AA53)*5%),0) -> 2265317 | AC53: =('ASTEK+PENSIUN-DIISI SMPAI DES'!O142+'ASTEK+PENSIUN-DIISI SMPAI DES'!O56) -> 1046682 | AD53: =AA53-AB53-AC53 -> 41994332 | AE53: =IFERROR(VLOOKUP(I53,TARIF,3,FALSE),0) -> 54000000 | AF53: =ROUNDDOWN(IF(AD53<=AE53,0,IF(AD53>AE53,AD53-AE53)),-3) -> 0 | AG53: =IF(AF53>5000000000,AF53*35%-306000000,IF(AF53>500000000,AF53*30%-56000000,IF(AF53>250000000,AF53*25%-31000000,IF(AF53>60000000,AF53*15%-6000000,AF53*5%)))) -> 0 | AH53: =ROUND(IF(E53=0,AG53*120%,AG53),0) -> 0 | AI53: =+'PAJAK JAN-NOV'!R50 -> 191059 | AJ53: =IF(AG53<=AI53,0,IF(AG53>AI53,AG53-AI53)) -> 0 | AK53: =+'PAJAK JAN-NOV'!B50 -> ASRI | AL53: =AI53-AH53 -> 191059
B54: 49 | C54: =+PERBULAN!B54 -> RUSDIANTO | D54: 5202111701940001 | E54: - | F54: LINGKUNGAN JEMPONG TIMUR,SEKARBELA,MATARAM,NUSA TENGGARA BARAT | G54: PEMANEN | H54: L | I54: K/2 | J54: =IF(ISBLANK(I54),"",IF(OR(I54="TK/0",I54="TK/1",I54="K/0"),"TER A",IF(I54="K/3","TER C","TER B"))) -> TER B | K54: 1 | L54: 1 | P54: 0 | Q54: =SUM(M54:P54) -> 0 | R54: =+SETAHUN!H55 -> 0 | S54: =+SETAHUN!K55 -> 0 | T54: 0 | U54: =+SETAHUN!F55+M54+N54 -> 2006009.6 | V54: 0 | W54: =+SETAHUN!U55+O54 -> 187627.44 | X54: 0 | Y54: 0 | Z54: =SUM(R54:T54) -> 0 | AA54: =SUM(U54:Z54) -> 2193637 | AB54: =ROUND(IF((AA54)*5%>6000000,6000000,(AA54)*5%),0) -> 109682 | AC54: =('ASTEK+PENSIUN-DIISI SMPAI DES'!O143+'ASTEK+PENSIUN-DIISI SMPAI DES'!O57) -> 116298 | AD54: =AA54-AB54-AC54 -> 1967657 | AE54: =IFERROR(VLOOKUP(I54,TARIF,3,FALSE),0) -> 67500000 | AF54: =ROUNDDOWN(IF(AD54<=AE54,0,IF(AD54>AE54,AD54-AE54)),-3) -> 0 | AG54: =IF(AF54>5000000000,AF54*35%-306000000,IF(AF54>500000000,AF54*30%-56000000,IF(AF54>250000000,AF54*25%-31000000,IF(AF54>60000000,AF54*15%-6000000,AF54*5%)))) -> 0 | AH54: =ROUND(IF(E54=0,AG54*120%,AG54),0) -> 0 | AI54: =+'PAJAK JAN-NOV'!R51 -> 0 | AJ54: =IF(AG54<=AI54,0,IF(AG54>AI54,AG54-AI54)) -> 0 | AK54: =+'PAJAK JAN-NOV'!B51 -> RUSDIANTO | AL54: =AI54-AH54 -> 0
B55: 50 | C55: =+PERBULAN!B55 -> LALU MUHAMAD HADI | D55: 5.2020101e+15 | E55: - | F55: MARUNG RT 001 RW 000,BUNUT BAOK,PRAYA,LOMBOK TENGAH | G55: PEMANEN | H55: L | I55: K/0 | J55: =IF(ISBLANK(I55),"",IF(OR(I55="TK/0",I55="TK/1",I55="K/0"),"TER A",IF(I55="K/3","TER C","TER B"))) -> TER A | K55: 1 | L55: 1 | P55: 0 | Q55: =SUM(M55:P55) -> 0 | R55: =+SETAHUN!H56 -> 0 | S55: =+SETAHUN!K56 -> 0 | T55: 0 | U55: =+SETAHUN!F56+M55+N55 -> 1704881.6 | V55: 0 | W55: =+SETAHUN!U56+O55 -> 187627.44 | X55: 0 | Y55: 0 | Z55: =SUM(R55:T55) -> 0 | AA55: =SUM(U55:Z55) -> 1892509 | AB55: =ROUND(IF((AA55)*5%>6000000,6000000,(AA55)*5%),0) -> 94625 | AC55: =('ASTEK+PENSIUN-DIISI SMPAI DES'!O144+'ASTEK+PENSIUN-DIISI SMPAI DES'!O58) -> 116298 | AD55: =AA55-AB55-AC55 -> 1681586 | AE55: =IFERROR(VLOOKUP(I55,TARIF,3,FALSE),0) -> 58500000 | AF55: =ROUNDDOWN(IF(AD55<=AE55,0,IF(AD55>AE55,AD55-AE55)),-3) -> 0 | AG55: =IF(AF55>5000000000,AF55*35%-306000000,IF(AF55>500000000,AF55*30%-56000000,IF(AF55>250000000,AF55*25%-31000000,IF(AF55>60000000,AF55*15%-6000000,AF55*5%)))) -> 0 | AH55: =ROUND(IF(E55=0,AG55*120%,AG55),0) -> 0 | AI55: =+'PAJAK JAN-NOV'!R52 -> 0 | AJ55: =IF(AG55<=AI55,0,IF(AG55>AI55,AG55-AI55)) -> 0 | AK55: =+'PAJAK JAN-NOV'!B52 -> LALU MUHAMAD HADI | AL55: =AI55-AH55 -> 0
B56: 51 | C56: =+PERBULAN!B56 -> RIJAL | D56: 1902012706890008 | E56: - | F56: DSN SELINDANG RT. 006 RW. 002 DESA SENYUBUK KEC. KELAPA KAMPIT | G56: PEMANEN | H56: L | I56: K/1 | J56: =IF(ISBLANK(I56),"",IF(OR(I56="TK/0",I56="TK/1",I56="K/0"),"TER A",IF(I56="K/3","TER C","TER B"))) -> TER B | K56: 1 | L56: 12 | M56: =30*129220 -> 3876600 | N56: 179000 | O56: 188232.44 | P56: 0 | Q56: =SUM(M56:P56) -> 4243832.4 | R56: =+SETAHUN!H57 -> 4026100 | S56: =+SETAHUN!K57 -> 200000 | T56: 0 | U56: =+SETAHUN!F57+M56+N56 -> 49786090 | V56: 0 | W56: =+SETAHUN!U57+O56 -> 2257317.3 | X56: 0 | Y56: 0 | Z56: =SUM(R56:T56) -> 4226100 | AA56: =SUM(U56:Z56) -> 56269507 | AB56: =ROUND(IF((AA56)*5%>6000000,6000000,(AA56)*5%),0) -> 2813475 | AC56: =('ASTEK+PENSIUN-DIISI SMPAI DES'!O145+'ASTEK+PENSIUN-DIISI SMPAI DES'!O59) -> 1397676 | AD56: =AA56-AB56-AC56 -> 52058356 | AE56: =IFERROR(VLOOKUP(I56,TARIF,3,FALSE),0) -> 63000000 | AF56: =ROUNDDOWN(IF(AD56<=AE56,0,IF(AD56>AE56,AD56-AE56)),-3) -> 0 | AG56: =IF(AF56>5000000000,AF56*35%-306000000,IF(AF56>500000000,AF56*30%-56000000,IF(AF56>250000000,AF56*25%-31000000,IF(AF56>60000000,AF56*15%-6000000,AF56*5%)))) -> 0 | AH56: =ROUND(IF(E56=0,AG56*120%,AG56),0) -> 0 | AI56: =+'PAJAK JAN-NOV'!R53 -> 84012 | AJ56: =IF(AG56<=AI56,0,IF(AG56>AI56,AG56-AI56)) -> 0 | AK56: =+'PAJAK JAN-NOV'!B53 -> RIJAL | AL56: =AI56-AH56 -> 84012
B57: 52 | C57: =+PERBULAN!B57 -> FAHRUDIN | D57: 5201123112900092 | E57: - | F57: DUMAN DASAN,KEL DUMAN,KEC LINGSAR LOMBOK BARAT | G57: PEMANEN | H57: L | I57: TK/0 | J57: =IF(ISBLANK(I57),"",IF(OR(I57="TK/0",I57="TK/1",I57="K/0"),"TER A",IF(I57="K/3","TER C","TER B"))) -> TER A | K57: 3 | L57: 12 | M57: =31*129220 -> 4005820 | N57: 1455820 | O57: 187627.44 | P57: 0 | Q57: =SUM(M57:P57) -> 5649267.4 | R57: =+SETAHUN!H58 -> 0 | S57: =+SETAHUN!K58 -> 0 | T57: 0 | U57: =+SETAHUN!F58+M57+N57 -> 53314341 | V57: 0 | W57: =+SETAHUN!U58+O57 -> 1876274.4 | X57: 0 | Y57: 0 | Z57: =SUM(R57:T57) -> 0 | AA57: =SUM(U57:Z57) -> 55190615 | AB57: =ROUND(IF((AA57)*5%>6000000,6000000,(AA57)*5%),0) -> 2759531 | AC57: =('ASTEK+PENSIUN-DIISI SMPAI DES'!O146+'ASTEK+PENSIUN-DIISI SMPAI DES'!O60) -> 1162980 | AD57: =AA57-AB57-AC57 -> 51268104 | AE57: =IFERROR(VLOOKUP(I57,TARIF,3,FALSE),0) -> 54000000 | AF57: =ROUNDDOWN(IF(AD57<=AE57,0,IF(AD57>AE57,AD57-AE57)),-3) -> 0 | AG57: =IF(AF57>5000000000,AF57*35%-306000000,IF(AF57>500000000,AF57*30%-56000000,IF(AF57>250000000,AF57*25%-31000000,IF(AF57>60000000,AF57*15%-6000000,AF57*5%)))) -> 0 | AH57: =ROUND(IF(E57=0,AG57*120%,AG57),0) -> 0 | AI57: =+'PAJAK JAN-NOV'!R54 -> 284296 | AJ57: =IF(AG57<=AI57,0,IF(AG57>AI57,AG57-AI57)) -> 0 | AK57: =+'PAJAK JAN-NOV'!B54 -> FAHRUDIN | AL57: =AI57-AH57 -> 284296
B58: 53 | C58: =+PERBULAN!B58 -> HERIANTO ARBI | D58: 5203013105010004 | E58: - | F58: LINGKOK RAMBEN KEC,KERUAK LOMBOK TIMUR | G58: PEMANEN | H58: L | I58: TK/0 | J58: =IF(ISBLANK(I58),"",IF(OR(I58="TK/0",I58="TK/1",I58="K/0"),"TER A",IF(I58="K/3","TER C","TER B"))) -> TER A | K58: 5 | L58: 12 | M58: =31*129220 -> 4005820 | N58: 858020 | O58: 187627.44 | P58: 0 | Q58: =SUM(M58:P58) -> 5051467.4 | R58: =+SETAHUN!H59 -> 0 | S58: =+SETAHUN!K59 -> 0 | T58: 0 | U58: =+SETAHUN!F59+M58+N58 -> 39972719 | V58: 0 | W58: =+SETAHUN!U59+O58 -> 1501019.5 | X58: 0 | Y58: 0 | Z58: =SUM(R58:T58) -> 0 | AA58: =SUM(U58:Z58) -> 41473738 | AB58: =ROUND(IF((AA58)*5%>6000000,6000000,(AA58)*5%),0) -> 2073687 | AC58: =('ASTEK+PENSIUN-DIISI SMPAI DES'!O147+'ASTEK+PENSIUN-DIISI SMPAI DES'!O61) -> 930384 | AD58: =AA58-AB58-AC58 -> 38469667 | AE58: =IFERROR(VLOOKUP(I58,TARIF,3,FALSE),0) -> 54000000 | AF58: =ROUNDDOWN(IF(AD58<=AE58,0,IF(AD58>AE58,AD58-AE58)),-3) -> 0 | AG58: =IF(AF58>5000000000,AF58*35%-306000000,IF(AF58>500000000,AF58*30%-56000000,IF(AF58>250000000,AF58*25%-31000000,IF(AF58>60000000,AF58*15%-6000000,AF58*5%)))) -> 0 | AH58: =ROUND(IF(E58=0,AG58*120%,AG58),0) -> 0 | AI58: =+'PAJAK JAN-NOV'!R55 -> 60502 | AJ58: =IF(AG58<=AI58,0,IF(AG58>AI58,AG58-AI58)) -> 0 | AK58: =+'PAJAK JAN-NOV'!B55 -> HERIANTO ARBI | AL58: =AI58-AH58 -> 60502
B59: 54 | C59: =+PERBULAN!B59 -> EKO SUMANJAYA | D59: 1902041601840001 | E59: 75.739.968.8-305.000 | F59: JL.SIJUK RT.002 RW.001 DESA AIR SELUMAR KEC. SIJUK | G59: KARYAWAN PERAWATAN | H59: L | I59: K/1 | J59: =IF(ISBLANK(I59),"",IF(OR(I59="TK/0",I59="TK/1",I59="K/0"),"TER A",IF(I59="K/3","TER C","TER B"))) -> TER B | K59: 1 | L59: 12 | M59: =29*129220 -> 3747380 | N59: 167850 | O59: 189224.64 | P59: 0 | Q59: =SUM(M59:P59) -> 4104454.6 | R59: =+SETAHUN!H60 -> 4046100 | S59: =+SETAHUN!K60 -> 200000 | T59: 0 | U59: =+SETAHUN!F60+M59+N59 -> 49382672 | V59: 0 | W59: =+SETAHUN!U60+O59 -> 2267636.9 | X59: 0 | Y59: 0 | Z59: =SUM(R59:T59) -> 4246100 | AA59: =SUM(U59:Z59) -> 55896409 | AB59: =ROUND(IF((AA59)*5%>6000000,6000000,(AA59)*5%),0) -> 2794820 | AC59: =('ASTEK+PENSIUN-DIISI SMPAI DES'!O148+'ASTEK+PENSIUN-DIISI SMPAI DES'!O62) -> 1401246 | AD59: =AA59-AB59-AC59 -> 51700343 | AE59: =IFERROR(VLOOKUP(I59,TARIF,3,FALSE),0) -> 63000000 | AF59: =ROUNDDOWN(IF(AD59<=AE59,0,IF(AD59>AE59,AD59-AE59)),-3) -> 0 | AG59: =IF(AF59>5000000000,AF59*35%-306000000,IF(AF59>500000000,AF59*30%-56000000,IF(AF59>250000000,AF59*25%-31000000,IF(AF59>60000000,AF59*15%-6000000,AF59*5%)))) -> 0 | AH59: =ROUND(IF(E59=0,AG59*120%,AG59),0) -> 0 | AI59: =+'PAJAK JAN-NOV'!R56 -> 87005 | AJ59: =IF(AG59<=AI59,0,IF(AG59>AI59,AG59-AI59)) -> 0 | AK59: =+'PAJAK JAN-NOV'!B56 -> EKO SUMANJAYA | AL59: =AI59-AH59 -> 87005
B60: 55 | C60: =+PERBULAN!B60 -> DEKY FRANZA | D60: 1902043007940002 | E60: - | F60: JL.SIJUK RT.015 RW.006 DESA AIR SERUK KEC. SIJUK KAB. BELITUNG | G60: KARYAWAN PERAWATAN | H60: L | I60: TK/0 | J60: =IF(ISBLANK(I60),"",IF(OR(I60="TK/0",I60="TK/1",I60="K/0"),"TER A",IF(I60="K/3","TER C","TER B"))) -> TER A | K60: 1 | L60: 12 | M60: =26*129220 -> 3359720 | N60: 189287.28 | O60: 187748.44 | P60: 0 | Q60: =SUM(M60:P60) -> 3736755.7 | R60: =+SETAHUN!H61 -> 3286750 | S60: =+SETAHUN!K61 -> 116667 | T60: 0 | U60: =+SETAHUN!F61+M60+N60 -> 47670740 | V60: 0 | W60: =+SETAHUN!U61+O60 -> 2252455.3 | X60: 0 | Y60: 0 | Z60: =SUM(R60:T60) -> 3403417 | AA60: =SUM(U60:Z60) -> 53326613 | AB60: =ROUND(IF((AA60)*5%>6000000,6000000,(AA60)*5%),0) -> 2666331 | AC60: =('ASTEK+PENSIUN-DIISI SMPAI DES'!O149+'ASTEK+PENSIUN-DIISI SMPAI DES'!O63) -> 1396026 | AD60: =AA60-AB60-AC60 -> 49264256 | AE60: =IFERROR(VLOOKUP(I60,TARIF,3,FALSE),0) -> 54000000 | AF60: =ROUNDDOWN(IF(AD60<=AE60,0,IF(AD60>AE60,AD60-AE60)),-3) -> 0 | AG60: =IF(AF60>5000000000,AF60*35%-306000000,IF(AF60>500000000,AF60*30%-56000000,IF(AF60>250000000,AF60*25%-31000000,IF(AF60>60000000,AF60*15%-6000000,AF60*5%)))) -> 0 | AH60: =ROUND(IF(E60=0,AG60*120%,AG60),0) -> 0 | AI60: =+'PAJAK JAN-NOV'!R57 -> 113237 | AJ60: =IF(AG60<=AI60,0,IF(AG60>AI60,AG60-AI60)) -> 0 | AK60: =+'PAJAK JAN-NOV'!B57 -> DEKY FRANZA | AL60: =AI60-AH60 -> 113237
B61: 56 | C61: =+PERBULAN!B61 -> SUMARDI | D61: 1906042410840002 | E61: 75.816.999.9-305.000 | F61: DSN.CENDIL RT.005 RW. 002DESA CENDIL KEC.KELAPA KAMPIT | G61: KARYAWAN PERAWATAN | H61: L | I61: K/1 | J61: =IF(ISBLANK(I61),"",IF(OR(I61="TK/0",I61="TK/1",I61="K/0"),"TER A",IF(I61="K/3","TER C","TER B"))) -> TER B | K61: 1 | L61: 12 | M61: =27*129220 -> 3488940 | N61: 140400 | O61: 188934.24 | P61: 0 | Q61: =SUM(M61:P61) -> 3818274.2 | R61: =+SETAHUN!H62 -> 4026600 | S61: =+SETAHUN!K62 -> 200000 | T61: 0 | U61: =+SETAHUN!F62+M61+N61 -> 48886876 | V61: 0 | W61: =+SETAHUN!U62+O61 -> 2264984.9 | X61: 0 | Y61: 0 | Z61: =SUM(R61:T61) -> 4226600 | AA61: =SUM(U61:Z61) -> 55378461 | AB61: =ROUND(IF((AA61)*5%>6000000,6000000,(AA61)*5%),0) -> 2768923 | AC61: =('ASTEK+PENSIUN-DIISI SMPAI DES'!O150+'ASTEK+PENSIUN-DIISI SMPAI DES'!O64) -> 1400346 | AD61: =AA61-AB61-AC61 -> 51209192 | AE61: =IFERROR(VLOOKUP(I61,TARIF,3,FALSE),0) -> 63000000 | AF61: =ROUNDDOWN(IF(AD61<=AE61,0,IF(AD61>AE61,AD61-AE61)),-3) -> 0 | AG61: =IF(AF61>5000000000,AF61*35%-306000000,IF(AF61>500000000,AF61*30%-56000000,IF(AF61>250000000,AF61*25%-31000000,IF(AF61>60000000,AF61*15%-6000000,AF61*5%)))) -> 0 | AH61: =ROUND(IF(E61=0,AG61*120%,AG61),0) -> 0 | AI61: =+'PAJAK JAN-NOV'!R58 -> 86898 | AJ61: =IF(AG61<=AI61,0,IF(AG61>AI61,AG61-AI61)) -> 0 | AK61: =+'PAJAK JAN-NOV'!B58 -> SUMARDI | AL61: =AI61-AH61 -> 86898
B62: 57 | C62: =+PERBULAN!B62 -> SUKARDI | D62: 1902012411010002 | E62: - | F62: JL.MUSTAFA GANI RT.010 RW.05 DESA SIJUK KEC.SIJUK KAB.BELITUNG | G62: KARYAWAN PERAWATAN | H62: L | I62: K/0 | J62: =IF(ISBLANK(I62),"",IF(OR(I62="TK/0",I62="TK/1",I62="K/0"),"TER A",IF(I62="K/3","TER C","TER B"))) -> TER A | K62: 1 | L62: 12 | M62: =29*129220 -> 3747380 | N62: 109800 | O62: 187748.44 | P62: 0 | Q62: =SUM(M62:P62) -> 4044928.4 | R62: =+SETAHUN!H63 -> 3655300 | S62: =+SETAHUN!K63 -> 133333 | T62: 0 | U62: =+SETAHUN!F63+M62+N62 -> 49909542 | V62: 0 | W62: =+SETAHUN!U63+O62 -> 2252555.3 | X62: 0 | Y62: 0 | Z62: =SUM(R62:T62) -> 3788633 | AA62: =SUM(U62:Z62) -> 55950730 | AB62: =ROUND(IF((AA62)*5%>6000000,6000000,(AA62)*5%),0) -> 2797537 | AC62: =('ASTEK+PENSIUN-DIISI SMPAI DES'!O151+'ASTEK+PENSIUN-DIISI SMPAI DES'!O65) -> 1396026 | AD62: =AA62-AB62-AC62 -> 51757167 | AE62: =IFERROR(VLOOKUP(I62,TARIF,3,FALSE),0) -> 58500000 | AF62: =ROUNDDOWN(IF(AD62<=AE62,0,IF(AD62>AE62,AD62-AE62)),-3) -> 0 | AG62: =IF(AF62>5000000000,AF62*35%-306000000,IF(AF62>500000000,AF62*30%-56000000,IF(AF62>250000000,AF62*25%-31000000,IF(AF62>60000000,AF62*15%-6000000,AF62*5%)))) -> 0 | AH62: =ROUND(IF(E62=0,AG62*120%,AG62),0) -> 0 | AI62: =+'PAJAK JAN-NOV'!R59 -> 126195 | AJ62: =IF(AG62<=AI62,0,IF(AG62>AI62,AG62-AI62)) -> 0 | AK62: =+'PAJAK JAN-NOV'!B59 -> SUKARDI | AL62: =AI62-AH62 -> 126195
B63: 58 | C63: =+PERBULAN!B63 -> YANTI NOVITA | D63: 1906046009720002 | E63: 972285258305000 | F63: AIR BATU BUDING RT. 003 RW. 002 DS AIR BATU BUDING KEC. BADAU | G63: KARYAWAN PERAWATAN | H63: P | I63: TK/0 | J63: =IF(ISBLANK(I63),"",IF(OR(I63="TK/0",I63="TK/1",I63="K/0"),"TER A",IF(I63="K/3","TER C","TER B"))) -> TER A | K63: 1 | L63: 12 | M63: =31*129220 -> 4005820 | N63: 120250 | O63: 190071.64 | P63: 0 | Q63: =SUM(M63:P63) -> 4316141.6 | R63: =+SETAHUN!H64 -> 3991100 | S63: =+SETAHUN!K64 -> 200000 | T63: 0 | U63: =+SETAHUN!F64+M63+N63 -> 48019941 | V63: 0 | W63: =+SETAHUN!U64+O63 -> 2274747.5 | X63: 0 | Y63: 0 | Z63: =SUM(R63:T63) -> 4191100 | AA63: =SUM(U63:Z63) -> 54485789 | AB63: =ROUND(IF((AA63)*5%>6000000,6000000,(AA63)*5%),0) -> 2724289 | AC63: =('ASTEK+PENSIUN-DIISI SMPAI DES'!O152+'ASTEK+PENSIUN-DIISI SMPAI DES'!O66) -> 1404141 | AD63: =AA63-AB63-AC63 -> 50357359 | AE63: =IFERROR(VLOOKUP(I63,TARIF,3,FALSE),0) -> 54000000 | AF63: =ROUNDDOWN(IF(AD63<=AE63,0,IF(AD63>AE63,AD63-AE63)),-3) -> 0 | AG63: =IF(AF63>5000000000,AF63*35%-306000000,IF(AF63>500000000,AF63*30%-56000000,IF(AF63>250000000,AF63*25%-31000000,IF(AF63>60000000,AF63*15%-6000000,AF63*5%)))) -> 0 | AH63: =ROUND(IF(E63=0,AG63*120%,AG63),0) -> 0 | AI63: =+'PAJAK JAN-NOV'!R60 -> 124548 | AJ63: =IF(AG63<=AI63,0,IF(AG63>AI63,AG63-AI63)) -> 0 | AK63: =+'PAJAK JAN-NOV'!B60 -> YANTI NOVITA | AL63: =AI63-AH63 -> 124548
B64: 59 | C64: =+PERBULAN!B64 -> FRANSISCO GAUTAMA | D64: 1906041411920002 | E64: 97.228.354.3-305.000 | F64: DSN CENDIL RT. 001 RW.001 DESA CENDIL KECAMATAN KELAPA KAMPIT | G64: KARYAWAN PERAWATAN | H64: L | I64: K/1 | J64: =IF(ISBLANK(I64),"",IF(OR(I64="TK/0",I64="TK/1",I64="K/0"),"TER A",IF(I64="K/3","TER C","TER B"))) -> TER B | K64: 1 | L64: 12 | M64: =30*129220 -> 3876600 | N64: 475659.4 | O64: 189563.44 | P64: 0 | Q64: =SUM(M64:P64) -> 4541822.8 | R64: =+SETAHUN!H65 -> 4052600 | S64: =+SETAHUN!K65 -> 200000 | T64: 0 | U64: =+SETAHUN!F65+M64+N64 -> 51323421 | V64: 0 | W64: =+SETAHUN!U65+O64 -> 2271058.3 | X64: 0 | Y64: 0 | Z64: =SUM(R64:T64) -> 4252600 | AA64: =SUM(U64:Z64) -> 57847079 | AB64: =ROUND(IF((AA64)*5%>6000000,6000000,(AA64)*5%),0) -> 2892354 | AC64: =('ASTEK+PENSIUN-DIISI SMPAI DES'!O153+'ASTEK+PENSIUN-DIISI SMPAI DES'!O67) -> 1402251 | AD64: =AA64-AB64-AC64 -> 53552474 | AE64: =IFERROR(VLOOKUP(I64,TARIF,3,FALSE),0) -> 63000000 | AF64: =ROUNDDOWN(IF(AD64<=AE64,0,IF(AD64>AE64,AD64-AE64)),-3) -> 0 | AG64: =IF(AF64>5000000000,AF64*35%-306000000,IF(AF64>500000000,AF64*30%-56000000,IF(AF64>250000000,AF64*25%-31000000,IF(AF64>60000000,AF64*15%-6000000,AF64*5%)))) -> 0 | AH64: =ROUND(IF(E64=0,AG64*120%,AG64),0) -> 0 | AI64: =+'PAJAK JAN-NOV'!R61 -> 85072 | AJ64: =IF(AG64<=AI64,0,IF(AG64>AI64,AG64-AI64)) -> 0 | AK64: =+'PAJAK JAN-NOV'!B61 -> FRANSISCO GAUTAMA | AL64: =AI64-AH64 -> 85072
B65: 60 | C65: =+PERBULAN!B65 -> MUSDI | D65: 1902042209790003 | E65: 91.071.385.8.305-000 | F65: SUNGAI PADANG RT. 007 RW. 004 DESA SUNGAI PADANG KEC. SIJUK | G65: KARYAWAN PERAWATAN | H65: L | I65: K/2 | J65: =IF(ISBLANK(I65),"",IF(OR(I65="TK/0",I65="TK/1",I65="K/0"),"TER A",IF(I65="K/3","TER C","TER B"))) -> TER B | K65: 1 | L65: 12 | M65: =30*129220 -> 3876600 | N65: 166500 | O65: 188934.24 | P65: 0 | Q65: =SUM(M65:P65) -> 4232034.2 | R65: =+SETAHUN!H66 -> 4067100 | S65: =+SETAHUN!K66 -> 200000 | T65: 0 | U65: =+SETAHUN!F66+M65+N65 -> 51729509 | V65: 0 | W65: =+SETAHUN!U66+O65 -> 2264839.7 | X65: 0 | Y65: 0 | Z65: =SUM(R65:T65) -> 4267100 | AA65: =SUM(U65:Z65) -> 58261448 | AB65: =ROUND(IF((AA65)*5%>6000000,6000000,(AA65)*5%),0) -> 2913072 | AC65: =('ASTEK+PENSIUN-DIISI SMPAI DES'!O154+'ASTEK+PENSIUN-DIISI SMPAI DES'!O68) -> 1400256 | AD65: =AA65-AB65-AC65 -> 53948120 | AE65: =IFERROR(VLOOKUP(I65,TARIF,3,FALSE),0) -> 67500000 | AF65: =ROUNDDOWN(IF(AD65<=AE65,0,IF(AD65>AE65,AD65-AE65)),-3) -> 0 | AG65: =IF(AF65>5000000000,AF65*35%-306000000,IF(AF65>500000000,AF65*30%-56000000,IF(AF65>250000000,AF65*25%-31000000,IF(AF65>60000000,AF65*15%-6000000,AF65*5%)))) -> 0 | AH65: =ROUND(IF(E65=0,AG65*120%,AG65),0) -> 0 | AI65: =+'PAJAK JAN-NOV'!R62 -> 85882 | AJ65: =IF(AG65<=AI65,0,IF(AG65>AI65,AG65-AI65)) -> 0 | AK65: =+'PAJAK JAN-NOV'!B62 -> MUSDI | AL65: =AI65-AH65 -> 85882
B66: 61 | C66: =+PERBULAN!B66 -> M.IDRIS PRATAMA | D66: 5203070107900586 | E66: - | F66: GUNUNG SIUP RT0.24/-DS DENGGEN KEC SELONG KAB.LOMBOK TIMUR | G66: KARYAWAN PERAWATAN | H66: L | I66: TK/0 | J66: =IF(ISBLANK(I66),"",IF(OR(I66="TK/0",I66="TK/1",I66="K/0"),"TER A",IF(I66="K/3","TER C","TER B"))) -> TER A | K66: 1 | L66: 12 | M66: =28*129220 -> 3618160 | N66: 51250.204 | O66: 187869.44 | P66: 0 | Q66: =SUM(M66:P66) -> 3857279.6 | R66: =+SETAHUN!H67 -> 3946600 | S66: =+SETAHUN!K67 -> 200000 | T66: 0 | U66: =+SETAHUN!F67+M66+N66 -> 51007807 | V66: 0 | W66: =+SETAHUN!U67+O66 -> 2253781.3 | X66: 0 | Y66: 0 | Z66: =SUM(R66:T66) -> 4146600 | AA66: =SUM(U66:Z66) -> 57408189 | AB66: =ROUND(IF((AA66)*5%>6000000,6000000,(AA66)*5%),0) -> 2870409 | AC66: =('ASTEK+PENSIUN-DIISI SMPAI DES'!O155+'ASTEK+PENSIUN-DIISI SMPAI DES'!O69) -> 1396476 | AD66: =AA66-AB66-AC66 -> 53141304 | AE66: =IFERROR(VLOOKUP(I66,TARIF,3,FALSE),0) -> 54000000 | AF66: =ROUNDDOWN(IF(AD66<=AE66,0,IF(AD66>AE66,AD66-AE66)),-3) -> 0 | AG66: =IF(AF66>5000000000,AF66*35%-306000000,IF(AF66>500000000,AF66*30%-56000000,IF(AF66>250000000,AF66*25%-31000000,IF(AF66>60000000,AF66*15%-6000000,AF66*5%)))) -> 0 | AH66: =ROUND(IF(E66=0,AG66*120%,AG66),0) -> 0 | AI66: =+'PAJAK JAN-NOV'!R63 -> 193365 | AJ66: =IF(AG66<=AI66,0,IF(AG66>AI66,AG66-AI66)) -> 0 | AK66: =+'PAJAK JAN-NOV'!B63 -> M.IDRIS PRATAMA | AL66: =AI66-AH66 -> 193365
B67: 62 | C67: =+PERBULAN!B67 -> NOLA WILANDA | D67: 1902055106030002 | E67: - | F67: AIR BATU BUDING RT. 001 RW. 001 DESA AIR BATU BUDING KEC. BADAU | G67: KARYAWAN PERAWATAN | H67: P | I67: TK/0 | J67: =IF(ISBLANK(I67),"",IF(OR(I67="TK/0",I67="TK/1",I67="K/0"),"TER A",IF(I67="K/3","TER C","TER B"))) -> TER A | K67: 9 | L67: 12 | M67: =31*129220 -> 4005820 | N67: 69750 | O67: 187627.44 | P67: 0 | Q67: =SUM(M67:P67) -> 4263197.4 | R67: =+SETAHUN!H68 -> 0 | S67: =+SETAHUN!K68 -> 0 | T67: 0 | U67: =+SETAHUN!F68+M67+N67 -> 15834589 | V67: 0 | W67: =+SETAHUN!U68+O67 -> 750509.76 | X67: 0 | Y67: 0 | Z67: =SUM(R67:T67) -> 0 | AA67: =SUM(U67:Z67) -> 16585098 | AB67: =ROUND(IF((AA67)*5%>6000000,6000000,(AA67)*5%),0) -> 829255 | AC67: =('ASTEK+PENSIUN-DIISI SMPAI DES'!O156+'ASTEK+PENSIUN-DIISI SMPAI DES'!O70) -> 465192 | AD67: =AA67-AB67-AC67 -> 15290651 | AE67: =IFERROR(VLOOKUP(I67,TARIF,3,FALSE),0) -> 54000000 | AF67: =ROUNDDOWN(IF(AD67<=AE67,0,IF(AD67>AE67,AD67-AE67)),-3) -> 0 | AG67: =IF(AF67>5000000000,AF67*35%-306000000,IF(AF67>500000000,AF67*30%-56000000,IF(AF67>250000000,AF67*25%-31000000,IF(AF67>60000000,AF67*15%-6000000,AF67*5%)))) -> 0 | AH67: =ROUND(IF(E67=0,AG67*120%,AG67),0) -> 0 | AI67: =+'PAJAK JAN-NOV'!R64 -> 0 | AJ67: =IF(AG67<=AI67,0,IF(AG67>AI67,AG67-AI67)) -> 0 | AK67: =+'PAJAK JAN-NOV'!B64 -> NOLA WILANDA | AL67: =AI67-AH67 -> 0
B68: 63 | C68: =+PERBULAN!B68 -> AGUSTIAN | D68: 1902050108980001 | E68: - | F68: AIR BATU BUDING RT. 005 RW. 003 DESA AIR BATU BUDING KEC. BADAU | G68: KARYAWAN PERAWATAN | H68: L | I68: TK/0 | J68: =IF(ISBLANK(I68),"",IF(OR(I68="TK/0",I68="TK/1",I68="K/0"),"TER A",IF(I68="K/3","TER C","TER B"))) -> TER A | K68: 9 | L68: 12 | M68: =29*129220 -> 3747380 | N68: 65250 | O68: 187627.44 | P68: 0 | Q68: =SUM(M68:P68) -> 4000257.4 | R68: =+SETAHUN!H69 -> 0 | S68: =+SETAHUN!K69 -> 0 | T68: 0 | U68: =+SETAHUN!F69+M68+N68 -> 15571649 | V68: 0 | W68: =+SETAHUN!U69+O68 -> 750509.76 | X68: 0 | Y68: 0 | Z68: =SUM(R68:T68) -> 0 | AA68: =SUM(U68:Z68) -> 16322158 | AB68: =ROUND(IF((AA68)*5%>6000000,6000000,(AA68)*5%),0) -> 816108 | AC68: =('ASTEK+PENSIUN-DIISI SMPAI DES'!O157+'ASTEK+PENSIUN-DIISI SMPAI DES'!O71) -> 465192 | AD68: =AA68-AB68-AC68 -> 15040858 | AE68: =IFERROR(VLOOKUP(I68,TARIF,3,FALSE),0) -> 54000000 | AF68: =ROUNDDOWN(IF(AD68<=AE68,0,IF(AD68>AE68,AD68-AE68)),-3) -> 0 | AG68: =IF(AF68>5000000000,AF68*35%-306000000,IF(AF68>500000000,AF68*30%-56000000,IF(AF68>250000000,AF68*25%-31000000,IF(AF68>60000000,AF68*15%-6000000,AF68*5%)))) -> 0 | AH68: =ROUND(IF(E68=0,AG68*120%,AG68),0) -> 0 | AI68: =+'PAJAK JAN-NOV'!R65 -> 0 | AJ68: =IF(AG68<=AI68,0,IF(AG68>AI68,AG68-AI68)) -> 0 | AK68: =+'PAJAK JAN-NOV'!B65 -> AGUSTIAN | AL68: =AI68-AH68 -> 0
B69: 64 | C69: =+PERBULAN!B69 -> DWI MARZETI | D69: 1902054203050001 | E69: - | F69: AIR BATU BUDING RT. 004 RW. 002 DESA AIR BATU BUDING KEC. BADAU | G69: KARYAWAN PERAWATAN | H69: P | I69: TK/0 | J69: =IF(ISBLANK(I69),"",IF(OR(I69="TK/0",I69="TK/1",I69="K/0"),"TER A",IF(I69="K/3","TER C","TER B"))) -> TER A | K69: 9 | L69: 12 | M69: =31*129220 -> 4005820 | N69: 69750 | O69: 187627.44 | P69: 0 | Q69: =SUM(M69:P69) -> 4263197.4 | R69: =+SETAHUN!H70 -> 0 | S69: =+SETAHUN!K70 -> 0 | T69: 0 | U69: =+SETAHUN!F70+M69+N69 -> 15705369 | V69: 0 | W69: =+SETAHUN!U70+O69 -> 750509.76 | X69: 0 | Y69: 0 | Z69: =SUM(R69:T69) -> 0 | AA69: =SUM(U69:Z69) -> 16455878 | AB69: =ROUND(IF((AA69)*5%>6000000,6000000,(AA69)*5%),0) -> 822794 | AC69: =('ASTEK+PENSIUN-DIISI SMPAI DES'!O158+'ASTEK+PENSIUN-DIISI SMPAI DES'!O72) -> 465192 | AD69: =AA69-AB69-AC69 -> 15167892 | AE69: =IFERROR(VLOOKUP(I69,TARIF,3,FALSE),0) -> 54000000 | AF69: =ROUNDDOWN(IF(AD69<=AE69,0,IF(AD69>AE69,AD69-AE69)),-3) -> 0 | AG69: =IF(AF69>5000000000,AF69*35%-306000000,IF(AF69>500000000,AF69*30%-56000000,IF(AF69>250000000,AF69*25%-31000000,IF(AF69>60000000,AF69*15%-6000000,AF69*5%)))) -> 0 | AH69: =ROUND(IF(E69=0,AG69*120%,AG69),0) -> 0 | AI69: =+'PAJAK JAN-NOV'!R66 -> 0 | AJ69: =IF(AG69<=AI69,0,IF(AG69>AI69,AG69-AI69)) -> 0 | AK69: =+'PAJAK JAN-NOV'!B66 -> DWI MARZETI | AL69: =AI69-AH69 -> 0
B70: 65 | C70: =+PERBULAN!B70 -> SUTRA PRAYOGI | D70: 1902042107060003 | E70: - | F70: JL RAYA PELEPAK PUTE RT. 007 RW. 004 DESA PELEPAK PUTE KEC. SIJUK | G70: PEMANEN | H70: L | I70: TK/0 | J70: =IF(ISBLANK(I70),"",IF(OR(I70="TK/0",I70="TK/1",I70="K/0"),"TER A",IF(I70="K/3","TER C","TER B"))) -> TER A | K70: 10 | L70: 12 | M70: =31*129220 -> 4005820 | N70: 912428.67 | O70: 187627.44 | P70: 0 | Q70: =SUM(M70:P70) -> 5105876.1 | R70: =+SETAHUN!H71 -> 0 | S70: =+SETAHUN!K71 -> 0 | T70: 0 | U70: =+SETAHUN!F71+M70+N70 -> 14924028 | V70: 0 | W70: =+SETAHUN!U71+O70 -> 562882.32 | X70: 0 | Y70: 0 | Z70: =SUM(R70:T70) -> 0 | AA70: =SUM(U70:Z70) -> 15486910 | AB70: =ROUND(IF((AA70)*5%>6000000,6000000,(AA70)*5%),0) -> 774346 | AC70: =('ASTEK+PENSIUN-DIISI SMPAI DES'!O159+'ASTEK+PENSIUN-DIISI SMPAI DES'!O73) -> 348894 | AD70: =AA70-AB70-AC70 -> 14363670 | AE70: =IFERROR(VLOOKUP(I70,TARIF,3,FALSE),0) -> 54000000 | AF70: =ROUNDDOWN(IF(AD70<=AE70,0,IF(AD70>AE70,AD70-AE70)),-3) -> 0 | AG70: =IF(AF70>5000000000,AF70*35%-306000000,IF(AF70>500000000,AF70*30%-56000000,IF(AF70>250000000,AF70*25%-31000000,IF(AF70>60000000,AF70*15%-6000000,AF70*5%)))) -> 0 | AH70: =ROUND(IF(E70=0,AG70*120%,AG70),0) -> 0 | AI70: =+'PAJAK JAN-NOV'!R67 -> 0 | AJ70: =IF(AG70<=AI70,0,IF(AG70>AI70,AG70-AI70)) -> 0 | AK70: =+'PAJAK JAN-NOV'!B67 -> SUTRA PRAYOGI | AL70: =AI70-AH70 -> 0
B71: 66 | C71: =+PERBULAN!B71 -> SAHARUDIN | D71: 1902041509780003 | E71: 75.816.913.0-305.000 | F71: JL H ABDULLAH RT. 008 RW. 002 DESA TANJUNG TINGGI KEC. SIJUK | G71: KARYAWAN PERAWATAN | H71: L | I71: K/0 | J71: =IF(ISBLANK(I71),"",IF(OR(I71="TK/0",I71="TK/1",I71="K/0"),"TER A",IF(I71="K/3","TER C","TER B"))) -> TER A | K71: 1 | L71: 12 | M71: =29*129220 -> 3747380 | N71: 140300 | O71: 189224.64 | P71: 0 | Q71: =SUM(M71:P71) -> 4076904.6 | R71: =+SETAHUN!H72 -> 4017600 | S71: =+SETAHUN!K72 -> 200000 | T71: 0 | U71: =+SETAHUN!F72+M71+N71 -> 47818437 | V71: 0 | W71: =+SETAHUN!U72+O71 -> 2267876.9 | X71: 0 | Y71: 0 | Z71: =SUM(R71:T71) -> 4217600 | AA71: =SUM(U71:Z71) -> 54303914 | AB71: =ROUND(IF((AA71)*5%>6000000,6000000,(AA71)*5%),0) -> 2715196 | AC71: =('ASTEK+PENSIUN-DIISI SMPAI DES'!O160+'ASTEK+PENSIUN-DIISI SMPAI DES'!O74) -> 1401246 | AD71: =AA71-AB71-AC71 -> 50187472 | AE71: =IFERROR(VLOOKUP(I71,TARIF,3,FALSE),0) -> 58500000 | AF71: =ROUNDDOWN(IF(AD71<=AE71,0,IF(AD71>AE71,AD71-AE71)),-3) -> 0 | AG71: =IF(AF71>5000000000,AF71*35%-306000000,IF(AF71>500000000,AF71*30%-56000000,IF(AF71>250000000,AF71*25%-31000000,IF(AF71>60000000,AF71*15%-6000000,AF71*5%)))) -> 0 | AH71: =ROUND(IF(E71=0,AG71*120%,AG71),0) -> 0 | AI71: =+'PAJAK JAN-NOV'!R68 -> 123360 | AJ71: =IF(AG71<=AI71,0,IF(AG71>AI71,AG71-AI71)) -> 0 | AK71: =+'PAJAK JAN-NOV'!B68 -> SAHARUDIN | AL71: =AI71-AH71 -> 123360
B72: 67 | C72: =+PERBULAN!B72 -> 0 | J72: =IF(ISBLANK(I72),"",IF(OR(I72="TK/0",I72="TK/1",I72="K/0"),"TER A",IF(I72="K/3","TER C","TER B"))) | P72: 0 | Q72: =SUM(M72:P72) -> 0 | R72: =+SETAHUN!H73 -> 0 | S72: =+SETAHUN!K73 -> 0 | T72: 0 | U72: =+SETAHUN!F73+M72+N72 -> 0 | V72: 0 | W72: =+SETAHUN!U73+O72 -> 0 | X72: 0 | Y72: 0 | Z72: =SUM(R72:T72) -> 0 | AA72: =SUM(U72:Z72) -> 0 | AB72: =ROUND(IF((AA72)*5%>6000000,6000000,(AA72)*5%),0) -> 0 | AC72: =('ASTEK+PENSIUN-DIISI SMPAI DES'!O161+'ASTEK+PENSIUN-DIISI SMPAI DES'!O75) -> 0 | AD72: =AA72-AB72-AC72 -> 0 | AE72: =IFERROR(VLOOKUP(I72,TARIF,3,FALSE),0) -> 0 | AF72: =ROUNDDOWN(IF(AD72<=AE72,0,IF(AD72>AE72,AD72-AE72)),-3) -> 0 | AG72: =IF(AF72>5000000000,AF72*35%-306000000,IF(AF72>500000000,AF72*30%-56000000,IF(AF72>250000000,AF72*25%-31000000,IF(AF72>60000000,AF72*15%-6000000,AF72*5%)))) -> 0 | AH72: =ROUND(IF(E72=0,AG72*120%,AG72),0) -> 0 | AI72: =+'PAJAK JAN-NOV'!R69 -> 0 | AJ72: =IF(AG72<=AI72,0,IF(AG72>AI72,AG72-AI72)) -> 0 | AK72: =+'PAJAK JAN-NOV'!B69 -> 0 | AL72: =AI72-AH72 -> 0
B73: 68 | C73: =+PERBULAN!B73 -> 0 | J73: =IF(ISBLANK(I73),"",IF(OR(I73="TK/0",I73="TK/1",I73="K/0"),"TER A",IF(I73="K/3","TER C","TER B"))) | P73: 0 | Q73: =SUM(M73:P73) -> 0 | R73: =+SETAHUN!H74 -> 0 | S73: =+SETAHUN!K74 -> 0 | T73: 0 | U73: =+SETAHUN!F74+M73+N73 -> 0 | V73: 0 | W73: =+SETAHUN!U74+O73 -> 0 | X73: 0 | Y73: 0 | Z73: =SUM(R73:T73) -> 0 | AA73: =SUM(U73:Z73) -> 0 | AB73: =ROUND(IF((AA73)*5%>6000000,6000000,(AA73)*5%),0) -> 0 | AC73: =('ASTEK+PENSIUN-DIISI SMPAI DES'!O162+'ASTEK+PENSIUN-DIISI SMPAI DES'!O76) -> 0 | AD73: =AA73-AB73-AC73 -> 0 | AE73: =IFERROR(VLOOKUP(I73,TARIF,3,FALSE),0) -> 0 | AF73: =ROUNDDOWN(IF(AD73<=AE73,0,IF(AD73>AE73,AD73-AE73)),-3) -> 0 | AG73: =IF(AF73>5000000000,AF73*35%-306000000,IF(AF73>500000000,AF73*30%-56000000,IF(AF73>250000000,AF73*25%-31000000,IF(AF73>60000000,AF73*15%-6000000,AF73*5%)))) -> 0 | AH73: =ROUND(IF(E73=0,AG73*120%,AG73),0) -> 0 | AI73: =+'PAJAK JAN-NOV'!R70 -> 0 | AJ73: =IF(AG73<=AI73,0,IF(AG73>AI73,AG73-AI73)) -> 0 | AK73: =+'PAJAK JAN-NOV'!B70 -> 0 | AL73: =AI73-AH73 -> 0
B74: 69 | C74: =+PERBULAN!B74 -> 0 | J74: =IF(ISBLANK(I74),"",IF(OR(I74="TK/0",I74="TK/1",I74="K/0"),"TER A",IF(I74="K/3","TER C","TER B"))) | P74: 0 | Q74: =SUM(M74:P74) -> 0 | R74: =+SETAHUN!H75 -> 0 | S74: =+SETAHUN!K75 -> 0 | T74: 0 | U74: =+SETAHUN!F75+M74+N74 -> 0 | V74: 0 | W74: =+SETAHUN!U75+O74 -> 0 | X74: 0 | Y74: 0 | Z74: =SUM(R74:T74) -> 0 | AA74: =SUM(U74:Z74) -> 0 | AB74: =ROUND(IF((AA74)*5%>6000000,6000000,(AA74)*5%),0) -> 0 | AC74: =('ASTEK+PENSIUN-DIISI SMPAI DES'!O163+'ASTEK+PENSIUN-DIISI SMPAI DES'!O77) -> 0 | AD74: =AA74-AB74-AC74 -> 0 | AE74: =IFERROR(VLOOKUP(I74,TARIF,3,FALSE),0) -> 0 | AF74: =ROUNDDOWN(IF(AD74<=AE74,0,IF(AD74>AE74,AD74-AE74)),-3) -> 0 | AG74: =IF(AF74>5000000000,AF74*35%-306000000,IF(AF74>500000000,AF74*30%-56000000,IF(AF74>250000000,AF74*25%-31000000,IF(AF74>60000000,AF74*15%-6000000,AF74*5%)))) -> 0 | AH74: =ROUND(IF(E74=0,AG74*120%,AG74),0) -> 0 | AI74: =+'PAJAK JAN-NOV'!R71 -> 0 | AJ74: =IF(AG74<=AI74,0,IF(AG74>AI74,AG74-AI74)) -> 0 | AK74: =+'PAJAK JAN-NOV'!B71 -> 0 | AL74: =AI74-AH74 -> 0
B75: 70 | C75: =+PERBULAN!B75 -> 0 | J75: =IF(ISBLANK(I75),"",IF(OR(I75="TK/0",I75="TK/1",I75="K/0"),"TER A",IF(I75="K/3","TER C","TER B"))) | P75: 0 | Q75: =SUM(M75:P75) -> 0 | R75: =+SETAHUN!H76 -> 0 | S75: =+SETAHUN!K76 -> 0 | T75: 0 | U75: =+SETAHUN!F76+M75+N75 -> 0 | V75: 0 | W75: =+SETAHUN!U76+O75 -> 0 | X75: 0 | Y75: 0 | Z75: =SUM(R75:T75) -> 0 | AA75: =SUM(U75:Z75) -> 0 | AB75: =ROUND(IF((AA75)*5%>6000000,6000000,(AA75)*5%),0) -> 0 | AC75: =('ASTEK+PENSIUN-DIISI SMPAI DES'!O164+'ASTEK+PENSIUN-DIISI SMPAI DES'!O78) -> 0 | AD75: =AA75-AB75-AC75 -> 0 | AE75: =IFERROR(VLOOKUP(I75,TARIF,3,FALSE),0) -> 0 | AF75: =ROUNDDOWN(IF(AD75<=AE75,0,IF(AD75>AE75,AD75-AE75)),-3) -> 0 | AG75: =IF(AF75>5000000000,AF75*35%-306000000,IF(AF75>500000000,AF75*30%-56000000,IF(AF75>250000000,AF75*25%-31000000,IF(AF75>60000000,AF75*15%-6000000,AF75*5%)))) -> 0 | AH75: =ROUND(IF(E75=0,AG75*120%,AG75),0) -> 0 | AI75: =+'PAJAK JAN-NOV'!R72 -> 0 | AJ75: =IF(AG75<=AI75,0,IF(AG75>AI75,AG75-AI75)) -> 0 | AK75: =+'PAJAK JAN-NOV'!B72 -> 0 | AL75: =AI75-AH75 -> 0
M76: =SUM(M6:M75) -> 211274700 | N76: =SUM(N6:N75) -> 41200066 | O76: =SUM(O6:O75) -> 10209224 | P76: =SUM(P6:P75) -> 0 | Q76: =SUM(Q6:Q75) -> 2.6268399e+08 | R76: =SUM(R6:R75) -> 218451125 | S76: =SUM(S6:S75) -> 23050000 | T76: =SUM(T6:T75) -> 0 | ... AJ76: =SUM(AJ6:AJ75) -> 1244154 | AL76: =SUM(AL6:AL75) -> 4492236
B78: Catatan :
B79: 1. yang berwarna adalah rumus
B80: 2. dalam hal terdapat tunjangan PPh, maka ceklis "enable iterative calculation" pada menu (option => formula => pada bagian kanan atas)
B81: 3. kolom pengurang JHT/JP tetap wajib diisi, sebagai pengurang pada masa pajak desember
B82: 4. komponen penghasilan bruto dapat disesuaikan/ditambahkan kolom, sesuai dengan kebutuhan masing2 perusahaan
B83: 5. perubahan status PTKP ditentukan keadaan awal tahun, misal nikah/punya anak ditanggal 2 januari 2024, maka berubah status PTKP nya tahun 2025 | AH83: =SUM(AH78:AH82) -> 0
B84: 6. PPh 21 terutang tersebut sudah memperhitungkan bagi yang tidak memiliki NPWP dengan jumlah PPh Terutang 20% lebih besar.
B85: 7. untuk yang tidak mempunyai NPWP dapat diisi dengan angka Nol
B86: 8. khusus untuk perhitungan pph 21 masa pajak desember, dapat di cek kembali total per komponen penghasilan brutonya
C88: Dibuat Oleh | Q88: Diketahui Oleh | Z88: Disahkan Oleh
C92: Gunawan | Q92: Gohi Maruli L Toruan,SP | Z92: Chandra Dinata pribadi
C93: Krani | Q93: Estate Manager | Z93: Senior Manager
B95: 27 | C95: =+PERBULAN!B79 -> RIO RESFATI | D95: 1906043101880002 | E95: - | F95: JL JAWA RT. 001 RW.001 DESA SENYUBUK KEC KELAPA KAMPIT | G95: MANDOR PANEN | H95: L | I95: K/1 | J95: =IF(ISBLANK(I95),"",IF(OR(I95="TK/0",I95="TK/1",I95="K/0"),"TER A",IF(I95="K/3","TER C","TER B"))) -> TER B | P95: 0 | Q95: =SUM(M95:P95) -> 0 | R95: =+SETAHUN!H208 -> 4035600 | S95: =+SETAHUN!K208 -> 0 | T95: 0 | U95: =+SETAHUN!F208+M95+N95 -> 9991495.1 | V95: 0 | W95: =+SETAHUN!U208+O95 -> 377894.88 | X95: 0 | Y95: 0 | Z95: =SUM(R95:T95) -> 4035600 | AA95: =SUM(U95:Z95) -> 14404990 | AB95: =ROUND(IF((AA95)*5%>6000000,6000000,(AA95)*5%),0) -> 720250 | AC95: =((3876600*3%)*(L95-K95+1)) -> 116298 | AD95: =AA95-AB95-AC95 -> 13568442 | AE95: =IFERROR(VLOOKUP(I95,TARIF,3,FALSE),0) -> 63000000 | AF95: =ROUNDDOWN(IF(AD95<=AE95,0,IF(AD95>AE95,AD95-AE95)),-3) -> 0 | AG95: =IF(AF95>5000000000,AF95*35%-306000000,IF(AF95>500000000,AF95*30%-56000000,IF(AF95>250000000,AF95*25%-31000000,IF(AF95>60000000,AF95*15%-6000000,AF95*5%)))) -> 0 | AH95: =ROUND(IF(E95=0,AG95*120%,AG95),0) -> 0 | AI95: =+'PAJAK JAN-NOV'!R78 -> 0 | AJ95: =IF(AG95<=AI95,0,IF(AG95>AI95,AG95-AI95)) -> 0 | AL95: =AI95-AH95 -> 0
B96: 12 | C96: =+PERBULAN!B80 -> YANTI NOVITA | D96: 1906046009720002 | E96: 97.228.525.8-305.000 | F96: AIR BATU BUDING RT. 003 RW. 002 DESA AIR BATU BUDING KEC. BADAU | G96: KARY PERAWATAN | H96: P | I96: TK/0 | J96: =IF(ISBLANK(I96),"",IF(OR(I96="TK/0",I96="TK/1",I96="K/0"),"TER A",IF(I96="K/3","TER C","TER B"))) -> TER A | K96: 1 | P96: 0 | Q96: =SUM(M96:P96) -> 0 | R96: =+SETAHUN!H209 -> 3991100 | S96: =+SETAHUN!K209 -> 0 | T96: 0 | U96: =+SETAHUN!F209+M96+N96 -> 11973299 | V96: 0 | W96: =+SETAHUN!U209+O96 -> 568522.32 | X96: 0 | Y96: 0 | Z96: =SUM(R96:T96) -> 3991100 | AA96: =SUM(U96:Z96) -> 16532921 | AB96: =ROUND(IF((AA96)*5%>6000000,6000000,(AA96)*5%),0) -> 826646 | AC96: =((3876600*3%)*(L96-K96+1)) -> 0 | AD96: =AA96-AB96-AC96 -> 15706275 | AE96: =IFERROR(VLOOKUP(I96,TARIF,3,FALSE),0) -> 54000000 | AF96: =ROUNDDOWN(IF(AD96<=AE96,0,IF(AD96>AE96,AD96-AE96)),-3) -> 0 | AG96: =IF(AF96>5000000000,AF96*35%-306000000,IF(AF96>500000000,AF96*30%-56000000,IF(AF96>250000000,AF96*25%-31000000,IF(AF96>60000000,AF96*15%-6000000,AF96*5%)))) -> 0 | AH96: =ROUND(IF(E96=0,AG96*120%,AG96),0) -> 0 | AI96: =+'PAJAK JAN-NOV'!R79 -> 124548 | AJ96: =IF(AG96<=AI96,0,IF(AG96>AI96,AG96-AI96)) -> 0 | AL96: =AI96-AH96 -> 124548
B97: 60 | C97: =+PERBULAN!B81 -> EDI ZULKARNADI | D97: 1906040102760001 | E97: 75.748.971.1-305.000 | F97: DSN CENDIL RT.004 RW.002 DESA CENDIL KEC.KELAPA KAMPIT | G97: PEMANEN | H97: L | I97: K/1 | J97: =IF(ISBLANK(I97),"",IF(OR(I97="TK/0",I97="TK/1",I97="K/0"),"TER A",IF(I97="K/3","TER C","TER B"))) -> TER B | K97: 1 | P97: 0 | Q97: =SUM(M97:P97) -> 0 | R97: =+SETAHUN!H210 -> 3998100 | S97: =+SETAHUN!K210 -> 600000 | T97: 0 | U97: =+SETAHUN!F210+M97+N97 -> 25387321 | V97: 0 | W97: =+SETAHUN!U210+O97 -> 1131764.6 | X97: 0 | Y97: 0 | Z97: =SUM(R97:T97) -> 4598100 | AA97: =SUM(U97:Z97) -> 31117185 | AB97: =ROUND(IF((AA97)*5%>6000000,6000000,(AA97)*5%),0) -> 1555859 | AC97: =((3876600*3%)*(L97-K97+1)) -> 0 | AD97: =AA97-AB97-AC97 -> 29561326 | AE97: =IFERROR(VLOOKUP(I97,TARIF,3,FALSE),0) -> 63000000 | AF97: =ROUNDDOWN(IF(AD97<=AE97,0,IF(AD97>AE97,AD97-AE97)),-3) -> 0 | AG97: =IF(AF97>5000000000,AF97*35%-306000000,IF(AF97>500000000,AF97*30%-56000000,IF(AF97>250000000,AF97*25%-31000000,IF(AF97>60000000,AF97*15%-6000000,AF97*5%)))) -> 0 | AH97: =ROUND(IF(E97=0,AG97*120%,AG97),0) -> 0 | AI97: =+'PAJAK JAN-NOV'!R80 -> 85203 | AJ97: =IF(AG97<=AI97,0,IF(AG97>AI97,AG97-AI97)) -> 0 | AL97: =AI97-AH97 -> 85203
B98: 37 | C98: =+PERBULAN!B82 -> SUNARDI | D98: 1906040508760001 | E98: - | F98: DSN PESARAKAN RT. 007 RW. 003 DESA CENDIL KEC. KELAPA KAMPIT | G98: PEMANEN | H98: L | I98: K/2 | J98: =IF(ISBLANK(I98),"",IF(OR(I98="TK/0",I98="TK/1",I98="K/0"),"TER A",IF(I98="K/3","TER C","TER B"))) -> TER B | K98: 1 | P98: 0 | Q98: =SUM(M98:P98) -> 0 | R98: =+SETAHUN!H211 -> 4053100 | S98: =+SETAHUN!K211 -> 200000 | T98: 0 | U98: =+SETAHUN!F211+M98+N98 -> 27063209 | V98: 0 | W98: =+SETAHUN!U211+O98 -> 1127964.6 | X98: 0 | Y98: 0 | Z98: =SUM(R98:T98) -> 4253100 | AA98: =SUM(U98:Z98) -> 32444274 | AB98: =ROUND(IF((AA98)*5%>6000000,6000000,(AA98)*5%),0) -> 1622214 | AC98: =((3876600*3%)*(L98-K98+1)) -> 0 | AD98: =AA98-AB98-AC98 -> 30822060 | AE98: =IFERROR(VLOOKUP(I98,TARIF,3,FALSE),0) -> 67500000 | AF98: =ROUNDDOWN(IF(AD98<=AE98,0,IF(AD98>AE98,AD98-AE98)),-3) -> 0 | AG98: =IF(AF98>5000000000,AF98*35%-306000000,IF(AF98>500000000,AF98*30%-56000000,IF(AF98>250000000,AF98*25%-31000000,IF(AF98>60000000,AF98*15%-6000000,AF98*5%)))) -> 0 | AH98: =ROUND(IF(E98=0,AG98*120%,AG98),0) -> 0 | AI98: =+'PAJAK JAN-NOV'!R81 -> 87096 | AJ98: =IF(AG98<=AI98,0,IF(AG98>AI98,AG98-AI98)) -> 0 | AL98: =AI98-AH98 -> 87096
B99: 29 | C99: =+PERBULAN!B83 -> MUSNI | D99: 1902040101760004 | E99: - | F99: DSN AIR KALA RT. 023 RW. 012 DESA SIJUK KEC. SIJUK | G99: PEMANEN | H99: L | I99: K/0 | J99: =IF(ISBLANK(I99),"",IF(OR(I99="TK/0",I99="TK/1",I99="K/0"),"TER A",IF(I99="K/3","TER C","TER B"))) -> TER A | K99: 1 | P99: 0 | Q99: =SUM(M99:P99) -> 0 | R99: =+SETAHUN!H212 -> 4008600 | S99: =+SETAHUN!K212 -> 900000 | T99: 0 | U99: =+SETAHUN!F212+M99+N99 -> 33018564 | V99: 0 | W99: =+SETAHUN!U212+O99 -> 1319448.5 | X99: 0 | Y99: 0 | Z99: =SUM(R99:T99) -> 4908600 | AA99: =SUM(U99:Z99) -> 39246612 | AB99: =ROUND(IF((AA99)*5%>6000000,6000000,(AA99)*5%),0) -> 1962331 | AC99: =('ASTEK+PENSIUN-DIISI SMPAI DES'!O168+'ASTEK+PENSIUN-DIISI SMPAI DES'!O81) -> 814716 | AD99: =AA99-AB99-AC99 -> 36469565 | AE99: =IFERROR(VLOOKUP(I99,TARIF,3,FALSE),0) -> 58500000 | AF99: =ROUNDDOWN(IF(AD99<=AE99,0,IF(AD99>AE99,AD99-AE99)),-3) -> 0 | AG99: =IF(AF99>5000000000,AF99*35%-306000000,IF(AF99>500000000,AF99*30%-56000000,IF(AF99>250000000,AF99*25%-31000000,IF(AF99>60000000,AF99*15%-6000000,AF99*5%)))) -> 0 | AH99: =ROUND(IF(E99=0,AG99*120%,AG99),0) -> 0 | AI99: =+'PAJAK JAN-NOV'!R82 -> 220221 | AJ99: =IF(AG99<=AI99,0,IF(AG99>AI99,AG99-AI99)) -> 0 | AK99: =+'PAJAK JAN-NOV'!B82 -> MUSNI | AL99: =AI99-AH99 -> 220221
B100: 31 | C100: =+PERBULAN!B84 -> ARPANDI | D100: 1902040507770005 | E100: - | F100: SUNGAI PADANG RT. 007 RW. 004 DESA SUNGAI PADANG KEC. SIJUK | G100: PEMANEN | H100: L | I100: K/1 | J100: =IF(ISBLANK(I100),"",IF(OR(I100="TK/0",I100="TK/1",I100="K/0"),"TER A",IF(I100="K/3","TER C","TER B"))) -> TER B | K100: 1 | P100: 0 | Q100: =SUM(M100:P100) -> 0 | R100: =+SETAHUN!H213 -> 4034100 | S100: =+SETAHUN!K213 -> 200000 | T100: 0 | U100: =+SETAHUN!F213+M100+N100 -> 33863774 | V100: 0 | W100: =+SETAHUN!U213+O100 -> 1318728.5 | X100: 0 | Y100: 0 | Z100: =SUM(R100:T100) -> 4234100 | AA100: =SUM(U100:Z100) -> 39416602 | AB100: =ROUND(IF((AA100)*5%>6000000,6000000,(AA100)*5%),0) -> 1970830 | AC100: =('ASTEK+PENSIUN-DIISI SMPAI DES'!O169+'ASTEK+PENSIUN-DIISI SMPAI DES'!O82) -> 814716 | AD100: =AA100-AB100-AC100 -> 36631056 | AE100: =IFERROR(VLOOKUP(I100,TARIF,3,FALSE),0) -> 63000000 | AF100: =ROUNDDOWN(IF(AD100<=AE100,0,IF(AD100>AE100,AD100-AE100)),-3) -> 0 | AG100: =IF(AF100>5000000000,AF100*35%-306000000,IF(AF100>500000000,AF100*30%-56000000,IF(AF100>250000000,AF100*25%-31000000,IF(AF100>60000000,AF100*15%-6000000,AF100*5%)))) -> 0 | AH100: =ROUND(IF(E100=0,AG100*120%,AG100),0) -> 0 | AI100: =+'PAJAK JAN-NOV'!R83 -> 139353 | AJ100: =IF(AG100<=AI100,0,IF(AG100>AI100,AG100-AI100)) -> 0 | AK100: =+'PAJAK JAN-NOV'!B83 -> ARPANDI | AL100: =AI100-AH100 -> 139353
B101: 32 | C101: =+PERBULAN!B85 -> MASRI | D101: 1902040403870002 | E101: - | F101: JL BUDING RT. 024 RW. 012 DESA SIJUK KEC. SIJUK | G101: PEMANEN | H101: L | I101: K/1 | J101: =IF(ISBLANK(I101),"",IF(OR(I101="TK/0",I101="TK/1",I101="K/0"),"TER A",IF(I101="K/3","TER C","TER B"))) -> TER B | K101: 1 | P101: 0 | Q101: =SUM(M101:P101) -> 0 | R101: =+SETAHUN!H214 -> 4040100 | S101: =+SETAHUN!K214 -> 200000 | T101: 0 | U101: =+SETAHUN!F214+M101+N101 -> 32895812 | V101: 0 | W101: =+SETAHUN!U214+O101 -> 1320818.9 | X101: 0 | Y101: 0 | Z101: =SUM(R101:T101) -> 4240100 | AA101: =SUM(U101:Z101) -> 38456731 | AB101: =ROUND(IF((AA101)*5%>6000000,6000000,(AA101)*5%),0) -> 1922837 | AC101: =('ASTEK+PENSIUN-DIISI SMPAI DES'!O170+'ASTEK+PENSIUN-DIISI SMPAI DES'!O83) -> 814896 | AD101: =AA101-AB101-AC101 -> 35718998 | AE101: =IFERROR(VLOOKUP(I101,TARIF,3,FALSE),0) -> 63000000 | AF101: =ROUNDDOWN(IF(AD101<=AE101,0,IF(AD101>AE101,AD101-AE101)),-3) -> 0 | AG101: =IF(AF101>5000000000,AF101*35%-306000000,IF(AF101>500000000,AF101*30%-56000000,IF(AF101>250000000,AF101*25%-31000000,IF(AF101>60000000,AF101*15%-6000000,AF101*5%)))) -> 0 | AH101: =ROUND(IF(E101=0,AG101*120%,AG101),0) -> 0 | AI101: =+'PAJAK JAN-NOV'!R84 -> 88787 | AJ101: =IF(AG101<=AI101,0,IF(AG101>AI101,AG101-AI101)) -> 0 | AK101: =+'PAJAK JAN-NOV'!B84 -> MASRI | AL101: =AI101-AH101 -> 88787
B102: 35 | C102: =+PERBULAN!B86 -> HARDIANSYAH | D102: 1902041306840001 | E102: - | F102: PELEPAK PUTE RT. 001 RW. 001 DESA PELEPAK PUTE KEC. SIJUK | G102: PEMANEN | H102: L | I102: K/2 | J102: =IF(ISBLANK(I102),"",IF(OR(I102="TK/0",I102="TK/1",I102="K/0"),"TER A",IF(I102="K/3","TER C","TER B"))) -> TER B | K102: 1 | P102: 0 | Q102: =SUM(M102:P102) -> 0 | R102: =+SETAHUN!H215 -> 4053100 | S102: =+SETAHUN!K215 -> 600000 | T102: 0 | U102: =+SETAHUN!F215+M102+N102 -> 33102183 | V102: 0 | W102: =+SETAHUN!U215+O102 -> 1316497.1 | X102: 0 | Y102: 0 | Z102: =SUM(R102:T102) -> 4653100 | AA102: =SUM(U102:Z102) -> 39071780 | AB102: =ROUND(IF((AA102)*5%>6000000,6000000,(AA102)*5%),0) -> 1953589 | AC102: =('ASTEK+PENSIUN-DIISI SMPAI DES'!O171+'ASTEK+PENSIUN-DIISI SMPAI DES'!O84) -> 814461 | AD102: =AA102-AB102-AC102 -> 36303730 | AE102: =IFERROR(VLOOKUP(I102,TARIF,3,FALSE),0) -> 67500000 | AF102: =ROUNDDOWN(IF(AD102<=AE102,0,IF(AD102>AE102,AD102-AE102)),-3) -> 0 | AG102: =IF(AF102>5000000000,AF102*35%-306000000,IF(AF102>500000000,AF102*30%-56000000,IF(AF102>250000000,AF102*25%-31000000,IF(AF102>60000000,AF102*15%-6000000,AF102*5%)))) -> 0 | AH102: =ROUND(IF(E102=0,AG102*120%,AG102),0) -> 0 | AI102: =+'PAJAK JAN-NOV'!R85 -> 88930 | AJ102: =IF(AG102<=AI102,0,IF(AG102>AI102,AG102-AI102)) -> 0 | AK102: =+'PAJAK JAN-NOV'!B85 -> HARDIANSYAH | AL102: =AI102-AH102 -> 88930
B103: 41 | C103: =+PERBULAN!B87 -> SALEH | D103: 5203191211880001 | E103: - | F103: LINGKOK RAMBEN DESA KETANGGA JERAENG KEC,KERUAK LOMBOK TIMUR | G103: PEMANEN | H103: L | I103: K/0 | J103: =IF(ISBLANK(I103),"",IF(OR(I103="TK/0",I103="TK/1",I103="K/0"),"TER A",IF(I103="K/3","TER C","TER B"))) -> TER A | K103: 1 | P103: 0 | Q103: =SUM(M103:P103) -> 0 | R103: =+SETAHUN!H216 -> 3990100 | S103: =+SETAHUN!K216 -> 200000 | T103: 0 | U103: =+SETAHUN!F216+M103+N103 -> 33525065 | V103: 0 | W103: =+SETAHUN!U216+O103 -> 1314113.1 | X103: 0 | Y103: 0 | Z103: =SUM(R103:T103) -> 4190100 | AA103: =SUM(U103:Z103) -> 39029278 | AB103: =ROUND(IF((AA103)*5%>6000000,6000000,(AA103)*5%),0) -> 1951464 | AC103: =('ASTEK+PENSIUN-DIISI SMPAI DES'!O172+'ASTEK+PENSIUN-DIISI SMPAI DES'!O85) -> 814161 | AD103: =AA103-AB103-AC103 -> 36263653 | AE103: =IFERROR(VLOOKUP(I103,TARIF,3,FALSE),0) -> 58500000 | AF103: =ROUNDDOWN(IF(AD103<=AE103,0,IF(AD103>AE103,AD103-AE103)),-3) -> 0 | AG103: =IF(AF103>5000000000,AF103*35%-306000000,IF(AF103>500000000,AF103*30%-56000000,IF(AF103>250000000,AF103*25%-31000000,IF(AF103>60000000,AF103*15%-6000000,AF103*5%)))) -> 0 | AH103: =ROUND(IF(E103=0,AG103*120%,AG103),0) -> 0 | AI103: =+'PAJAK JAN-NOV'!R86 -> 246332 | AJ103: =IF(AG103<=AI103,0,IF(AG103>AI103,AG103-AI103)) -> 0 | AK103: =+'PAJAK JAN-NOV'!B86 -> SALEH | AL103: =AI103-AH103 -> 246332
B104: 48 | C104: =+PERBULAN!B88 -> JUFRI | D104: 5203120107650934 | E104: - | F104: MONTOR DAKOK DESA PENGADANGAN KEC,PRINGGASELA KAB,LOMBOK TIMUR | G104: PEMANEN | H104: L | I104: K/2 | J104: =IF(ISBLANK(I104),"",IF(OR(I104="TK/0",I104="TK/1",I104="K/0"),"TER A",IF(I104="K/3","TER C","TER B"))) -> TER B | K104: 1 | P104: 0 | Q104: =SUM(M104:P104) -> 0 | R104: =+SETAHUN!H217 -> 4050600 | S104: =+SETAHUN!K217 -> 200000 | T104: 0 | U104: =+SETAHUN!F217+M104+N104 -> 31572636 | V104: 0 | W104: =+SETAHUN!U217+O104 -> 1315776.1 | X104: 0 | Y104: 0 | Z104: =SUM(R104:T104) -> 4250600 | AA104: =SUM(U104:Z104) -> 37139012 | AB104: =ROUND(IF((AA104)*5%>6000000,6000000,(AA104)*5%),0) -> 1856951 | AC104: =('ASTEK+PENSIUN-DIISI SMPAI DES'!O173+'ASTEK+PENSIUN-DIISI SMPAI DES'!O86) -> 814386 | AD104: =AA104-AB104-AC104 -> 34467675 | AE104: =IFERROR(VLOOKUP(I104,TARIF,3,FALSE),0) -> 67500000 | AF104: =ROUNDDOWN(IF(AD104<=AE104,0,IF(AD104>AE104,AD104-AE104)),-3) -> 0 | AG104: =IF(AF104>5000000000,AF104*35%-306000000,IF(AF104>500000000,AF104*30%-56000000,IF(AF104>250000000,AF104*25%-31000000,IF(AF104>60000000,AF104*15%-6000000,AF104*5%)))) -> 0 | AH104: =ROUND(IF(E104=0,AG104*120%,AG104),0) -> 0 | AI104: =+'PAJAK JAN-NOV'!R87 -> 85964 | AJ104: =IF(AG104<=AI104,0,IF(AG104>AI104,AG104-AI104)) -> 0 | AK104: =+'PAJAK JAN-NOV'!B87 -> JUFRI | AL104: =AI104-AH104 -> 85964
B105: 50 | C105: =+PERBULAN!B89 -> ZAMALUDIN | D105: 5203031608960002 | E105: - | F105: LISUNG BATU DESA PANDAN DURI KEC,TERAHA LOMBOK TIMUR | G105: PEMANEN | H105: L | I105: K/1 | J105: =IF(ISBLANK(I105),"",IF(OR(I105="TK/0",I105="TK/1",I105="K/0"),"TER A",IF(I105="K/3","TER C","TER B"))) -> TER B | K105: 1 | P105: 0 | Q105: =SUM(M105:P105) -> 0 | R105: =+SETAHUN!H218 -> 2008050 | S105: =+SETAHUN!K218 -> 150000 | T105: 0 | U105: =+SETAHUN!F218+M105+N105 -> 32385174 | V105: 0 | W105: =+SETAHUN!U218+O105 -> 1313392.1 | X105: 0 | Y105: 0 | Z105: =SUM(R105:T105) -> 2158050 | AA105: =SUM(U105:Z105) -> 35856616 | AB105: =ROUND(IF((AA105)*5%>6000000,6000000,(AA105)*5%),0) -> 1792831 | AC105: =('ASTEK+PENSIUN-DIISI SMPAI DES'!O174+'ASTEK+PENSIUN-DIISI SMPAI DES'!O87) -> 814086 | AD105: =AA105-AB105-AC105 -> 33249699 | AE105: =IFERROR(VLOOKUP(I105,TARIF,3,FALSE),0) -> 63000000 | AF105: =ROUNDDOWN(IF(AD105<=AE105,0,IF(AD105>AE105,AD105-AE105)),-3) -> 0 | AG105: =IF(AF105>5000000000,AF105*35%-306000000,IF(AF105>500000000,AF105*30%-56000000,IF(AF105>250000000,AF105*25%-31000000,IF(AF105>60000000,AF105*15%-6000000,AF105*5%)))) -> 0 | AH105: =ROUND(IF(E105=0,AG105*120%,AG105),0) -> 0 | AI105: =+'PAJAK JAN-NOV'!R88 -> 34167 | AJ105: =IF(AG105<=AI105,0,IF(AG105>AI105,AG105-AI105)) -> 0 | AK105: =+'PAJAK JAN-NOV'!B88 -> ZAMALUDIN | AL105: =AI105-AH105 -> 34167

Sheet PPH EXGRATIA
B1: PT. REBINMAS JAYA
B2: INCOME TAX ARTICLE 21 FOR APRIL 2024
B3: PG 1A (INFRASTRUKTUR)
C4: yang berwarna ini rumus | N4: beras | O4: jabatan | P4: lembur
B5: NO. | C5: NAMA KARYAWAN | D5: N I K / PASPOR | E5: N P W P | F5: A L A M A T | G5: JABATAN | H5: L/P | I5: PTKP | J5: TER | K5: Gaji Pokok | L5: Astek Ins (0,84%) | M5: BPJS KESEHATAN (4%) | N5: Rice Allow | O5: Structural Allow | P5: Service Time Allow | Q5: Premi cuci mobil | R5: Premi alat | S5: Masa Kerja | T5: Potongan Kelebihan Perhitungan Lembur | U5: Lembur Bayar HK Penjagaan HGU | V5: Bensin Patroli | W5: POT. CUTI SAKIT & POT. CTH ( CUTI TANPA HK ) | X5: THR | Y5: Bonus | Z5: Penghasilan Bruto | AA5: Tarif TER | AB5: PPh 21 gaji + bonus | AC5: pph april '24 | AD5: pph Exgratia | AE5: upah kotor | AF5: astek + bpjs | AG5: total
B6: 1 | C6: YOYO | D6: 1902010509730003 | E6: 972282958305000 | F6: JL MURAI RT. 029 RW. 010 DS PERAWAS TANJUNGPANDAN | G6: KARYAWAN PERAWATAN | H6: L | I6: K/0 | J6: =IF(ISBLANK(I6),"",IF(OR(I6="TK/0",I6="TK/1",I6="K/0"),"TER A",IF(I6="K/3","TER C","TER B"))) -> TER A | K6: =30*121333.33 -> 3639999.9 | L6: =3640000*0.84% -> 30576 | M6: =(3640000+61000)*4% -> 148040 | N6: 108000 | S6: 61000 | W6: 0 | Y6: 280000 | Z6: =ROUNDDOWN(SUM(K6:Y6),0) -> 4267615 | AA6: =IF(J6="TER A",VLOOKUP(Z6,Ter_A,4,TRUE),IF(J6="TER B",VLOOKUP(Z6,Ter_B,4,TRUE),VLOOKUP(Z6,Ter_C,4,TRUE))) -> 0 | AB6: =ROUNDDOWN(IF(E6=0,Z6*AA6*120%,Z6*AA6),0) -> 0 | AC6: 0 | AD6: =AB6-AC6 -> 0 | AE6: 3809000 | AF6: =L6+M6 -> 178616 | AG6: =AE6+AF6 -> 3987616 | AH6: =Z6-AG6 -> 279999
B7: 2 | C7: JAMILA | D7: 1902056811690001 | E7: 972282982305000 | F7: JL MANGGAR RT. 005 RW. 003 DS AIR BATU BUDING KEC. BADAU | G7: KARYAWAN PERAWATAN | H7: P | I7: TK/0 | J7: =IF(ISBLANK(I7),"",IF(OR(I7="TK/0",I7="TK/1",I7="K/0"),"TER A",IF(I7="K/3","TER C","TER B"))) -> TER A | K7: =30*121333.33 -> 3639999.9 | L7: =3640000*0.84% -> 30576 | M7: =(3640000+61000)*4% -> 148040 | N7: 67500 | P7: 1693757 | S7: 61000 | W7: 0 | Y7: 600000 | Z7: =ROUNDDOWN(SUM(K7:Y7),0) -> 6240872 | AA7: =IF(J7="TER A",VLOOKUP(Z7,Ter_A,4,TRUE),IF(J7="TER B",VLOOKUP(Z7,Ter_B,4,TRUE),VLOOKUP(Z7,Ter_C,4,TRUE))) -> 0.0075 | AB7: =ROUNDDOWN(IF(E7=0,Z7*AA7*120%,Z7*AA7),0) -> 46806 | AC7: 14102 | AD7: =AB7-AC7 -> 32704 | AE7: 5462257 | AF7: =L7+M7 -> 178616 | AG7: =AE7+AF7 -> 5640873 | AH7: =Z7-AG7 -> 599998.97
B8: 3 | C8: JUNI MI'UN | D8: 1902050107700052 | E8: 972283055305000 | F8: JL MANGGAR DSN KEPAYANG RT. 004 RW. 002 DS KACANG BUTOR BADAU | G8: KARYAWAN PERAWATAN | H8: L | I8: K/1 | J8: =IF(ISBLANK(I8),"",IF(OR(I8="TK/0",I8="TK/1",I8="K/0"),"TER A",IF(I8="K/3","TER C","TER B"))) -> TER B | K8: =30*121333.33 -> 3639999.9 | L8: =3640000*0.84% -> 30576 | M8: =(3640000+43500)*4% -> 147340 | N8: 135000 | P8: 883699.32 | S8: 43500 | W8: 0 | Y8: 490000 | Z8: =ROUNDDOWN(SUM(K8:Y8),0) -> 5370115 | AA8: =IF(J8="TER A",VLOOKUP(Z8,Ter_A,4,TRUE),IF(J8="TER B",VLOOKUP(Z8,Ter_B,4,TRUE),VLOOKUP(Z8,Ter_C,4,TRUE))) -> 0 | AB8: =ROUNDDOWN(IF(E8=0,Z8*AA8*120%,Z8*AA8),0) -> 0 | AC8: 0 | AD8: =AB8-AC8 -> 0 | AE8: 4702199.3 | AF8: =L8+M8 -> 177916 | AG8: =AE8+AF8 -> 4880115.3 | AH8: =Z8-AG8 -> 489999.68
B9: 4 | C9: SUHANDI | D9: 1906042606860003 | E9: 972282974305000 | F9: JL KOPERASI RT. 004 RW. 002 DESA PEMBAHARUAN KEC. KELAPA KAMPIT | G9: KARYAWAN PERAWATAN | H9: L | I9: K/1 | J9: =IF(ISBLANK(I9),"",IF(OR(I9="TK/0",I9="TK/1",I9="K/0"),"TER A",IF(I9="K/3","TER C","TER B"))) -> TER B | K9: =30*121333.33 -> 3639999.9 | L9: =3640000*0.84% -> 30576 | M9: =(3640000+43500)*4% -> 147340 | N9: 135000 | P9: 147283.22 | Q9: 480000 | S9: 43500 | W9: 0 | Y9: 600000 | Z9: =ROUNDDOWN(SUM(K9:Y9),0) -> 5223699 | AA9: =IF(J9="TER A",VLOOKUP(Z9,Ter_A,4,TRUE),IF(J9="TER B",VLOOKUP(Z9,Ter_B,4,TRUE),VLOOKUP(Z9,Ter_C,4,TRUE))) -> 0 | AB9: =ROUNDDOWN(IF(E9=0,Z9*AA9*120%,Z9*AA9),0) -> 0 | AC9: 0 | AD9: =AB9-AC9 -> 0 | AE9: 4445783.2 | AF9: =L9+M9 -> 177916 | AG9: =AE9+AF9 -> 4623699.2 | AH9: =Z9-AG9 -> 599999.78
B10: 5 | C10: MINARNI | D10: 1902056103760002 | E10: 972280226305000 | F10: AIR BATU BUDING RT. 004 RW. 002 DS AIR BATU BUDING KEC. BADAU | G10: KRANI DIVISI | H10: P | I10: TK/0 | J10: =IF(ISBLANK(I10),"",IF(OR(I10="TK/0",I10="TK/1",I10="K/0"),"TER A",IF(I10="K/3","TER C","TER B"))) -> TER A | K10: =30*121333.33 -> 3639999.9 | L10: =3640000*0.84% -> 30576 | M10: =(3640000+43500)*4% -> 147340 | N10: 67500 | O10: 36000 | P10: 1125664.6 | S10: 43500 | W10: 0 | Y10: 540000 | Z10: =ROUNDDOWN(SUM(K10:Y10),0) -> 5630580 | AA10: =IF(J10="TER A",VLOOKUP(Z10,Ter_A,4,TRUE),IF(J10="TER B",VLOOKUP(Z10,Ter_B,4,TRUE),VLOOKUP(Z10,Ter_C,4,TRUE))) -> 0.0025 | AB10: =ROUNDDOWN(IF(E10=0,Z10*AA10*120%,Z10*AA10),0) -> 14076 | AC10: 0 | AD10: =AB10-AC10 -> 14076 | AE10: 4912664.6 | AF10: =L10+M10 -> 177916 | AG10: =AE10+AF10 -> 5090580.6 | AH10: =Z10-AG10 -> 539999.39
B11: 6 | C11: SUPRIADI | D11: 1902052812870001 | E11: 972283014305000 | F11: JL AIR BEGANTUNG RT. 009 RW. 003 DS KACANG BUTOR KEC.BADAU | G11: KARYAWAN PERAWATAN | H11: L | I11: K/2 | J11: =IF(ISBLANK(I11),"",IF(OR(I11="TK/0",I11="TK/1",I11="K/0"),"TER A",IF(I11="K/3","TER C","TER B"))) -> TER B | K11: =30*121333.33 -> 3639999.9 | L11: =3640000*0.84% -> 30576 | M11: =(3640000+47000)*4% -> 147480 | N11: 156600 | S11: 47000 | W11: -121333.33 | Y11: 490000 | Z11: =ROUNDDOWN(SUM(K11:Y11),0) -> 4390322 | AA11: =IF(J11="TER A",VLOOKUP(Z11,Ter_A,4,TRUE),IF(J11="TER B",VLOOKUP(Z11,Ter_B,4,TRUE),VLOOKUP(Z11,Ter_C,4,TRUE))) -> 0 | AB11: =ROUNDDOWN(IF(E11=0,Z11*AA11*120%,Z11*AA11),0) -> 0 | AC11: 0 | AD11: =AB11-AC11 -> 0 | AE11: 3722266.7 | AF11: =L11+M11 -> 178056 | AG11: =AE11+AF11 -> 3900322.7 | AH11: =Z11-AG11 -> 489999.33
B12: 7 | C12: HARIAH | D12: 1902014909730007 | E12: 972283048305000 | F12: PELATARAN AIR KETEKOK RT. 001 RW. 001 DS AIR KETEKOK TANJUNGPANDAN | G12: KARYAWAN PERAWATAN | H12: P | I12: TK/0 | J12: =IF(ISBLANK(I12),"",IF(OR(I12="TK/0",I12="TK/1",I12="K/0"),"TER A",IF(I12="K/3","TER C","TER B"))) -> TER A | K12: =30*121333.33 -> 3639999.9 | L12: =3640000*0.84% -> 30576 | M12: =(3640000+36500)*4% -> 147060 | N12: 67500 | P12: 2693178.9 | S12: 36500 | W12: 0 | Y12: 600000 | Z12: =ROUNDDOWN(SUM(K12:Y12),0) -> 7214814 | AA12: =IF(J12="TER A",VLOOKUP(Z12,Ter_A,4,TRUE),IF(J12="TER B",VLOOKUP(Z12,Ter_B,4,TRUE),VLOOKUP(Z12,Ter_C,4,TRUE))) -> 0.0125 | AB12: =ROUNDDOWN(IF(E12=0,Z12*AA12*120%,Z12*AA12),0) -> 90185 | AC12: 66148 | AD12: =AB12-AC12 -> 24037 | AE12: 6437178.9 | AF12: =L12+M12 -> 177636 | AG12: =AE12+AF12 -> 6614814.9 | AH12: =Z12-AG12 -> 599999.08
B13: 8 | C13: YUSMARDIAN | D13: 1906042403820005 | E13: 972280150305000 | F13: DSN SENYUBUK RT. 001 RW. 001 DESA MENTAWAK KEC. KELAPA KAMPIT | G13: KARYAWAN PERAWATAN | H13: L | I13: K/2 | J13: =IF(ISBLANK(I13),"",IF(OR(I13="TK/0",I13="TK/1",I13="K/0"),"TER A",IF(I13="K/3","TER C","TER B"))) -> TER B | K13: =30*121333.33 -> 3639999.9 | L13: =3640000*0.84% -> 30576 | M13: =(3640000+43500)*4% -> 147340 | N13: 162000 | P13: 631213.8 | S13: 43500 | W13: 0 | Y13: 600000 | Z13: =ROUNDDOWN(SUM(K13:Y13),0) -> 5254629 | AA13: =IF(J13="TER A",VLOOKUP(Z13,Ter_A,4,TRUE),IF(J13="TER B",VLOOKUP(Z13,Ter_B,4,TRUE),VLOOKUP(Z13,Ter_C,4,TRUE))) -> 0 | AB13: =ROUNDDOWN(IF(E13=0,Z13*AA13*120%,Z13*AA13),0) -> 0 | AC13: 0 | AD13: =AB13-AC13 -> 0 | AE13: 4476713.8 | AF13: =L13+M13 -> 177916 | AG13: =AE13+AF13 -> 4654629.8 | AH13: =Z13-AG13 -> 599999.2
B14: 9 | C14: YULHANI | D14: 1902051010760007 | E14: 972285720305000 | F14: JL MANGGAR AIR BEGANTUNG RT. 008 RW. 003 DESA KACANG BUTOR BADAU | G14: KARYAWAN PERAWATAN | H14: L | I14: K/0 | J14: =IF(ISBLANK(I14),"",IF(OR(I14="TK/0",I14="TK/1",I14="K/0"),"TER A",IF(I14="K/3","TER C","TER B"))) -> TER A | K14: =30*121333.33 -> 3639999.9 | L14: =3640000*0.84% -> 30576 | M14: =(3640000+61000)*4% -> 148040 | N14: 108000 | S14: 61000 | W14: 0 | Y14: 490000 | Z14: =ROUNDDOWN(SUM(K14:Y14),0) -> 4477615 | AA14: =IF(J14="TER A",VLOOKUP(Z14,Ter_A,4,TRUE),IF(J14="TER B",VLOOKUP(Z14,Ter_B,4,TRUE),VLOOKUP(Z14,Ter_C,4,TRUE))) -> 0 | AB14: =ROUNDDOWN(IF(E14=0,Z14*AA14*120%,Z14*AA14),0) -> 0 | AC14: 0 | AD14: =AB14-AC14 -> 0 | AE14: 3809000 | AF14: =L14+M14 -> 178616 | AG14: =AE14+AF14 -> 3987616 | AH14: =Z14-AG14 -> 489999
B15: 10 | C15: HENDRIX | D15: 1906041308920003 | E15: 743653768305000 | F15: DSN MERDEKA RT. 006 RW. 002 DS SENYUBUK KEC. KELAPA KAMPIT | G15: KARYAWAN PERAWATAN | H15: L | I15: K/1 | J15: =IF(ISBLANK(I15),"",IF(OR(I15="TK/0",I15="TK/1",I15="K/0"),"TER A",IF(I15="K/3","TER C","TER B"))) -> TER B | K15: =30*121333.33 -> 3639999.9 | L15: =3640000*0.84% -> 30576 | M15: =(3640000+30000)*4% -> 146800 | N15: 130500 | S15: 30000 | W15: -121333.33 | Y15: 490000 | Z15: =ROUNDDOWN(SUM(K15:Y15),0) -> 4346542 | AA15: =IF(J15="TER A",VLOOKUP(Z15,Ter_A,4,TRUE),IF(J15="TER B",VLOOKUP(Z15,Ter_B,4,TRUE),VLOOKUP(Z15,Ter_C,4,TRUE))) -> 0 | AB15: =ROUNDDOWN(IF(E15=0,Z15*AA15*120%,Z15*AA15),0) -> 0 | AC15: 0 | AD15: =AB15-AC15 -> 0 | AE15: 3679166.7 | AF15: =L15+M15 -> 177376 | AG15: =AE15+AF15 -> 3856542.7 | AH15: =Z15-AG15 -> 489999.33
C16: ARIANTO.B | D16: 1902052202690002 | E16: 972283287305000 | F16: DSN KACANG BUTOR RT. 001 RW. 001 DESA KACANG BUTOR KEC. BADAU | G16: KARYAWAN PERAWATAN | H16: L | I16: K/1 | J16: =IF(ISBLANK(I16),"",IF(OR(I16="TK/0",I16="TK/1",I16="K/0"),"TER A",IF(I16="K/3","TER C","TER B"))) -> TER B | M16: 0 | Z16: =ROUNDDOWN(SUM(K16:Y16),0) -> 0 | AA16: =IF(J16="TER A",VLOOKUP(Z16,Ter_A,4,TRUE),IF(J16="TER B",VLOOKUP(Z16,Ter_B,4,TRUE),VLOOKUP(Z16,Ter_C,4,TRUE))) -> 0 | AB16: =ROUNDDOWN(IF(E16=0,Z16*AA16*120%,Z16*AA16),0) -> 0 | AC16: 0 | AD16: =AB16-AC16 -> 0 | AF16: =L16+M16 -> 0 | AG16: =AE16+AF16 -> 0
B17: 11 | C17: NANDI | D17: 1902053006780001 | E17: 972282966305000 | F17: JL. MANGGAR DSN. KACANG BUTOR RT.001 RW.001 DS. KACANG BUTOR KEC. BADAU | G17: KARYAWAN PERAWATAN | H17: L | I17: K/1 | J17: =IF(ISBLANK(I17),"",IF(OR(I17="TK/0",I17="TK/1",I17="K/0"),"TER A",IF(I17="K/3","TER C","TER B"))) -> TER B | K17: =30*121333.33 -> 3639999.9 | L17: =3640000*0.84% -> 30576 | M17: =(3640000+61000)*4% -> 148040 | N17: 135000 | Q17: 140000 | S17: 61000 | W17: 0 | Y17: 490000 | Z17: =ROUNDDOWN(SUM(K17:Y17),0) -> 4644615 | AA17: =IF(J17="TER A",VLOOKUP(Z17,Ter_A,4,TRUE),IF(J17="TER B",VLOOKUP(Z17,Ter_B,4,TRUE),VLOOKUP(Z17,Ter_C,4,TRUE))) -> 0 | AB17: =ROUNDDOWN(IF(E17=0,Z17*AA17*120%,Z17*AA17),0) -> 0 | AC17: 0 | AD17: =AB17-AC17 -> 0 | AE17: 3976000 | AF17: =L17+M17 -> 178616 | AG17: =AE17+AF17 -> 4154616 | AH17: =Z17-AG17 -> 489999
B18: 12 | C18: KAMELIA | D18: 1902051606760003 | E18: 972280218305000 | F18: JL MANGGAR DSN PARIT GUNUNG RT. 006 RW. 003 DS AIR BATU BUDING BADAU | G18: KARYAWAN PERAWATAN | H18: L | I18: K/0 | J18: =IF(ISBLANK(I18),"",IF(OR(I18="TK/0",I18="TK/1",I18="K/0"),"TER A",IF(I18="K/3","TER C","TER B"))) -> TER A | K18: =30*121333.33 -> 3639999.9 | L18: =3640000*0.84% -> 30576 | M18: =(3640000+47000)*4% -> 147480 | N18: 108000 | P18: 31560.69 | S18: 47000 | W18: 0 | Y18: 490000 | Z18: =ROUNDDOWN(SUM(K18:Y18),0) -> 4494616 | AA18: =IF(J18="TER A",VLOOKUP(Z18,Ter_A,4,TRUE),IF(J18="TER B",VLOOKUP(Z18,Ter_B,4,TRUE),VLOOKUP(Z18,Ter_C,4,TRUE))) -> 0 | AB18: =ROUNDDOWN(IF(E18=0,Z18*AA18*120%,Z18*AA18),0) -> 0 | AC18: 0 | AD18: =AB18-AC18 -> 0 | AE18: 3826560.7 | AF18: =L18+M18 -> 178056 | AG18: =AE18+AF18 -> 4004616.7 | AH18: =Z18-AG18 -> 489999.31
B19: 13 | C19: SISWANTO | D19: 1902051902910001 | E19: 972285506305000 | F19: JL. MANGGAR DSN. PARIT GUNUNG RT.006 RW.003 DS. AIR BATU BUDING KEC. BADAU | G19: KARYAWAN PERAWATAN | H19: L | I19: K/1 | J19: =IF(ISBLANK(I19),"",IF(OR(I19="TK/0",I19="TK/1",I19="K/0"),"TER A",IF(I19="K/3","TER C","TER B"))) -> TER B | K19: =30*121333.33 -> 3639999.9 | L19: =3640000*0.84% -> 30576 | M19: =(3640000+43500)*4% -> 147340 | N19: 130500 | P19: 31560.69 | S19: 43500 | W19: -121333.33 | Y19: 280000 | Z19: =ROUNDDOWN(SUM(K19:Y19),0) -> 4182143 | AA19: =IF(J19="TER A",VLOOKUP(Z19,Ter_A,4,TRUE),IF(J19="TER B",VLOOKUP(Z19,Ter_B,4,TRUE),VLOOKUP(Z19,Ter_C,4,TRUE))) -> 0 | AB19: =ROUNDDOWN(IF(E19=0,Z19*AA19*120%,Z19*AA19),0) -> 0 | AC19: 0 | AD19: =AB19-AC19 -> 0 | AE19: 3724227.4 | AF19: =L19+M19 -> 177916 | AG19: =AE19+AF19 -> 3902143.4 | AH19: =Z19-AG19 -> 279999.64
B20: 14 | C20: DARMA JAYA | D20: 1902051907880002 | E20: 972374425305000 | F20: DSN AIR BATU BUDING RT.001 RW.001 DESA AIR BATU BUDING KEC. BADAU | G20: KRANI GUDANG | H20: L | I20: K/2 | J20: =IF(ISBLANK(I20),"",IF(OR(I20="TK/0",I20="TK/1",I20="K/0"),"TER A",IF(I20="K/3","TER C","TER B"))) -> TER B | K20: =30*121333.33 -> 3639999.9 | L20: =3640000*0.84% -> 30576 | M20: =(3640000+50500)*4% -> 147620 | N20: 162000 | P20: 2430173.1 | S20: 50500 | W20: 0 | Y20: 600000 | Z20: =ROUNDDOWN(SUM(K20:Y20),0) -> 7060869 | AA20: =IF(J20="TER A",VLOOKUP(Z20,Ter_A,4,TRUE),IF(J20="TER B",VLOOKUP(Z20,Ter_B,4,TRUE),VLOOKUP(Z20,Ter_C,4,TRUE))) -> 0.0075 | AB20: =ROUNDDOWN(IF(E20=0,Z20*AA20*120%,Z20*AA20),0) -> 52956 | AC20: 16152 | AD20: =AB20-AC20 -> 36804 | AE20: 6282673.1 | AF20: =L20+M20 -> 178196 | AG20: =AE20+AF20 -> 6460869.1 | AH20: =Z20-AG20 -> 599999.87
B21: 15 | C21: YUSMARNO | D21: 1902012406780003 | E21: 972285704305000 | F21: JL PASIR PUTIH RT. 012 RW. 005 DS AIR RAYAK KEC. TANJUNGPANDAN | G21: KARYAWAN PERAWATAN | H21: L | I21: K/1 | J21: =IF(ISBLANK(I21),"",IF(OR(I21="TK/0",I21="TK/1",I21="K/0"),"TER A",IF(I21="K/3","TER C","TER B"))) -> TER B | K21: =30*121333.33 -> 3639999.9 | L21: =3640000*0.84% -> 30576 | M21: =(3640000+61000)*4% -> 148040 | N21: 130500 | P21: 189364.14 | S21: 61000 | W21: -121333.33 | Y21: 280000 | Z21: =ROUNDDOWN(SUM(K21:Y21),0) -> 4358146 | AA21: =IF(J21="TER A",VLOOKUP(Z21,Ter_A,4,TRUE),IF(J21="TER B",VLOOKUP(Z21,Ter_B,4,TRUE),VLOOKUP(Z21,Ter_C,4,TRUE))) -> 0 | AB21: =ROUNDDOWN(IF(E21=0,Z21*AA21*120%,Z21*AA21),0) -> 0 | AC21: 0 | AD21: =AB21-AC21 -> 0 | AE21: 3899530.8 | AF21: =L21+M21 -> 178616 | AG21: =AE21+AF21 -> 4078146.8 | AH21: =Z21-AG21 -> 279999.19
B22: 16 | C22: MEGI EFRISA | D22: 1604220103030001 | E22: - | F22: DS. TANJUNG AGUNG KEL. TANJUNG AGUNG KEC. PAGAR GUNUNG KAB. LAHAT | G22: MANDOR | H22: L | I22: TK/0 | J22: =IF(ISBLANK(I22),"",IF(OR(I22="TK/0",I22="TK/1",I22="K/0"),"TER A",IF(I22="K/3","TER C","TER B"))) -> TER A | K22: =29*123833.33 -> 3591166.6 | L22: =3715000*0.84% -> 31206 | M22: =(3715000+5000)*4% -> 148800 | N22: 47250 | P22: 955593.36 | S22: 5000 | W22: -990666.64 | Y22: 600000 | Z22: =ROUNDDOWN(SUM(K22:Y22),0) -> 4388349 | AA22: =IF(J22="TER A",VLOOKUP(Z22,Ter_A,4,TRUE),IF(J22="TER B",VLOOKUP(Z22,Ter_B,4,TRUE),VLOOKUP(Z22,Ter_C,4,TRUE))) -> 0 | AB22: =ROUNDDOWN(IF(E22=0,Z22*AA22*120%,Z22*AA22),0) -> 0 | AC22: 0 | AD22: =AB22-AC22 -> 0 | AE22: 3608343.4 | AF22: =L22+M22 -> 180006 | AG22: =AE22+AF22 -> 3788349.4 | AH22: =Z22-AG22 -> 599999.64
B23: 17 | C23: SURATMAN | D23: 1902052707850001 | E23: 972285225305000 | F23: DUSUN KEPAYANG RT. 004 RW. 002 DESA KACANG BUTOR KEC. BADAU | G23: KARYAWAN PERAWATAN | H23: L | I23: K/0 | J23: =IF(ISBLANK(I23),"",IF(OR(I23="TK/0",I23="TK/1",I23="K/0"),"TER A",IF(I23="K/3","TER C","TER B"))) -> TER A | K23: =30*121333.33 -> 3639999.9 | L23: =3640000*0.84% -> 30576 | M23: =(3640000+43500)*4% -> 147340 | N23: 108000 | P23: 336647.36 | Q23: 100000 | S23: 43500 | W23: 0 | Y23: 600000 | Z23: =ROUNDDOWN(SUM(K23:Y23),0) -> 5006063 | AA23: =IF(J23="TER A",VLOOKUP(Z23,Ter_A,4,TRUE),IF(J23="TER B",VLOOKUP(Z23,Ter_B,4,TRUE),VLOOKUP(Z23,Ter_C,4,TRUE))) -> 0 | AB23: =ROUNDDOWN(IF(E23=0,Z23*AA23*120%,Z23*AA23),0) -> 0 | AC23: 0 | AD23: =AB23-AC23 -> 0 | AE23: 4228147.4 | AF23: =L23+M23 -> 177916 | AG23: =AE23+AF23 -> 4406063.4 | AH23: =Z23-AG23 -> 599999.64
B24: 18 | C24: ARDI | D24: 1902050512820004 | E24: 972280259305000 | F24: JL.MANGGAR RT.009 RW.003 DESA KACANG BUTOR KEC. BADAU | G24: OPERATOR | H24: L | I24: K/2 | J24: =IF(ISBLANK(I24),"",IF(OR(I24="TK/0",I24="TK/1",I24="K/0"),"TER A",IF(I24="K/3","TER C","TER B"))) -> TER B | K24: =30*121333.33 -> 3639999.9 | L24: =3640000*0.84% -> 30576 | M24: =(3640000+47000)*4% -> 147480 | N24: 162000 | O24: 60000 | P24: 3282311.8 | S24: 47000 | W24: 0 | Y24: 650000 | Z24: =ROUNDDOWN(SUM(K24:Y24),0) -> 8019367 | AA24: =IF(J24="TER A",VLOOKUP(Z24,Ter_A,4,TRUE),IF(J24="TER B",VLOOKUP(Z24,Ter_B,4,TRUE),VLOOKUP(Z24,Ter_C,4,TRUE))) -> 0.01 | AB24: =ROUNDDOWN(IF(E24=0,Z24*AA24*120%,Z24*AA24),0) -> 80193 | AC24: 73693 | AD24: =AB24-AC24 -> 6500 | AE24: 7191311.8 | AF24: =L24+M24 -> 178056 | AG24: =AE24+AF24 -> 7369367.8 | AH24: =Z24-AG24 -> 649999.24
B25: 19 | C25: EDI ISHAK | D25: 1902051212790002 | E25: 972286066305000 | F25: DSN AIR BEGANTUNG RT. 010 RW. 003 DS KACANG BUTOR KEC. BADAU | G25: OPERATOR | H25: L | I25: K/2 | J25: =IF(ISBLANK(I25),"",IF(OR(I25="TK/0",I25="TK/1",I25="K/0"),"TER A",IF(I25="K/3","TER C","TER B"))) -> TER B | K25: =30*121333.33 -> 3639999.9 | L25: =3640000*0.84% -> 30576 | M25: =(3640000+61000)*4% -> 148040 | N25: 162000 | O25: 40000 | P25: 3282311.8 | S25: 61000 | W25: 0 | Y25: 540000 | Z25: =ROUNDDOWN(SUM(K25:Y25),0) -> 7903927 | AA25: =IF(J25="TER A",VLOOKUP(Z25,Ter_A,4,TRUE),IF(J25="TER B",VLOOKUP(Z25,Ter_B,4,TRUE),VLOOKUP(Z25,Ter_C,4,TRUE))) -> 0.01 | AB25: =ROUNDDOWN(IF(E25=0,Z25*AA25*120%,Z25*AA25),0) -> 79039 | AC25: 73639 | AD25: =AB25-AC25 -> 5400 | AE25: 7185311.8 | AF25: =L25+M25 -> 178616 | AG25: =AE25+AF25 -> 7363927.8 | AH25: =Z25-AG25 -> 539999.24
B26: 20 | C26: SUDIRMAN | D26: 1902051205770002 | E26: 743653420305000 | F26: JL. MANGGAR RT. 004 RW. 002 DESA AIR BATU BUDING BADAU | G26: OPERATOR | H26: L | I26: K/0 | J26: =IF(ISBLANK(I26),"",IF(OR(I26="TK/0",I26="TK/1",I26="K/0"),"TER A",IF(I26="K/3","TER C","TER B"))) -> TER A | K26: =30*121333.33 -> 3639999.9 | L26: =3640000*0.84% -> 30576 | M26: =(3640000+24000)*4% -> 146560 | N26: 108000 | O26: 57000 | P26: 2030404.4 | R26: 461066.73 | S26: 24000 | W26: 0 | Y26: 540000 | Z26: =ROUNDDOWN(SUM(K26:Y26),0) -> 7037607 | AA26: =IF(J26="TER A",VLOOKUP(Z26,Ter_A,4,TRUE),IF(J26="TER B",VLOOKUP(Z26,Ter_B,4,TRUE),VLOOKUP(Z26,Ter_C,4,TRUE))) -> 0.0125 | AB26: =ROUNDDOWN(IF(E26=0,Z26*AA26*120%,Z26*AA26),0) -> 87970 | AC26: 64976 | AD26: =AB26-AC26 -> 22994 | AE26: 6320471.1 | AF26: =L26+M26 -> 177136 | AG26: =AE26+AF26 -> 6497607.1 | AH26: =Z26-AG26 -> 539999.88
B27: 21 | C27: APRIYADI | D27: 1902051707890001 | E27: 972285597305000 | F27: JL MANGGAR AIR BEGANTUNG RT. 008 RW. 003 DESA KACANG BUTOR BADAU | G27: OPERATOR | H27: L | I27: K/1 | J27: =IF(ISBLANK(I27),"",IF(OR(I27="TK/0",I27="TK/1",I27="K/0"),"TER A",IF(I27="K/3","TER C","TER B"))) -> TER B | K27: =30*121333.33 -> 3639999.9 | L27: =3640000*0.84% -> 30576 | M27: =(3640000+43500)*4% -> 147340 | N27: 135000 | O27: 60000 | P27: 73641.61 | S27: 43500 | W27: 0 | Y27: 540000 | Z27: =ROUNDDOWN(SUM(K27:Y27),0) -> 4670057 | AA27: =IF(J27="TER A",VLOOKUP(Z27,Ter_A,4,TRUE),IF(J27="TER B",VLOOKUP(Z27,Ter_B,4,TRUE),VLOOKUP(Z27,Ter_C,4,TRUE))) -> 0 | AB27: =ROUNDDOWN(IF(E27=0,Z27*AA27*120%,Z27*AA27),0) -> 0 | AC27: 0 | AD27: =AB27-AC27 -> 0 | AE27: 3952141.6 | AF27: =L27+M27 -> 177916 | AG27: =AE27+AF27 -> 4130057.6 | AH27: =Z27-AG27 -> 539999.39
B28: 22 | C28: MAHADI | D28: 1902012503820003 | E28: 972280192305000 | F28: PULAU BAYAN RT. 005 RW. 002 DESA SUNGAI SAMAK KEC. BADAU | G28: OPERATOR | H28: L | I28: K/1 | J28: =IF(ISBLANK(I28),"",IF(OR(I28="TK/0",I28="TK/1",I28="K/0"),"TER A",IF(I28="K/3","TER C","TER B"))) -> TER B | K28: =30*121333.33 -> 3639999.9 | L28: =3640000*0.84% -> 30576 | M28: =(3640000+43500)*4% -> 147340 | N28: 130500 | O28: 57000 | P28: 3082427.4 | R28: 461066.73 | S28: 43500 | W28: -121333.33 | Y28: 540000 | Z28: =ROUNDDOWN(SUM(K28:Y28),0) -> 8011076 | AA28: =IF(J28="TER A",VLOOKUP(Z28,Ter_A,4,TRUE),IF(J28="TER B",VLOOKUP(Z28,Ter_B,4,TRUE),VLOOKUP(Z28,Ter_C,4,TRUE))) -> 0.01 | AB28: =ROUNDDOWN(IF(E28=0,Z28*AA28*120%,Z28*AA28),0) -> 80110 | AC28: 74710 | AD28: =AB28-AC28 -> 5400 | AE28: 7293160.8 | AF28: =L28+M28 -> 177916 | AG28: =AE28+AF28 -> 7471076.8 | AH28: =Z28-AG28 -> 539999.21
B29: 23 | C29: SISWANTO | D29: 1902051405840001 | E29: 972283733305000 | F29: DSN AIR BATU BUDING RT. 002 RW. 001 DESA AIR BATU BUDING KEC. BADAU | G29: OPERATOR | H29: L | I29: K/1 | J29: =IF(ISBLANK(I29),"",IF(OR(I29="TK/0",I29="TK/1",I29="K/0"),"TER A",IF(I29="K/3","TER C","TER B"))) -> TER B | K29: =30*121333.33 -> 3639999.9 | L29: =3640000*0.84% -> 30576 | M29: =(3640000+47000)*4% -> 147480 | N29: 130500 | O29: 60000 | P29: 2745780 | R29: 461066.73 | S29: 47000 | W29: -121333.33 | Y29: 540000 | Z29: =ROUNDDOWN(SUM(K29:Y29),0) -> 7681069 | AA29: =IF(J29="TER A",VLOOKUP(Z29,Ter_A,4,TRUE),IF(J29="TER B",VLOOKUP(Z29,Ter_B,4,TRUE),VLOOKUP(Z29,Ter_C,4,TRUE))) -> 0.01 | AB29: =ROUNDDOWN(IF(E29=0,Z29*AA29*120%,Z29*AA29),0) -> 76810 | AC29: 53558 | AD29: =AB29-AC29 -> 23252 | AE29: 6963013.4 | AF29: =L29+M29 -> 178056 | AG29: =AE29+AF29 -> 7141069.4 | AH29: =Z29-AG29 -> 539999.57
K30: =SUM(K6:K29) -> 83671164 | L30: =SUM(L6:L29) -> 703878 | M30: =SUM(M6:M29) -> 3393720 | N30: =SUM(N6:N29) -> 2786850 | O30: =SUM(O6:O29) -> 370000 | P30: =SUM(P6:P29) -> 25646573 | Q30: =SUM(Q6:Q29) -> 720000 | R30: =SUM(R6:R29) -> 1383200.2 | S30: =SUM(S6:S29) -> 1048000 | W30: =SUM(W6:W29) -> -1718666.6 | Y30: =SUM(Y6:Y29) -> 11870000 | Z30: =SUM(Z6:Z29) -> 129874707 | AA30: =SUM(AA6:AA29) -> 0.0825 | AB30: =SUM(AB6:AB29) -> 608145 | AC30: =SUM(AC6:AC29) -> 436978 | AD30: =SUM(AD6:AD29) -> 171167 | AE30: =SUM(AE6:AE29) -> 1.1390712e+08 | AF30: =SUM(AF6:AF29) -> 4097598 | ... AH30: =SUM(AH6:AH29) -> 11869986
B32: Catatan :
B33: 1. yang berwarna adalah rumus
B34: 2. dalam hal terdapat tunjangan PPh, maka ceklis "enable iterative calculation" pada menu (option => formula => pada bagian kanan atas)
B35: 3. kolom pengurang JHT/JP tetap wajib diisi, sebagai pengurang pada masa pajak desember
B36: 4. komponen penghasilan bruto dapat disesuaikan/ditambahkan kolom, sesuai dengan kebutuhan masing2 perusahaan
B37: 5. perubahan status PTKP ditentukan keadaan awal tahun, misal nikah/punya anak ditanggal 2 januari 2024, maka berubah status PTKP nya tahun 2025
B38: 6. PPh 21 terutang tersebut sudah memperhitungkan bagi yang tidak memiliki NPWP dengan jumlah PPh Terutang 20% lebih besar.
B39: 7. untuk yang tidak mempunyai NPWP dapat diisi dengan angka Nol
B40: 8. untuk perhitungan pph 21 (THR, Bonus, Tantiem) rumus penghasilan brutonya dapat disesuaikan dengan masa pajak THR tersebut diberikan
B41: 9. khusus untuk perhitungan pph 21 masa pajak desember, dapat di cek kembali rumus total per komponen penghasilan brutonya (jika ada penambahan/pengurangan kolom)
B42: 10. untuk jan s.d nop dapat diduplicate sheetnya
D46: DIBUAT OLEH | K46: DIKETAHUI OLEH
D49: MINARNI | K49: HUSHAR, S.Pt
D50: KRANI INFRA | K50: MANAGER INFRASTRUKTUR

Sheet PERBULAN
A1: PT. REBINMAS JAYA
A2: PPh 21 Januari s/d Desember Tahun 2025
A3: No | B3: Name | C3: L/P | D3: Stat | E3: BL | F3: PENGHASILAN SETAHUN | R3: TOTAL | V3: Total | W3: Penghasilan | X3: PTKP | Y3: Penghasilan
F4: Januari | G4: Februari | H4: Maret | I4: April | J4: Mei | K4: Juni | L4: Juli | M4: Agustus | N4: September | O4: Oktober | P4: November | Q4: Desember | R4: PENGHASILAN | S4: THR | T4: EXGRATIA | U4: Medical | V4: Penghasilan | W4: Disetahunkan | Y4: Kena
R5: KOTOR | U5: Claim | V5: Setahun | Y5: Pajak
A6: 1 | B6: GUNAWAN | C6: L | D6: K/2 | E6: =COUNT(F6:Q6)-COUNT(#REF!) -> 11 | F6: 7253903.6 | G6: 6897356.6 | H6: 7292962.6 | I6: 6668918.6 | J6: 7366390.6 | K6: 7408385.6 | L6: 7981408.6 | M6: 8054837.6 | N6: 7508517.4 | O6: 6962341.4 | P6: 7461201.4 | R6: =SUM(F6:Q6) -> 80856224 | S6: 4073100 | T6: 900000 | V6: =R6+S6+T6 -> 85829324 | X6: =IF(D6="TK/0",54000000,IF(D6="K/0",58500000,IF(D6="K/1",63000000,IF(D6="K/2",67500000,IF(D6="K/3",72000000))))) -> 67500000 | Y6: =IF(W6<=X6,0,IF(W6>X6,W6-X6)) -> 0 | Z6: =COUNT(F6:Q6) -> 11
A7: 2 | B7: RILYANI | C7: L | D7: K/0 | E7: =COUNT(F7:Q7)-COUNT(#REF!) -> 11 | F7: 4236469.6 | G7: 3878659.6 | H7: 4279569.6 | I7: 4129599.6 | J7: 4279569.6 | K7: 4140099.6 | L7: 4286570 | M7: 4279570 | N7: 4147100 | O7: 4290070 | P7: 4150600 | R7: =SUM(F7:Q7) -> 46097877 | S7: 4063100 | T7: 600000 | V7: =R7+S7+T7 -> 50760977 | X7: =IF(D7="TK/0",54000000,IF(D7="K/0",58500000,IF(D7="K/1",63000000,IF(D7="K/2",67500000,IF(D7="K/3",72000000))))) -> 58500000 | Y7: =IF(W7<=X7,0,IF(W7>X7,W7-X7)) -> 0 | Z7: =COUNT(F7:Q7) -> 11
A8: 3 | B8: JUNAIDI | C8: L | D8: K/0 | E8: =COUNT(F8:Q8)-COUNT(#REF!) -> 11 | F8: 4242897.6 | G8: 3801659.6 | H8: 4199069.6 | I8: 4066599.6 | J8: 4199069.6 | K8: 4066599.6 | L8: 4568803.6 | M8: 4972149.6 | N8: 3669189.6 | O8: 4199069.6 | P8: 4066599.6 | R8: =SUM(F8:Q8) -> 46051707 | S8: 4066600 | T8: 900000 | V8: =R8+S8+T8 -> 51018307 | X8: =IF(D8="TK/0",54000000,IF(D8="K/0",58500000,IF(D8="K/1",63000000,IF(D8="K/2",67500000,IF(D8="K/3",72000000))))) -> 58500000 | Y8: =IF(W8<=X8,0,IF(W8>X8,W8-X8)) -> 0 | Z8: =COUNT(F8:Q8) -> 11
A9: 4 | B9: UMIYATI | C9: P | D9: TK/0 | E9: =COUNT(F9:Q9)-COUNT(#REF!) -> 4 | F9: 4136569.6 | G9: 3773659.6 | H9: 4168069.6 | I9: 2590429.6 | R9: =SUM(F9:Q9) -> 14668728 | S9: 4036600 | V9: =R9+S9+T9 -> 18705328 | X9: =IF(D9="TK/0",54000000,IF(D9="K/0",58500000,IF(D9="K/1",63000000,IF(D9="K/2",67500000,IF(D9="K/3",72000000))))) -> 54000000 | Y9: =IF(W9<=X9,0,IF(W9>X9,W9-X9)) -> 0 | Z9: =COUNT(F9:Q9) -> 4
A10: 5 | B10: ASUNTI | C10: P | D10: TK/0 | E10: =COUNT(F10:Q10)-COUNT(#REF!) -> 11 | F10: 4122569.6 | G10: 3728159.6 | H10: 4122569.6 | I10: 3991099.6 | J10: 4122569.6 | K10: 3991099.6 | L10: 4122569.8 | M10: 3994600.4 | N10: 3994600.4 | O10: 4126070.4 | P10: 3994600.4 | R10: =SUM(F10:Q10) -> 44310509 | S10: 3991100 | T10: 200000 | V10: =R10+S10+T10 -> 48501609 | X10: =IF(D10="TK/0",54000000,IF(D10="K/0",58500000,IF(D10="K/1",63000000,IF(D10="K/2",67500000,IF(D10="K/3",72000000))))) -> 54000000 | Y10: =IF(W10<=X10,0,IF(W10>X10,W10-X10)) -> 0 | Z10: =COUNT(F10:Q10) -> 11
A11: 6 | B11: JONI | C11: L | D11: K/1 | E11: =COUNT(F11:Q11)-COUNT(#REF!) -> 11 | F11: 4195819.6 | G11: 3798859.6 | H11: 4200469.6 | I11: 4066599.6 | J11: 4200469.6 | K11: 4066599.6 | L11: 4203970 | M11: 4070100 | N11: 3936230 | O11: 4070100 | P11: 4070100 | R11: =SUM(F11:Q11) -> 44879317 | S11: 4066600 | T11: 600000 | V11: =R11+S11+T11 -> 49545917 | X11: =IF(D11="TK/0",54000000,IF(D11="K/0",58500000,IF(D11="K/1",63000000,IF(D11="K/2",67500000,IF(D11="K/3",72000000))))) -> 63000000 | Y11: =IF(W11<=X11,0,IF(W11>X11,W11-X11)) -> 0 | Z11: =COUNT(F11:Q11) -> 11
A12: 7 | B12: THAHA.S | C12: L | D12: K/1 | E12: =COUNT(F12:Q12)-COUNT(#REF!) -> 11 | F12: 4195819.6 | G12: 3798859.6 | H12: 4200469.6 | I12: 4066599.6 | J12: 4200469.6 | K12: 4066599.6 | L12: 4203970 | M12: 4203970 | N12: 4070100 | O12: 4203970 | P12: 4070100 | R12: =SUM(F12:Q12) -> 45280927 | S12: 4066600 | T12: 200000 | V12: =R12+S12+T12 -> 49547527 | X12: =IF(D12="TK/0",54000000,IF(D12="K/0",58500000,IF(D12="K/1",63000000,IF(D12="K/2",67500000,IF(D12="K/3",72000000))))) -> 63000000 | Y12: =IF(W12<=X12,0,IF(W12>X12,W12-X12)) -> 0 | Z12: =COUNT(F12:Q12) -> 11
A13: 8 | B13: ALEX | C13: L | D13: K/2 | E13: =COUNT(F13:Q13)-COUNT(#REF!) -> 11 | F13: 4203219.6 | G13: 3803559.6 | H13: 4207869.6 | I13: 3938329.6 | J13: 4207869.6 | K13: 4073099.6 | L13: 4207869.6 | M13: 4073099.6 | N13: 3806560.4 | O13: 4076100.4 | P13: 4076100.4 | R13: =SUM(F13:Q13) -> 44673678 | S13: 4073100 | T13: 200000 | V13: =R13+S13+T13 -> 48946778 | X13: =IF(D13="TK/0",54000000,IF(D13="K/0",58500000,IF(D13="K/1",63000000,IF(D13="K/2",67500000,IF(D13="K/3",72000000))))) -> 67500000 | Y13: =IF(W13<=X13,0,IF(W13>X13,W13-X13)) -> 0 | Z13: =COUNT(F13:Q13) -> 11
A14: 9 | B14: SANDY | C14: L | D14: K/1 | E14: =COUNT(F14:Q14)-COUNT(#REF!) -> 11 | F14: 4175319.6 | G14: 3778359.6 | H14: 4179969.6 | I14: 4046099.6 | J14: 4179969.6 | K14: 4046099.6 | L14: 4046099.6 | M14: 4046099.6 | N14: 3781360.4 | O14: 4182970.4 | P14: 3915230.4 | R14: =SUM(F14:Q14) -> 44377578 | S14: 4046100 | T14: 200000 | V14: =R14+S14+T14 -> 48623678 | X14: =IF(D14="TK/0",54000000,IF(D14="K/0",58500000,IF(D14="K/1",63000000,IF(D14="K/2",67500000,IF(D14="K/3",72000000))))) -> 63000000 | Y14: =IF(W14<=X14,0,IF(W14>X14,W14-X14)) -> 0 | Z14: =COUNT(F14:Q14) -> 11
A15: 10 | B15: ANTON | C15: L | D15: K/1 | E15: =COUNT(F15:Q15)-COUNT(#REF!) -> 11 | F15: 4195819.6 | G15: 3664989.6 | H15: 4200469.6 | I15: 4066599.6 | J15: 4200469.6 | K15: 4066599.6 | L15: 4203970 | M15: 4203970 | N15: 3936230 | O15: 4203970 | P15: 4070100 | R15: =SUM(F15:Q15) -> 45013187 | S15: 4066600 | T15: 200000 | V15: =R15+S15+T15 -> 49279787 | X15: =IF(D15="TK/0",54000000,IF(D15="K/0",58500000,IF(D15="K/1",63000000,IF(D15="K/2",67500000,IF(D15="K/3",72000000))))) -> 63000000 | Y15: =IF(W15<=X15,0,IF(W15>X15,W15-X15)) -> 0 | Z15: =COUNT(F15:Q15) -> 11
A16: 11 | B16: EKA NOPIYANTI | C16: P | D16: TK/0 | E16: =COUNT(F16:Q16)-COUNT(#REF!) -> 11 | F16: 4122569.6 | G16: 3728159.6 | H16: 4122569.6 | I16: 4049599.6 | J16: 4183019.6 | K16: 4049599.6 | L16: 4186520.4 | M16: 4053100.4 | N16: 4053100.4 | O16: 4186520.4 | P16: 4053100.4 | R16: =SUM(F16:Q16) -> 44787859 | S16: 3991100 | T16: 600000 | V16: =R16+S16+T16 -> 49378959 | X16: =IF(D16="TK/0",54000000,IF(D16="K/0",58500000,IF(D16="K/1",63000000,IF(D16="K/2",67500000,IF(D16="K/3",72000000))))) -> 54000000 | Y16: =IF(W16<=X16,0,IF(W16>X16,W16-X16)) -> 0 | Z16: =COUNT(F16:Q16) -> 11
A17: 12 | B17: JUMIATI | C17: P | D17: TK/0 | E17: =COUNT(F17:Q17)-COUNT(#REF!) -> 11 | F17: 4126069.6 | G17: 3731659.6 | H17: 4126069.6 | I17: 3994599.6 | J17: 4126069.6 | K17: 3994599.6 | L17: 4129570 | M17: 4129570 | N17: 3998100 | O17: 4129570 | P17: 3998100 | R17: =SUM(F17:Q17) -> 44483977 | S17: 3994600 | T17: 600000 | V17: =R17+S17+T17 -> 49078577 | X17: =IF(D17="TK/0",54000000,IF(D17="K/0",58500000,IF(D17="K/1",63000000,IF(D17="K/2",67500000,IF(D17="K/3",72000000))))) -> 54000000 | Y17: =IF(W17<=X17,0,IF(W17>X17,W17-X17)) -> 0 | Z17: =COUNT(F17:Q17) -> 11
A18: 13 | B18: SUPARDI | C18: L | D18: K/2 | E18: =COUNT(F18:Q18)-COUNT(#REF!) -> 11 | F18: 4598361.6 | G18: 3884988.6 | H18: 4367726.6 | I18: 4076099.6 | J18: 4210869.6 | K18: 4076099.6 | L18: 4289298.4 | M18: 4210870.4 | N18: 4076100.4 | O18: 4210870.4 | P18: 4076100.4 | R18: =SUM(F18:Q18) -> 46077385 | S18: 4076100 | T18: 600000 | V18: =R18+S18+T18 -> 50753485 | X18: =IF(D18="TK/0",54000000,IF(D18="K/0",58500000,IF(D18="K/1",63000000,IF(D18="K/2",67500000,IF(D18="K/3",72000000))))) -> 67500000 | Y18: =IF(W18<=X18,0,IF(W18>X18,W18-X18)) -> 0 | Z18: =COUNT(F18:Q18) -> 11
A19: 14 | B19: PARDI | C19: L | D19: K/1 | E19: =COUNT(F19:Q19)-COUNT(#REF!) -> 4 | F19: 4206319.6 | G19: 3833859.6 | H19: 4235469.6 | I19: 1691939.6 | R19: =SUM(F19:Q19) -> 13967588 | S19: 4101600 | V19: =R19+S19+T19 -> 18069188 | X19: =IF(D19="TK/0",54000000,IF(D19="K/0",58500000,IF(D19="K/1",63000000,IF(D19="K/2",67500000,IF(D19="K/3",72000000))))) -> 63000000 | Y19: =IF(W19<=X19,0,IF(W19>X19,W19-X19)) -> 0 | Z19: =COUNT(F19:Q19) -> 4
A20: 15 | B20: SUMARDI | C20: L | D20: K/2 | E20: =COUNT(F20:Q20)-COUNT(#REF!) -> 11 | F20: 4220219.6 | G20: 3820559.6 | H20: 4224869.6 | I20: 4090099.6 | J20: 4224869.6 | K20: 4093599.6 | L20: 4228370.4 | M20: 4228370.4 | N20: 4093600.4 | O20: 4228370.4 | P20: 4093600.4 | R20: =SUM(F20:Q20) -> 45546529 | S20: 4090100 | T20: 600000 | V20: =R20+S20+T20 -> 50236629 | X20: =IF(D20="TK/0",54000000,IF(D20="K/0",58500000,IF(D20="K/1",63000000,IF(D20="K/2",67500000,IF(D20="K/3",72000000))))) -> 67500000 | Y20: =IF(W20<=X20,0,IF(W20>X20,W20-X20)) -> 0 | Z20: =COUNT(F20:Q20) -> 11
A21: 16 | B21: WIDODO JP | C21: L | D21: TK/0 | E21: =COUNT(F21:Q21)-COUNT(#REF!) -> 11 | F21: 6240134.6 | G21: 5588031.6 | H21: 5975217.6 | I21: 6534868.6 | J21: 6006329.6 | K21: 6091236.6 | L21: 6613368.4 | M21: 5190454.4 | N21: 4622026.4 | O21: 4831925.4 | P21: 5339085.4 | R21: =SUM(F21:Q21) -> 63032678 | S21: 3991100 | T21: 600000 | V21: =R21+S21+T21 -> 67623778 | X21: =IF(D21="TK/0",54000000,IF(D21="K/0",58500000,IF(D21="K/1",63000000,IF(D21="K/2",67500000,IF(D21="K/3",72000000))))) -> 54000000 | Y21: =IF(W21<=X21,0,IF(W21>X21,W21-X21)) -> 0 | Z21: =COUNT(F21:Q21) -> 11
A22: 17 | B22: ASBI ALGIFARI | C22: L | D22: K/1 | E22: =COUNT(F22:Q22)-COUNT(#REF!) -> 11 | F22: 4163319.6 | G22: 3766359.6 | H22: 4246398.6 | I22: 3766359.6 | J22: 4201582.6 | K22: 4034099.6 | L22: 4170970.2 | M22: 4170970.2 | N22: 4037100.2 | O22: 4170970.2 | P22: 4037100.2 | R22: =SUM(F22:Q22) -> 44765230 | S22: 4034100 | T22: 200000 | V22: =R22+S22+T22 -> 48999330 | X22: =IF(D22="TK/0",54000000,IF(D22="K/0",58500000,IF(D22="K/1",63000000,IF(D22="K/2",67500000,IF(D22="K/3",72000000))))) -> 63000000 | Y22: =IF(W22<=X22,0,IF(W22>X22,W22-X22)) -> 0 | Z22: =COUNT(F22:Q22) -> 11
A23: 18 | B23: YANDI | C23: L | D23: K/0 | E23: =COUNT(F23:Q23)-COUNT(#REF!) -> 11 | F23: 4150419.6 | G23: 3754759.6 | H23: 4153519.6 | I23: 4020599.6 | J23: 4153519.6 | K23: 4020599.6 | L23: 4153520.4 | M23: 4153520.4 | N23: 4020600.4 | O23: 4020600.4 | P23: 3887680.4 | R23: =SUM(F23:Q23) -> 44489339 | S23: 4020600 | T23: 200000 | V23: =R23+S23+T23 -> 48709939 | X23: =IF(D23="TK/0",54000000,IF(D23="K/0",58500000,IF(D23="K/1",63000000,IF(D23="K/2",67500000,IF(D23="K/3",72000000))))) -> 58500000 | Y23: =IF(W23<=X23,0,IF(W23>X23,W23-X23)) -> 0 | Z23: =COUNT(F23:Q23) -> 11
A24: 19 | B24: RIDHO AFRIZAL | C24: L | D24: K/1 | E24: =COUNT(F24:Q24)-COUNT(#REF!) -> 11 | F24: 4175319.6 | G24: 3778359.6 | H24: 5625291.6 | I24: 6396899.6 | J24: 6816900.6 | K24: 5803599.6 | L24: 6067469.6 | M24: 5667854.6 | N24: 5481600.4 | O24: 5753526.4 | P24: 6091100.4 | R24: =SUM(F24:Q24) -> 61657922 | S24: 4046100 | T24: 600000 | V24: =R24+S24+T24 -> 66304022 | X24: =IF(D24="TK/0",54000000,IF(D24="K/0",58500000,IF(D24="K/1",63000000,IF(D24="K/2",67500000,IF(D24="K/3",72000000))))) -> 63000000 | Y24: =IF(W24<=X24,0,IF(W24>X24,W24-X24)) -> 0 | Z24: =COUNT(F24:Q24) -> 11
A25: 20 | B25: APRIZAL | C25: L | D25: K/1 | E25: =COUNT(F25:Q25)-COUNT(#REF!) -> 11 | F25: 4175319.6 | G25: 3778359.6 | H25: 4179969.6 | I25: 4046099.6 | J25: 4179969.6 | K25: 4046099.6 | L25: 4179969.6 | M25: 4179969.6 | N25: 4127528.4 | O25: 4261398.4 | P25: 4049100.4 | R25: =SUM(F25:Q25) -> 45203784 | S25: 4046100 | T25: 600000 | V25: =R25+S25+T25 -> 49849884 | X25: =IF(D25="TK/0",54000000,IF(D25="K/0",58500000,IF(D25="K/1",63000000,IF(D25="K/2",67500000,IF(D25="K/3",72000000))))) -> 63000000 | Y25: =IF(W25<=X25,0,IF(W25>X25,W25-X25)) -> 0 | Z25: =COUNT(F25:Q25) -> 11
A26: 21 | B26: ERRY SAPUTRA | C26: L | D26: K/1 | E26: =COUNT(F26:Q26)-COUNT(#REF!) -> 11 | F26: 4195819.6 | G26: 3798859.6 | H26: 4200469.6 | I26: 4066599.6 | J26: 4200469.6 | K26: 4066599.6 | L26: 4200470.4 | M26: 4200470.4 | N26: 4066600.4 | O26: 4200470.4 | P26: 3798860.4 | R26: =SUM(F26:Q26) -> 44995689 | S26: 4066600 | T26: 600000 | V26: =R26+S26+T26 -> 49662289 | X26: =IF(D26="TK/0",54000000,IF(D26="K/0",58500000,IF(D26="K/1",63000000,IF(D26="K/2",67500000,IF(D26="K/3",72000000))))) -> 63000000 | Y26: =IF(W26<=X26,0,IF(W26>X26,W26-X26)) -> 0 | Z26: =COUNT(F26:Q26) -> 11
A27: 22 | B27: ARWANDI | C27: L | D27: K/1 | E27: =COUNT(F27:Q27)-COUNT(#REF!) -> 11 | F27: 9657428.6 | G27: 8365525.6 | H27: 7818907.6 | I27: 9302925.6 | J27: 8158337.6 | K27: 8594568.6 | L27: 6574819.6 | M27: 7429168.6 | N27: 6871487.6 | O27: 7211791.6 | P27: 6958338.6 | R27: =SUM(F27:Q27) -> 86943299 | S27: 4091600 | T27: 900000 | V27: =R27+S27+T27 -> 91934899 | X27: =IF(D27="TK/0",54000000,IF(D27="K/0",58500000,IF(D27="K/1",63000000,IF(D27="K/2",67500000,IF(D27="K/3",72000000))))) -> 63000000 | Y27: =IF(W27<=X27,0,IF(W27>X27,W27-X27)) -> 0 | Z27: =COUNT(F27:Q27) -> 11
A28: 23 | B28: RENDI PERJAYA | C28: L | D28: K/1 | E28: =COUNT(F28:Q28)-COUNT(#REF!) -> 11 | F28: 8934057.6 | G28: 7704556.6 | H28: 7629970.6 | I28: 7444367.6 | J28: 7666653.6 | K28: 7385406.6 | L28: 7662061.6 | M28: 7085489.6 | N28: 6735627.4 | O28: 7199134.4 | P28: 6868753.4 | R28: =SUM(F28:Q28) -> 82316079 | S28: 4032600 | T28: 600000 | V28: =R28+S28+T28 -> 86948679 | X28: =IF(D28="TK/0",54000000,IF(D28="K/0",58500000,IF(D28="K/1",63000000,IF(D28="K/2",67500000,IF(D28="K/3",72000000))))) -> 63000000 | Y28: =IF(W28<=X28,0,IF(W28>X28,W28-X28)) -> 0 | Z28: =COUNT(F28:Q28) -> 11
A29: 24 | B29: ANDI | C29: L | D29: K/1 | E29: =COUNT(F29:Q29)-COUNT(#REF!) -> 11 | F29: 8405145.6 | G29: 7423261.6 | H29: 7947008.6 | I29: 6509736.6 | J29: 7945130.6 | K29: 7037781.6 | L29: 7272463 | M29: 7153787 | N29: 6468491 | O29: 6810364 | P29: 6636016 | R29: =SUM(F29:Q29) -> 79609185 | S29: 4101600 | T29: 900000 | V29: =R29+S29+T29 -> 84610785 | X29: =IF(D29="TK/0",54000000,IF(D29="K/0",58500000,IF(D29="K/1",63000000,IF(D29="K/2",67500000,IF(D29="K/3",72000000))))) -> 63000000 | Y29: =IF(W29<=X29,0,IF(W29>X29,W29-X29)) -> 0 | Z29: =COUNT(F29:Q29) -> 11
A30: 25 | B30: JULI | C30: L | D30: K/2 | E30: =COUNT(F30:Q30)-COUNT(#REF!) -> 11 | F30: 9138248.6 | G30: 7764969.6 | H30: 7514514.6 | I30: 6974015.6 | J30: 7667824.6 | K30: 7045541.6 | L30: 7415711.6 | M30: 7237705.6 | N30: 6473991.6 | O30: 6887730.6 | P30: 6796373.6 | R30: =SUM(F30:Q30) -> 80916627 | S30: 4135600 | T30: 900000 | V30: =R30+S30+T30 -> 85952227 | X30: =IF(D30="TK/0",54000000,IF(D30="K/0",58500000,IF(D30="K/1",63000000,IF(D30="K/2",67500000,IF(D30="K/3",72000000))))) -> 67500000 | Y30: =IF(W30<=X30,0,IF(W30>X30,W30-X30)) -> 0 | Z30: =COUNT(F30:Q30) -> 11
A31: 26 | B31: DICKY PRATAMA | C31: L | D31: K/0 | E31: =COUNT(F31:Q31)-COUNT(#REF!) -> 11 | F31: 5741953.6 | G31: 5551999.6 | H31: 5921238.6 | I31: 5433697.6 | J31: 6943307.6 | K31: 5923099.6 | L31: 6103019.6 | M31: 5376865.6 | N31: 5178599.6 | O31: 5424130.6 | P31: 5547099.6 | R31: =SUM(F31:Q31) -> 63145011 | S31: 3990100 | T31: 200000 | V31: =R31+S31+T31 -> 67335111 | X31: =IF(D31="TK/0",54000000,IF(D31="K/0",58500000,IF(D31="K/1",63000000,IF(D31="K/2",67500000,IF(D31="K/3",72000000))))) -> 58500000 | Y31: =IF(W31<=X31,0,IF(W31>X31,W31-X31)) -> 0
A32: 27 | B32: SUIP | C32: L | D32: K/1 | E32: =COUNT(F32:Q32)-COUNT(#REF!) -> 11 | F32: 4613325.6 | G32: 4491759.6 | H32: 4809269.6 | I32: 4455349.6 | J32: 5862367.6 | K32: 4833034.6 | L32: 4309220.2 | M32: 5066024.2 | N32: 4881169.2 | O32: 4792970.2 | P32: 4789219 | R32: =SUM(F32:Q32) -> 52903709 | S32: 4037100 | T32: 900000 | V32: =R32+S32+T32 -> 57840809 | X32: =IF(D32="TK/0",54000000,IF(D32="K/0",58500000,IF(D32="K/1",63000000,IF(D32="K/2",67500000,IF(D32="K/3",72000000))))) -> 63000000 | Y32: =IF(W32<=X32,0,IF(W32>X32,W32-X32)) -> 0
A33: 28 | B33: ROBIN DINATA | C33: L | D33: K/2 | E33: =COUNT(F33:Q33)-COUNT(#REF!) -> 11 | F33: 4706978.6 | G33: 4655354.6 | H33: 4669619.6 | I33: 4627287.6 | J33: 7819313.6 | K33: 5058852.6 | L33: 4324870.2 | M33: 5049696.2 | N33: 5042077.2 | O33: 4906004.2 | P33: 4862897 | R33: =SUM(F33:Q33) -> 55722951 | S33: 4064100 | T33: 900000 | V33: =R33+S33+T33 -> 60687051 | X33: =IF(D33="TK/0",54000000,IF(D33="K/0",58500000,IF(D33="K/1",63000000,IF(D33="K/2",67500000,IF(D33="K/3",72000000))))) -> 67500000 | Y33: =IF(W33<=X33,0,IF(W33>X33,W33-X33)) -> 0
A34: 29 | B34: SAPARUDIN | C34: L | D34: K/2 | E34: =COUNT(F34:Q34)-COUNT(#REF!) -> 11 | F34: 5052935.6 | G34: 4791009.6 | H34: 5200919.6 | I34: 5782006.6 | J34: 5367201.6 | K34: 4853309.6 | L34: 4445620.2 | M34: 5095795.2 | N34: 5169778.2 | O34: 5262617.2 | P34: 5304429.2 | R34: =SUM(F34:Q34) -> 56325622 | S34: 4061100 | T34: 200000 | V34: =R34+S34+T34 -> 60586722 | X34: =IF(D34="TK/0",54000000,IF(D34="K/0",58500000,IF(D34="K/1",63000000,IF(D34="K/2",67500000,IF(D34="K/3",72000000))))) -> 67500000 | Y34: =IF(W34<=X34,0,IF(W34>X34,W34-X34)) -> 0
A35: 30 | B35: SULTAN | C35: L | D35: K/2 | E35: =COUNT(F35:Q35)-COUNT(#REF!) -> 11 | F35: 4835169.6 | G35: 4850044.6 | H35: 4704669.6 | I35: 4697211.6 | J35: 4652439.6 | K35: 4214427.6 | L35: 4616220.4 | M35: 4170970.2 | N35: 4037100.2 | O35: 4406255.2 | P35: 4037100.2 | R35: =SUM(F35:Q35) -> 49221608 | S35: 4061100 | T35: 200000 | V35: =R35+S35+T35 -> 53482708 | X35: =IF(D35="TK/0",54000000,IF(D35="K/0",58500000,IF(D35="K/1",63000000,IF(D35="K/2",67500000,IF(D35="K/3",72000000))))) -> 67500000 | Y35: =IF(W35<=X35,0,IF(W35>X35,W35-X35)) -> 0 | Z35: =COUNT(F35:Q35) -> 11
A36: 31 | B36: MANSUR | C36: L | D36: K/1 | E36: =COUNT(F36:Q36)-COUNT(#REF!) -> 11 | F36: 4975192.6 | G36: 5401917.6 | H36: 5159508.6 | I36: 6549421.6 | J36: 5376926.6 | K36: 4498530.6 | L36: 4533219.6 | M36: 4412469.6 | N36: 4357028.6 | O36: 4412469.6 | P36: 4278599.6 | R36: =SUM(F36:Q36) -> 53955284 | S36: 4028600 | T36: 900000 | V36: =R36+S36+T36 -> 58883884 | X36: =IF(D36="TK/0",54000000,IF(D36="K/0",58500000,IF(D36="K/1",63000000,IF(D36="K/2",67500000,IF(D36="K/3",72000000))))) -> 63000000 | Y36: =IF(W36<=X36,0,IF(W36>X36,W36-X36)) -> 0 | Z36: =COUNT(F36:Q36) -> 11
A37: 32 | B37: RIDUAN | C37: L | D37: K/1 | E37: =COUNT(F37:Q37)-COUNT(#REF!) -> 11 | F37: 4675426.6 | G37: 4419409.6 | H37: 4927569.6 | I37: 4413599.6 | J37: 4785916.6 | K37: 4158099.6 | L37: 4292869.6 | M37: 4190369.6 | N37: 4499859.6 | O37: 4734119.6 | P37: 4865291.6 | R37: =SUM(F37:Q37) -> 49962531 | S37: 4026100 | T37: 900000 | V37: =R37+S37+T37 -> 54888631 | X37: =IF(D37="TK/0",54000000,IF(D37="K/0",58500000,IF(D37="K/1",63000000,IF(D37="K/2",67500000,IF(D37="K/3",72000000))))) -> 63000000 | Y37: =IF(W37<=X37,0,IF(W37>X37,W37-X37)) -> 0
A38: 33 | B38: SONJA PRIYOGA | C38: L | D38: K/1 | E38: =COUNT(F38:Q38)-COUNT(#REF!) -> 11 | F38: 7485308.6 | G38: 5484459.6 | H38: 4839919.6 | I38: 5637851.6 | J38: 7234351.6 | K38: 4575157.6 | L38: 4277219.6 | M38: 4974091.6 | N38: 4945269.6 | O38: 4935219.6 | P38: 4742907.6 | R38: =SUM(F38:Q38) -> 59131756 | S38: 4023600 | T38: 900000 | V38: =R38+S38+T38 -> 64055356 | X38: =IF(D38="TK/0",54000000,IF(D38="K/0",58500000,IF(D38="K/1",63000000,IF(D38="K/2",67500000,IF(D38="K/3",72000000))))) -> 63000000 | Y38: =IF(W38<=X38,0,IF(W38>X38,W38-X38)) -> 0
A39: 34 | B39: M.FAUZI | C39: L | D39: TK/0 | E39: =COUNT(F39:Q39)-COUNT(#REF!) -> 3 | F39: 4376466.6 | G39: 4114961.6 | H39: 664849.56 | R39: =SUM(F39:Q39) -> 9156277.7 | S39: 3951600 | V39: =R39+S39+T39 -> 13107878 | X39: =IF(D39="TK/0",54000000,IF(D39="K/0",58500000,IF(D39="K/1",63000000,IF(D39="K/2",67500000,IF(D39="K/3",72000000))))) -> 54000000 | Y39: =IF(W39<=X39,0,IF(W39>X39,W39-X39)) -> 0
A40: 35 | B40: DANI | C40: L | D40: K/1 | E40: =COUNT(F40:Q40)-COUNT(#REF!) -> 3 | F40: 5018636.6 | G40: 4604309.6 | H40: 2778639.6 | R40: =SUM(F40:Q40) -> 12401586 | S40: 4021100 | T40: 600000 | V40: =R40+S40+T40 -> 17022686 | X40: =IF(D40="TK/0",54000000,IF(D40="K/0",58500000,IF(D40="K/1",63000000,IF(D40="K/2",67500000,IF(D40="K/3",72000000))))) -> 63000000 | Y40: =IF(W40<=X40,0,IF(W40>X40,W40-X40)) -> 0
A41: 36 | B41: AHAP | C41: L | D41: K/1 | E41: =COUNT(F41:Q41)-COUNT(#REF!) -> 11 | F41: 5360800.6 | G41: 4758859.6 | H41: 5142470.6 | I41: 5884695.6 | J41: 7391858.6 | K41: 5399193.6 | L41: 4363219.6 | M41: 5359243.6 | N41: 5328060.6 | O41: 5510007.6 | P41: 5191602.6 | R41: =SUM(F41:Q41) -> 59690012 | S41: 4021100 | T41: 900000 | V41: =R41+S41+T41 -> 64611112 | X41: =IF(D41="TK/0",54000000,IF(D41="K/0",58500000,IF(D41="K/1",63000000,IF(D41="K/2",67500000,IF(D41="K/3",72000000))))) -> 63000000 | Y41: =IF(W41<=X41,0,IF(W41>X41,W41-X41)) -> 0
A42: 37 | B42: IHSAN | C42: L | D42: TK/0 | E42: =COUNT(F42:Q42)-COUNT(#REF!) -> 11 | F42: 3979729.6 | G42: 4252283.6 | H42: 4504501.6 | I42: 5857556.6 | J42: 6443934.6 | K42: 4605026.6 | L42: 5603916.6 | M42: 4847591.6 | N42: 5469889.6 | O42: 4543959.6 | P42: 5130072.6 | R42: =SUM(F42:Q42) -> 55238462 | S42: 3946600 | V42: =R42+S42+T42 -> 59185062 | X42: =IF(D42="TK/0",54000000,IF(D42="K/0",58500000,IF(D42="K/1",63000000,IF(D42="K/2",67500000,IF(D42="K/3",72000000))))) -> 54000000 | Y42: =IF(W42<=X42,0,IF(W42>X42,W42-X42)) -> 0
A43: 38 | B43: BAGUSTIN | C43: L | D43: TK/0 | E43: =COUNT(F43:Q43)-COUNT(#REF!) -> 3 | F43: 4184278.6 | G43: 4147016.6 | H43: 2381576.6 | R43: =SUM(F43:Q43) -> 10712872 | S43: 3946600 | V43: =R43+S43+T43 -> 14659472 | X43: =IF(D43="TK/0",54000000,IF(D43="K/0",58500000,IF(D43="K/1",63000000,IF(D43="K/2",67500000,IF(D43="K/3",72000000))))) -> 54000000 | Y43: =IF(W43<=X43,0,IF(W43>X43,W43-X43)) -> 0
A44: 39 | B44: HELDI SAPUTRA | C44: L | D44: K/2 | E44: =COUNT(F44:Q44)-COUNT(#REF!) -> 3 | F44: 4228129.6 | G44: 3850376.6 | H44: 2314222.6 | R44: =SUM(F44:Q44) -> 10392729 | S44: 4045600 | V44: =R44+S44+T44 -> 14438329 | X44: =IF(D44="TK/0",54000000,IF(D44="K/0",58500000,IF(D44="K/1",63000000,IF(D44="K/2",67500000,IF(D44="K/3",72000000))))) -> 67500000 | Y44: =IF(W44<=X44,0,IF(W44>X44,W44-X44)) -> 0
A45: 40 | B45: HARTONO | C45: L | D45: TK/0 | E45: =COUNT(F45:Q45)-COUNT(#REF!) -> 3 | F45: 4981482.6 | G45: 4212989.6 | H45: 2784988.6 | R45: =SUM(F45:Q45) -> 11979461 | S45: 3946600 | V45: =R45+S45+T45 -> 15926061 | X45: =IF(D45="TK/0",54000000,IF(D45="K/0",58500000,IF(D45="K/1",63000000,IF(D45="K/2",67500000,IF(D45="K/3",72000000))))) -> 54000000 | Y45: =IF(W45<=X45,0,IF(W45>X45,W45-X45)) -> 0
A46: 41 | B46: QISTAHAM | C46: L | D46: K/3 | E46: =COUNT(F46:Q46)-COUNT(#REF!) -> 11 | F46: 7540816.6 | G46: 8526389.6 | H46: 6733143.6 | I46: 5602386.6 | J46: 13550779 | K46: 9986190.6 | L46: 5652044.6 | M46: 9653221.6 | N46: 7403711.6 | O46: 6403383.6 | P46: 8014124.6 | R46: =SUM(F46:Q46) -> 89066191 | S46: 4045600 | T46: 750000 | V46: =R46+S46+T46 -> 93861791 | X46: =IF(D46="TK/0",54000000,IF(D46="K/0",58500000,IF(D46="K/1",63000000,IF(D46="K/2",67500000,IF(D46="K/3",72000000))))) -> 72000000 | Y46: =IF(W46<=X46,0,IF(W46>X46,W46-X46)) -> 0
A47: 42 | B47: JAYADI | C47: L | D47: K/2 | E47: =COUNT(F47:Q47)-COUNT(#REF!) -> 11 | F47: 3013205.6 | G47: 4777572.6 | H47: 5169594.6 | I47: 6999352.6 | J47: 9153579.6 | K47: 7080171.6 | L47: 4343119.6 | M47: 5276305.6 | N47: 4924082.6 | O47: 5471524.6 | P47: 5029279.6 | R47: =SUM(F47:Q47) -> 61237788 | S47: 4045600 | T47: 450000 | V47: =R47+S47+T47 -> 65733388 | X47: =IF(D47="TK/0",54000000,IF(D47="K/0",58500000,IF(D47="K/1",63000000,IF(D47="K/2",67500000,IF(D47="K/3",72000000))))) -> 67500000 | Y47: =IF(W47<=X47,0,IF(W47>X47,W47-X47)) -> 0
A48: 43 | B48: MUHAMAD AMIN | C48: L | D48: K/3 | E48: =COUNT(F48:Q48)-COUNT(#REF!) -> 11 | F48: 4776095.6 | G48: 4782197.6 | H48: 4913825.6 | I48: 6258039.6 | J48: 6479196.6 | K48: 5302507.6 | L48: 4294119.6 | M48: 5102255.6 | N48: 5525480.6 | O48: 4858369.6 | P48: 4701243.6 | R48: =SUM(F48:Q48) -> 56993331 | S48: 3369250 | T48: 525000 | V48: =R48+S48+T48 -> 60887581 | X48: =IF(D48="TK/0",54000000,IF(D48="K/0",58500000,IF(D48="K/1",63000000,IF(D48="K/2",67500000,IF(D48="K/3",72000000))))) -> 72000000 | Y48: =IF(W48<=X48,0,IF(W48>X48,W48-X48)) -> 0 | Z48: =COUNT(F48:Q48) -> 11
A49: 44 | B49: SAMSUL HADI | C49: L | D49: K/2 | E49: =COUNT(F49:Q49)-COUNT(#REF!) -> 11 | F49: 7186023.6 | G49: 6255127.6 | H49: 7303060.6 | I49: 9188295.6 | J49: 14020922 | K49: 10533399 | L49: 7795190.6 | M49: 7204001.6 | N49: 6968140.6 | O49: 6846909.6 | P49: 6290727.6 | R49: =SUM(F49:Q49) -> 89591797 | S49: 1347700 | T49: 150000 | V49: =R49+S49+T49 -> 91089497 | X49: =IF(D49="TK/0",54000000,IF(D49="K/0",58500000,IF(D49="K/1",63000000,IF(D49="K/2",67500000,IF(D49="K/3",72000000))))) -> 67500000 | Y49: =IF(W49<=X49,0,IF(W49>X49,W49-X49)) -> 0 | Z49: =COUNT(F49:Q49) -> 11
A50: 45 | B50: SAPARUDIN | C50: L | D50: K/3 | E50: =COUNT(F50:Q50)-COUNT(#REF!) -> 11 | F50: 4739521.6 | G50: 4681473.6 | H50: 5281887.6 | I50: 6972351.6 | J50: 6141106.6 | K50: 5071514.6 | L50: 4401869.6 | M50: 5338476.6 | N50: 5850939.6 | O50: 5280943.6 | P50: 5159251.6 | R50: =SUM(F50:Q50) -> 58919336 | S50: 1347700 | T50: 150000 | V50: =R50+S50+T50 -> 60417036 | X50: =IF(D50="TK/0",54000000,IF(D50="K/0",58500000,IF(D50="K/1",63000000,IF(D50="K/2",67500000,IF(D50="K/3",72000000))))) -> 72000000 | Y50: =IF(W50<=X50,0,IF(W50>X50,W50-X50)) -> 0
A51: 46 | B51: MUHAMAD FAUZI | C51: L | D51: TK/0 | E51: =COUNT(F51:Q51)-COUNT(#REF!) -> 3 | F51: 4603108.6 | G51: 3973879.6 | H51: 745445.56 | R51: =SUM(F51:Q51) -> 9322433.7 | S51: 1314700 | V51: =R51+S51+T51 -> 10637134 | X51: =IF(D51="TK/0",54000000,IF(D51="K/0",58500000,IF(D51="K/1",63000000,IF(D51="K/2",67500000,IF(D51="K/3",72000000))))) -> 54000000 | Y51: =IF(W51<=X51,0,IF(W51>X51,W51-X51)) -> 0
A52: 47 | B52: MAHYUDIN | C52: L | D52: K/1 | E52: =COUNT(F52:Q52)-COUNT(#REF!) -> 3 | F52: 4469930.6 | G52: 4460016.6 | H52: 1182918.6 | R52: =SUM(F52:Q52) -> 10112866 | S52: 1338700 | V52: =R52+S52+T52 -> 11451566 | X52: =IF(D52="TK/0",54000000,IF(D52="K/0",58500000,IF(D52="K/1",63000000,IF(D52="K/2",67500000,IF(D52="K/3",72000000))))) -> 63000000 | Y52: =IF(W52<=X52,0,IF(W52>X52,W52-X52)) -> 0
A53: 48 | B53: ASRI | C53: L | D53: TK/0 | E53: =COUNT(F53:Q53)-COUNT(#REF!) -> 9 | F53: 5251299.6 | G53: 4889690.6 | H53: 4638039.6 | I53: 6593756.6 | J53: 6101037.6 | K53: 4344508.6 | L53: 4157819.6 | M53: 4566173.6 | N53: 2014333.6 | R53: =SUM(F53:Q53) -> 42556659 | S53: 986025 | T53: 75000 | V53: =R53+S53+T53 -> 43617684 | X53: =IF(D53="TK/0",54000000,IF(D53="K/0",58500000,IF(D53="K/1",63000000,IF(D53="K/2",67500000,IF(D53="K/3",72000000))))) -> 54000000 | Y53: =IF(W53<=X53,0,IF(W53>X53,W53-X53)) -> 0
A54: 49 | B54: RUSDIANTO | C54: L | D54: K/2 | E54: =COUNT(F54:Q54)-COUNT(#REF!) -> 1 | F54: 2006009.6 | R54: =SUM(F54:Q54) -> 2006009.6 | V54: =R54+S54+T54 -> 2006009.6 | X54: =IF(D54="TK/0",54000000,IF(D54="K/0",58500000,IF(D54="K/1",63000000,IF(D54="K/2",67500000,IF(D54="K/3",72000000))))) -> 67500000 | Y54: =IF(W54<=X54,0,IF(W54>X54,W54-X54)) -> 0
A55: 50 | B55: LALU MUHAMAD HADI | C55: L | D55: K/0 | E55: =COUNT(F55:Q55)-COUNT(#REF!) -> 1 | F55: 1704881.6 | R55: =SUM(F55:Q55) -> 1704881.6 | V55: =R55+S55+T55 -> 1704881.6 | X55: =IF(D55="TK/0",54000000,IF(D55="K/0",58500000,IF(D55="K/1",63000000,IF(D55="K/2",67500000,IF(D55="K/3",72000000))))) -> 58500000 | Y55: =IF(W55<=X55,0,IF(W55>X55,W55-X55)) -> 0
A56: 51 | B56: RIJAL | C56: L | D56: K/1 | E56: =COUNT(F56:Q56)-COUNT(#REF!) -> 11 | F56: 4296028 | G56: 3713739.6 | H56: 4187099.6 | I56: 4141329.6 | J56: 4380561.6 | K56: 4391106.6 | L56: 4109099.6 | M56: 4187869.6 | N56: 4077686.6 | O56: 4190369.6 | P56: 4055599.6 | R56: =SUM(F56:Q56) -> 45730490 | S56: 4026100 | T56: 200000 | V56: =R56+S56+T56 -> 49956590 | X56: =IF(D56="TK/0",54000000,IF(D56="K/0",58500000,IF(D56="K/1",63000000,IF(D56="K/2",67500000,IF(D56="K/3",72000000))))) -> 63000000 | Y56: =IF(W56<=X56,0,IF(W56>X56,W56-X56)) -> 0
A57: 52 | B57: FAHRUDIN | C57: L | D57: TK/0 | E57: =COUNT(F57:Q57)-COUNT(#REF!) -> 9 | H57: 2953955.6 | I57: 6443134.6 | J57: 7420201.6 | K57: 4729519.6 | L57: 4227819.6 | M57: 5766455.6 | N57: 5447751.6 | O57: 5829369.6 | P57: 5034493.6 | R57: =SUM(F57:Q57) -> 47852701 | V57: =R57+S57+T57 -> 47852701 | X57: =IF(D57="TK/0",54000000,IF(D57="K/0",58500000,IF(D57="K/1",63000000,IF(D57="K/2",67500000,IF(D57="K/3",72000000))))) -> 54000000 | Y57: =IF(W57<=X57,0,IF(W57>X57,W57-X57)) -> 0
A58: 53 | B58: HERIANTO ARBI | C58: L | D58: TK/0 | E58: =COUNT(F58:Q58)-COUNT(#REF!) -> 7 | J58: 4796614.6 | K58: 6038566.6 | L58: 4654307.6 | M58: 5334770.6 | N58: 4799565.6 | O58: 4773589.6 | P58: 4711464.6 | R58: =SUM(F58:Q58) -> 35108879 | V58: =R58+S58+T58 -> 35108879 | X58: =IF(D58="TK/0",54000000,IF(D58="K/0",58500000,IF(D58="K/1",63000000,IF(D58="K/2",67500000,IF(D58="K/3",72000000))))) -> 54000000 | Y58: =IF(W58<=X58,0,IF(W58>X58,W58-X58)) -> 0
A59: 54 | B59: EKO SUMANJAYA | C59: L | D59: K/1 | E59: =COUNT(F59:Q59)-COUNT(#REF!) -> 11 | F59: 4380920 | G59: 3707989.6 | H59: 4465585.6 | I59: 4153466.6 | J59: 4348059.6 | K59: 4285161.6 | L59: 4203599.6 | M59: 4046099.6 | N59: 4046099.6 | O59: 4049100.4 | P59: 3781360.4 | R59: =SUM(F59:Q59) -> 45467442 | S59: 4046100 | T59: 200000 | V59: =R59+S59+T59 -> 49713542 | X59: =IF(D59="TK/0",54000000,IF(D59="K/0",58500000,IF(D59="K/1",63000000,IF(D59="K/2",67500000,IF(D59="K/3",72000000))))) -> 63000000 | Y59: =IF(W59<=X59,0,IF(W59>X59,W59-X59)) -> 0
A60: 55 | B60: DEKY FRANZA | C60: L | D60: TK/0 | E60: =COUNT(F60:Q60)-COUNT(#REF!) -> 11 | F60: 4410490.6 | G60: 4132384.6 | H60: 4074771.6 | I60: 4006877.6 | J60: 3648957.6 | K60: 3605058.6 | L60: 3563685.6 | M60: 4078069.6 | N60: 3823713.6 | O60: 4296379.6 | P60: 4481344.6 | R60: =SUM(F60:Q60) -> 44121733 | S60: 3286750 | T60: 116667 | V60: =R60+S60+T60 -> 47525150 | X60: =IF(D60="TK/0",54000000,IF(D60="K/0",58500000,IF(D60="K/1",63000000,IF(D60="K/2",67500000,IF(D60="K/3",72000000))))) -> 54000000 | Y60: =IF(W60<=X60,0,IF(W60>X60,W60-X60)) -> 0
A61: 56 | B61: SUMARDI | C61: L | D61: K/1 | E61: =COUNT(F61:Q61)-COUNT(#REF!) -> 11 | F61: 4260872 | G61: 3808759.6 | H61: 4474585.6 | I61: 4219338.6 | J61: 4206939.6 | K61: 4139741.6 | L61: 3895480 | M61: 4163019.8 | N61: 3896179.8 | O61: 4163019.8 | P61: 4029599.8 | R61: =SUM(F61:Q61) -> 45257536 | S61: 4026600 | T61: 200000 | V61: =R61+S61+T61 -> 49484136 | X61: =IF(D61="TK/0",54000000,IF(D61="K/0",58500000,IF(D61="K/1",63000000,IF(D61="K/2",67500000,IF(D61="K/3",72000000))))) -> 63000000 | Y61: =IF(W61<=X61,0,IF(W61>X61,W61-X61)) -> 0
A62: 57 | B62: SUKARDI | C62: L | D62: K/0 | E62: =COUNT(F62:Q62)-COUNT(#REF!) -> 11 | F62: 4778826.6 | G62: 4259305.6 | H62: 4570056.6 | I62: 4593659.6 | J62: 4018761.6 | K62: 4357243.6 | L62: 3779950.6 | M62: 4123019.6 | N62: 3857179.6 | O62: 3990099.6 | P62: 3724259.6 | R62: =SUM(F62:Q62) -> 46052362 | S62: 3655300 | T62: 133333 | V62: =R62+S62+T62 -> 49840995 | X62: =IF(D62="TK/0",54000000,IF(D62="K/0",58500000,IF(D62="K/1",63000000,IF(D62="K/2",67500000,IF(D62="K/3",72000000))))) -> 58500000 | Y62: =IF(W62<=X62,0,IF(W62>X62,W62-X62)) -> 0
A63: 58 | B63: YANTI NOVITA | C63: P | D63: TK/0 | E63: =COUNT(F63:Q63)-COUNT(#REF!) -> 11 | F63: 4122569.6 | G63: 3728159.6 | H63: 4122569.6 | I63: 4114344.6 | J63: 4122569.6 | K63: 3991099.6 | L63: 4122569.8 | M63: 3991099.8 | N63: 3991099.8 | O63: 3859629.8 | P63: 3728159.8 | R63: =SUM(F63:Q63) -> 43893871 | S63: 3991100 | T63: 200000 | V63: =R63+S63+T63 -> 48084971 | X63: =IF(D63="TK/0",54000000,IF(D63="K/0",58500000,IF(D63="K/1",63000000,IF(D63="K/2",67500000,IF(D63="K/3",72000000))))) -> 54000000 | Y63: =IF(W63<=X63,0,IF(W63>X63,W63-X63)) -> 0
A64: 59 | B64: FRANSISCO GAUTAMA | C64: L | D64: K/1 | E64: =COUNT(F64:Q64)-COUNT(#REF!) -> 11 | F64: 4290022 | G64: 3719239.6 | H64: 4265509.6 | I64: 4292307.6 | J64: 4621271.6 | K64: 4157886.6 | L64: 4683320 | M64: 4052600 | N64: 4277975 | O64: 4592220 | P64: 4018810 | R64: =SUM(F64:Q64) -> 46971162 | S64: 4052600 | T64: 200000 | V64: =R64+S64+T64 -> 51223762 | X64: =IF(D64="TK/0",54000000,IF(D64="K/0",58500000,IF(D64="K/1",63000000,IF(D64="K/2",67500000,IF(D64="K/3",72000000))))) -> 63000000 | Y64: =IF(W64<=X64,0,IF(W64>X64,W64-X64)) -> 0
A65: 60 | B65: MUSDI | C65: L | D65: K/2 | E65: =COUNT(F65:Q65)-COUNT(#REF!) -> 11 | F65: 4779809.6 | G65: 4183089.6 | H65: 4332537.6 | I65: 4299497.6 | J65: 4588273.6 | K65: 4618461.6 | L65: 4742110 | M65: 4067100 | N65: 4070099.8 | O65: 4204869.8 | P65: 3800559.8 | R65: =SUM(F65:Q65) -> 47686409 | S65: 4067100 | T65: 200000 | V65: =R65+S65+T65 -> 51953509 | X65: =IF(D65="TK/0",54000000,IF(D65="K/0",58500000,IF(D65="K/1",63000000,IF(D65="K/2",67500000,IF(D65="K/3",72000000))))) -> 67500000 | Y65: =IF(W65<=X65,0,IF(W65>X65,W65-X65)) -> 0
A66: 61 | B66: M.IDRIS PRATAMA | C66: L | D66: TK/0 | E66: =COUNT(F66:Q66)-COUNT(#REF!) -> 11 | F66: 4443722.6 | G66: 3657690.6 | H66: 5300168.6 | I66: 4016037.6 | J66: 4273584.6 | K66: 5464451.6 | L66: 3662804.6 | M66: 3949099.6 | N66: 4207864.6 | O66: 4103371.6 | P66: 4259601.6 | R66: =SUM(F66:Q66) -> 47338397 | S66: 3946600 | T66: 200000 | V66: =R66+S66+T66 -> 51484997 | X66: =IF(D66="TK/0",54000000,IF(D66="K/0",58500000,IF(D66="K/1",63000000,IF(D66="K/2",67500000,IF(D66="K/3",72000000))))) -> 54000000 | Y66: =IF(W66<=X66,0,IF(W66>X66,W66-X66)) -> 0
A67: 62 | B67: NOLA WILANDA | C67: P | D67: TK/0 | E67: =COUNT(F67:Q67)-COUNT(#REF!) -> 3 | N67: 3876599.6 | O67: 4005819.6 | P67: 3876599.6 | R67: =SUM(F67:Q67) -> 11759019 | V67: =R67+S67+T67 -> 11759019 | X67: =IF(D67="TK/0",54000000,IF(D67="K/0",58500000,IF(D67="K/1",63000000,IF(D67="K/2",67500000,IF(D67="K/3",72000000))))) -> 54000000 | Y67: =IF(W67<=X67,0,IF(W67>X67,W67-X67)) -> 0
A68: 63 | B68: AGUSTIAN | C68: L | D68: TK/0 | E68: =COUNT(F68:Q68)-COUNT(#REF!) -> 3 | N68: 3876599.6 | O68: 4005819.6 | P68: 3876599.6 | R68: =SUM(F68:Q68) -> 11759019 | V68: =R68+S68+T68 -> 11759019 | X68: =IF(D68="TK/0",54000000,IF(D68="K/0",58500000,IF(D68="K/1",63000000,IF(D68="K/2",67500000,IF(D68="K/3",72000000))))) -> 54000000 | Y68: =IF(W68<=X68,0,IF(W68>X68,W68-X68)) -> 0
A69: 64 | B69: DWI MARZETI | C69: P | D69: TK/0 | E69: =COUNT(F69:Q69)-COUNT(#REF!) -> 3 | N69: 3876599.6 | O69: 4005819.6 | P69: 3747379.6 | R69: =SUM(F69:Q69) -> 11629799 | V69: =R69+S69+T69 -> 11629799 | X69: =IF(D69="TK/0",54000000,IF(D69="K/0",58500000,IF(D69="K/1",63000000,IF(D69="K/2",67500000,IF(D69="K/3",72000000))))) -> 54000000 | Y69: =IF(W69<=X69,0,IF(W69>X69,W69-X69)) -> 0
A70: 65 | B70: SUTRA PRAYOGI | C70: L | D70: TK/0 | E70: =COUNT(F70:Q70)-COUNT(#REF!) -> 2 | O70: 4864819.6 | P70: 5140959.6 | R70: =SUM(F70:Q70) -> 10005779 | V70: =R70+S70+T70 -> 10005779 | X70: =IF(D70="TK/0",54000000,IF(D70="K/0",58500000,IF(D70="K/1",63000000,IF(D70="K/2",67500000,IF(D70="K/3",72000000))))) -> 54000000 | Y70: =IF(W70<=X70,0,IF(W70>X70,W70-X70)) -> 0
A71: 66 | B71: SAHARUDIN | C71: L | D71: K/0 | E71: =COUNT(F71:Q71)-COUNT(#REF!) -> 11 | F71: 4014599.6 | G71: 3751759.6 | H71: 4017599.6 | I71: 3884679.6 | J71: 4150519.6 | K71: 4017599.6 | L71: 4017599.6 | M71: 3884679.6 | N71: 4017599.6 | O71: 4153520.4 | P71: 4020600.4 | R71: =SUM(F71:Q71) -> 43930757 | S71: 4017600 | T71: 200000 | V71: =R71+S71+T71 -> 48148357 | X71: =IF(D71="TK/0",54000000,IF(D71="K/0",58500000,IF(D71="K/1",63000000,IF(D71="K/2",67500000,IF(D71="K/3",72000000))))) -> 58500000 | Y71: =IF(W71<=X71,0,IF(W71>X71,W71-X71)) -> 0
A72: 67 | E72: =COUNT(F72:Q72)-COUNT(#REF!) -> 0 | R72: =SUM(F72:Q72) -> 0 | V72: =R72+S72+T72 -> 0 | X72: =IF(D72="TK/0",54000000,IF(D72="K/0",58500000,IF(D72="K/1",63000000,IF(D72="K/2",67500000,IF(D72="K/3",72000000))))) -> FALSE | Y72: =IF(W72<=X72,0,IF(W72>X72,W72-X72)) -> 0
A73: 68 | E73: =COUNT(F73:Q73)-COUNT(#REF!) -> 0 | R73: =SUM(F73:Q73) -> 0 | V73: =R73+S73+T73 -> 0 | X73: =IF(D73="TK/0",54000000,IF(D73="K/0",58500000,IF(D73="K/1",63000000,IF(D73="K/2",67500000,IF(D73="K/3",72000000))))) -> FALSE | Y73: =IF(W73<=X73,0,IF(W73>X73,W73-X73)) -> 0
A74: 69 | E74: =COUNT(F74:Q74)-COUNT(#REF!) -> 0 | R74: =SUM(F74:Q74) -> 0 | V74: =R74+S74+T74 -> 0 | X74: =IF(D74="TK/0",54000000,IF(D74="K/0",58500000,IF(D74="K/1",63000000,IF(D74="K/2",67500000,IF(D74="K/3",72000000))))) -> FALSE | Y74: =IF(W74<=X74,0,IF(W74>X74,W74-X74)) -> 0
A75: 70 | E75: =COUNT(F75:Q75)-COUNT(#REF!) -> 0 | R75: =SUM(F75:Q75) -> 0 | V75: =R75+S75+T75 -> 0 | X75: =IF(D75="TK/0",54000000,IF(D75="K/0",58500000,IF(D75="K/1",63000000,IF(D75="K/2",67500000,IF(D75="K/3",72000000))))) -> FALSE | Y75: =IF(W75<=X75,0,IF(W75>X75,W75-X75)) -> 0
A76: TOTAL | E76: =SUM(E6:E75) -> 595 | F76: =SUM(F6:F75) -> 2.9275173e+08 | G76: =SUM(G6:G75) -> 2.6624161e+08 | H76: =SUM(H6:H75) -> 2.6895578e+08 | I76: =SUM(I6:I75) -> 2.6171322e+08 | J76: =SUM(J6:J75) -> 2.9059895e+08 | K76: =SUM(K6:K75) -> 2.5849753e+08 | L76: =SUM(L6:L75) -> 2.4414572e+08 | ... Y76: =SUM(Y6:Y75) -> 0
A79: 27 | B79: RIO RESFATI | C79: L | D79: K/1 | E79: =COUNT(F79:Q79)-COUNT(#REF!) -> 2 | F79: 5521808.6 | G79: 4469686.6 | R79: =SUM(F79:Q79) -> 9991495.1 | S79: 4035600 | V79: =R79+S79+T79 -> 14027095 | X79: =IF(D79="TK",54000000,IF(D79="K0",58500000,IF(D79="K1",63000000,IF(D79="K2",67500000,IF(D79="K3",72000000))))) -> FALSE | Y79: =IF(W79<=X79,0,IF(W79>X79,W79-X79)) -> 0
A80: 12 | B80: YANTI NOVITA | C80: P | D80: TK/0 | E80: =COUNT(F80:Q80)-COUNT(#REF!) -> 3 | F80: 4122569.6 | G80: 3728159.6 | H80: 4122569.6 | R80: =SUM(F80:Q80) -> 11973299 | S80: 3991100 | V80: =R80+S80+T80 -> 15964399 | X80: =IF(D80="TK",54000000,IF(D80="K0",58500000,IF(D80="K1",63000000,IF(D80="K2",67500000,IF(D80="K3",72000000))))) -> FALSE | Y80: =IF(W80<=X80,0,IF(W80>X80,W80-X80)) -> 0 | Z80: =COUNT(F80:Q80) -> 3
A81: 60 | B81: EDI ZULKARNADI | C81: L | D81: K/1 | E81: =COUNT(F81:Q81)-COUNT(#REF!) -> 6 | F81: 4266026 | G81: 3695234.6 | H81: 4333569.6 | I81: 4350220.6 | J81: 4609475.6 | K81: 4132794.6 | R81: =SUM(F81:Q81) -> 25387321 | S81: 3998100 | T81: 600000 | V81: =R81+S81+T81 -> 29985421 | X81: =IF(D81="TK",54000000,IF(D81="K0",58500000,IF(D81="K1",63000000,IF(D81="K2",67500000,IF(D81="K3",72000000))))) -> FALSE | Y81: =IF(W81<=X81,0,IF(W81>X81,W81-X81)) -> 0
A82: 37 | B82: SUNARDI | C82: L | D82: K/2 | E82: =COUNT(F82:Q82)-COUNT(#REF!) -> 6 | F82: 4512774.6 | G82: 4458409.6 | H82: 4468436.6 | I82: 4695349.6 | J82: 4739229.6 | K82: 4189009.6 | R82: =SUM(F82:Q82) -> 27063209 | S82: 4053100 | T82: 200000 | V82: =R82+S82+T82 -> 31316309 | X82: =IF(D82="TK",54000000,IF(D82="K0",58500000,IF(D82="K1",63000000,IF(D82="K2",67500000,IF(D82="K3",72000000))))) -> FALSE | Y82: =IF(W82<=X82,0,IF(W82>X82,W82-X82)) -> 0
A83: 29 | B83: MUSNI | C83: L | D83: K/0 | E83: =COUNT(F83:Q83)-COUNT(#REF!) -> 7 | F83: 4582912.6 | G83: 4656909.6 | H83: 4736169.6 | I83: 4672955.6 | J83: 5300465.6 | K83: 4614380.6 | L83: 4454770.2 | R83: =SUM(F83:Q83) -> 33018564 | S83: 4008600 | T83: 900000 | V83: =R83+S83+T83 -> 37927164 | X83: =IF(D83="TK",54000000,IF(D83="K0",58500000,IF(D83="K1",63000000,IF(D83="K2",67500000,IF(D83="K3",72000000))))) -> FALSE | Y83: =IF(W83<=X83,0,IF(W83>X83,W83-X83)) -> 0 | Z83: =COUNT(F83:Q83) -> 7
A84: 31 | B84: ARPANDI | C84: L | D84: K/1 | E84: =COUNT(F84:Q84)-COUNT(#REF!) -> 7 | F84: 4886856.6 | G84: 4769759.6 | H84: 5067741.6 | I84: 4843903.6 | J84: 5385436.6 | K84: 4260705.6 | L84: 4649370.2 | R84: =SUM(F84:Q84) -> 33863774 | S84: 4034100 | T84: 200000 | V84: =R84+S84+T84 -> 38097874 | X84: =IF(D84="TK",54000000,IF(D84="K0",58500000,IF(D84="K1",63000000,IF(D84="K2",67500000,IF(D84="K3",72000000))))) -> FALSE | Y84: =IF(W84<=X84,0,IF(W84>X84,W84-X84)) -> 0
A85: 32 | B85: MASRI | C85: L | D85: K/1 | E85: =COUNT(F85:Q85)-COUNT(#REF!) -> 7 | F85: 4867169.6 | G85: 4564740.6 | H85: 4649969.6 | I85: 4757744.6 | J85: 5362785.6 | K85: 4204932.6 | L85: 4488469.8 | R85: =SUM(F85:Q85) -> 32895812 | S85: 4040100 | T85: 200000 | V85: =R85+S85+T85 -> 37135912 | X85: =IF(D85="TK",54000000,IF(D85="K0",58500000,IF(D85="K1",63000000,IF(D85="K2",67500000,IF(D85="K3",72000000))))) -> FALSE | Y85: =IF(W85<=X85,0,IF(W85>X85,W85-X85)) -> 0 | Z85: =COUNT(F85:Q85) -> 7
A86: 35 | B86: HARDIANSYAH | C86: L | D86: K/2 | E86: =COUNT(F86:Q86)-COUNT(#REF!) -> 7 | F86: 4563575.6 | G86: 4691559.6 | H86: 4651869.6 | I86: 4919431.6 | J86: 5099612.6 | K86: 4690014.6 | L86: 4486119.6 | R86: =SUM(F86:Q86) -> 33102183 | S86: 4053100 | T86: 600000 | V86: =R86+S86+T86 -> 37755283 | X86: =IF(D86="TK",54000000,IF(D86="K0",58500000,IF(D86="K1",63000000,IF(D86="K2",67500000,IF(D86="K3",72000000))))) -> FALSE | Y86: =IF(W86<=X86,0,IF(W86>X86,W86-X86)) -> 0 | Z86: =COUNT(F86:Q86) -> 7
A87: 41 | B87: SALEH | C87: L | D87: K/0 | E87: =COUNT(F87:Q87)-COUNT(#REF!) -> 7 | F87: 4385947.6 | G87: 4638905.6 | H87: 4600522.6 | I87: 5736784.6 | J87: 5221038.6 | K87: 4322446.6 | L87: 4619419.6 | R87: =SUM(F87:Q87) -> 33525065 | S87: 3990100 | T87: 200000 | V87: =R87+S87+T87 -> 37715165 | X87: =IF(D87="TK",54000000,IF(D87="K0",58500000,IF(D87="K1",63000000,IF(D87="K2",67500000,IF(D87="K3",72000000))))) -> FALSE | Y87: =IF(W87<=X87,0,IF(W87>X87,W87-X87)) -> 0
A88: 48 | B88: JUFRI | C88: L | D88: K/2 | E88: =COUNT(F88:Q88)-COUNT(#REF!) -> 7 | F88: 4536828.6 | G88: 4277007.6 | H88: 4357829.6 | I88: 5387338.6 | J88: 4948339.6 | K88: 4068232.6 | L88: 3997059.6 | R88: =SUM(F88:Q88) -> 31572636 | S88: 4050600 | T88: 200000 | V88: =R88+S88+T88 -> 35823236 | X88: =IF(D88="TK",54000000,IF(D88="K0",58500000,IF(D88="K1",63000000,IF(D88="K2",67500000,IF(D88="K3",72000000))))) -> FALSE | Y88: =IF(W88<=X88,0,IF(W88>X88,W88-X88)) -> 0 | Z88: =COUNT(F88:Q88) -> 7
A89: 50 | B89: ZAMALUDIN | C89: L | D89: K/1 | E89: =COUNT(F89:Q89)-COUNT(#REF!) -> 7 | F89: 4357379.6 | G89: 4267861.6 | H89: 4637769.6 | I89: 5132389.6 | J89: 5251455.6 | K89: 4373098.6 | L89: 4365219.6 | R89: =SUM(F89:Q89) -> 32385174 | S89: 2008050 | T89: 150000 | V89: =R89+S89+T89 -> 34543224 | X89: =IF(D89="TK",54000000,IF(D89="K0",58500000,IF(D89="K1",63000000,IF(D89="K2",67500000,IF(D89="K3",72000000))))) -> FALSE | Y89: =IF(W89<=X89,0,IF(W89>X89,W89-X89)) -> 0 | Z89: =COUNT(F89:Q89) -> 7

Sheet SETAHUN
A1: PT.REBINMAS JAYA
A2: Perhitungan PPh 21 SETAHUN 2025
A3: Divisi : Aik Jangkat
A4: No | B4: Name | C4: L/P | D4: Stat | E4: BL | F4: PENGHASILAN SETAHUN | L4: Total | M4: POTONGAN | Q4: Penghasilan | R4: PTKP | S4: Penghasilan
F5: GAJI | G5: Astek Ins | H5: T H R | I5: BPJS | J5: CLAIM | K5: BONUS | L5: Penghasilan | M5: Astek Ins | N5: PENSIUN | O5: Bi.Jabatan | P5: Total | Q5: Neto Setahun/ | S5: Kena | T5: NO. NPWP
G6: 0.0084 | I6: KESEHATAN 4% | J6: BEROBAT | L6: Setahun | M6: 2% from Inc | N6: 0.01 | O6: 5%per year | P6: Astek & B. Jabatan | Q6: disetahunkan | S6: Pajak
A7: 1 | B7: =+PERBULAN!B6 -> GUNAWAN | C7: =+PERBULAN!C6 -> L | D7: =+PERBULAN!D6 -> K/2 | E7: =+PERBULAN!E6 -> 11 | F7: =+PERBULAN!R6 -> 80856224 | G7: =+BPJS!O105 -> 359533.44 | H7: =+PERBULAN!S6 -> 4073100 | I7: =+BPJS!O10 -> 1719264 | J7: 0 | K7: =+PERBULAN!T6 -> 900000 | L7: =F7+G7+H7+I7+J7+K7 -> 87908121 | M7: =+'ASTEK+PENSIUN-DIISI SMPAI DES'!O9 -> 934224 | N7: =+'ASTEK+PENSIUN-DIISI SMPAI DES'!O95 -> 467112 | O7: =L7*0.05 -> 4395406 | P7: =M7+N7+O7 -> 5796742 | Q7: =L7-P7 -> 82111379 | R7: =IF(D7="TK/0",54000000,IF(D7="K/0",58500000,IF(D7="K/1",63000000,IF(D7="K/2",67500000,IF(D7="K/3",72000000))))) -> 67500000 | S7: =IF(Q7<=R7,0,IF(Q7>R7,Q7-R7)) -> 14611379 | U7: =G7+I7 -> 2078797.4 | V7: =M7+N7 -> 1401336
A8: 2 | B8: =+PERBULAN!B7 -> RILYANI | C8: =+PERBULAN!C7 -> L | D8: =+PERBULAN!D7 -> K/0 | E8: =+PERBULAN!E7 -> 11 | F8: =+PERBULAN!R7 -> 46097877 | G8: =+BPJS!O106 -> 361935.84 | H8: =+PERBULAN!S7 -> 4063100 | I8: =+BPJS!O11 -> 1743744 | J8: 0 | K8: =+PERBULAN!T7 -> 600000 | L8: =F8+G8+H8+I8+J8+K8 -> 52866657 | M8: =+'ASTEK+PENSIUN-DIISI SMPAI DES'!O10 -> 941064 | N8: =+'ASTEK+PENSIUN-DIISI SMPAI DES'!O96 -> 470532 | O8: =L8*0.05 -> 2643332.9 | P8: =M8+N8+O8 -> 4054928.9 | Q8: =L8-P8 -> 48811728 | R8: =IF(D8="TK/0",54000000,IF(D8="K/0",58500000,IF(D8="K/1",63000000,IF(D8="K/2",67500000,IF(D8="K/3",72000000))))) -> 58500000 | S8: =IF(Q8<=R8,0,IF(Q8>R8,Q8-R8)) -> 0 | U8: =G8+I8 -> 2105679.8 | V8: =M8+N8 -> 1411596
A9: 3 | B9: =+PERBULAN!B8 -> JUNAIDI | C9: =+PERBULAN!C8 -> L | D9: =+PERBULAN!D8 -> K/0 | E9: =+PERBULAN!E8 -> 11 | F9: =+PERBULAN!R8 -> 46051707 | G9: =+BPJS!O107 -> 362082.84 | H9: =+PERBULAN!S8 -> 4066600 | I9: =+BPJS!O12 -> 1745144 | J9: 0 | K9: =+PERBULAN!T8 -> 900000 | L9: =F9+G9+H9+I9+J9+K9 -> 53125534 | M9: =+'ASTEK+PENSIUN-DIISI SMPAI DES'!O11 -> 941484 | N9: =+'ASTEK+PENSIUN-DIISI SMPAI DES'!O97 -> 470742 | O9: =L9*0.05 -> 2656276.7 | P9: =M9+N9+O9 -> 4068502.7 | Q9: =L9-P9 -> 49057031 | R9: =IF(D9="TK/0",54000000,IF(D9="K/0",58500000,IF(D9="K/1",63000000,IF(D9="K/2",67500000,IF(D9="K/3",72000000))))) -> 58500000 | S9: =IF(Q9<=R9,0,IF(Q9>R9,Q9-R9)) -> 0 | U9: =G9+I9 -> 2107226.8 | V9: =M9+N9 -> 1412226
A10: 4 | B10: =+PERBULAN!B9 -> UMIYATI | C10: =+PERBULAN!C9 -> P | D10: =+PERBULAN!D9 -> TK/0 | E10: =+PERBULAN!E9 -> 4 | F10: =+PERBULAN!R9 -> 14668728 | G10: =+BPJS!O108 -> 130253.76 | H10: =+PERBULAN!S9 -> 4036600 | I10: =+BPJS!O13 -> 633796 | J10: 0 | K10: =+PERBULAN!T9 -> 0 | L10: =F10+G10+H10+I10+J10+K10 -> 19469378 | M10: =+'ASTEK+PENSIUN-DIISI SMPAI DES'!O12 -> 310128 | N10: =+'ASTEK+PENSIUN-DIISI SMPAI DES'!O98 -> 155064 | O10: =L10*0.05 -> 973468.9 | P10: =M10+N10+O10 -> 1438660.9 | Q10: =L10-P10 -> 18030717 | R10: =IF(D10="TK/0",54000000,IF(D10="K/0",58500000,IF(D10="K/1",63000000,IF(D10="K/2",67500000,IF(D10="K/3",72000000))))) -> 54000000 | S10: =IF(Q10<=R10,0,IF(Q10>R10,Q10-R10)) -> 0 | U10: =G10+I10 -> 764049.76 | V10: =M10+N10 -> 465192
A11: 5 | B11: =+PERBULAN!B10 -> ASUNTI | C11: =+PERBULAN!C10 -> P | D11: =+PERBULAN!D10 -> TK/0 | E11: =+PERBULAN!E10 -> 11 | F11: =+PERBULAN!R10 -> 44310509 | G11: =+BPJS!O109 -> 360289.44 | H11: =+PERBULAN!S10 -> 3991100 | I11: =+BPJS!O14 -> 1726944 | J11: 0 | K11: =+PERBULAN!T10 -> 200000 | L11: =F11+G11+H11+I11+J11+K11 -> 50588842 | M11: =+'ASTEK+PENSIUN-DIISI SMPAI DES'!O13 -> 936374 | N11: =+'ASTEK+PENSIUN-DIISI SMPAI DES'!O99 -> 468187 | O11: =L11*0.05 -> 2529442.1 | P11: =M11+N11+O11 -> 3934003.1 | Q11: =L11-P11 -> 46654839 | R11: =IF(D11="TK/0",54000000,IF(D11="K/0",58500000,IF(D11="K/1",63000000,IF(D11="K/2",67500000,IF(D11="K/3",72000000))))) -> 54000000 | S11: =IF(Q11<=R11,0,IF(Q11>R11,Q11-R11)) -> 0 | U11: =G11+I11 -> 2087233.4 | V11: =M11+N11 -> 1404561
A12: 6 | B12: =+PERBULAN!B11 -> JONI | C12: =+PERBULAN!C11 -> L | D12: =+PERBULAN!D11 -> K/1 | E12: =+PERBULAN!E11 -> 11 | F12: =+PERBULAN!R11 -> 44879317 | G12: =+BPJS!O110 -> 360465.84 | H12: =+PERBULAN!S11 -> 4066600 | I12: =+BPJS!O15 -> 1728624 | J12: 0 | K12: =+PERBULAN!T11 -> 600000 | L12: =F12+G12+H12+I12+J12+K12 -> 51635007 | M12: =+'ASTEK+PENSIUN-DIISI SMPAI DES'!O14 -> 936864 | N12: =+'ASTEK+PENSIUN-DIISI SMPAI DES'!O100 -> 468432 | O12: =L12*0.05 -> 2581750.4 | P12: =M12+N12+O12 -> 3987046.4 | Q12: =L12-P12 -> 47647961 | R12: =IF(D12="TK/0",54000000,IF(D12="K/0",58500000,IF(D12="K/1",63000000,IF(D12="K/2",67500000,IF(D12="K/3",72000000))))) -> 63000000 | S12: =IF(Q12<=R12,0,IF(Q12>R12,Q12-R12)) -> 0 | U12: =G12+I12 -> 2089089.8 | V12: =M12+N12 -> 1405296
A13: 7 | B13: =+PERBULAN!B12 -> THAHA.S | C13: =+PERBULAN!C12 -> L | D13: =+PERBULAN!D12 -> K/1 | E13: =+PERBULAN!E12 -> 11 | F13: =+PERBULAN!R12 -> 45280927 | G13: =+BPJS!O111 -> 360465.84 | H13: =+PERBULAN!S12 -> 4066600 | I13: =+BPJS!O16 -> 1728624 | J13: 0 | K13: =+PERBULAN!T12 -> 200000 | L13: =F13+G13+H13+I13+J13+K13 -> 51636617 | M13: =+'ASTEK+PENSIUN-DIISI SMPAI DES'!O15 -> 936864 | N13: =+'ASTEK+PENSIUN-DIISI SMPAI DES'!O101 -> 468432 | O13: =L13*0.05 -> 2581830.9 | P13: =M13+N13+O13 -> 3987126.9 | Q13: =L13-P13 -> 47649490 | R13: =IF(D13="TK/0",54000000,IF(D13="K/0",58500000,IF(D13="K/1",63000000,IF(D13="K/2",67500000,IF(D13="K/3",72000000))))) -> 63000000 | S13: =IF(Q13<=R13,0,IF(Q13>R13,Q13-R13)) -> 0 | U13: =G13+I13 -> 2089089.8 | V13: =M13+N13 -> 1405296
A14: 8 | B14: =+PERBULAN!B13 -> ALEX | C14: =+PERBULAN!C13 -> L | D14: =+PERBULAN!D13 -> K/2 | E14: =+PERBULAN!E13 -> 11 | F14: =+PERBULAN!R13 -> 44673678 | G14: =+BPJS!O112 -> 359533.44 | H14: =+PERBULAN!S13 -> 4073100 | I14: =+BPJS!O17 -> 1719264 | J14: 0 | K14: =+PERBULAN!T13 -> 200000 | L14: =F14+G14+H14+I14+J14+K14 -> 51025575 | M14: =+'ASTEK+PENSIUN-DIISI SMPAI DES'!O16 -> 934224 | N14: =+'ASTEK+PENSIUN-DIISI SMPAI DES'!O102 -> 467112 | O14: =L14*0.05 -> 2551278.8 | P14: =M14+N14+O14 -> 3952614.8 | Q14: =L14-P14 -> 47072960 | R14: =IF(D14="TK/0",54000000,IF(D14="K/0",58500000,IF(D14="K/1",63000000,IF(D14="K/2",67500000,IF(D14="K/3",72000000))))) -> 67500000 | S14: =IF(Q14<=R14,0,IF(Q14>R14,Q14-R14)) -> 0 | U14: =G14+I14 -> 2078797.4 | V14: =M14+N14 -> 1401336
A15: 9 | B15: =+PERBULAN!B14 -> SANDY | C15: =+PERBULAN!C14 -> L | D15: =+PERBULAN!D14 -> K/1 | E15: =+PERBULAN!E14 -> 11 | F15: =+PERBULAN!R14 -> 44377578 | G15: =+BPJS!O113 -> 359533.44 | H15: =+PERBULAN!S14 -> 4046100 | I15: =+BPJS!O18 -> 1719264 | J15: 0 | K15: =+PERBULAN!T14 -> 200000 | L15: =F15+G15+H15+I15+J15+K15 -> 50702475 | M15: =+'ASTEK+PENSIUN-DIISI SMPAI DES'!O17 -> 934224 | N15: =+'ASTEK+PENSIUN-DIISI SMPAI DES'!O103 -> 467112 | O15: =L15*0.05 -> 2535123.8 | P15: =M15+N15+O15 -> 3936459.8 | Q15: =L15-P15 -> 46766015 | R15: =IF(D15="TK/0",54000000,IF(D15="K/0",58500000,IF(D15="K/1",63000000,IF(D15="K/2",67500000,IF(D15="K/3",72000000))))) -> 63000000 | S15: =IF(Q15<=R15,0,IF(Q15>R15,Q15-R15)) -> 0 | U15: =G15+I15 -> 2078797.4 | V15: =M15+N15 -> 1401336
A16: 10 | B16: =+PERBULAN!B15 -> ANTON | C16: =+PERBULAN!C15 -> L | D16: =+PERBULAN!D15 -> K/1 | E16: =+PERBULAN!E15 -> 11 | F16: =+PERBULAN!R15 -> 45013187 | G16: =+BPJS!O114 -> 360465.84 | H16: =+PERBULAN!S15 -> 4066600 | I16: =+BPJS!O19 -> 1728624 | J16: 0 | K16: =+PERBULAN!T15 -> 200000 | L16: =F16+G16+H16+I16+J16+K16 -> 51368877 | M16: =+'ASTEK+PENSIUN-DIISI SMPAI DES'!O18 -> 936864 | N16: =+'ASTEK+PENSIUN-DIISI SMPAI DES'!O104 -> 468432 | O16: =L16*0.05 -> 2568443.9 | P16: =M16+N16+O16 -> 3973739.9 | Q16: =L16-P16 -> 47395137 | R16: =IF(D16="TK/0",54000000,IF(D16="K/0",58500000,IF(D16="K/1",63000000,IF(D16="K/2",67500000,IF(D16="K/3",72000000))))) -> 63000000 | S16: =IF(Q16<=R16,0,IF(Q16>R16,Q16-R16)) -> 0 | U16: =G16+I16 -> 2089089.8 | V16: =M16+N16 -> 1405296
A17: 11 | B17: =+PERBULAN!B16 -> EKA NOPIYANTI | C17: =+PERBULAN!C16 -> P | D17: =+PERBULAN!D16 -> TK/0 | E17: =+PERBULAN!E16 -> 11 | F17: =+PERBULAN!R16 -> 44787859 | G17: =+BPJS!O115 -> 360318.84 | H17: =+PERBULAN!S16 -> 3991100 | I17: =+BPJS!O20 -> 1727084 | J17: 0 | K17: =+PERBULAN!T16 -> 600000 | L17: =F17+G17+H17+I17+J17+K17 -> 51466362 | M17: =+'ASTEK+PENSIUN-DIISI SMPAI DES'!O19 -> 936444 | N17: =+'ASTEK+PENSIUN-DIISI SMPAI DES'!O105 -> 468222 | O17: =L17*0.05 -> 2573318.1 | P17: =M17+N17+O17 -> 3977984.1 | Q17: =L17-P17 -> 47488378 | R17: =IF(D17="TK/0",54000000,IF(D17="K/0",58500000,IF(D17="K/1",63000000,IF(D17="K/2",67500000,IF(D17="K/3",72000000))))) -> 54000000 | S17: =IF(Q17<=R17,0,IF(Q17>R17,Q17-R17)) -> 0 | U17: =G17+I17 -> 2087402.8 | V17: =M17+N17 -> 1404666
A18: 12 | B18: =+PERBULAN!B17 -> JUMIATI | C18: =+PERBULAN!C17 -> P | D18: =+PERBULAN!D17 -> TK/0 | E18: =+PERBULAN!E17 -> 11 | F18: =+PERBULAN!R17 -> 44483977 | G18: =+BPJS!O116 -> 360465.84 | H18: =+PERBULAN!S17 -> 3994600 | I18: =+BPJS!O21 -> 1728624 | J18: 0 | K18: =+PERBULAN!T17 -> 600000 | L18: =F18+G18+H18+I18+J18+K18 -> 51167667 | M18: =+'ASTEK+PENSIUN-DIISI SMPAI DES'!O20 -> 936864 | N18: =+'ASTEK+PENSIUN-DIISI SMPAI DES'!O106 -> 468432 | O18: =L18*0.05 -> 2558383.4 | P18: =M18+N18+O18 -> 3963679.4 | Q18: =L18-P18 -> 47203988 | R18: =IF(D18="TK/0",54000000,IF(D18="K/0",58500000,IF(D18="K/1",63000000,IF(D18="K/2",67500000,IF(D18="K/3",72000000))))) -> 54000000 | S18: =IF(Q18<=R18,0,IF(Q18>R18,Q18-R18)) -> 0 | U18: =G18+I18 -> 2089089.8 | V18: =M18+N18 -> 1405296
... A76: 70 | B76: =+PERBULAN!B75 -> 0 | C76: =+PERBULAN!C75 -> 0 | D76: =+PERBULAN!D75 -> 0 | E76: =+PERBULAN!E75 -> 0 | F76: =+PERBULAN!R75 -> 0 | G76: =+BPJS!O174 -> 0 | H76: =+PERBULAN!S75 -> 0 | I76: =+BPJS!O79 -> 0 | J76: 0 | K76: =+PERBULAN!T75 -> 0 | L76: =F76+G76+H76+I76+J76+K76 -> 0 | M76: =+'ASTEK+PENSIUN-DIISI SMPAI DES'!O78 -> 0 | N76: =+'ASTEK+PENSIUN-DIISI SMPAI DES'!O164 -> 0 | O76: =L76*0.05 -> 0 | P76: =M76+N76+O76 -> 0 | Q76: =L76-P76 -> 0 | R76: =IF(D76="TK/0",54000000,IF(D76="K/0",58500000,IF(D76="K/1",63000000,IF(D76="K/2",67500000,IF(D76="K/3",72000000))))) -> FALSE | S76: =IF(Q76<=R76,0,IF(Q76>R76,Q76-R76)) -> 0 | U76: =G76+I76 -> 0 | V76: =M76+N76 -> 0
A77: TOTAL | E77: =SUM(E7:E76) -> 595 | F77: =SUM(F7:F76) -> 2.9010194e+09 | G77: =SUM(G7:G76) -> 19440800 | H77: =SUM(H7:H76) -> 218451125 | I77: =SUM(I7:I76) -> 92953180 | J77: =SUM(J7:J76) -> 0 | K77: =SUM(K7:K76) -> 23050000 | L77: =SUM(L7:L76) -> 3.2549145e+09 | ... S77: =SUM(S7:S76) -> 1.4997065e+08 | T77: =SUM(T7:T69) -> 0
A80: 44 | B80: =[3]perbulan!#REF! -> #REF! | C80: =[3]perbulan!#REF! -> #REF! | D80: =[3]perbulan!#REF! -> #REF! | E80: =[3]perbulan!#REF! -> #REF! | F80: =[3]perbulan!#REF! -> #REF! | G80: =3498479*0.84%*E80 -> #REF! | H80: =[3]perbulan!#REF! -> #REF! | I80: ='[3]BPJS '!#REF! -> #REF! | J80: 0 | K80: =[3]perbulan!#REF! -> #REF! | L80: =F80+G80+H80+I80+J80+K80 -> #REF! | M80: =3498479*2%*E80 -> #REF! | N80: =3498479*1%*E80 -> #REF! | O80: =L80*0.05 -> #REF! | P80: =M80+N80+O80 -> #REF! | Q80: =L80-P80 -> #REF! | R80: =IF(D80="TK",54000000,IF(D80="K0",58500000,IF(D80="K1",63000000,IF(D80="K2",67500000,IF(D80="K3",72000000))))) -> #REF! | S80: =IF(Q80<=R80,0,IF(Q80>R80,Q80-R80)) -> #REF!
A81: 25 | B81: =[3]perbulan!#REF! -> #REF! | C81: =[3]perbulan!#REF! -> #REF! | D81: =[3]perbulan!#REF! -> #REF! | E81: =[3]perbulan!#REF! -> #REF! | F81: =[3]perbulan!#REF! -> #REF! | G81: =3498479*0.84%*E81 -> #REF! | H81: =[3]perbulan!#REF! -> #REF! | I81: ='[3]BPJS '!#REF! -> #REF! | J81: 0 | K81: =[3]perbulan!#REF! -> #REF! | L81: =F81+G81+H81+I81+J81+K81 -> #REF! | M81: =3498479*2%*E81 -> #REF! | N81: =3498479*1%*E81 -> #REF! | O81: =L81*0.05 -> #REF! | P81: =M81+N81+O81 -> #REF! | Q81: =L81-P81 -> #REF! | R81: =IF(D81="TK",54000000,IF(D81="K0",58500000,IF(D81="K1",63000000,IF(D81="K2",67500000,IF(D81="K3",72000000))))) -> #REF! | S81: =IF(Q81<=R81,0,IF(Q81>R81,Q81-R81)) -> #REF!
A82: 31 | B82: =[3]perbulan!#REF! -> #REF! | C82: =[3]perbulan!#REF! -> #REF! | D82: =[3]perbulan!#REF! -> #REF! | E82: =[3]perbulan!#REF! -> #REF! | F82: =[3]perbulan!#REF! -> #REF! | G82: =3498479*0.84%*E82 -> #REF! | H82: =[3]perbulan!#REF! -> #REF! | I82: ='[3]BPJS '!#REF! -> #REF! | J82: 0 | K82: =[3]perbulan!#REF! -> #REF! | L82: =F82+G82+H82+I82+J82+K82 -> #REF! | M82: =3498479*2%*E82 -> #REF! | N82: =3498479*1%*E82 -> #REF! | O82: =L82*0.05 -> #REF! | P82: =M82+N82+O82 -> #REF! | Q82: =L82-P82 -> #REF! | R82: =IF(D82="TK",54000000,IF(D82="K0",58500000,IF(D82="K1",63000000,IF(D82="K2",67500000,IF(D82="K3",72000000))))) -> #REF! | S82: =IF(Q82<=R82,0,IF(Q82>R82,Q82-R82)) -> #REF!
A83: 28 | B83: =[3]perbulan!#REF! -> #REF! | C83: =[3]perbulan!#REF! -> #REF! | D83: =[3]perbulan!#REF! -> #REF! | E83: =[3]perbulan!#REF! -> #REF! | F83: =[3]perbulan!#REF! -> #REF! | G83: =3498479*0.84%*E83 -> #REF! | H83: =[3]perbulan!#REF! -> #REF! | I83: ='[3]BPJS '!#REF! -> #REF! | J83: 0 | K83: =[3]perbulan!#REF! -> #REF! | L83: =F83+G83+H83+I83+J83+K83 -> #REF! | M83: =3498479*2%*E83 -> #REF! | N83: =3498479*1%*E83 -> #REF! | O83: =L83*0.05 -> #REF! | P83: =M83+N83+O83 -> #REF! | Q83: =L83-P83 -> #REF! | R83: =IF(D83="TK",54000000,IF(D83="K0",58500000,IF(D83="K1",63000000,IF(D83="K2",67500000,IF(D83="K3",72000000))))) -> #REF! | S83: =IF(Q83<=R83,0,IF(Q83>R83,Q83-R83)) -> #REF!
